ISO-10303-21;
HEADER;
FILE_DESCRIPTION (( 'STEP AP203' ),
    '1' );
FILE_NAME ('1.STEP',
    '2025-12-08T11:17:44',
    ( '' ),
    ( '' ),
    'SwSTEP 2.0',
    'SolidWorks 2025',
    '' );
FILE_SCHEMA (( 'CONFIG_CONTROL_DESIGN' ));
ENDSEC;

DATA;
#1 = VECTOR ( 'NONE', #1385, 1000.000000000000000 ) ;
#2 = CARTESIAN_POINT ( 'NONE',  ( 122.3999999999999631, 6.000000000000000000, -5.451529285327107566 ) ) ;
#3 = CARTESIAN_POINT ( 'NONE',  ( 94.01261462134553426, 12.00000000000000000, -34.00000000000001421 ) ) ;
#4 = DIRECTION ( 'NONE',  ( 1.000000000000000000, -0.000000000000000000, 0.000000000000000000 ) ) ;
#5 = VECTOR ( 'NONE', #2276, 1000.000000000000000 ) ;
#6 = ORIENTED_EDGE ( 'NONE', *, *, #4796, .F. ) ;
#7 = CARTESIAN_POINT ( 'NONE',  ( 2.000000000000000000, 14.66095790449199576, -10.05181485588898127 ) ) ;
#8 = EDGE_CURVE ( 'NONE', #1639, #1926, #4208, .T. ) ;
#9 = AXIS2_PLACEMENT_3D ( 'NONE', #212, #4243, #2067 ) ;
#10 = DIRECTION ( 'NONE',  ( 0.000000000000000000, 1.000000000000000000, 0.000000000000000000 ) ) ;
#11 = LINE ( 'NONE', #789, #3464 ) ;
#12 = LINE ( 'NONE', #4437, #1552 ) ;
#13 = VECTOR ( 'NONE', #4498, 1000.000000000000000 ) ;
#14 = CARTESIAN_POINT ( 'NONE',  ( 129.9999999999999716, 12.00000000000000000, -1.061242597068163575E-13 ) ) ;
#15 = EDGE_CURVE ( 'NONE', #4248, #1619, #3034, .T. ) ;
#16 = ORIENTED_EDGE ( 'NONE', *, *, #549, .T. ) ;
#17 = CARTESIAN_POINT ( 'NONE',  ( 66.40029342059280282, 16.40223658499865778, -9.585773318583958869 ) ) ;
#18 = EDGE_LOOP ( 'NONE', ( #1615, #3896, #2161, #94 ) ) ;
#19 = CARTESIAN_POINT ( 'NONE',  ( 98.39999999999997726, 16.82599622848118059, -8.937162437894402345 ) ) ;
#20 = CARTESIAN_POINT ( 'NONE',  ( 34.14834135825220329, 16.27924366701808268, -9.772920931856461380 ) ) ;
#21 = CARTESIAN_POINT ( 'NONE',  ( 41.99999999999999289, 6.000000000000000000, 0.000000000000000000 ) ) ;
#22 = ORIENTED_EDGE ( 'NONE', *, *, #3567, .F. ) ;
#23 = VECTOR ( 'NONE', #1258, 1000.000000000000000 ) ;
#24 = ORIENTED_EDGE ( 'NONE', *, *, #820, .F. ) ;
#25 = PLANE ( 'NONE',  #2492 ) ;
#26 = VECTOR ( 'NONE', #705, 1000.000000000000000 ) ;
#27 = DIRECTION ( 'NONE',  ( 0.000000000000000000, 0.000000000000000000, -1.000000000000000000 ) ) ;
#28 = CARTESIAN_POINT ( 'NONE',  ( 0.000000000000000000, 12.00000000000000000, -34.00000000000001421 ) ) ;
#29 = CC_DESIGN_APPROVAL ( #795, ( #3141 ) ) ;
#30 = ORIENTED_EDGE ( 'NONE', *, *, #942, .T. ) ;
#31 = FACE_OUTER_BOUND ( 'NONE', #3728, .T. ) ;
#32 = CARTESIAN_POINT ( 'NONE',  ( 86.00000000000000000, 10.00000000000000000, 0.000000000000000000 ) ) ;
#33 = CARTESIAN_POINT ( 'NONE',  ( 66.00000000000000000, 12.00000000000000000, 2.000000000000000000 ) ) ;
#34 = LINE ( 'NONE', #3434, #3843 ) ;
#35 = CARTESIAN_POINT ( 'NONE',  ( 11.04571059545869360, 16.76983701248525449, -9.023463603025611235 ) ) ;
#36 = ORIENTED_EDGE ( 'NONE', *, *, #1077, .T. ) ;
#37 = DIRECTION ( 'NONE',  ( -1.000000000000000000, -0.000000000000000000, 2.040851148208007012E-16 ) ) ;
#38 = EDGE_CURVE ( 'NONE', #3657, #3101, #1567, .T. ) ;
#39 = ORIENTED_EDGE ( 'NONE', *, *, #3940, .T. ) ;
#40 = EDGE_CURVE ( 'NONE', #1493, #4779, #74, .T. ) ;
#41 = CARTESIAN_POINT ( 'NONE',  ( 0.000000000000000000, 12.00000000000000000, -34.00000000000001421 ) ) ;
#42 = CARTESIAN_POINT ( 'NONE',  ( 86.00000000000000000, 6.000000000000000000, -7.020527949835546410E-14 ) ) ;
#43 = LINE ( 'NONE', #1536, #176 ) ;
#44 = VERTEX_POINT ( 'NONE', #859 ) ;
#45 = B_SPLINE_CURVE_WITH_KNOTS ( 'NONE', 3,
 ( #138, #1969, #57, #3071, #1937, #3099, #4540, #841, #790, #3489, #4193, #2322, #2382, #2275 ),
 .UNSPECIFIED., .F., .F.,
 ( 4, 2, 2, 2, 2, 2, 4 ),
 ( 4.336808689942017736E-19, 0.0003914435603716373297, 0.0007828871207432742257, 0.001174330681114911122, 0.001565774241486548018, 0.002348661362229821810, 0.003131548482973095602 ),
 .UNSPECIFIED. ) ;
#46 = COORDINATED_UNIVERSAL_TIME_OFFSET ( 8, 0, .AHEAD. ) ;
#47 = CARTESIAN_POINT ( 'NONE',  ( 28.01261462134556268, 6.000000000000000000, -140.0000000000000000 ) ) ;
#48 = EDGE_LOOP ( 'NONE', ( #384, #1180, #573, #2075 ) ) ;
#49 = AXIS2_PLACEMENT_3D ( 'NONE', #546, #3531, #2425 ) ;
#50 = DIRECTION ( 'NONE',  ( 6.084019089575383461E-17, -0.8831515563230876165, 0.4690877621129207475 ) ) ;
#51 = LINE ( 'NONE', #3802, #1606 ) ;
#52 = CARTESIAN_POINT ( 'NONE',  ( 76.39999999999997726, 6.000000000000000000, -3.186912317060869970 ) ) ;
#53 = ORIENTED_EDGE ( 'NONE', *, *, #971, .F. ) ;
#54 = LINE ( 'NONE', #1078, #327 ) ;
#55 = CARTESIAN_POINT ( 'NONE',  ( 120.6624991465055388, 16.81887574729078239, -8.948112012340741828 ) ) ;
#56 = CARTESIAN_POINT ( 'NONE',  ( 0.000000000000000000, 12.00000000000000000, -140.0000000000000000 ) ) ;
#57 = CARTESIAN_POINT ( 'NONE',  ( 1.737500853494423625, 16.81887574729078949, -8.948112012340750709 ) ) ;
#58 = LINE ( 'NONE', #2680, #2260 ) ;
#59 = EDGE_LOOP ( 'NONE', ( #2100, #1247, #1027, #1550 ) ) ;
#60 = CARTESIAN_POINT ( 'NONE',  ( 0.000000000000000000, 12.00000000000000000, -34.00000000000001421 ) ) ;
#61 = DIRECTION ( 'NONE',  ( -1.000000000000000000, 0.000000000000000000, 0.000000000000000000 ) ) ;
#62 = ORIENTED_EDGE ( 'NONE', *, *, #3538, .F. ) ;
#63 = FACE_OUTER_BOUND ( 'NONE', #3162, .T. ) ;
#64 = CARTESIAN_POINT ( 'NONE',  ( 67.99999999999997158, 20.00000000000000000, -107.0000000000000000 ) ) ;
#65 = CARTESIAN_POINT ( 'NONE',  ( 33.28808821711471921, 16.71467838733146394, -9.108112159180414835 ) ) ;
#66 = FACE_OUTER_BOUND ( 'NONE', #1430, .T. ) ;
#67 = ORIENTED_EDGE ( 'NONE', *, *, #1741, .F. ) ;
#68 = EDGE_CURVE ( 'NONE', #1893, #2068, #1423, .T. ) ;
#69 = EDGE_CURVE ( 'NONE', #1279, #2223, #3010, .T. ) ;
#70 = PERSON_AND_ORGANIZATION ( #1242, #2607 ) ;
#71 = AXIS2_PLACEMENT_3D ( 'NONE', #2546, #1447, #2222 ) ;
#72 = VERTEX_POINT ( 'NONE', #4410 ) ;
#73 = ADVANCED_FACE ( 'NONE', ( #2919 ), #4617, .T. ) ;
#74 = LINE ( 'NONE', #3312, #2884 ) ;
#75 = VECTOR ( 'NONE', #4814, 1000.000000000000000 ) ;
#76 = CARTESIAN_POINT ( 'NONE',  ( 0.000000000000000000, 12.00000000000000000, -34.00000000000001421 ) ) ;
#77 = CARTESIAN_POINT ( 'NONE',  ( 66.00000000000000000, 10.00000000000000000, 2.000000000000000000 ) ) ;
#78 = CLOSED_SHELL ( 'NONE', ( #3213, #408, #1271, #3280, #4500, #141, #2196, #2937, #4725, #431, #1052 ) ) ;
#79 = VERTEX_POINT ( 'NONE', #2341 ) ;
#80 = CARTESIAN_POINT ( 'NONE',  ( 44.00000000000000000, 10.00000000000000000, 2.000000000000000000 ) ) ;
#81 = AXIS2_PLACEMENT_3D ( 'NONE', #620, #1066, #643 ) ;
#82 = DIRECTION ( 'NONE',  ( 0.000000000000000000, 1.000000000000000000, 0.000000000000000000 ) ) ;
#83 = VECTOR ( 'NONE', #1605, 1000.000000000000000 ) ;
#84 = DIRECTION ( 'NONE',  ( -0.000000000000000000, -1.000000000000000000, -0.000000000000000000 ) ) ;
#85 = PRODUCT ( '1', '1', '', ( #1853 ) ) ;
#86 = CARTESIAN_POINT ( 'NONE',  ( 120.3999999999999631, -0.9381755242258422722, -1.766303112646174789 ) ) ;
#87 = EDGE_CURVE ( 'NONE', #4779, #3477, #3456, .T. ) ;
#88 = AXIS2_PLACEMENT_3D ( 'NONE', #2309, #3765, #412 ) ;
#89 = VERTEX_POINT ( 'NONE', #834 ) ;
#90 = CARTESIAN_POINT ( 'NONE',  ( 12.40000000000000036, 18.00000000000000355, 0.000000000000000000 ) ) ;
#91 = CARTESIAN_POINT ( 'NONE',  ( 0.000000000000000000, 15.88782070425533810, -10.70346555054057980 ) ) ;
#92 = ORIENTED_EDGE ( 'NONE', *, *, #1638, .F. ) ;
#93 = AXIS2_PLACEMENT_3D ( 'NONE', #2062, #3485, #1304 ) ;
#94 = ORIENTED_EDGE ( 'NONE', *, *, #4811, .T. ) ;
#95 = CARTESIAN_POINT ( 'NONE',  ( 22.00000000000000000, 11.70963241919845466, -15.46042971709331226 ) ) ;
#96 = CARTESIAN_POINT ( 'NONE',  ( 33.62047225243056658, 16.60107716691790714, -9.282136613071591213 ) ) ;
#97 = DIRECTION ( 'NONE',  ( -1.309225264888156377E-16, 0.000000000000000000, -1.000000000000000000 ) ) ;
#98 = ORIENTED_EDGE ( 'NONE', *, *, #4433, .F. ) ;
#99 = DATE_AND_TIME ( #1591, #2526 ) ;
#100 = ADVANCED_FACE ( 'NONE', ( #303 ), #678, .F. ) ;
#101 = EDGE_LOOP ( 'NONE', ( #1731, #4787, #3143, #193 ) ) ;
#102 = DIRECTION ( 'NONE',  ( -0.000000000000000000, -0.000000000000000000, -1.000000000000000000 ) ) ;
#103 = AXIS2_PLACEMENT_3D ( 'NONE', #1451, #4122, #1844 ) ;
#104 = CARTESIAN_POINT ( 'NONE',  ( 50.01261462134555558, 6.000000000000000000, 0.000000000000000000 ) ) ;
#105 = CARTESIAN_POINT ( 'NONE',  ( 66.00000000000000000, 12.00000000000000000, 2.000000000000000000 ) ) ;
#106 = EDGE_CURVE ( 'NONE', #621, #4369, #3675, .T. ) ;
#107 = ORIENTED_EDGE ( 'NONE', *, *, #2078, .F. ) ;
#108 = AXIS2_PLACEMENT_3D ( 'NONE', #4072, #1101, #2985 ) ;
#109 = DIRECTION ( 'NONE',  ( -1.000000000000000000, 0.000000000000000000, 0.000000000000000000 ) ) ;
#110 = PLANE ( 'NONE',  #3179 ) ;
#111 = CARTESIAN_POINT ( 'NONE',  ( 138.0126146213455058, 12.00000000000000000, -34.00000000000001421 ) ) ;
#112 = CC_DESIGN_APPROVAL ( #1704, ( #2447 ) ) ;
#113 = CARTESIAN_POINT ( 'NONE',  ( 90.00000000000000000, 11.70963241919845466, -15.46042971709331226 ) ) ;
#114 = CARTESIAN_POINT ( 'NONE',  ( 20.00000000000000000, 12.00000000000000000, 0.000000000000000000 ) ) ;
#115 = EDGE_LOOP ( 'NONE', ( #2788, #2269, #454, #4573 ) ) ;
#116 = LINE ( 'NONE', #2756, #3350 ) ;
#117 = DIRECTION ( 'NONE',  ( -1.000000000000000000, 0.000000000000000000, -0.000000000000000000 ) ) ;
#118 = ORIENTED_EDGE ( 'NONE', *, *, #551, .T. ) ;
#119 = ORIENTED_EDGE ( 'NONE', *, *, #4257, .F. ) ;
#120 = DIRECTION ( 'NONE',  ( 0.000000000000000000, 0.000000000000000000, 1.000000000000000000 ) ) ;
#121 = CARTESIAN_POINT ( 'NONE',  ( 33.04571059545869360, 16.76983701248525449, -9.023463603025613011 ) ) ;
#122 = VECTOR ( 'NONE', #1462, 1000.000000000000000 ) ;
#123 = ORIENTED_EDGE ( 'NONE', *, *, #2125, .F. ) ;
#124 = VECTOR ( 'NONE', #2387, 1000.000000000000000 ) ;
#125 =( BOUNDED_CURVE ( )  B_SPLINE_CURVE ( 3, ( #2943, #4436, #1081, #2404 ),
 .UNSPECIFIED., .F., .T. ) 
 B_SPLINE_CURVE_WITH_KNOTS ( ( 4, 4 ),
 ( 4.712388980384689674, 6.283185307179586232 ),
 .UNSPECIFIED. ) 
 CURVE ( )  GEOMETRIC_REPRESENTATION_ITEM ( )  RATIONAL_B_SPLINE_CURVE ( ( 1.000000000000000000, 0.8047378541243649375, 0.8047378541243649375, 1.000000000000000000 ) ) 
 REPRESENTATION_ITEM ( '' )  );
#126 = PERSON_AND_ORGANIZATION_ROLE ( 'design_supplier' ) ;
#127 = ORIENTED_EDGE ( 'NONE', *, *, #250, .F. ) ;
#128 = DIRECTION ( 'NONE',  ( 0.000000000000000000, 0.000000000000000000, 1.000000000000000000 ) ) ;
#129 = CARTESIAN_POINT ( 'NONE',  ( 76.39999999999997726, 6.000000000000000000, -3.186912317060869970 ) ) ;
#130 = CARTESIAN_POINT ( 'NONE',  ( 131.9999999999999716, 10.00000000000000000, 1.000000000000000000 ) ) ;
#131 = AXIS2_PLACEMENT_3D ( 'NONE', #1721, #251, #4710 ) ;
#132 = ORIENTED_EDGE ( 'NONE', *, *, #2515, .F. ) ;
#133 = PLANE ( 'NONE',  #2822 ) ;
#134 = ADVANCED_FACE ( 'NONE', ( #1595 ), #25, .F. ) ;
#135 = EDGE_CURVE ( 'NONE', #874, #2950, #1817, .T. ) ;
#136 = CARTESIAN_POINT ( 'NONE',  ( 88.00000000000000000, 10.00000000000000000, 2.000000000000000000 ) ) ;
#137 = DIRECTION ( 'NONE',  ( -1.216803817915076692E-16, 0.8831515563230876165, -0.4690877621129207475 ) ) ;
#138 = CARTESIAN_POINT ( 'NONE',  ( 2.000000000000001776, 16.82599622848118059, -8.937162437894402345 ) ) ;
#139 = CARTESIAN_POINT ( 'NONE',  ( 116.0126146213455058, 12.00000000000000000, 3.037732922159973760E-14 ) ) ;
#140 = VERTEX_POINT ( 'NONE', #2265 ) ;
#141 = ADVANCED_FACE ( 'NONE', ( #3801 ), #2718, .F. ) ;
#142 = CARTESIAN_POINT ( 'NONE',  ( 129.9999999999999432, 6.000000000000000000, -34.00000000000001421 ) ) ;
#143 = PLANE ( 'NONE',  #3723 ) ;
#144 = ORIENTED_EDGE ( 'NONE', *, *, #3511, .T. ) ;
#145 = ORIENTED_EDGE ( 'NONE', *, *, #493, .F. ) ;
#146 = ORIENTED_EDGE ( 'NONE', *, *, #3096, .F. ) ;
#147 = COORDINATED_UNIVERSAL_TIME_OFFSET ( 8, 0, .AHEAD. ) ;
#148 = DIRECTION ( 'NONE',  ( -0.000000000000000000, -1.000000000000000000, -0.000000000000000000 ) ) ;
#149 = ORIENTED_EDGE ( 'NONE', *, *, #754, .F. ) ;
#150 = EDGE_CURVE ( 'NONE', #2090, #775, #1905, .T. ) ;
#151 = CARTESIAN_POINT ( 'NONE',  ( 131.9999999999999716, 12.00000000000000000, 2.000000000000000000 ) ) ;
#152 = DIRECTION ( 'NONE',  ( 0.000000000000000000, 0.000000000000000000, 1.000000000000000000 ) ) ;
#153 = CARTESIAN_POINT ( 'NONE',  ( 108.0000000000000000, 10.00000000000000000, 2.000000000000000000 ) ) ;
#154 = VERTEX_POINT ( 'NONE', #1930 ) ;
#155 = CARTESIAN_POINT ( 'NONE',  ( 78.34726964951516948, 16.01312732624583646, -10.17546327564972053 ) ) ;
#156 = AXIS2_PLACEMENT_3D ( 'NONE', #510, #844, #3839 ) ;
#157 = DIRECTION ( 'NONE',  ( -1.000000000000000000, 0.000000000000000000, 0.000000000000000000 ) ) ;
#158 = LINE ( 'NONE', #1211, #4716 ) ;
#159 = CARTESIAN_POINT ( 'NONE',  ( 122.3999999999999488, 18.00000000000000355, -105.0000000000000000 ) ) ;
#160 = AXIS2_PLACEMENT_3D ( 'NONE', #4186, #1956, #1057 ) ;
#161 = EDGE_CURVE ( 'NONE', #2378, #2573, #1670, .T. ) ;
#162 = DIRECTION ( 'NONE',  ( -1.000000000000000000, -0.000000000000000000, -0.000000000000000000 ) ) ;
#163 = ORIENTED_EDGE ( 'NONE', *, *, #854, .T. ) ;
#164 = AXIS2_PLACEMENT_3D ( 'NONE', #2903, #4817, #3713 ) ;
#165 = VECTOR ( 'NONE', #2678, 1000.000000000000000 ) ;
#166 = CARTESIAN_POINT ( 'NONE',  ( 131.9999999999999716, 6.000000000000000000, 0.000000000000000000 ) ) ;
#167 = FACE_OUTER_BOUND ( 'NONE', #2632, .T. ) ;
#168 = ORIENTED_EDGE ( 'NONE', *, *, #3060, .T. ) ;
#169 = EDGE_CURVE ( 'NONE', #1087, #797, #178, .T. ) ;
#170 = DIRECTION ( 'NONE',  ( 1.000000000000000000, 0.000000000000000000, -8.163404592832028049E-16 ) ) ;
#171 = AXIS2_PLACEMENT_3D ( 'NONE', #4109, #4550, #1512 ) ;
#172 = EDGE_LOOP ( 'NONE', ( #1315, #271, #2194, #4663 ) ) ;
#173 = VECTOR ( 'NONE', #2211, 1000.000000000000000 ) ;
#174 = APPROVAL_STATUS ( 'not_yet_approved' ) ;
#175 = DIRECTION ( 'NONE',  ( -3.042009544787691730E-17, 0.8831515563230876165, -0.4690877621129207475 ) ) ;
#176 = VECTOR ( 'NONE', #1194, 1000.000000000000000 ) ;
#177 = ORIENTED_EDGE ( 'NONE', *, *, #4125, .T. ) ;
#178 = LINE ( 'NONE', #3184, #2101 ) ;
#179 = CARTESIAN_POINT ( 'NONE',  ( 44.00000000000000000, 10.00000000000000000, 2.000000000000000000 ) ) ;
#180 = DIRECTION ( 'NONE',  ( -1.000000000000000000, -0.000000000000000000, -0.000000000000000000 ) ) ;
#181 = ADVANCED_FACE ( 'NONE', ( #520 ), #885, .T. ) ;
#182 = ORIENTED_EDGE ( 'NONE', *, *, #4134, .T. ) ;
#183 = CARTESIAN_POINT ( 'NONE',  ( 78.39999999999997726, 15.72033654559155913, -10.61450599584754784 ) ) ;
#184 = DIRECTION ( 'NONE',  ( -0.000000000000000000, -1.000000000000000000, -0.000000000000000000 ) ) ;
#185 = DIRECTION ( 'NONE',  ( 0.000000000000000000, 0.000000000000000000, 1.000000000000000000 ) ) ;
#186 = DIRECTION ( 'NONE',  ( 8.163404592832029035E-16, 0.000000000000000000, 1.000000000000000000 ) ) ;
#187 = CIRCLE ( 'NONE', #103, 8.290367580801543568 ) ;
#188 = CARTESIAN_POINT ( 'NONE',  ( 109.9999999999999574, 20.00000000000000000, -105.0000000000000000 ) ) ;
#189 = ORIENTED_EDGE ( 'NONE', *, *, #942, .F. ) ;
#190 = VECTOR ( 'NONE', #3012, 1000.000000000000000 ) ;
#191 = CARTESIAN_POINT ( 'NONE',  ( 129.9999999999999716, 12.00000000000000000, 2.000000000000000000 ) ) ;
#192 = CARTESIAN_POINT ( 'NONE',  ( 88.00000000000000000, 12.00000000000000000, 2.000000000000000000 ) ) ;
#193 = ORIENTED_EDGE ( 'NONE', *, *, #2533, .F. ) ;
#194 = APPROVAL_PERSON_ORGANIZATION ( #4553, #2563, #4581 ) ;
#195 = PLANE ( 'NONE',  #2038 ) ;
#196 = ORIENTED_EDGE ( 'NONE', *, *, #1955, .T. ) ;
#197 = EDGE_CURVE ( 'NONE', #89, #3328, #2373, .T. ) ;
#198 = ADVANCED_FACE ( 'NONE', ( #1984 ), #2789, .F. ) ;
#199 = EDGE_LOOP ( 'NONE', ( #1589, #363, #2516, #255 ) ) ;
#200 = PERSON_AND_ORGANIZATION ( #1938, #506 ) ;
#201 = DIRECTION ( 'NONE',  ( 0.000000000000000000, 0.000000000000000000, 1.000000000000000000 ) ) ;
#202 = VERTEX_POINT ( 'NONE', #3112 ) ;
#203 = CARTESIAN_POINT ( 'NONE',  ( 63.99999999999997158, 12.00000000000000000, -140.0000000000000000 ) ) ;
#204 = ADVANCED_FACE ( 'NONE', ( #1248 ), #928, .T. ) ;
#205 = AXIS2_PLACEMENT_3D ( 'NONE', #4283, #2032, #1739 ) ;
#206 = PLANE ( 'NONE',  #4660 ) ;
#207 = ORIENTED_EDGE ( 'NONE', *, *, #4255, .F. ) ;
#208 = CARTESIAN_POINT ( 'NONE',  ( 89.35428940454124813, 16.76983701248524383, -9.023463603025605906 ) ) ;
#209 = CARTESIAN_POINT ( 'NONE',  ( 121.6204722524305737, 16.60107716691791779, -9.282136613071589437 ) ) ;
#210 = LINE ( 'NONE', #1329, #1815 ) ;
#211 = LINE ( 'NONE', #2820, #4539 ) ;
#212 = CARTESIAN_POINT ( 'NONE',  ( 0.000000000000000000, 12.00000000000000000, -34.00000000000001421 ) ) ;
#213 = EDGE_LOOP ( 'NONE', ( #1963, #740, #2804, #1384 ) ) ;
#214 = AXIS2_PLACEMENT_3D ( 'NONE', #4452, #2914, #27 ) ;
#215 = CARTESIAN_POINT ( 'NONE',  ( 124.0126146213455058, 6.000000000000000000, 1.623604482271039134E-14 ) ) ;
#216 = CARTESIAN_POINT ( 'NONE',  ( 111.9999999999999574, 6.000000000000000000, -105.0000000000000000 ) ) ;
#217 = EDGE_LOOP ( 'NONE', ( #3000, #1003, #1600, #3136, #2434, #3127 ) ) ;
#218 = VERTEX_POINT ( 'NONE', #2057 ) ;
#219 = VERTEX_POINT ( 'NONE', #2030 ) ;
#220 = APPROVAL_DATE_TIME ( #3897, #2255 ) ;
#221 = ADVANCED_FACE ( 'NONE', ( #3876 ), #4658, .F. ) ;
#222 = EDGE_CURVE ( 'NONE', #4394, #2734, #2766, .T. ) ;
#223 = ORIENTED_EDGE ( 'NONE', *, *, #1835, .F. ) ;
#224 = CARTESIAN_POINT ( 'NONE',  ( 152.0001000000000033, 6.000000000000000000, -140.0000000000000000 ) ) ;
#225 = LINE ( 'NONE', #624, #3783 ) ;
#226 = ORIENTED_EDGE ( 'NONE', *, *, #3299, .F. ) ;
#227 = CARTESIAN_POINT ( 'NONE',  ( 12.40000000000000036, 6.000000000000000000, 0.000000000000000000 ) ) ;
#228 = CARTESIAN_POINT ( 'NONE',  ( 121.7233161012924825, 16.55461042105297409, -9.353201415028179255 ) ) ;
#229 = DIRECTION ( 'NONE',  ( -1.000000000000000000, 0.000000000000000000, 0.000000000000000000 ) ) ;
#230 = CARTESIAN_POINT ( 'NONE',  ( 66.82842712474618452, 5.999999999999997335, -3.186912317060869526 ) ) ;
#231 = AXIS2_PLACEMENT_3D ( 'NONE', #4121, #10, #2649 ) ;
#232 = CARTESIAN_POINT ( 'NONE',  ( 50.01261462134555558, 6.000000000000000000, -140.0000000000000000 ) ) ;
#233 = ORIENTED_EDGE ( 'NONE', *, *, #2646, .T. ) ;
#234 = DIRECTION ( 'NONE',  ( -1.000000000000000000, 0.000000000000000000, 0.000000000000000000 ) ) ;
#235 = VECTOR ( 'NONE', #3287, 1000.000000000000000 ) ;
#236 = DIRECTION ( 'NONE',  ( -1.000000000000000000, 0.000000000000000000, 1.296989514749014917E-16 ) ) ;
#237 = EDGE_CURVE ( 'NONE', #1861, #2814, #3137, .T. ) ;
#238 = LINE ( 'NONE', #992, #2108 ) ;
#239 = ORIENTED_EDGE ( 'NONE', *, *, #1178, .T. ) ;
#240 = ORIENTED_EDGE ( 'NONE', *, *, #881, .F. ) ;
#241 = VECTOR ( 'NONE', #4442, 1000.000000000000000 ) ;
#242 = VECTOR ( 'NONE', #3463, 1000.000000000000000 ) ;
#243 = CARTESIAN_POINT ( 'NONE',  ( 41.99999999999999289, 10.00000000000000000, 1.000000000000000000 ) ) ;
#244 = ORIENTED_EDGE ( 'NONE', *, *, #3881, .T. ) ;
#245 = AXIS2_PLACEMENT_3D ( 'NONE', #4420, #4792, #2448 ) ;
#246 = DIRECTION ( 'NONE',  ( 1.000000000000000000, -0.000000000000000000, 1.309225264888156377E-16 ) ) ;
#247 = VECTOR ( 'NONE', #1281, 1000.000000000000000 ) ;
#248 = ORIENTED_EDGE ( 'NONE', *, *, #3255, .T. ) ;
#249 = UNCERTAINTY_MEASURE_WITH_UNIT (LENGTH_MEASURE( 1.000000000000000082E-05 ), #4309, 'distance_accuracy_value', 'NONE');
#250 = EDGE_CURVE ( 'NONE', #2927, #793, #4259, .T. ) ;
#251 = DIRECTION ( 'NONE',  ( -0.000000000000000000, 0.000000000000000000, 1.000000000000000000 ) ) ;
#252 = ADVANCED_FACE ( 'NONE', ( #3924 ), #2396, .T. ) ;
#253 = PLANE ( 'NONE',  #4480 ) ;
#254 = CARTESIAN_POINT ( 'NONE',  ( 0.000000000000000000, 12.00000000000000000, 0.000000000000000000 ) ) ;
#255 = ORIENTED_EDGE ( 'NONE', *, *, #3923, .F. ) ;
#256 = DIRECTION ( 'NONE',  ( 1.000000000000000000, 0.000000000000000000, -0.000000000000000000 ) ) ;
#257 = ORIENTED_EDGE ( 'NONE', *, *, #2514, .T. ) ;
#258 = CARTESIAN_POINT ( 'NONE',  ( 152.0001000000000033, 6.000000000000000000, -140.0000000000000000 ) ) ;
#259 = ADVANCED_FACE ( 'NONE', ( #1693 ), #3107, .T. ) ;
#260 = CARTESIAN_POINT ( 'NONE',  ( 138.0126146213455058, 6.000000000000000000, -34.00000000000001421 ) ) ;
#261 = ORIENTED_EDGE ( 'NONE', *, *, #4524, .T. ) ;
#262 = LINE ( 'NONE', #2506, #4455 ) ;
#263 = ORIENTED_EDGE ( 'NONE', *, *, #3799, .F. ) ;
#264 = VECTOR ( 'NONE', #887, 1000.000000000000000 ) ;
#265 = ADVANCED_FACE ( 'NONE', ( #4518 ), #1086, .T. ) ;
#266 = VERTEX_POINT ( 'NONE', #3472 ) ;
#267 = CC_DESIGN_PERSON_AND_ORGANIZATION_ASSIGNMENT ( #1689, #4254, ( #1985 ) ) ;
#268 = COORDINATED_UNIVERSAL_TIME_OFFSET ( 8, 0, .AHEAD. ) ;
#269 = CC_DESIGN_SECURITY_CLASSIFICATION ( #4485, ( #3083 ) ) ;
#270 = PLANE ( 'NONE',  #2893 ) ;
#271 = ORIENTED_EDGE ( 'NONE', *, *, #1776, .F. ) ;
#272 = CARTESIAN_POINT ( 'NONE',  ( 41.99999999999999289, 12.00000000000000000, 0.000000000000000000 ) ) ;
#273 = DIRECTION ( 'NONE',  ( 1.000000000000000000, 0.000000000000000000, -0.000000000000000000 ) ) ;
#274 = EDGE_LOOP ( 'NONE', ( #3317, #3734, #1021, #442 ) ) ;
#275 = VECTOR ( 'NONE', #61, 1000.000000000000000 ) ;
#276 = CARTESIAN_POINT ( 'NONE',  ( 22.00000000000000000, 10.00000000000000000, 2.000000000000000000 ) ) ;
#277 = CARTESIAN_POINT ( 'NONE',  ( 151.9999999999998863, 6.000000000000000000, -140.0000000000000000 ) ) ;
#278 = CARTESIAN_POINT ( 'NONE',  ( 129.9999999999999716, 10.00000000000000000, 1.000000000000000000 ) ) ;
#279 = ORIENTED_EDGE ( 'NONE', *, *, #4228, .T. ) ;
#280 = EDGE_CURVE ( 'NONE', #3477, #2385, #765, .T. ) ;
#281 = CARTESIAN_POINT ( 'NONE',  ( 10.39999999999999325, 6.000000000000000000, -3.186912317060869970 ) ) ;
#282 = ADVANCED_FACE ( 'NONE', ( #4224 ), #1534, .F. ) ;
#283 = ORIENTED_EDGE ( 'NONE', *, *, #3717, .F. ) ;
#284 = LINE ( 'NONE', #3937, #3042 ) ;
#285 = DIRECTION ( 'NONE',  ( 0.000000000000000000, 0.000000000000000000, -1.000000000000000000 ) ) ;
#286 = DIRECTION ( 'NONE',  ( 0.000000000000000000, 0.000000000000000000, 1.000000000000000000 ) ) ;
#287 = EDGE_CURVE ( 'NONE', #389, #4385, #439, .T. ) ;
#288 = VECTOR ( 'NONE', #504, 1000.000000000000000 ) ;
#289 = VERTEX_POINT ( 'NONE', #460 ) ;
#290 = VERTEX_POINT ( 'NONE', #2363 ) ;
#291 = DIRECTION ( 'NONE',  ( -1.000000000000000000, -0.000000000000000000, -0.000000000000000000 ) ) ;
#292 = EDGE_LOOP ( 'NONE', ( #4638, #177, #2180, #3791 ) ) ;
#293 = FACE_OUTER_BOUND ( 'NONE', #4503, .T. ) ;
#294 = CALENDAR_DATE ( 2025, 8, 12 ) ;
#295 = EDGE_CURVE ( 'NONE', #1904, #1789, #4129, .T. ) ;
#296 = ORIENTED_EDGE ( 'NONE', *, *, #4681, .T. ) ;
#297 = ORIENTED_EDGE ( 'NONE', *, *, #4112, .T. ) ;
#298 = CARTESIAN_POINT ( 'NONE',  ( 152.0000000000000000, 10.00000000000000000, 2.000000000000000000 ) ) ;
#299 = CARTESIAN_POINT ( 'NONE',  ( 87.99999999999997158, 18.00000000000000355, -105.0000000000000000 ) ) ;
#300 = CARTESIAN_POINT ( 'NONE',  ( 23.48149596119435856, 16.79096827369378531, -8.990998231668895002 ) ) ;
#301 = ORIENTED_EDGE ( 'NONE', *, *, #40, .F. ) ;
#302 = CARTESIAN_POINT ( 'NONE',  ( 78.39999999999997726, 20.00000000000000000, 0.000000000000000000 ) ) ;
#303 = FACE_OUTER_BOUND ( 'NONE', #1566, .T. ) ;
#304 = CARTESIAN_POINT ( 'NONE',  ( 109.9999999999999858, 15.88782070425534521, -10.70346555054058157 ) ) ;
#305 = PLANE ( 'NONE',  #958 ) ;
#306 = EDGE_CURVE ( 'NONE', #1396, #2663, #3871, .T. ) ;
#307 = FACE_OUTER_BOUND ( 'NONE', #3045, .T. ) ;
#308 = DIRECTION ( 'NONE',  ( 0.000000000000000000, -1.000000000000000000, 0.000000000000000000 ) ) ;
#309 = B_SPLINE_CURVE_WITH_KNOTS ( 'NONE', 3,
 ( #653, #2939, #1393, #300, #675, #2521, #2620, #2887, #1860, #2146, #4430, #1075, #2571, #2986 ),
 .UNSPECIFIED., .F., .F.,
 ( 4, 2, 2, 2, 2, 2, 4 ),
 ( 0.000000000000000000, 0.0003914435603716392813, 0.0007828871207432785626, 0.001174330681114917844, 0.001565774241486557125, 0.002348661362229842627, 0.003131548482973128128 ),
 .UNSPECIFIED. ) ;
#310 = ORIENTED_EDGE ( 'NONE', *, *, #3240, .T. ) ;
#311 = AXIS2_PLACEMENT_3D ( 'NONE', #2408, #1263, #875 ) ;
#312 = EDGE_CURVE ( 'NONE', #2024, #3442, #4574, .T. ) ;
#313 = ORIENTED_EDGE ( 'NONE', *, *, #1410, .T. ) ;
#314 = EDGE_CURVE ( 'NONE', #467, #552, #3444, .T. ) ;
#315 = VECTOR ( 'NONE', #4528, 1000.000000000000000 ) ;
#316 = DIRECTION ( 'NONE',  ( -1.296989514749014917E-16, 0.000000000000000000, -1.000000000000000000 ) ) ;
#317 = CARTESIAN_POINT ( 'NONE',  ( 32.39999999999999147, 20.00000000000000000, -107.0000000000000000 ) ) ;
#318 = EDGE_LOOP ( 'NONE', ( #2453, #168, #1098, #1798, #1555, #1415, #3788, #1224 ) ) ;
#319 = AXIS2_PLACEMENT_3D ( 'NONE', #1362, #2023, #4299 ) ;
#320 = VECTOR ( 'NONE', #329, 1000.000000000000000 ) ;
#321 = CARTESIAN_POINT ( 'NONE',  ( 44.00000000000000000, 12.00000000000000000, -8.979745052115231248E-15 ) ) ;
#322 = DIRECTION ( 'NONE',  ( 1.000000000000000000, 0.000000000000000000, 0.000000000000000000 ) ) ;
#323 = ORIENTED_EDGE ( 'NONE', *, *, #4288, .T. ) ;
#324 = VECTOR ( 'NONE', #1212, 1000.000000000000000 ) ;
#325 = ORIENTED_EDGE ( 'NONE', *, *, #448, .F. ) ;
#326 = CYLINDRICAL_SURFACE ( 'NONE', #985, 2.000000000000000000 ) ;
#327 = VECTOR ( 'NONE', #4100, 1000.000000000000000 ) ;
#328 = DIRECTION ( 'NONE',  ( 0.000000000000000000, 0.000000000000000000, -1.000000000000000000 ) ) ;
#329 = DIRECTION ( 'NONE',  ( 0.000000000000000000, -1.000000000000000000, 0.000000000000000000 ) ) ;
#330 = ORIENTED_EDGE ( 'NONE', *, *, #3487, .F. ) ;
#331 = DIRECTION ( 'NONE',  ( -1.000000000000000000, 0.000000000000000000, 0.000000000000000000 ) ) ;
#332 = ORIENTED_EDGE ( 'NONE', *, *, #3358, .T. ) ;
#333 = DIRECTION ( 'NONE',  ( -0.000000000000000000, -0.000000000000000000, -1.000000000000000000 ) ) ;
#334 = LINE ( 'NONE', #528, #2054 ) ;
#335 = DIRECTION ( 'NONE',  ( -0.000000000000000000, 1.000000000000000000, -0.000000000000000000 ) ) ;
#336 = CARTESIAN_POINT ( 'NONE',  ( 109.9999999999999858, 11.70963241919845466, -15.46042971709331226 ) ) ;
#337 = ORIENTED_EDGE ( 'NONE', *, *, #2793, .F. ) ;
#338 = VECTOR ( 'NONE', #4784, 999.9999999999998863 ) ;
#339 = CARTESIAN_POINT ( 'NONE',  ( 0.000000000000000000, 12.00000000000000000, -140.0000000000000000 ) ) ;
#340 = ORIENTED_EDGE ( 'NONE', *, *, #1440, .F. ) ;
#341 = DIRECTION ( 'NONE',  ( -1.000000000000000000, 0.000000000000000000, -0.000000000000000000 ) ) ;
#342 = DIRECTION ( 'NONE',  ( 0.000000000000000000, -1.000000000000000000, 0.000000000000000000 ) ) ;
#343 = ORIENTED_EDGE ( 'NONE', *, *, #1472, .T. ) ;
#344 = ADVANCED_FACE ( 'NONE', ( #2711 ), #1923, .T. ) ;
#345 = ADVANCED_FACE ( 'NONE', ( #1897 ), #1511, .F. ) ;
#346 = CC_DESIGN_SECURITY_CLASSIFICATION ( #2447, ( #4844 ) ) ;
#347 = DIRECTION ( 'NONE',  ( -1.296989514749014917E-16, 0.000000000000000000, -1.000000000000000000 ) ) ;
#348 =( NAMED_UNIT ( * ) SI_UNIT ( $, .STERADIAN. ) SOLID_ANGLE_UNIT ( ) );
#349 = CARTESIAN_POINT ( 'NONE',  ( 22.00000000000000000, 12.00000000000000000, 0.000000000000000000 ) ) ;
#350 = VERTEX_POINT ( 'NONE', #1241 ) ;
#351 = EDGE_LOOP ( 'NONE', ( #343, #145, #2461, #3205 ) ) ;
#352 = DIRECTION ( 'NONE',  ( 0.000000000000000000, 0.000000000000000000, -1.000000000000000000 ) ) ;
#353 = DIRECTION ( 'NONE',  ( -1.000000000000000000, 0.000000000000000000, 0.000000000000000000 ) ) ;
#354 = CARTESIAN_POINT ( 'NONE',  ( 21.99999999999999645, 19.17157287525381193, -106.1715728752538155 ) ) ;
#355 = ORIENTED_EDGE ( 'NONE', *, *, #714, .F. ) ;
#356 = CARTESIAN_POINT ( 'NONE',  ( 76.91850403880559384, 16.79096827369379952, -8.990998231668903884 ) ) ;
#357 = LINE ( 'NONE', #1843, #4837 ) ;
#358 = DIRECTION ( 'NONE',  ( 0.000000000000000000, 0.000000000000000000, 1.000000000000000000 ) ) ;
#359 = CARTESIAN_POINT ( 'NONE',  ( 152.0000000000000000, 12.00000000000000000, 2.000000000000000000 ) ) ;
#360 = CARTESIAN_POINT ( 'NONE',  ( 12.14834135825220862, 16.27924366701806846, -9.772920931856450721 ) ) ;
#361 = VERTEX_POINT ( 'NONE', #4155 ) ;
#362 = CARTESIAN_POINT ( 'NONE',  ( 68.00000000000000000, 16.82599622848118059, -8.937162437894402345 ) ) ;
#363 = ORIENTED_EDGE ( 'NONE', *, *, #1887, .F. ) ;
#364 = VECTOR ( 'NONE', #2842, 1000.000000000000000 ) ;
#365 = FACE_OUTER_BOUND ( 'NONE', #2313, .T. ) ;
#366 = DIRECTION ( 'NONE',  ( 1.296989514749014917E-16, 0.000000000000000000, 1.000000000000000000 ) ) ;
#367 = ORIENTED_EDGE ( 'NONE', *, *, #2835, .T. ) ;
#368 = ADVANCED_FACE ( 'NONE', ( #63 ), #694, .T. ) ;
#369 = EDGE_CURVE ( 'NONE', #2340, #1639, #1339, .T. ) ;
#370 = DIRECTION ( 'NONE',  ( -0.000000000000000000, 0.000000000000000000, 1.000000000000000000 ) ) ;
#371 = ORIENTED_EDGE ( 'NONE', *, *, #4049, .T. ) ;
#372 = VERTEX_POINT ( 'NONE', #4717 ) ;
#373 = LINE ( 'NONE', #298, #2307 ) ;
#374 = PLANE ( 'NONE',  #4164 ) ;
#375 = ADVANCED_FACE ( 'NONE', ( #3893 ), #1333, .T. ) ;
#376 = DIRECTION ( 'NONE',  ( -1.000000000000000000, -0.000000000000000000, -0.000000000000000000 ) ) ;
#377 = ORIENTED_EDGE ( 'NONE', *, *, #1158, .F. ) ;
#378 = CARTESIAN_POINT ( 'NONE',  ( 124.0126146213455058, 12.00000000000000000, -34.00000000000001421 ) ) ;
#379 = DIRECTION ( 'NONE',  ( 0.000000000000000000, 0.000000000000000000, -1.000000000000000000 ) ) ;
#380 = LINE ( 'NONE', #3362, #4147 ) ;
#381 = CARTESIAN_POINT ( 'NONE',  ( 109.9999999999999574, 18.00000000000000355, -105.0000000000000000 ) ) ;
#382 = ORIENTED_EDGE ( 'NONE', *, *, #3719, .T. ) ;
#383 = CARTESIAN_POINT ( 'NONE',  ( 67.86763743705104446, 16.82599622848118059, -8.937162437894404121 ) ) ;
#384 = ORIENTED_EDGE ( 'NONE', *, *, #527, .F. ) ;
#385 = EDGE_CURVE ( 'NONE', #4449, #3355, #2853, .T. ) ;
#386 = CARTESIAN_POINT ( 'NONE',  ( 0.000000000000000000, 18.00000000000000355, -105.0000000000000000 ) ) ;
#387 = CIRCLE ( 'NONE', #3125, 1.000000000000000000 ) ;
#388 = CARTESIAN_POINT ( 'NONE',  ( 76.39999999999996305, 20.00000000000000000, -107.0000000000000000 ) ) ;
#389 = VERTEX_POINT ( 'NONE', #1267 ) ;
#390 = PERSON_AND_ORGANIZATION ( #1242, #2607 ) ;
#391 = VERTEX_POINT ( 'NONE', #2001 ) ;
#392 = AXIS2_PLACEMENT_3D ( 'NONE', #4632, #3970, #1737 ) ;
#393 = VECTOR ( 'NONE', #3760, 999.9999999999998863 ) ;
#394 = CARTESIAN_POINT ( 'NONE',  ( 122.5125869649335613, 6.000000000000000000, -107.0000000000000000 ) ) ;
#395 = PLANE ( 'NONE',  #3617 ) ;
#396 = VECTOR ( 'NONE', #1637, 1000.000000000000000 ) ;
#397 = VERTEX_POINT ( 'NONE', #4250 ) ;
#398 = LINE ( 'NONE', #3405, #1806 ) ;
#399 = EDGE_CURVE ( 'NONE', #3396, #202, #902, .T. ) ;
#400 = EDGE_CURVE ( 'NONE', #2243, #4179, #3129, .T. ) ;
#401 = VECTOR ( 'NONE', #655, 1000.000000000000000 ) ;
#402 = DIRECTION ( 'NONE',  ( -0.000000000000000000, -0.000000000000000000, 1.000000000000000000 ) ) ;
#403 = DIRECTION ( 'NONE',  ( -1.000000000000000000, 0.000000000000000000, 1.296989514749014917E-16 ) ) ;
#404 = DIRECTION ( 'NONE',  ( 0.000000000000000000, 0.000000000000000000, -1.000000000000000000 ) ) ;
#405 = VECTOR ( 'NONE', #2662, 999.9999999999998863 ) ;
#406 = CARTESIAN_POINT ( 'NONE',  ( 10.91850403880562226, 16.79096827369379241, -8.990998231668898555 ) ) ;
#407 = ORIENTED_EDGE ( 'NONE', *, *, #287, .F. ) ;
#408 = ADVANCED_FACE ( 'NONE', ( #2827 ), #2390, .T. ) ;
#409 = DIRECTION ( 'NONE',  ( 1.000000000000000000, 0.000000000000000000, 0.000000000000000000 ) ) ;
#410 = ORIENTED_EDGE ( 'NONE', *, *, #2490, .F. ) ;
#411 = CARTESIAN_POINT ( 'NONE',  ( 68.00000000000000000, -0.9381755242258487115, -1.766303112646171458 ) ) ;
#412 = DIRECTION ( 'NONE',  ( 0.000000000000000000, -0.8831515563230877275, 0.4690877621129207475 ) ) ;
#413 = CARTESIAN_POINT ( 'NONE',  ( 85.99999999999998579, 12.00000000000000000, -34.00000000000001421 ) ) ;
#414 = ORIENTED_EDGE ( 'NONE', *, *, #2765, .F. ) ;
#415 = APPROVAL_DATE_TIME ( #492, #3283 ) ;
#416 = VECTOR ( 'NONE', #1865, 1000.000000000000000 ) ;
#417 = CARTESIAN_POINT ( 'NONE',  ( 36.01261462134555558, 12.00000000000000000, -2.357431245847311458E-15 ) ) ;
#418 = ORIENTED_EDGE ( 'NONE', *, *, #2935, .T. ) ;
#419 = DIRECTION ( 'NONE',  ( -1.982541115402065110E-16, 0.000000000000000000, -1.000000000000000000 ) ) ;
#420 =( GEOMETRIC_REPRESENTATION_CONTEXT ( 3 ) GLOBAL_UNCERTAINTY_ASSIGNED_CONTEXT ( ( #2491 ) ) GLOBAL_UNIT_ASSIGNED_CONTEXT ( ( #4424, #1879, #348 ) ) REPRESENTATION_CONTEXT ( 'NONE', 'WORKASPACE' ) );
#421 = CARTESIAN_POINT ( 'NONE',  ( 77.57157287525377853, 20.00000000000000000, -106.9999999999999858 ) ) ;
#422 = CARTESIAN_POINT ( 'NONE',  ( 77.57157287525379274, 6.000000000000001776, -3.186912317060870858 ) ) ;
#423 = LOCAL_TIME ( 19, 17, 44.00000000000000000, #2414 ) ;
#424 = ORIENTED_EDGE ( 'NONE', *, *, #2272, .T. ) ;
#425 = CARTESIAN_POINT ( 'NONE',  ( 34.39999999999999147, 15.72033654559155913, -10.61450599584754784 ) ) ;
#426 = CARTESIAN_POINT ( 'NONE',  ( 19.99999999999998934, 12.00000000000000000, 2.000000000000000000 ) ) ;
#427 = PLANE ( 'NONE',  #2908 ) ;
#428 = CARTESIAN_POINT ( 'NONE',  ( 2.000000000000000000, 6.000000000000000000, -107.0000000000000000 ) ) ;
#429 = ADVANCED_BREP_SHAPE_REPRESENTATION ( '', ( #4025, #2412, #4071, #2337, #2366, #3075 ), #1747 ) ;
#430 = EDGE_CURVE ( 'NONE', #4349, #4302, #2034, .T. ) ;
#431 = ADVANCED_FACE ( 'NONE', ( #2410 ), #3916, .T. ) ;
#432 = DIRECTION ( 'NONE',  ( 1.000000000000000000, 0.000000000000000000, -8.163404592832028049E-16 ) ) ;
#433 = ORIENTED_EDGE ( 'NONE', *, *, #606, .T. ) ;
#434 = VECTOR ( 'NONE', #1093, 1000.000000000000000 ) ;
#435 = CARTESIAN_POINT ( 'NONE',  ( 129.9999999999999716, 12.00000000000000000, 2.000000000000000000 ) ) ;
#436 = CARTESIAN_POINT ( 'NONE',  ( 44.00000000000000000, 12.00000000000000000, 2.000000000000000000 ) ) ;
#437 = ORIENTED_EDGE ( 'NONE', *, *, #589, .F. ) ;
#438 = ADVANCED_FACE ( 'NONE', ( #1121 ), #1564, .F. ) ;
#439 = LINE ( 'NONE', #1218, #4764 ) ;
#440 = DIRECTION ( 'NONE',  ( -1.000000000000000000, -0.000000000000000000, -0.000000000000000000 ) ) ;
#441 = DIRECTION ( 'NONE',  ( 1.000000000000000000, 0.000000000000000000, 0.000000000000000000 ) ) ;
#442 = ORIENTED_EDGE ( 'NONE', *, *, #2610, .T. ) ;
#443 = DATE_AND_TIME ( #855, #4794 ) ;
#444 = ORIENTED_EDGE ( 'NONE', *, *, #781, .T. ) ;
#445 = DIRECTION ( 'NONE',  ( 6.084019089575383461E-17, -0.8831515563230876165, 0.4690877621129207475 ) ) ;
#446 = DIRECTION ( 'NONE',  ( -0.000000000000000000, -1.000000000000000000, -0.000000000000000000 ) ) ;
#447 = LINE ( 'NONE', #153, #889 ) ;
#448 = EDGE_CURVE ( 'NONE', #4779, #2734, #4220, .T. ) ;
#449 = EDGE_LOOP ( 'NONE', ( #1916, #4281, #4142, #2209 ) ) ;
#450 = DIRECTION ( 'NONE',  ( 1.000000000000000000, -0.000000000000000000, 0.000000000000000000 ) ) ;
#451 = CARTESIAN_POINT ( 'NONE',  ( 14.01261462134555025, 12.00000000000000000, -140.0000000000000000 ) ) ;
#452 = CARTESIAN_POINT ( 'NONE',  ( 2.449293598294731559E-16, 10.00000000000000000, 2.000000000000000000 ) ) ;
#453 = LINE ( 'NONE', #3733, #2501 ) ;
#454 = ORIENTED_EDGE ( 'NONE', *, *, #1563, .T. ) ;
#455 = CARTESIAN_POINT ( 'NONE',  ( 64.00000000000000000, 11.00000000000000000, 2.000000000000000000 ) ) ;
#456 = ADVANCED_FACE ( 'NONE', ( #749 ), #1491, .T. ) ;
#457 = CARTESIAN_POINT ( 'NONE',  ( 66.00000000000000000, 15.88782070425534521, -10.70346555054058157 ) ) ;
#458 = ORIENTED_EDGE ( 'NONE', *, *, #4112, .F. ) ;
#459 = VERTEX_POINT ( 'NONE', #1146 ) ;
#460 = CARTESIAN_POINT ( 'NONE',  ( 50.01261462134555558, 6.000000000000000000, -34.00000000000001421 ) ) ;
#461 = DIRECTION ( 'NONE',  ( 2.040851148208007012E-16, -0.000000000000000000, 1.000000000000000000 ) ) ;
#462 = LINE ( 'NONE', #2258, #13 ) ;
#463 = ORIENTED_EDGE ( 'NONE', *, *, #1521, .F. ) ;
#464 = EDGE_CURVE ( 'NONE', #4747, #1779, #726, .T. ) ;
#465 = PERSON_AND_ORGANIZATION_ROLE ( 'design_owner' ) ;
#466 = AXIS2_PLACEMENT_3D ( 'NONE', #2871, #234, #2802 ) ;
#467 = VERTEX_POINT ( 'NONE', #3718 ) ;
#468 = VERTEX_POINT ( 'NONE', #2693 ) ;
#469 = ADVANCED_FACE ( 'NONE', ( #774 ), #2238, .T. ) ;
#470 = AXIS2_PLACEMENT_3D ( 'NONE', #3039, #3069, #526 ) ;
#471 = DIRECTION ( 'NONE',  ( 1.000000000000000000, 0.000000000000000000, -0.000000000000000000 ) ) ;
#472 = CARTESIAN_POINT ( 'NONE',  ( 78.39999999999997726, 6.000000000000000000, -5.451529285327107566 ) ) ;
#473 = EDGE_LOOP ( 'NONE', ( #3695, #3571, #2443, #823 ) ) ;
#474 = LINE ( 'NONE', #4639, #247 ) ;
#475 = FACE_OUTER_BOUND ( 'NONE', #2239, .T. ) ;
#476 = AXIS2_PLACEMENT_3D ( 'NONE', #951, #3161, #2093 ) ;
#477 = CC_DESIGN_DATE_AND_TIME_ASSIGNMENT ( #443, #3824, ( #4098 ) ) ;
#478 = DIRECTION ( 'NONE',  ( -7.930164461608260440E-16, 0.000000000000000000, -1.000000000000000000 ) ) ;
#479 = VECTOR ( 'NONE', #2084, 1000.000000000000000 ) ;
#480 = DIRECTION ( 'NONE',  ( 0.000000000000000000, 0.000000000000000000, 1.000000000000000000 ) ) ;
#481 = LINE ( 'NONE', #1655, #3454 ) ;
#482 = AXIS2_PLACEMENT_3D ( 'NONE', #3025, #800, #3820 ) ;
#483 = ORIENTED_EDGE ( 'NONE', *, *, #464, .T. ) ;
#484 = CARTESIAN_POINT ( 'NONE',  ( 111.9999999999999574, 6.000000000000000000, -107.0000000000000000 ) ) ;
#485 = DIRECTION ( 'NONE',  ( -1.000000000000000000, 0.000000000000000000, 0.000000000000000000 ) ) ;
#486 = ORIENTED_EDGE ( 'NONE', *, *, #1313, .F. ) ;
#487 = AXIS2_PLACEMENT_3D ( 'NONE', #4409, #1056, #256 ) ;
#488 = EDGE_LOOP ( 'NONE', ( #4331, #3329, #3277, #1015 ) ) ;
#489 = CARTESIAN_POINT ( 'NONE',  ( 100.1483413582521962, 16.27924366701807912, -9.772920931856466709 ) ) ;
#490 = CARTESIAN_POINT ( 'NONE',  ( 122.5125869649335613, 6.000000000000000000, -107.0000000000000000 ) ) ;
#491 = ORIENTED_EDGE ( 'NONE', *, *, #312, .T. ) ;
#492 = DATE_AND_TIME ( #3770, #574 ) ;
#493 = EDGE_CURVE ( 'NONE', #2721, #3202, #3694, .T. ) ;
#494 = EDGE_CURVE ( 'NONE', #219, #1940, #2987, .T. ) ;
#495 = ORIENTED_EDGE ( 'NONE', *, *, #2751, .F. ) ;
#496 = DIRECTION ( 'NONE',  ( -0.000000000000000000, -1.000000000000000000, -0.000000000000000000 ) ) ;
#497 = CIRCLE ( 'NONE', #4323, 2.000000000000001776 ) ;
#498 = CARTESIAN_POINT ( 'NONE',  ( 78.39999999999996305, 18.00000000000000355, -105.0000000000000000 ) ) ;
#499 = DIRECTION ( 'NONE',  ( 2.040851148208007259E-16, 0.000000000000000000, 1.000000000000000000 ) ) ;
#500 = EDGE_CURVE ( 'NONE', #3955, #4057, #4519, .T. ) ;
#501 = ORIENTED_EDGE ( 'NONE', *, *, #3095, .F. ) ;
#502 = AXIS2_PLACEMENT_3D ( 'NONE', #4118, #3699, #1839 ) ;
#503 = CARTESIAN_POINT ( 'NONE',  ( 78.14834135825219619, 16.27924366701808623, -9.772920931856470261 ) ) ;
#504 = DIRECTION ( 'NONE',  ( -1.000000000000000000, 0.000000000000000000, 0.000000000000000000 ) ) ;
#505 = CARTESIAN_POINT ( 'NONE',  ( 41.99999999999999289, 10.00000000000000000, 0.000000000000000000 ) ) ;
#506 = ORGANIZATION ( 'NAUO-ORG1', 'UNSPECIFIED', 'UNSPECIFIED' ) ;
#507 = CARTESIAN_POINT ( 'NONE',  ( 124.0126146213455058, 12.00000000000000000, 1.623604482271039134E-14 ) ) ;
#508 = CARTESIAN_POINT ( 'NONE',  ( 122.5125869649335613, 6.000000000000000000, -107.0000000000000000 ) ) ;
#509 = ORIENTED_EDGE ( 'NONE', *, *, #222, .T. ) ;
#510 = CARTESIAN_POINT ( 'NONE',  ( 152.0001000000000033, 6.000000000000000000, -140.0000000000000000 ) ) ;
#511 = CARTESIAN_POINT ( 'NONE',  ( 0.000000000000000000, 12.00000000000000000, -34.00000000000001421 ) ) ;
#512 = EDGE_LOOP ( 'NONE', ( #483, #1537, #1265, #2170 ) ) ;
#513 = ORIENTED_EDGE ( 'NONE', *, *, #2242, .F. ) ;
#514 = DIRECTION ( 'NONE',  ( 0.000000000000000000, 1.000000000000000000, -0.000000000000000000 ) ) ;
#515 = EDGE_CURVE ( 'NONE', #3635, #2290, #863, .T. ) ;
#516 = VECTOR ( 'NONE', #3952, 1000.000000000000000 ) ;
#517 = EDGE_LOOP ( 'NONE', ( #4759, #4212, #1631, #1920 ) ) ;
#518 = MECHANICAL_CONTEXT ( 'NONE', #2504, 'mechanical' ) ;
#519 = ORIENTED_EDGE ( 'NONE', *, *, #2049, .T. ) ;
#520 = FACE_OUTER_BOUND ( 'NONE', #3293, .T. ) ;
#521 = DIRECTION ( 'NONE',  ( -0.000000000000000000, -1.000000000000000000, -0.000000000000000000 ) ) ;
#522 = EDGE_CURVE ( 'NONE', #1854, #4030, #4620, .T. ) ;
#523 = DIRECTION ( 'NONE',  ( -0.000000000000000000, 1.000000000000000000, -0.000000000000000000 ) ) ;
#524 = VERTEX_POINT ( 'NONE', #1593 ) ;
#525 = CARTESIAN_POINT ( 'NONE',  ( 88.77952774756941778, 16.60107716691790358, -9.282136613071589437 ) ) ;
#526 = DIRECTION ( 'NONE',  ( -1.000000000000000000, 0.000000000000000000, -0.000000000000000000 ) ) ;
#527 = EDGE_CURVE ( 'NONE', #2531, #700, #2496, .T. ) ;
#528 = CARTESIAN_POINT ( 'NONE',  ( 88.00000000000000000, 18.00000000000000355, 0.000000000000000000 ) ) ;
#529 = CARTESIAN_POINT ( 'NONE',  ( 67.99999999999997158, 20.00000000000000000, -107.0000000000000000 ) ) ;
#530 = DIRECTION ( 'NONE',  ( -0.000000000000000000, -0.000000000000000000, -1.000000000000000000 ) ) ;
#531 = ORIENTED_EDGE ( 'NONE', *, *, #2459, .T. ) ;
#532 = CARTESIAN_POINT ( 'NONE',  ( 76.39999999999996305, 6.000000000000000000, -107.0000000000000000 ) ) ;
#533 = CARTESIAN_POINT ( 'NONE',  ( 0.000000000000000000, 12.00000000000000000, 0.000000000000000000 ) ) ;
#534 = ORIENTED_EDGE ( 'NONE', *, *, #4681, .F. ) ;
#535 = ORIENTED_EDGE ( 'NONE', *, *, #3028, .F. ) ;
#536 = CC_DESIGN_DATE_AND_TIME_ASSIGNMENT ( #4698, #1367, ( #2208 ) ) ;
#537 = CONTEXT_DEPENDENT_SHAPE_REPRESENTATION ( #1762, #3057 ) ;
#538 = CARTESIAN_POINT ( 'NONE',  ( 23.99999999999999289, 20.00000000000000000, -107.0000000000000000 ) ) ;
#539 = ORIENTED_EDGE ( 'NONE', *, *, #1989, .T. ) ;
#540 = DIRECTION ( 'NONE',  ( 6.484947573745074586E-17, 0.000000000000000000, 1.000000000000000000 ) ) ;
#541 = DIRECTION ( 'NONE',  ( -1.000000000000000000, 0.000000000000000000, -0.000000000000000000 ) ) ;
#542 = CARTESIAN_POINT ( 'NONE',  ( -94.57999013744984040, 15.53751450516924848, 68.99998750000000314 ) ) ;
#543 = ORIENTED_EDGE ( 'NONE', *, *, #3966, .T. ) ;
#544 = FACE_OUTER_BOUND ( 'NONE', #1361, .T. ) ;
#545 = AXIS2_PLACEMENT_3D ( 'NONE', #1129, #2921, #1863 ) ;
#546 = CARTESIAN_POINT ( 'NONE',  ( 0.000000000000000000, 12.00000000000000000, 0.000000000000000000 ) ) ;
#547 = CARTESIAN_POINT ( 'NONE',  ( 111.9999999999999858, 6.000000000000001776, -3.186912317060870858 ) ) ;
#548 = CARTESIAN_POINT ( 'NONE',  ( 121.5715728752537643, 20.00000000000000000, -106.9999999999999858 ) ) ;
#549 = EDGE_CURVE ( 'NONE', #617, #3437, #4605, .T. ) ;
#550 = LINE ( 'NONE', #3534, #4225 ) ;
#551 = EDGE_CURVE ( 'NONE', #2223, #1854, #2741, .T. ) ;
#552 = VERTEX_POINT ( 'NONE', #2639 ) ;
#553 = AXIS2_PLACEMENT_3D ( 'NONE', #4700, #3522, #2416 ) ;
#554 = VECTOR ( 'NONE', #3338, 1000.000000000000000 ) ;
#555 = CARTESIAN_POINT ( 'NONE',  ( 12.40000000000000036, 5.999999999999998224, -5.451529285327105789 ) ) ;
#556 = DIRECTION ( 'NONE',  ( -6.484947573745074586E-17, 0.000000000000000000, -1.000000000000000000 ) ) ;
#557 = CIRCLE ( 'NONE', #868, 2.000000000000001776 ) ;
#558 = EDGE_CURVE ( 'NONE', #1396, #2507, #767, .T. ) ;
#559 = EDGE_LOOP ( 'NONE', ( #98, #1370, #4754, #119 ) ) ;
#560 = AXIS2_PLACEMENT_3D ( 'NONE', #7, #2224, #3335 ) ;
#561 = ORIENTED_EDGE ( 'NONE', *, *, #4767, .T. ) ;
#562 = DIRECTION ( 'NONE',  ( -1.000000000000000000, -0.000000000000000000, -0.000000000000000000 ) ) ;
#563 = VERTEX_POINT ( 'NONE', #47 ) ;
#564 = CARTESIAN_POINT ( 'NONE',  ( 90.00000000000000000, -0.9381755242258463801, -1.766303112646172568 ) ) ;
#565 = DIRECTION ( 'NONE',  ( -0.000000000000000000, -1.000000000000000000, -0.000000000000000000 ) ) ;
#566 = EDGE_LOOP ( 'NONE', ( #1643, #1287, #4515, #672 ) ) ;
#567 = LINE ( 'NONE', #2379, #4001 ) ;
#568 = VECTOR ( 'NONE', #590, 1000.000000000000000 ) ;
#569 = DIRECTION ( 'NONE',  ( 1.000000000000000000, 0.000000000000000000, -2.593979029498029835E-16 ) ) ;
#570 = CARTESIAN_POINT ( 'NONE',  ( 109.9999999999999858, 10.00000000000000000, 2.000000000000000000 ) ) ;
#571 = CARTESIAN_POINT ( 'NONE',  ( 2.449293598294731559E-16, 10.00000000000000000, 0.000000000000000000 ) ) ;
#572 = DIRECTION ( 'NONE',  ( -1.000000000000000000, 0.000000000000000000, 1.296989514749014917E-16 ) ) ;
#573 = ORIENTED_EDGE ( 'NONE', *, *, #3746, .F. ) ;
#574 = LOCAL_TIME ( 19, 17, 44.00000000000000000, #46 ) ;
#575 = DIRECTION ( 'NONE',  ( 1.000000000000000000, -0.000000000000000000, 0.000000000000000000 ) ) ;
#576 = DIRECTION ( 'NONE',  ( 1.296989514749014917E-16, 0.000000000000000000, 1.000000000000000000 ) ) ;
#577 = ADVANCED_FACE ( 'NONE', ( #2833 ), #2464, .T. ) ;
#578 = ADVANCED_FACE ( 'NONE', ( #1711 ), #1273, .F. ) ;
#579 = EDGE_LOOP ( 'NONE', ( #414, #4772, #4136, #2874 ) ) ;
#580 = VERTEX_POINT ( 'NONE', #4256 ) ;
#581 = ADVANCED_FACE ( 'NONE', ( #2787 ), #2394, .T. ) ;
#582 = PERSON_AND_ORGANIZATION ( #4804, #4251 ) ;
#583 = LINE ( 'NONE', #3499, #3671 ) ;
#584 = VERTEX_POINT ( 'NONE', #3950 ) ;
#585 = CARTESIAN_POINT ( 'NONE',  ( 108.0000000000000000, 12.00000000000000000, -6.228183360287563023E-21 ) ) ;
#586 = DIRECTION ( 'NONE',  ( 0.000000000000000000, 0.000000000000000000, 1.000000000000000000 ) ) ;
#587 = ORIENTED_EDGE ( 'NONE', *, *, #1381, .F. ) ;
#588 = CARTESIAN_POINT ( 'NONE',  ( 122.3472696495151411, 16.01312732624583290, -10.17546327564970632 ) ) ;
#589 = EDGE_CURVE ( 'NONE', #2828, #467, #583, .T. ) ;
#590 = DIRECTION ( 'NONE',  ( -1.296989514749014917E-16, 0.000000000000000000, -1.000000000000000000 ) ) ;
#591 = LINE ( 'NONE', #3508, #695 ) ;
#592 = VECTOR ( 'NONE', #4820, 1000.000000000000000 ) ;
#593 = DIRECTION ( 'NONE',  ( -2.618450529776312753E-16, 0.000000000000000000, 1.000000000000000000 ) ) ;
#594 = ORIENTED_EDGE ( 'NONE', *, *, #3187, .F. ) ;
#595 = CARTESIAN_POINT ( 'NONE',  ( 88.00000000000000000, 15.72033654559155913, -10.61450599584754784 ) ) ;
#596 = CARTESIAN_POINT ( 'NONE',  ( 0.000000000000000000, 12.00000000000000000, -34.00000000000001421 ) ) ;
#597 = ORIENTED_EDGE ( 'NONE', *, *, #4656, .T. ) ;
#598 = ORIENTED_EDGE ( 'NONE', *, *, #3881, .F. ) ;
#599 = COORDINATED_UNIVERSAL_TIME_OFFSET ( 8, 0, .AHEAD. ) ;
#600 = EDGE_LOOP ( 'NONE', ( #1318, #689, #4579, #4445, #4012, #4496, #3636, #3404 ) ) ;
#601 = EDGE_CURVE ( 'NONE', #4690, #2654, #4330, .T. ) ;
#602 = EDGE_CURVE ( 'NONE', #2757, #4398, #3753, .T. ) ;
#603 = DIRECTION ( 'NONE',  ( 0.000000000000000000, 0.000000000000000000, -1.000000000000000000 ) ) ;
#604 = CARTESIAN_POINT ( 'NONE',  ( 0.000000000000000000, 0.000000000000000000, 0.000000000000000000 ) ) ;
#605 = ORIENTED_EDGE ( 'NONE', *, *, #3934, .F. ) ;
#606 = EDGE_CURVE ( 'NONE', #2364, #3484, #4723, .T. ) ;
#607 = PLANE ( 'NONE',  #131 ) ;
#608 = CARTESIAN_POINT ( 'NONE',  ( 88.00000000000000000, 6.000000000000000000, -5.451529285327107566 ) ) ;
#609 = CARTESIAN_POINT ( 'NONE',  ( 109.9999999999999574, 12.00000000000000000, -34.00000000000001421 ) ) ;
#610 = AXIS2_PLACEMENT_3D ( 'NONE', #1210, #2675, #1625 ) ;
#611 = ORIENTED_EDGE ( 'NONE', *, *, #3954, .T. ) ;
#612 = VECTOR ( 'NONE', #2695, 1000.000000000000000 ) ;
#613 = LINE ( 'NONE', #4009, #4162 ) ;
#614 = DIRECTION ( 'NONE',  ( -0.000000000000000000, 1.000000000000000000, -0.000000000000000000 ) ) ;
#615 = VECTOR ( 'NONE', #4276, 1000.000000000000000 ) ;
#616 = ORIENTED_EDGE ( 'NONE', *, *, #1801, .T. ) ;
#617 = VERTEX_POINT ( 'NONE', #538 ) ;
#618 = AXIS2_PLACEMENT_3D ( 'NONE', #86, #842, #760 ) ;
#619 = DATE_AND_TIME ( #2786, #2374 ) ;
#620 = CARTESIAN_POINT ( 'NONE',  ( 0.000000000000000000, 12.00000000000000000, 0.000000000000000000 ) ) ;
#621 = VERTEX_POINT ( 'NONE', #243 ) ;
#622 = AXIS2_PLACEMENT_3D ( 'NONE', #2548, #3649, #3628 ) ;
#623 = FACE_OUTER_BOUND ( 'NONE', #1506, .T. ) ;
#624 = CARTESIAN_POINT ( 'NONE',  ( 152.0001000000000033, 6.000000000000000000, 0.000000000000000000 ) ) ;
#625 = EDGE_CURVE ( 'NONE', #2189, #2446, #1568, .T. ) ;
#626 = EDGE_CURVE ( 'NONE', #1940, #1338, #1344, .T. ) ;
#627 = VECTOR ( 'NONE', #2689, 999.9999999999998863 ) ;
#628 = ORIENTED_EDGE ( 'NONE', *, *, #1864, .T. ) ;
#629 = CARTESIAN_POINT ( 'NONE',  ( 110.7795277475694604, 16.60107716691789648, -9.282136613071575226 ) ) ;
#630 = PLANE ( 'NONE',  #1276 ) ;
#631 = ADVANCED_FACE ( 'NONE', ( #2859 ), #883, .T. ) ;
#632 = ORIENTED_EDGE ( 'NONE', *, *, #1858, .T. ) ;
#633 = EDGE_LOOP ( 'NONE', ( #2777, #1090, #3566, #3341 ) ) ;
#634 = PLANE ( 'NONE',  #933 ) ;
#635 = CARTESIAN_POINT ( 'NONE',  ( 98.39999999999997726, 11.70963241919845466, -15.46042971709331226 ) ) ;
#636 = VECTOR ( 'NONE', #2126, 1000.000000000000000 ) ;
#637 = CARTESIAN_POINT ( 'NONE',  ( 76.39999999999997726, -0.9381755242258447147, -1.766303112646173457 ) ) ;
#638 = ORIENTED_EDGE ( 'NONE', *, *, #430, .F. ) ;
#639 = VECTOR ( 'NONE', #180, 1000.000000000000000 ) ;
#640 = ORIENTED_EDGE ( 'NONE', *, *, #2733, .T. ) ;
#641 = EDGE_CURVE ( 'NONE', #3516, #2636, #3547, .T. ) ;
#642 = LOCAL_TIME ( 19, 17, 44.00000000000000000, #3498 ) ;
#643 = DIRECTION ( 'NONE',  ( -1.000000000000000000, 0.000000000000000000, -0.000000000000000000 ) ) ;
#644 = EDGE_LOOP ( 'NONE', ( #2642, #843, #1814, #1072, #4183, #3176, #4774, #1269 ) ) ;
#645 = LINE ( 'NONE', #1553, #2455 ) ;
#646 = CALENDAR_DATE ( 2025, 8, 12 ) ;
#647 = EDGE_LOOP ( 'NONE', ( #2947, #4499, #2668, #1997 ) ) ;
#648 = VERTEX_POINT ( 'NONE', #2588 ) ;
#649 = VECTOR ( 'NONE', #1713, 1000.000000000000000 ) ;
#650 = ADVANCED_FACE ( 'NONE', ( #365 ), #3637, .T. ) ;
#651 = LINE ( 'NONE', #4404, #3103 ) ;
#652 = CARTESIAN_POINT ( 'NONE',  ( 152.0001000000000033, 6.000000000000000000, -140.0000000000000000 ) ) ;
#653 = CARTESIAN_POINT ( 'NONE',  ( 23.99999999999999289, 16.82599622848118059, -8.937162437894402345 ) ) ;
#654 = ORIENTED_EDGE ( 'NONE', *, *, #2776, .F. ) ;
#655 = DIRECTION ( 'NONE',  ( -0.000000000000000000, 1.000000000000000000, -0.000000000000000000 ) ) ;
#656 = ORIENTED_EDGE ( 'NONE', *, *, #3905, .T. ) ;
#657 = ADVANCED_FACE ( 'NONE', ( #4836 ), #1485, .T. ) ;
#658 = EDGE_CURVE ( 'NONE', #3074, #2927, #691, .T. ) ;
#659 = DIRECTION ( 'NONE',  ( 0.000000000000000000, 1.000000000000000000, 0.000000000000000000 ) ) ;
#660 = FACE_OUTER_BOUND ( 'NONE', #4734, .T. ) ;
#661 = PLANE ( 'NONE',  #3521 ) ;
#662 = CYLINDRICAL_SURFACE ( 'NONE', #4627, 2.000000000000001776 ) ;
#663 = VECTOR ( 'NONE', #1327, 1000.000000000000000 ) ;
#664 = ORIENTED_EDGE ( 'NONE', *, *, #3239, .T. ) ;
#665 = ORIENTED_EDGE ( 'NONE', *, *, #1950, .F. ) ;
#666 = CARTESIAN_POINT ( 'NONE',  ( 120.3999999999999488, 18.00000000000000355, -107.0000000000000000 ) ) ;
#667 = CARTESIAN_POINT ( 'NONE',  ( 34.39999999999999147, 5.999999999999998224, -5.451529285327105789 ) ) ;
#668 = ORIENTED_EDGE ( 'NONE', *, *, #2230, .T. ) ;
#669 = ADVANCED_FACE ( 'NONE', ( #3295 ), #720, .T. ) ;
#670 = DIRECTION ( 'NONE',  ( 1.000000000000000000, 0.000000000000000000, -2.593979029498029835E-16 ) ) ;
#671 = EDGE_LOOP ( 'NONE', ( #4486, #1983, #561, #4151 ) ) ;
#672 = ORIENTED_EDGE ( 'NONE', *, *, #500, .F. ) ;
#673 = PLANE ( 'NONE',  #743 ) ;
#674 = LINE ( 'NONE', #3669, #26 ) ;
#675 = CARTESIAN_POINT ( 'NONE',  ( 23.35428940454129076, 16.76983701248524028, -9.023463603025613011 ) ) ;
#676 = ORIENTED_EDGE ( 'NONE', *, *, #2403, .T. ) ;
#677 = PLANE ( 'NONE',  #2747 ) ;
#678 = PLANE ( 'NONE',  #1249 ) ;
#679 = DIRECTION ( 'NONE',  ( 0.000000000000000000, 8.273237392062365396E-16, 1.000000000000000000 ) ) ;
#680 = CARTESIAN_POINT ( 'NONE',  ( 76.39999999999996305, 20.00000000000000000, -107.0000000000000000 ) ) ;
#681 = CARTESIAN_POINT ( 'NONE',  ( 0.000000000000000000, 12.00000000000000000, -140.0000000000000000 ) ) ;
#682 = VECTOR ( 'NONE', #376, 1000.000000000000000 ) ;
#683 = ADVANCED_FACE ( 'NONE', ( #2510 ), #4353, .T. ) ;
#684 = EDGE_CURVE ( 'NONE', #4655, #4522, #2966, .T. ) ;
#685 = LINE ( 'NONE', #3681, #3676 ) ;
#686 = ORIENTED_EDGE ( 'NONE', *, *, #2463, .F. ) ;
#687 = VECTOR ( 'NONE', #1282, 1000.000000000000000 ) ;
#688 = CYLINDRICAL_SURFACE ( 'NONE', #3755, 2.000000000000001776 ) ;
#689 = ORIENTED_EDGE ( 'NONE', *, *, #2904, .F. ) ;
#690 = VECTOR ( 'NONE', #3424, 1000.000000000000000 ) ;
#691 = LINE ( 'NONE', #1761, #3591 ) ;
#692 = FACE_OUTER_BOUND ( 'NONE', #1017, .T. ) ;
#693 = ORIENTED_EDGE ( 'NONE', *, *, #2964, .T. ) ;
#694 = TOROIDAL_SURFACE ( 'NONE', #3209, 6.290367580801543568, 2.000000000000000000 ) ;
#695 = VECTOR ( 'NONE', #4643, 1000.000000000000000 ) ;
#696 = CARTESIAN_POINT ( 'NONE',  ( 109.9999999999999858, 20.00000000000000000, 0.000000000000000000 ) ) ;
#697 = CARTESIAN_POINT ( 'NONE',  ( 0.000000000000000000, 0.000000000000000000, 0.000000000000000000 ) ) ;
#698 = CARTESIAN_POINT ( 'NONE',  ( 131.9999999999999716, 10.00000000000000000, 2.000000000000000000 ) ) ;
#699 = MANIFOLD_SOLID_BREP ( '\X2\52079664\X0\-\X2\62c94f38\X0\2[7]', #2576 ) ;
#700 = VERTEX_POINT ( 'NONE', #2159 ) ;
#701 = VECTOR ( 'NONE', #2479, 1000.000000000000000 ) ;
#702 = VERTEX_POINT ( 'NONE', #3660 ) ;
#703 = DIRECTION ( 'NONE',  ( 0.000000000000000000, 0.8831515563230876165, -0.4690877621129207475 ) ) ;
#704 = VECTOR ( 'NONE', #1286, 1000.000000000000000 ) ;
#705 = DIRECTION ( 'NONE',  ( 1.982541115402065110E-16, 0.000000000000000000, 1.000000000000000000 ) ) ;
#706 = PLANE ( 'NONE',  #1728 ) ;
#707 = LINE ( 'NONE', #3806, #3368 ) ;
#708 = MANIFOLD_SOLID_BREP ( '\X2\52079664\X0\-\X2\62c94f38\X0\2[4]', #2250 ) ;
#709 = PLANE ( 'NONE',  #4214 ) ;
#710 = DIRECTION ( 'NONE',  ( 0.000000000000000000, 0.4690877621129207475, 0.8831515563230877275 ) ) ;
#711 = DIRECTION ( 'NONE',  ( 0.000000000000000000, -0.000000000000000000, 1.000000000000000000 ) ) ;
#712 = CARTESIAN_POINT ( 'NONE',  ( 2.000000000000000000, 20.00000000000000000, -105.0000000000000000 ) ) ;
#713 = VERTEX_POINT ( 'NONE', #4790 ) ;
#714 = EDGE_CURVE ( 'NONE', #1574, #290, #4015, .T. ) ;
#715 = CARTESIAN_POINT ( 'NONE',  ( 67.11191178288527226, 16.71467838733145683, -9.108112159180413059 ) ) ;
#716 = EDGE_CURVE ( 'NONE', #648, #1779, #1019, .T. ) ;
#717 = ORIENTED_EDGE ( 'NONE', *, *, #2485, .T. ) ;
#718 = CARTESIAN_POINT ( 'NONE',  ( 76.39999999999997726, 18.00000000000000355, -15.46042971709331226 ) ) ;
#719 = AXIS2_PLACEMENT_3D ( 'NONE', #4453, #782, #328 ) ;
#720 = CYLINDRICAL_SURFACE ( 'NONE', #164, 1.000000000000000000 ) ;
#721 = PLANE ( 'NONE',  #1656 ) ;
#722 = EDGE_LOOP ( 'NONE', ( #3251, #3606, #849, #2925 ) ) ;
#723 = ADVANCED_FACE ( 'NONE', ( #3250 ), #3991, .F. ) ;
#724 = LOCAL_TIME ( 19, 17, 44.00000000000000000, #147 ) ;
#725 = PERSON_AND_ORGANIZATION_ROLE ( 'creator' ) ;
#726 = LINE ( 'NONE', #349, #1173 ) ;
#727 = ORIENTED_EDGE ( 'NONE', *, *, #1020, .F. ) ;
#728 = ORIENTED_EDGE ( 'NONE', *, *, #641, .T. ) ;
#729 = APPROVAL ( #1414, '未' ) ;
#730 = DIRECTION ( 'NONE',  ( -1.000000000000000000, -0.000000000000000000, -0.000000000000000000 ) ) ;
#731 = DIRECTION ( 'NONE',  ( 8.163404592832029035E-16, 0.000000000000000000, 1.000000000000000000 ) ) ;
#732 = DIRECTION ( 'NONE',  ( -1.000000000000000000, -0.000000000000000000, -0.000000000000000000 ) ) ;
#733 = ORIENTED_EDGE ( 'NONE', *, *, #314, .T. ) ;
#734 = CARTESIAN_POINT ( 'NONE',  ( 77.99970657940716023, 16.40223658499870041, -9.585773318583989067 ) ) ;
#735 = ADVANCED_FACE ( 'NONE', ( #2187 ), #1434, .F. ) ;
#736 = CARTESIAN_POINT ( 'NONE',  ( 129.9999999999999716, 10.00000000000000000, 0.000000000000000000 ) ) ;
#737 = DIRECTION ( 'NONE',  ( -0.000000000000000000, -1.000000000000000000, -0.000000000000000000 ) ) ;
#738 = LINE ( 'NONE', #1866, #4232 ) ;
#739 = CARTESIAN_POINT ( 'NONE',  ( 0.000000000000000000, 6.000000000000000000, -34.00000000000001421 ) ) ;
#740 = ORIENTED_EDGE ( 'NONE', *, *, #2910, .T. ) ;
#741 = DIRECTION ( 'NONE',  ( 2.593979029498029835E-16, 0.000000000000000000, 1.000000000000000000 ) ) ;
#742 = VERTEX_POINT ( 'NONE', #3687 ) ;
#743 = AXIS2_PLACEMENT_3D ( 'NONE', #2936, #2518, #352 ) ;
#744 = LINE ( 'NONE', #1163, #783 ) ;
#745 = CARTESIAN_POINT ( 'NONE',  ( 76.39999999999997726, 11.70963241919845466, -15.46042971709331226 ) ) ;
#746 = ORIENTED_EDGE ( 'NONE', *, *, #3096, .T. ) ;
#747 = DATE_AND_TIME ( #4113, #3234 ) ;
#748 = ADVANCED_FACE ( 'NONE', ( #1828 ), #2137, .T. ) ;
#749 = FACE_OUTER_BOUND ( 'NONE', #2142, .T. ) ;
#750 = ADVANCED_FACE ( 'NONE', ( #2117 ), #270, .F. ) ;
#751 = EDGE_LOOP ( 'NONE', ( #3673, #4093, #4197, #2934, #3512, #239, #2286 ) ) ;
#752 = DIRECTION ( 'NONE',  ( 1.309225264888156377E-16, 0.000000000000000000, 1.000000000000000000 ) ) ;
#753 = FACE_OUTER_BOUND ( 'NONE', #18, .T. ) ;
#754 = EDGE_CURVE ( 'NONE', #4517, #72, #3271, .T. ) ;
#755 = ORIENTED_EDGE ( 'NONE', *, *, #522, .F. ) ;
#756 = CARTESIAN_POINT ( 'NONE',  ( 14.01261462134556446, 12.00000000000000000, -34.00000000000001421 ) ) ;
#757 = DIRECTION ( 'NONE',  ( 1.000000000000000000, 0.000000000000000000, -0.000000000000000000 ) ) ;
#758 = LINE ( 'NONE', #4053, #3228 ) ;
#759 = CARTESIAN_POINT ( 'NONE',  ( 136.0000000000000284, 20.00000000000000000, -15.46042971709331226 ) ) ;
#760 = DIRECTION ( 'NONE',  ( 0.000000000000000000, -0.4690877621129207475, -0.8831515563230877275 ) ) ;
#761 = CC_DESIGN_PERSON_AND_ORGANIZATION_ASSIGNMENT ( #1538, #3030, ( #3374 ) ) ;
#762 = ORIENTED_EDGE ( 'NONE', *, *, #4465, .F. ) ;
#763 = DIRECTION ( 'NONE',  ( 1.000000000000000000, -0.000000000000000000, 0.000000000000000000 ) ) ;
#764 = EDGE_LOOP ( 'NONE', ( #4675, #4719, #2113, #665 ) ) ;
#765 = LINE ( 'NONE', #1945, #772 ) ;
#766 = B_SPLINE_CURVE_WITH_KNOTS ( 'NONE', 3,
 ( #362, #383, #1870, #1530, #2609, #715, #3342, #4107, #3022, #17, #1508, #4494, #1134, #2631 ),
 .UNSPECIFIED., .F., .F.,
 ( 4, 2, 2, 2, 2, 2, 4 ),
 ( 0.000000000000000000, 0.0003914435603716510449, 0.0007828871207433020897, 0.001174330681114953189, 0.001565774241486604179, 0.002348661362229869948, 0.003131548482973135934 ),
 .UNSPECIFIED. ) ;
#767 =( BOUNDED_CURVE ( )  B_SPLINE_CURVE ( 3, ( #3031, #2027, #1317, #3135 ),
 .UNSPECIFIED., .F., .T. ) 
 B_SPLINE_CURVE_WITH_KNOTS ( ( 4, 4 ),
 ( 1.570796326794896558, 3.141592653589793116 ),
 .UNSPECIFIED. ) 
 CURVE ( )  GEOMETRIC_REPRESENTATION_ITEM ( )  RATIONAL_B_SPLINE_CURVE ( ( 1.000000000000000000, 0.8047378541243649375, 0.8047378541243649375, 1.000000000000000000 ) ) 
 REPRESENTATION_ITEM ( '' )  );
#768 = FACE_OUTER_BOUND ( 'NONE', #2764, .T. ) ;
#769 = VECTOR ( 'NONE', #1379, 1000.000000000000000 ) ;
#770 = LINE ( 'NONE', #3766, #627 ) ;
#771 = EDGE_LOOP ( 'NONE', ( #4286, #616, #3610, #4543 ) ) ;
#772 = VECTOR ( 'NONE', #799, 1000.000000000000000 ) ;
#773 = PERSON_AND_ORGANIZATION ( #1242, #2607 ) ;
#774 = FACE_OUTER_BOUND ( 'NONE', #3178, .T. ) ;
#775 = VERTEX_POINT ( 'NONE', #1088 ) ;
#776 = CARTESIAN_POINT ( 'NONE',  ( 66.00000000000000000, 12.00000000000000000, -1.308477136165363111E-14 ) ) ;
#777 = VECTOR ( 'NONE', #1137, 1000.000000000000000 ) ;
#778 = VECTOR ( 'NONE', #3041, 1000.000000000000000 ) ;
#779 = EDGE_CURVE ( 'NONE', #2509, #2089, #2210, .T. ) ;
#780 = DIRECTION ( 'NONE',  ( -1.000000000000000000, 0.000000000000000000, -0.000000000000000000 ) ) ;
#781 = EDGE_CURVE ( 'NONE', #290, #2583, #3084, .T. ) ;
#782 = DIRECTION ( 'NONE',  ( 1.000000000000000000, 0.000000000000000000, -1.224510688924804405E-15 ) ) ;
#783 = VECTOR ( 'NONE', #4520, 1000.000000000000000 ) ;
#784 = ORIENTED_EDGE ( 'NONE', *, *, #3567, .T. ) ;
#785 = LINE ( 'NONE', #1886, #3219 ) ;
#786 = VECTOR ( 'NONE', #4312, 1000.000000000000000 ) ;
#787 = DIRECTION ( 'NONE',  ( 0.000000000000000000, -1.000000000000000000, 0.000000000000000000 ) ) ;
#788 = EDGE_CURVE ( 'NONE', #2814, #3032, #850, .T. ) ;
#789 = CARTESIAN_POINT ( 'NONE',  ( 0.000000000000000000, 6.000000000000000000, -34.00000000000001421 ) ) ;
#790 = CARTESIAN_POINT ( 'NONE',  ( 0.6766838987074653700, 16.55461042105297054, -9.353201415028168597 ) ) ;
#791 = AXIS2_PLACEMENT_3D ( 'NONE', #2333, #4203, #851 ) ;
#792 = CARTESIAN_POINT ( 'NONE',  ( 12.39999999999999858, 15.86546461513615291, -10.39761313908545048 ) ) ;
#793 = VERTEX_POINT ( 'NONE', #4181 ) ;
#794 = CARTESIAN_POINT ( 'NONE',  ( 98.39999999999996305, 20.00000000000000000, -107.0000000000000000 ) ) ;
#795 = APPROVAL ( #4821, '未' ) ;
#796 = PLANE ( 'NONE',  #1522 ) ;
#797 = VERTEX_POINT ( 'NONE', #1535 ) ;
#798 = MANIFOLD_SOLID_BREP ( '\X2\52079664\X0\-\X2\62c94f38\X0\2[3]', #1952 ) ;
#799 = DIRECTION ( 'NONE',  ( 1.000000000000000000, 0.000000000000000000, 0.000000000000000000 ) ) ;
#800 = DIRECTION ( 'NONE',  ( 2.593979029498029835E-16, 0.000000000000000000, 1.000000000000000000 ) ) ;
#801 = CARTESIAN_POINT ( 'NONE',  ( 12.40000000000000036, 18.00000000000000355, -105.0000000000000000 ) ) ;
#802 = VERTEX_POINT ( 'NONE', #828 ) ;
#803 = VECTOR ( 'NONE', #4711, 1000.000000000000000 ) ;
#804 = EDGE_CURVE ( 'NONE', #2217, #397, #744, .T. ) ;
#805 = APPROVAL_ROLE ( '' ) ;
#806 = VECTOR ( 'NONE', #3833, 1000.000000000000000 ) ;
#807 = DIRECTION ( 'NONE',  ( 0.000000000000000000, -0.000000000000000000, 1.000000000000000000 ) ) ;
#808 = ORIENTED_EDGE ( 'NONE', *, *, #197, .T. ) ;
#809 = CARTESIAN_POINT ( 'NONE',  ( 41.99999999999999289, 10.00000000000000000, 2.000000000000000000 ) ) ;
#810 = VECTOR ( 'NONE', #1205, 999.9999999999998863 ) ;
#811 = FACE_OUTER_BOUND ( 'NONE', #217, .T. ) ;
#812 = DIRECTION ( 'NONE',  ( -0.000000000000000000, -1.000000000000000000, -0.000000000000000000 ) ) ;
#813 = APPROVAL_PERSON_ORGANIZATION ( #3422, #1342, #805 ) ;
#814 = ORIENTED_EDGE ( 'NONE', *, *, #2614, .T. ) ;
#815 = CARTESIAN_POINT ( 'NONE',  ( 68.00000000000000000, 16.82599622848118059, -8.937162437894402345 ) ) ;
#816 = ADVANCED_FACE ( 'NONE', ( #768 ), #4576, .T. ) ;
#817 = CYLINDRICAL_SURFACE ( 'NONE', #4041, 2.000000000000001776 ) ;
#818 = CARTESIAN_POINT ( 'NONE',  ( 10.39999999999999325, 20.00000000000000000, -15.46042971709331226 ) ) ;
#819 = DIRECTION ( 'NONE',  ( -1.000000000000000000, -0.000000000000000000, 8.163404592832028049E-16 ) ) ;
#820 = EDGE_CURVE ( 'NONE', #3202, #1904, #1139, .T. ) ;
#821 = CARTESIAN_POINT ( 'NONE',  ( 0.000000000000000000, 11.70963241919845466, -15.46042971709331226 ) ) ;
#822 = EDGE_CURVE ( 'NONE', #742, #4534, #2233, .T. ) ;
#823 = ORIENTED_EDGE ( 'NONE', *, *, #3966, .F. ) ;
#824 = LINE ( 'NONE', #3151, #2652 ) ;
#825 = DIRECTION ( 'NONE',  ( -1.000000000000000000, -0.000000000000000000, -0.000000000000000000 ) ) ;
#826 = ORIENTED_EDGE ( 'NONE', *, *, #781, .F. ) ;
#827 = DIRECTION ( 'NONE',  ( 1.000000000000000000, 0.000000000000000000, -2.593979029498029835E-16 ) ) ;
#828 = CARTESIAN_POINT ( 'NONE',  ( 122.3999999999999631, 15.72033654559155913, -10.61450599584754784 ) ) ;
#829 = LINE ( 'NONE', #1165, #405 ) ;
#830 = ORIENTED_EDGE ( 'NONE', *, *, #4738, .F. ) ;
#831 = PERSON_AND_ORGANIZATION ( #1242, #2607 ) ;
#832 = ADVANCED_FACE ( 'NONE', ( #1946 ), #1924, .T. ) ;
#833 = ORIENTED_EDGE ( 'NONE', *, *, #2852, .T. ) ;
#834 = CARTESIAN_POINT ( 'NONE',  ( 65.99999999999997158, 6.000000000000000000, -105.0000000000000000 ) ) ;
#835 = CARTESIAN_POINT ( 'NONE',  ( 108.0000000000000000, 6.000000000000000000, 0.000000000000000000 ) ) ;
#836 = CARTESIAN_POINT ( 'NONE',  ( 0.000000000000000000, 12.00000000000000000, 0.000000000000000000 ) ) ;
#837 = VERTEX_POINT ( 'NONE', #2713 ) ;
#838 = FACE_OUTER_BOUND ( 'NONE', #3224, .T. ) ;
#839 = CARTESIAN_POINT ( 'NONE',  ( 66.00000000000000000, 18.00000000000000355, 0.000000000000000000 ) ) ;
#840 = CARTESIAN_POINT ( 'NONE',  ( 0.000000000000000000, 6.000000000000000000, -34.00000000000001421 ) ) ;
#841 = CARTESIAN_POINT ( 'NONE',  ( 0.7795277475694391001, 16.60107716691791779, -9.282136613071591213 ) ) ;
#842 = DIRECTION ( 'NONE',  ( 6.084019089575384694E-17, -0.8831515563230877275, 0.4690877621129207475 ) ) ;
#843 = ORIENTED_EDGE ( 'NONE', *, *, #2858, .F. ) ;
#844 = DIRECTION ( 'NONE',  ( 0.000000000000000000, 1.000000000000000000, 0.000000000000000000 ) ) ;
#845 = FACE_OUTER_BOUND ( 'NONE', #1910, .T. ) ;
#846 = EDGE_CURVE ( 'NONE', #2783, #1881, #2435, .T. ) ;
#847 = VERTEX_POINT ( 'NONE', #3417 ) ;
#848 = ADVANCED_FACE ( 'NONE', ( #3737 ), #1875, .T. ) ;
#849 = ORIENTED_EDGE ( 'NONE', *, *, #4596, .F. ) ;
#850 = LINE ( 'NONE', #42, #4150 ) ;
#851 = DIRECTION ( 'NONE',  ( 0.000000000000000000, 0.000000000000000000, -1.000000000000000000 ) ) ;
#852 = ORIENTED_EDGE ( 'NONE', *, *, #971, .T. ) ;
#853 = MANIFOLD_SOLID_BREP ( '\X2\52079664\X0\-\X2\62c94f38\X0\2[5]', #3354 ) ;
#854 = EDGE_CURVE ( 'NONE', #3475, #1465, #3340, .T. ) ;
#855 = CALENDAR_DATE ( 2025, 8, 12 ) ;
#856 = VECTOR ( 'NONE', #4390, 1000.000000000000000 ) ;
#857 = MANIFOLD_SOLID_BREP ( '\X2\52079664\X0\-\X2\62c94f38\X0\2[2]', #1167 ) ;
#858 = ORIENTED_EDGE ( 'NONE', *, *, #4565, .F. ) ;
#859 = CARTESIAN_POINT ( 'NONE',  ( 88.00000000000000000, 11.00000000000000000, 2.000000000000000000 ) ) ;
#860 = CLOSED_SHELL ( 'NONE', ( #134, #3997, #4803, #3595, #631, #4374, #3065, #3685, #3357, #4067, #2473, #2150, #1692, #252, #3623 ) ) ;
#861 = CARTESIAN_POINT ( 'NONE',  ( 28.01261462134556623, 6.000000000000000000, -34.00000000000001421 ) ) ;
#862 = DIRECTION ( 'NONE',  ( 1.000000000000000000, 0.000000000000000000, -0.000000000000000000 ) ) ;
#863 = CIRCLE ( 'NONE', #4451, 2.000000000000001776 ) ;
#864 = ORIENTED_EDGE ( 'NONE', *, *, #2776, .T. ) ;
#865 = CARTESIAN_POINT ( 'NONE',  ( 88.05273035048482200, 16.01312732624575474, -10.17546327564966369 ) ) ;
#866 = DIRECTION ( 'NONE',  ( -1.000000000000000000, 0.000000000000000000, 0.000000000000000000 ) ) ;
#867 = EDGE_CURVE ( 'NONE', #2189, #372, #2186, .T. ) ;
#868 = AXIS2_PLACEMENT_3D ( 'NONE', #4758, #1733, #4055 ) ;
#869 = CARTESIAN_POINT ( 'NONE',  ( 152.0000000000000000, 12.00000000000000000, -1.205384998164455492E-13 ) ) ;
#870 = VECTOR ( 'NONE', #3653, 1000.000000000000000 ) ;
#871 = CARTESIAN_POINT ( 'NONE',  ( 151.9999999999998863, 12.00000000000000000, -140.0000000000000000 ) ) ;
#872 = CARTESIAN_POINT ( 'NONE',  ( 20.00000000000000000, 12.00000000000000000, -34.00000000000001421 ) ) ;
#873 = AXIS2_PLACEMENT_3D ( 'NONE', #139, #2017, #1331 ) ;
#874 = VERTEX_POINT ( 'NONE', #2688 ) ;
#875 = DIRECTION ( 'NONE',  ( 0.000000000000000000, -0.000000000000000000, 1.000000000000000000 ) ) ;
#876 = LINE ( 'NONE', #2730, #4116 ) ;
#877 = VERTEX_POINT ( 'NONE', #3003 ) ;
#878 = AXIS2_PLACEMENT_3D ( 'NONE', #1925, #2635, #97 ) ;
#879 = DIRECTION ( 'NONE',  ( -0.000000000000000000, -1.000000000000000000, -0.000000000000000000 ) ) ;
#880 = VERTEX_POINT ( 'NONE', #4497 ) ;
#881 = EDGE_CURVE ( 'NONE', #3964, #2089, #2634, .T. ) ;
#882 = PERSON_AND_ORGANIZATION_ROLE ( 'creator' ) ;
#883 = CYLINDRICAL_SURFACE ( 'NONE', #1091, 8.290367580801543568 ) ;
#884 = EDGE_LOOP ( 'NONE', ( #3795, #4842, #1310, #3310 ) ) ;
#885 = CYLINDRICAL_SURFACE ( 'NONE', #4841, 1.000000000000000000 ) ;
#886 = CARTESIAN_POINT ( 'NONE',  ( 0.000000000000000000, 12.00000000000000000, -140.0000000000000000 ) ) ;
#887 = DIRECTION ( 'NONE',  ( 1.000000000000000000, 0.000000000000000000, 0.000000000000000000 ) ) ;
#888 = ORIENTED_EDGE ( 'NONE', *, *, #2835, .F. ) ;
#889 = VECTOR ( 'NONE', #1932, 1000.000000000000000 ) ;
#890 = CARTESIAN_POINT ( 'NONE',  ( 88.00000000000001421, 15.86546461512703132, -10.39761313907936113 ) ) ;
#891 = PRODUCT_DEFINITION ( '�', '', #2920, #982 ) ;
#892 = LINE ( 'NONE', #1993, #806 ) ;
#893 = ORIENTED_EDGE ( 'NONE', *, *, #1504, .T. ) ;
#894 = LINE ( 'NONE', #1185, #165 ) ;
#895 = CARTESIAN_POINT ( 'NONE',  ( 64.00000000000000000, 10.00000000000000000, 2.000000000000000000 ) ) ;
#896 = CC_DESIGN_PERSON_AND_ORGANIZATION_ASSIGNMENT ( #3008, #2513, ( #85 ) ) ;
#897 = ORIENTED_EDGE ( 'NONE', *, *, #2514, .F. ) ;
#898 = LINE ( 'NONE', #3468, #1164 ) ;
#899 = LINE ( 'NONE', #3469, #124 ) ;
#900 = ORIENTED_EDGE ( 'NONE', *, *, #601, .F. ) ;
#901 = ORIENTED_EDGE ( 'NONE', *, *, #1077, .F. ) ;
#902 = LINE ( 'NONE', #1707, #615 ) ;
#903 = ORIENTED_EDGE ( 'NONE', *, *, #3992, .T. ) ;
#904 = CALENDAR_DATE ( 2025, 8, 12 ) ;
#905 = CARTESIAN_POINT ( 'NONE',  ( 23.99999999999999289, 6.000000000000000000, -105.0000000000000000 ) ) ;
#906 = VERTEX_POINT ( 'NONE', #1268 ) ;
#907 = DIRECTION ( 'NONE',  ( 0.000000000000000000, 0.000000000000000000, -1.000000000000000000 ) ) ;
#908 = CARTESIAN_POINT ( 'NONE',  ( 0.000000000000000000, 12.00000000000000000, -140.0000000000000000 ) ) ;
#909 = CARTESIAN_POINT ( 'NONE',  ( 86.00000000000000000, 12.00000000000000000, 2.000000000000000000 ) ) ;
#910 = EDGE_CURVE ( 'NONE', #1893, #3657, #972, .T. ) ;
#911 = ADVANCED_FACE ( 'NONE', ( #3565 ), #195, .F. ) ;
#912 = CIRCLE ( 'NONE', #2785, 8.290367580801545344 ) ;
#913 = VERTEX_POINT ( 'NONE', #2736 ) ;
#914 = VECTOR ( 'NONE', #2803, 1000.000000000000000 ) ;
#915 = CARTESIAN_POINT ( 'NONE',  ( 120.3999999999999488, 20.00000000000000000, -107.0000000000000000 ) ) ;
#916 = LINE ( 'NONE', #2402, #2861 ) ;
#917 = CARTESIAN_POINT ( 'NONE',  ( 152.0000000000000000, 11.00000000000000000, 2.000000000000000000 ) ) ;
#918 = CARTESIAN_POINT ( 'NONE',  ( 12.40000000000000036, 6.000000000000000000, -105.0000000000000000 ) ) ;
#919 = CARTESIAN_POINT ( 'NONE',  ( 98.39999999999996305, 6.000000000000000000, -107.0000000000000000 ) ) ;
#920 = EDGE_LOOP ( 'NONE', ( #1849, #377, #640, #3968 ) ) ;
#921 = CARTESIAN_POINT ( 'NONE',  ( 68.00000000000000000, 20.00000000000000000, -15.46042971709331226 ) ) ;
#922 = CARTESIAN_POINT ( 'NONE',  ( 64.00000000000000000, 11.00000000000000000, 2.000000000000000000 ) ) ;
#923 = VERTEX_POINT ( 'NONE', #3199 ) ;
#924 = DIRECTION ( 'NONE',  ( 1.000000000000000000, 0.000000000000000000, 0.000000000000000000 ) ) ;
#925 = VERTEX_POINT ( 'NONE', #2782 ) ;
#926 = EDGE_LOOP ( 'NONE', ( #4669, #1885, #2056, #1836 ) ) ;
#927 = ORIENTED_EDGE ( 'NONE', *, *, #4418, .F. ) ;
#928 = CYLINDRICAL_SURFACE ( 'NONE', #2810, 2.000000000000001776 ) ;
#929 = FACE_OUTER_BOUND ( 'NONE', #600, .T. ) ;
#930 = CARTESIAN_POINT ( 'NONE',  ( 0.000000000000000000, 6.000000000000000000, -140.0000000000000000 ) ) ;
#931 = VERTEX_POINT ( 'NONE', #2050 ) ;
#932 = DIRECTION ( 'NONE',  ( 0.000000000000000000, -0.000000000000000000, 1.000000000000000000 ) ) ;
#933 = AXIS2_PLACEMENT_3D ( 'NONE', #1682, #3174, #1311 ) ;
#934 = EDGE_CURVE ( 'NONE', #2721, #2458, #2155, .T. ) ;
#935 = EDGE_CURVE ( 'NONE', #1703, #3635, #685, .T. ) ;
#936 = FACE_OUTER_BOUND ( 'NONE', #3115, .T. ) ;
#937 = DIRECTION ( 'NONE',  ( 0.000000000000000000, 0.000000000000000000, -1.000000000000000000 ) ) ;
#938 = DIRECTION ( 'NONE',  ( 0.000000000000000000, 1.000000000000000000, -0.000000000000000000 ) ) ;
#939 = VECTOR ( 'NONE', #1225, 1000.000000000000000 ) ;
#940 = DIRECTION ( 'NONE',  ( -1.000000000000000000, -0.000000000000000000, -0.000000000000000000 ) ) ;
#941 = EDGE_LOOP ( 'NONE', ( #4554, #2231, #2532, #903 ) ) ;
#942 = EDGE_CURVE ( 'NONE', #2794, #2290, #2744, .T. ) ;
#943 = CIRCLE ( 'NONE', #4621, 1.000000000000000000 ) ;
#944 = DIRECTION ( 'NONE',  ( 0.000000000000000000, -0.000000000000000000, 1.000000000000000000 ) ) ;
#945 = LINE ( 'NONE', #511, #2005 ) ;
#946 = VECTOR ( 'NONE', #440, 1000.000000000000000 ) ;
#947 = VERTEX_POINT ( 'NONE', #2854 ) ;
#948 = AXIS2_PLACEMENT_3D ( 'NONE', #745, #2979, #366 ) ;
#949 = ORIENTED_EDGE ( 'NONE', *, *, #4134, .F. ) ;
#950 = APPROVAL_STATUS ( 'not_yet_approved' ) ;
#951 = CARTESIAN_POINT ( 'NONE',  ( 65.99999999999997158, 20.00000000000000000, -107.0000000000000000 ) ) ;
#952 = ORIENTED_EDGE ( 'NONE', *, *, #2463, .T. ) ;
#953 = ADVANCED_FACE ( 'NONE', ( #2555 ), #2112, .T. ) ;
#954 = DIRECTION ( 'NONE',  ( 0.000000000000000000, -1.000000000000000000, 0.000000000000000000 ) ) ;
#955 = DIRECTION ( 'NONE',  ( 1.000000000000000000, 0.000000000000000000, 0.000000000000000000 ) ) ;
#956 = ORIENTED_EDGE ( 'NONE', *, *, #1113, .T. ) ;
#957 = LINE ( 'NONE', #4039, #4229 ) ;
#958 = AXIS2_PLACEMENT_3D ( 'NONE', #4693, #2437, #576 ) ;
#959 = PLANE ( 'NONE',  #49 ) ;
#960 = LINE ( 'NONE', #1768, #636 ) ;
#961 =( BOUNDED_CURVE ( )  B_SPLINE_CURVE ( 3, ( #3978, #986, #3533, #3148 ),
 .UNSPECIFIED., .F., .T. ) 
 B_SPLINE_CURVE_WITH_KNOTS ( ( 4, 4 ),
 ( 1.570796326794896780, 3.141592653589793116 ),
 .UNSPECIFIED. ) 
 CURVE ( )  GEOMETRIC_REPRESENTATION_ITEM ( )  RATIONAL_B_SPLINE_CURVE ( ( 1.000000000000000000, 0.8047378541243650485, 0.8047378541243650485, 1.000000000000000000 ) ) 
 REPRESENTATION_ITEM ( '' )  );
#962 = CARTESIAN_POINT ( 'NONE',  ( 122.3999999999999488, 19.17157287525381193, -106.1715728752538155 ) ) ;
#963 = AXIS2_PLACEMENT_3D ( 'NONE', #2938, #4507, #1418 ) ;
#964 = EDGE_CURVE ( 'NONE', #2212, #1802, #4812, .T. ) ;
#965 = FACE_OUTER_BOUND ( 'NONE', #771, .T. ) ;
#966 = EDGE_LOOP ( 'NONE', ( #2095, #2541, #3399, #4813, #3686, #2899 ) ) ;
#967 = LOCAL_TIME ( 19, 17, 44.00000000000000000, #4280 ) ;
#968 = CARTESIAN_POINT ( 'NONE',  ( 131.9999999999999716, 11.00000000000000000, 2.000000000000000000 ) ) ;
#969 = CARTESIAN_POINT ( 'NONE',  ( 0.000000000000000000, 20.00000000000000000, -105.0000000000000000 ) ) ;
#970 = EDGE_CURVE ( 'NONE', #2690, #1279, #1407, .T. ) ;
#971 = EDGE_CURVE ( 'NONE', #1810, #1893, #262, .T. ) ;
#972 = LINE ( 'NONE', #4252, #1573 ) ;
#973 = ORIENTED_EDGE ( 'NONE', *, *, #2892, .T. ) ;
#974 = ORIENTED_EDGE ( 'NONE', *, *, #3029, .F. ) ;
#975 = ITEM_DEFINED_TRANSFORMATION ( 'NONE', 'NONE', #2993,  #3075 ) ;
#976 = EDGE_CURVE ( 'NONE', #3965, #1487, #2924, .T. ) ;
#977 = AXIS2_PLACEMENT_3D ( 'NONE', #886, #1959, #780 ) ;
#978 = ORIENTED_EDGE ( 'NONE', *, *, #4483, .F. ) ;
#979 = CARTESIAN_POINT ( 'NONE',  ( 23.99999999999999289, 20.00000000000000000, -107.0000000000000000 ) ) ;
#980 = ORIENTED_EDGE ( 'NONE', *, *, #314, .F. ) ;
#981 = CARTESIAN_POINT ( 'NONE',  ( 80.01261462134553426, 6.000000000000000000, -34.00000000000001421 ) ) ;
#982 = DESIGN_CONTEXT ( 'detailed design', #1441, 'design' ) ;
#983 = CARTESIAN_POINT ( 'NONE',  ( 110.2516586417477953, 16.27924366701804360, -9.772920931856427629 ) ) ;
#984 = CARTESIAN_POINT ( 'NONE',  ( 136.0000000000000284, 0.000000000000000000, 0.000000000000000000 ) ) ;
#985 = AXIS2_PLACEMENT_3D ( 'NONE', #1811, #3306, #4070 ) ;
#986 = CARTESIAN_POINT ( 'NONE',  ( 109.9999999999999574, 19.17157287525380838, -106.1715728752537871 ) ) ;
#987 = VECTOR ( 'NONE', #485, 1000.000000000000000 ) ;
#988 = PLANE ( 'NONE',  #487 ) ;
#989 = ORIENTED_EDGE ( 'NONE', *, *, #135, .T. ) ;
#990 = CARTESIAN_POINT ( 'NONE',  ( 131.9999999999999716, 12.00000000000000000, 2.000000000000000000 ) ) ;
#991 = DIRECTION ( 'NONE',  ( -1.000000000000000000, -0.000000000000000000, -0.000000000000000000 ) ) ;
#992 = CARTESIAN_POINT ( 'NONE',  ( 152.0000000000000000, 6.000000000000000000, -1.205384998164455492E-13 ) ) ;
#993 = ORIENTED_EDGE ( 'NONE', *, *, #3298, .F. ) ;
#994 = EDGE_CURVE ( 'NONE', #2594, #3870, #4739, .T. ) ;
#995 = EDGE_CURVE ( 'NONE', #290, #923, #557, .T. ) ;
#996 = ORIENTED_EDGE ( 'NONE', *, *, #4080, .F. ) ;
#997 = CALENDAR_DATE ( 2025, 8, 12 ) ;
#998 = CARTESIAN_POINT ( 'NONE',  ( 0.000000000000000000, 12.00000000000000000, -140.0000000000000000 ) ) ;
#999 = ORIENTED_EDGE ( 'NONE', *, *, #4324, .T. ) ;
#1000 = EDGE_CURVE ( 'NONE', #2573, #3964, #4083, .T. ) ;
#1001 = LINE ( 'NONE', #4661, #1292 ) ;
#1002 = CARTESIAN_POINT ( 'NONE',  ( 87.99999999999997158, 20.00000000000000000, -107.0000000000000000 ) ) ;
#1003 = ORIENTED_EDGE ( 'NONE', *, *, #1545, .F. ) ;
#1004 = DIRECTION ( 'NONE',  ( -0.000000000000000000, -0.000000000000000000, -1.000000000000000000 ) ) ;
#1005 = PLANE ( 'NONE',  #3867 ) ;
#1006 = DIRECTION ( 'NONE',  ( 0.000000000000000000, 0.000000000000000000, 1.000000000000000000 ) ) ;
#1007 = VECTOR ( 'NONE', #4755, 1000.000000000000000 ) ;
#1008 = VERTEX_POINT ( 'NONE', #2945 ) ;
#1009 = ORIENTED_EDGE ( 'NONE', *, *, #1642, .T. ) ;
#1010 = ADVANCED_FACE ( 'NONE', ( #1402 ), #1013, .T. ) ;
#1011 = CARTESIAN_POINT ( 'NONE',  ( 136.0000000000000284, 16.82599622848118059, -8.937162437894402345 ) ) ;
#1012 = CARTESIAN_POINT ( 'NONE',  ( 67.99999999999997158, 20.00000000000000000, -107.0000000000000000 ) ) ;
#1013 = CYLINDRICAL_SURFACE ( 'NONE', #1961, 2.000000000000001776 ) ;
#1014 = AXIS2_PLACEMENT_3D ( 'NONE', #4674, #4650, #924 ) ;
#1015 = ORIENTED_EDGE ( 'NONE', *, *, #625, .F. ) ;
#1016 = VECTOR ( 'NONE', #4516, 1000.000000000000000 ) ;
#1017 = EDGE_LOOP ( 'NONE', ( #996, #458, #2115, #207 ) ) ;
#1018 = CIRCLE ( 'NONE', #4379, 2.000000000000000000 ) ;
#1019 = LINE ( 'NONE', #4371, #3838 ) ;
#1020 = EDGE_CURVE ( 'NONE', #4349, #1623, #3058, .T. ) ;
#1021 = ORIENTED_EDGE ( 'NONE', *, *, #1119, .T. ) ;
#1022 = VECTOR ( 'NONE', #3038, 1000.000000000000000 ) ;
#1023 = PLANE ( 'NONE',  #2534 ) ;
#1024 = CIRCLE ( 'NONE', #791, 8.290367580801545344 ) ;
#1025 = ADVANCED_FACE ( 'NONE', ( #4010 ), #1363, .T. ) ;
#1026 = ORIENTED_EDGE ( 'NONE', *, *, #3544, .T. ) ;
#1027 = ORIENTED_EDGE ( 'NONE', *, *, #369, .T. ) ;
#1028 = DIRECTION ( 'NONE',  ( 0.000000000000000000, 0.000000000000000000, -1.000000000000000000 ) ) ;
#1029 = LINE ( 'NONE', #2519, #1040 ) ;
#1030 = LINE ( 'NONE', #4751, #2584 ) ;
#1031 = EDGE_LOOP ( 'NONE', ( #1298, #4741, #901, #3021 ) ) ;
#1032 = PLANE ( 'NONE',  #2591 ) ;
#1033 = ORIENTED_EDGE ( 'NONE', *, *, #3683, .T. ) ;
#1034 = CARTESIAN_POINT ( 'NONE',  ( 85.99999999999998579, 6.000000000000000000, -34.00000000000001421 ) ) ;
#1035 = DIRECTION ( 'NONE',  ( -0.000000000000000000, -1.000000000000000000, 0.000000000000000000 ) ) ;
#1036 = VECTOR ( 'NONE', #1425, 999.9999999999998863 ) ;
#1037 = PLANE ( 'NONE',  #1495 ) ;
#1038 = DIRECTION ( 'NONE',  ( 0.000000000000000000, -0.4690877621129207475, -0.8831515563230877275 ) ) ;
#1039 = ORIENTED_EDGE ( 'NONE', *, *, #2377, .F. ) ;
#1040 = VECTOR ( 'NONE', #3977, 1000.000000000000000 ) ;
#1041 = ORIENTED_EDGE ( 'NONE', *, *, #3157, .F. ) ;
#1042 = APPROVAL_PERSON_ORGANIZATION ( #582, #1704, #1759 ) ;
#1043 = DIRECTION ( 'NONE',  ( 0.000000000000000000, 0.000000000000000000, -1.000000000000000000 ) ) ;
#1044 = ORIENTED_EDGE ( 'NONE', *, *, #4316, .F. ) ;
#1045 = FACE_OUTER_BOUND ( 'NONE', #2305, .T. ) ;
#1046 = APPROVAL_ROLE ( '' ) ;
#1047 = ORIENTED_EDGE ( 'NONE', *, *, #2014, .T. ) ;
#1048 = ORIENTED_EDGE ( 'NONE', *, *, #970, .F. ) ;
#1049 = VECTOR ( 'NONE', #4744, 1000.000000000000000 ) ;
#1050 = ADVANCED_FACE ( 'NONE', ( #1083 ), #662, .T. ) ;
#1051 = CARTESIAN_POINT ( 'NONE',  ( 138.0126146213455058, 6.000000000000000000, 3.613792038710762103E-14 ) ) ;
#1052 = ADVANCED_FACE ( 'NONE', ( #1062 ), #3985, .F. ) ;
#1053 = DIRECTION ( 'NONE',  ( 1.000000000000000000, 0.000000000000000000, 0.000000000000000000 ) ) ;
#1054 = DIRECTION ( 'NONE',  ( 1.000000000000000000, 0.000000000000000000, -8.163404592832028049E-16 ) ) ;
#1055 = ORIENTED_EDGE ( 'NONE', *, *, #2213, .F. ) ;
#1056 = DIRECTION ( 'NONE',  ( 0.000000000000000000, 0.000000000000000000, 1.000000000000000000 ) ) ;
#1057 = DIRECTION ( 'NONE',  ( -6.484947573745074586E-17, 0.000000000000000000, -1.000000000000000000 ) ) ;
#1058 = CARTESIAN_POINT ( 'NONE',  ( 0.000000000000000000, 18.00000000000000355, 0.000000000000000000 ) ) ;
#1059 = EDGE_CURVE ( 'NONE', #4449, #1975, #238, .T. ) ;
#1060 = CARTESIAN_POINT ( 'NONE',  ( 44.00000000000000000, 10.00000000000000000, -4.671137571060222799E-21 ) ) ;
#1061 = DIRECTION ( 'NONE',  ( -0.000000000000000000, -1.000000000000000000, -0.000000000000000000 ) ) ;
#1062 = FACE_OUTER_BOUND ( 'NONE', #1824, .T. ) ;
#1063 = ORIENTED_EDGE ( 'NONE', *, *, #1355, .T. ) ;
#1064 = CARTESIAN_POINT ( 'NONE',  ( 32.39999999999999147, 6.000000000000000000, -107.0000000000000000 ) ) ;
#1065 = ORIENTED_EDGE ( 'NONE', *, *, #1209, .T. ) ;
#1066 = DIRECTION ( 'NONE',  ( 0.000000000000000000, 0.000000000000000000, -1.000000000000000000 ) ) ;
#1067 = CARTESIAN_POINT ( 'NONE',  ( 23.99999999999999289, 6.000000000000000888, -3.186912317060870414 ) ) ;
#1068 = EDGE_LOOP ( 'NONE', ( #182, #3759, #261, #367, #3984 ) ) ;
#1069 = CARTESIAN_POINT ( 'NONE',  ( 0.000000000000000000, 12.00000000000000000, -140.0000000000000000 ) ) ;
#1070 = SECURITY_CLASSIFICATION_LEVEL ( 'unclassified' ) ;
#1071 = ORIENTED_EDGE ( 'NONE', *, *, #1084, .F. ) ;
#1072 = ORIENTED_EDGE ( 'NONE', *, *, #4023, .T. ) ;
#1073 = CYLINDRICAL_SURFACE ( 'NONE', #3492, 2.000000000000001776 ) ;
#1074 = PLANE ( 'NONE',  #1280 ) ;
#1075 = CARTESIAN_POINT ( 'NONE',  ( 22.05273035048479358, 16.01312732624581159, -10.17546327564970277 ) ) ;
#1076 = VERTEX_POINT ( 'NONE', #4347 ) ;
#1077 = EDGE_CURVE ( 'NONE', #3585, #2395, #1018, .T. ) ;
#1078 = CARTESIAN_POINT ( 'NONE',  ( 20.00000000000000000, 12.00000000000000000, -34.00000000000001421 ) ) ;
#1079 = EDGE_CURVE ( 'NONE', #2498, #1574, #3387, .T. ) ;
#1080 = DIRECTION ( 'NONE',  ( -1.296989514749014917E-16, 0.000000000000000000, -1.000000000000000000 ) ) ;
#1081 = CARTESIAN_POINT ( 'NONE',  ( 99.57157287525377853, 6.000000000000000000, -3.186912317060869970 ) ) ;
#1082 = DIRECTION ( 'NONE',  ( 8.163404592832029035E-16, 0.000000000000000000, 1.000000000000000000 ) ) ;
#1083 = FACE_OUTER_BOUND ( 'NONE', #172, .T. ) ;
#1084 = EDGE_CURVE ( 'NONE', #2654, #3762, #3410, .T. ) ;
#1085 = ORIENTED_EDGE ( 'NONE', *, *, #4840, .F. ) ;
#1086 = TOROIDAL_SURFACE ( 'NONE', #4370, 6.290367580801543568, 2.000000000000000000 ) ;
#1087 = VERTEX_POINT ( 'NONE', #3436 ) ;
#1088 = CARTESIAN_POINT ( 'NONE',  ( 78.39999999999997726, 6.000000000000000000, -5.451529285327107566 ) ) ;
#1089 = PLANE ( 'NONE',  #245 ) ;
#1090 = ORIENTED_EDGE ( 'NONE', *, *, #2306, .F. ) ;
#1091 = AXIS2_PLACEMENT_3D ( 'NONE', #2370, #562, #2055 ) ;
#1092 = CIRCLE ( 'NONE', #71, 1.000000000000000000 ) ;
#1093 = DIRECTION ( 'NONE',  ( 1.309225264888156377E-16, 0.000000000000000000, 1.000000000000000000 ) ) ;
#1094 = APPLICATION_CONTEXT ( 'configuration controlled 3d designs of mechanical parts and assemblies' ) ;
#1095 = DIRECTION ( 'NONE',  ( -0.000000000000000000, -1.000000000000000000, -0.000000000000000000 ) ) ;
#1096 = EDGE_CURVE ( 'NONE', #2389, #880, #3786, .T. ) ;
#1097 = ORIENTED_EDGE ( 'NONE', *, *, #549, .F. ) ;
#1098 = ORIENTED_EDGE ( 'NONE', *, *, #4344, .F. ) ;
#1099 = FACE_OUTER_BOUND ( 'NONE', #473, .T. ) ;
#1100 = AXIS2_PLACEMENT_3D ( 'NONE', #2699, #2795, #2424 ) ;
#1101 = DIRECTION ( 'NONE',  ( 0.000000000000000000, 1.000000000000000000, 0.000000000000000000 ) ) ;
#1102 = CARTESIAN_POINT ( 'NONE',  ( 88.00000000000000000, 10.00000000000000000, 2.000000000000000000 ) ) ;
#1103 = LINE ( 'NONE', #2600, #2351 ) ;
#1104 = CARTESIAN_POINT ( 'NONE',  ( 36.01261462134554847, 12.00000000000000000, -140.0000000000000000 ) ) ;
#1105 = CYLINDRICAL_SURFACE ( 'NONE', #1421, 1.000000000000000000 ) ;
#1106 = DIRECTION ( 'NONE',  ( 1.296989514749014917E-16, 0.000000000000000000, 1.000000000000000000 ) ) ;
#1107 = CARTESIAN_POINT ( 'NONE',  ( 12.40000000000000036, 15.72033654559155913, -10.61450599584754784 ) ) ;
#1108 = ORIENTED_EDGE ( 'NONE', *, *, #430, .T. ) ;
#1109 = VECTOR ( 'NONE', #4756, 999.9999999999998863 ) ;
#1110 = CARTESIAN_POINT ( 'NONE',  ( 2.000000000000001776, 11.70963241919845466, -15.46042971709331226 ) ) ;
#1111 = EDGE_CURVE ( 'NONE', #2077, #1881, #453, .T. ) ;
#1112 = ORIENTED_EDGE ( 'NONE', *, *, #3981, .T. ) ;
#1113 = EDGE_CURVE ( 'NONE', #4548, #1623, #2428, .T. ) ;
#1114 = SHAPE_REPRESENTATION ( '1', ( #4245, #2993, #4562 ), #420 ) ;
#1115 = CARTESIAN_POINT ( 'NONE',  ( 34.39999999999997726, 15.86546461513613870, -10.39761313908543983 ) ) ;
#1116 = CARTESIAN_POINT ( 'NONE',  ( 0.000000000000000000, 12.00000000000000000, 0.000000000000000000 ) ) ;
#1117 = ORIENTED_EDGE ( 'NONE', *, *, #1000, .F. ) ;
#1118 = CC_DESIGN_APPROVAL ( #2563, ( #4098 ) ) ;
#1119 = EDGE_CURVE ( 'NONE', #1076, #4069, #4149, .T. ) ;
#1120 = DATE_AND_TIME ( #294, #2840 ) ;
#1121 = FACE_OUTER_BOUND ( 'NONE', #3423, .T. ) ;
#1122 = ORIENTED_EDGE ( 'NONE', *, *, #150, .F. ) ;
#1123 = CARTESIAN_POINT ( 'NONE',  ( 138.0126146213455343, 6.000000000000000000, -140.0000000000000000 ) ) ;
#1124 = EDGE_CURVE ( 'NONE', #1487, #3349, #58, .T. ) ;
#1125 = LINE ( 'NONE', #2619, #2763 ) ;
#1126 = DIRECTION ( 'NONE',  ( -8.163404592832028049E-16, 0.000000000000000000, -1.000000000000000000 ) ) ;
#1127 = ORIENTED_EDGE ( 'NONE', *, *, #38, .T. ) ;
#1128 = CARTESIAN_POINT ( 'NONE',  ( 109.9999999999999858, 12.00000000000000000, -8.979745052115230933E-14 ) ) ;
#1129 = CARTESIAN_POINT ( 'NONE',  ( 120.3999999999999631, 11.70963241919845466, -15.46042971709331226 ) ) ;
#1130 = LINE ( 'NONE', #2577, #2913 ) ;
#1131 = FACE_OUTER_BOUND ( 'NONE', #1464, .T. ) ;
#1132 = LINE ( 'NONE', #3339, #324 ) ;
#1133 = VERTEX_POINT ( 'NONE', #2229 ) ;
#1134 = CARTESIAN_POINT ( 'NONE',  ( 65.99999999999998579, 15.86546461512872419, -10.39761313908049978 ) ) ;
#1135 = EDGE_LOOP ( 'NONE', ( #3049, #2423, #2517, #1039, #2830, #1686, #2953, #1763 ) ) ;
#1136 = VECTOR ( 'NONE', #4139, 1000.000000000000000 ) ;
#1137 = DIRECTION ( 'NONE',  ( 1.296989514749014917E-16, -0.000000000000000000, 1.000000000000000000 ) ) ;
#1138 = AXIS2_PLACEMENT_3D ( 'NONE', #1659, #3126, #1999 ) ;
#1139 = LINE ( 'NONE', #1220, #4307 ) ;
#1140 = CARTESIAN_POINT ( 'NONE',  ( 0.000000000000000000, 12.00000000000000000, 2.000000000000000000 ) ) ;
#1141 = VERTEX_POINT ( 'NONE', #381 ) ;
#1142 = ADVANCED_FACE ( 'NONE', ( #4514 ), #3073, .T. ) ;
#1143 = EDGE_CURVE ( 'NONE', #2972, #3516, #1580, .T. ) ;
#1144 =( BOUNDED_CURVE ( )  B_SPLINE_CURVE ( 3, ( #667, #1719, #3189, #1324 ),
 .UNSPECIFIED., .F., .F. ) 
 B_SPLINE_CURVE_WITH_KNOTS ( ( 4, 4 ),
 ( 4.712388980384689674, 6.283185307179586232 ),
 .UNSPECIFIED. ) 
 CURVE ( )  GEOMETRIC_REPRESENTATION_ITEM ( )  RATIONAL_B_SPLINE_CURVE ( ( 1.000000000000000000, 0.8047378541243649375, 0.8047378541243649375, 1.000000000000000000 ) ) 
 REPRESENTATION_ITEM ( '' )  );
#1145 = CALENDAR_DATE ( 2025, 8, 12 ) ;
#1146 = CARTESIAN_POINT ( 'NONE',  ( 68.00000000000000000, 5.999999999999999112, -3.186912317060869082 ) ) ;
#1147 = ORIENTED_EDGE ( 'NONE', *, *, #1391, .F. ) ;
#1148 = EDGE_CURVE ( 'NONE', #154, #2395, #1337, .T. ) ;
#1149 = ORIENTED_EDGE ( 'NONE', *, *, #3182, .F. ) ;
#1150 = CARTESIAN_POINT ( 'NONE',  ( 76.39999999999996305, 20.00000000000000000, -107.0000000000000000 ) ) ;
#1151 = FACE_OUTER_BOUND ( 'NONE', #1896, .T. ) ;
#1152 = EDGE_LOOP ( 'NONE', ( #4185, #2028, #1332, #3709 ) ) ;
#1153 = PLANE ( 'NONE',  #1261 ) ;
#1154 = FACE_OUTER_BOUND ( 'NONE', #3027, .T. ) ;
#1155 = LINE ( 'NONE', #4146, #1507 ) ;
#1156 = DIRECTION ( 'NONE',  ( 1.000000000000000000, 0.000000000000000000, -0.000000000000000000 ) ) ;
#1157 = DIRECTION ( 'NONE',  ( -1.000000000000000000, 0.000000000000000000, 0.000000000000000000 ) ) ;
#1158 = EDGE_CURVE ( 'NONE', #3816, #3355, #2248, .T. ) ;
#1159 = EDGE_LOOP ( 'NONE', ( #3037, #4611, #1734, #132 ) ) ;
#1160 = FACE_OUTER_BOUND ( 'NONE', #2561, .T. ) ;
#1161 = EDGE_LOOP ( 'NONE', ( #3620, #3993, #2877, #888 ) ) ;
#1162 = DIRECTION ( 'NONE',  ( 0.000000000000000000, -0.000000000000000000, 1.000000000000000000 ) ) ;
#1163 = CARTESIAN_POINT ( 'NONE',  ( 86.00000000000000000, 11.00000000000000000, 2.000000000000000000 ) ) ;
#1164 = VECTOR ( 'NONE', #1941, 1000.000000000000000 ) ;
#1165 = CARTESIAN_POINT ( 'NONE',  ( 12.40000000000000036, -0.9381755242258413841, -1.766303112646175233 ) ) ;
#1166 = ORIENTED_EDGE ( 'NONE', *, *, #2623, .T. ) ;
#1167 = CLOSED_SHELL ( 'NONE', ( #750, #1169, #3420, #748, #1446, #1297, #2048, #2391, #344, #438, #4406, #3817, #1233 ) ) ;
#1168 = CALENDAR_DATE ( 2025, 8, 12 ) ;
#1169 = ADVANCED_FACE ( 'NONE', ( #3757 ), #4491, .T. ) ;
#1170 = DIRECTION ( 'NONE',  ( 6.484947573745074586E-17, 0.000000000000000000, 1.000000000000000000 ) ) ;
#1171 = ORIENTED_EDGE ( 'NONE', *, *, #716, .T. ) ;
#1172 = DIRECTION ( 'NONE',  ( 1.000000000000000000, 0.000000000000000000, -0.000000000000000000 ) ) ;
#1173 = VECTOR ( 'NONE', #1928, 1000.000000000000000 ) ;
#1174 = CIRCLE ( 'NONE', #2181, 2.000000000000001776 ) ;
#1175 = PLANE ( 'NONE',  #2848 ) ;
#1176 = FACE_OUTER_BOUND ( 'NONE', #2868, .T. ) ;
#1177 = EDGE_CURVE ( 'NONE', #3032, #880, #1915, .T. ) ;
#1178 = EDGE_CURVE ( 'NONE', #4325, #2870, #1132, .T. ) ;
#1179 = AXIS2_PLACEMENT_3D ( 'NONE', #2206, #1796, #3292 ) ;
#1180 = ORIENTED_EDGE ( 'NONE', *, *, #1775, .F. ) ;
#1181 = FACE_OUTER_BOUND ( 'NONE', #2585, .T. ) ;
#1182 = VECTOR ( 'NONE', #593, 1000.000000000000000 ) ;
#1183 = CARTESIAN_POINT ( 'NONE',  ( 129.9999999999999716, 6.000000000000000000, -1.061242597068163575E-13 ) ) ;
#1184 = CARTESIAN_POINT ( 'NONE',  ( 109.9999999999999858, 6.000000000000001776, -4.124947378896986372 ) ) ;
#1185 = CARTESIAN_POINT ( 'NONE',  ( 86.00000000000000000, 12.00000000000000000, 7.785229570138003102E-22 ) ) ;
#1186 = CARTESIAN_POINT ( 'NONE',  ( 11.72331610129253576, 16.55461042105297054, -9.353201415028175703 ) ) ;
#1187 = EDGE_LOOP ( 'NONE', ( #3852, #2946, #4045, #149 ) ) ;
#1188 = PLANE ( 'NONE',  #2415 ) ;
#1189 = CARTESIAN_POINT ( 'NONE',  ( 32.39999999999999147, 20.00000000000000000, -107.0000000000000000 ) ) ;
#1190 = ORIENTED_EDGE ( 'NONE', *, *, #3198, .F. ) ;
#1191 = EDGE_CURVE ( 'NONE', #923, #874, #2705, .T. ) ;
#1192 = DIRECTION ( 'NONE',  ( -1.216803817915076939E-16, 0.8831515563230877275, -0.4690877621129207475 ) ) ;
#1193 = CARTESIAN_POINT ( 'NONE',  ( 33.72331610129252510, 16.55461042105297409, -9.353201415028177479 ) ) ;
#1194 = DIRECTION ( 'NONE',  ( -0.000000000000000000, -1.000000000000000000, -0.000000000000000000 ) ) ;
#1195 = EDGE_LOOP ( 'NONE', ( #2567, #2806, #668, #1432 ) ) ;
#1196 = VECTOR ( 'NONE', #137, 999.9999999999998863 ) ;
#1197 = APPLICATION_CONTEXT ( 'configuration controlled 3d designs of mechanical parts and assemblies' ) ;
#1198 = APPROVAL_STATUS ( 'not_yet_approved' ) ;
#1199 = AXIS2_PLACEMENT_3D ( 'NONE', #1987, #3575, #955 ) ;
#1200 = DIRECTION ( 'NONE',  ( 0.000000000000000000, 0.000000000000000000, -1.000000000000000000 ) ) ;
#1201 = ORIENTED_EDGE ( 'NONE', *, *, #2326, .T. ) ;
#1202 = EDGE_LOOP ( 'NONE', ( #2060, #240, #283, #4603 ) ) ;
#1203 = CC_DESIGN_APPROVAL ( #2255, ( #1752 ) ) ;
#1204 = CARTESIAN_POINT ( 'NONE',  ( 131.9999999999999716, 10.00000000000000000, -3.114091643165926580E-21 ) ) ;
#1205 = DIRECTION ( 'NONE',  ( 1.216803817915076939E-16, -0.8831515563230876165, 0.4690877621129207475 ) ) ;
#1206 = ORIENTED_EDGE ( 'NONE', *, *, #3452, .F. ) ;
#1207 = LINE ( 'NONE', #3094, #4776 ) ;
#1208 = ADVANCED_FACE ( 'NONE', ( #4618 ), #3121, .F. ) ;
#1209 = EDGE_CURVE ( 'NONE', #391, #797, #4595, .T. ) ;
#1210 = CARTESIAN_POINT ( 'NONE',  ( 120.3999999999999631, 18.00000000000000355, -15.46042971709331226 ) ) ;
#1211 = CARTESIAN_POINT ( 'NONE',  ( 2.000000000000000000, 20.00000000000000000, -107.0000000000000000 ) ) ;
#1212 = DIRECTION ( 'NONE',  ( -0.000000000000000000, -0.000000000000000000, -1.000000000000000000 ) ) ;
#1213 = ORIENTED_EDGE ( 'NONE', *, *, #2074, .T. ) ;
#1214 = EDGE_CURVE ( 'NONE', #4728, #1540, #550, .T. ) ;
#1215 = FACE_OUTER_BOUND ( 'NONE', #4766, .T. ) ;
#1216 = DIRECTION ( 'NONE',  ( 0.000000000000000000, 0.8831515563230876165, -0.4690877621129207475 ) ) ;
#1217 = ORIENTED_EDGE ( 'NONE', *, *, #910, .T. ) ;
#1218 = CARTESIAN_POINT ( 'NONE',  ( 131.9999999999999432, 12.00000000000000000, -34.00000000000001421 ) ) ;
#1219 = DIRECTION ( 'NONE',  ( 0.000000000000000000, -0.000000000000000000, 1.000000000000000000 ) ) ;
#1220 = CARTESIAN_POINT ( 'NONE',  ( 94.01261462134553426, 6.000000000000000000, 1.230836902804592709E-14 ) ) ;
#1221 = DIRECTION ( 'NONE',  ( -1.296989514749014917E-16, 0.000000000000000000, -1.000000000000000000 ) ) ;
#1222 = EDGE_LOOP ( 'NONE', ( #4004, #4367, #2121, #1149 ) ) ;
#1223 = CALENDAR_DATE ( 2025, 8, 12 ) ;
#1224 = ORIENTED_EDGE ( 'NONE', *, *, #4811, .F. ) ;
#1225 = DIRECTION ( 'NONE',  ( -0.000000000000000000, -1.000000000000000000, -0.000000000000000000 ) ) ;
#1226 = CARTESIAN_POINT ( 'NONE',  ( 88.00000000000000000, 6.000000000000000000, -7.183796041692184999E-14 ) ) ;
#1227 = LINE ( 'NONE', #3879, #3546 ) ;
#1228 = ORIENTED_EDGE ( 'NONE', *, *, #400, .F. ) ;
#1229 = CARTESIAN_POINT ( 'NONE',  ( 89.86763743705101604, 16.82599622848118059, -8.937162437894398792 ) ) ;
#1230 = LINE ( 'NONE', #2723, #4422 ) ;
#1231 = CARTESIAN_POINT ( 'NONE',  ( 102.0126146213455343, 12.00000000000000000, 0.000000000000000000 ) ) ;
#1232 = LINE ( 'NONE', #1259, #2660 ) ;
#1233 = ADVANCED_FACE ( 'NONE', ( #4294 ), #4218, .F. ) ;
#1234 = EDGE_CURVE ( 'NONE', #79, #702, #3528, .T. ) ;
#1235 = DIRECTION ( 'NONE',  ( -0.000000000000000000, 1.000000000000000000, -0.000000000000000000 ) ) ;
#1236 = VERTEX_POINT ( 'NONE', #4645 ) ;
#1237 = CARTESIAN_POINT ( 'NONE',  ( 136.0000000000000284, 11.70963241919845466, -15.46042971709331226 ) ) ;
#1238 = DIRECTION ( 'NONE',  ( -1.216803817915076692E-16, 0.8831515563230876165, -0.4690877621129207475 ) ) ;
#1239 = ORIENTED_EDGE ( 'NONE', *, *, #820, .T. ) ;
#1240 = EDGE_CURVE ( 'NONE', #2690, #3955, #4270, .T. ) ;
#1241 = CARTESIAN_POINT ( 'NONE',  ( 0.000000000000000000, 12.00000000000000000, -140.0000000000000000 ) ) ;
#1242 = PERSON ( '未', '未', '未', ('未'), ('未'), ('未') ) ;
#1243 = ORIENTED_EDGE ( 'NONE', *, *, #2219, .F. ) ;
#1244 = APPROVAL_STATUS ( 'not_yet_approved' ) ;
#1245 = VECTOR ( 'NONE', #3493, 1000.000000000000000 ) ;
#1246 = CARTESIAN_POINT ( 'NONE',  ( 23.99999999999999289, 20.00000000000000000, -107.0000000000000000 ) ) ;
#1247 = ORIENTED_EDGE ( 'NONE', *, *, #4125, .F. ) ;
#1248 = FACE_OUTER_BOUND ( 'NONE', #4828, .T. ) ;
#1249 = AXIS2_PLACEMENT_3D ( 'NONE', #2172, #2314, #1172 ) ;
#1250 = FACE_OUTER_BOUND ( 'NONE', #2022, .T. ) ;
#1251 = CARTESIAN_POINT ( 'NONE',  ( 0.000000000000000000, 12.00000000000000000, 0.000000000000000000 ) ) ;
#1252 = EDGE_CURVE ( 'NONE', #1141, #847, #3560, .T. ) ;
#1253 = AXIS2_PLACEMENT_3D ( 'NONE', #3942, #3327, #2952 ) ;
#1254 = ORIENTED_EDGE ( 'NONE', *, *, #2377, .T. ) ;
#1255 = CARTESIAN_POINT ( 'NONE',  ( 12.40000000000000036, 15.72033654559155913, -10.61450599584754784 ) ) ;
#1256 = DIRECTION ( 'NONE',  ( -1.982541115402065110E-16, 0.000000000000000000, -1.000000000000000000 ) ) ;
#1257 = AXIS2_PLACEMENT_3D ( 'NONE', #2331, #3474, #1898 ) ;
#1258 = DIRECTION ( 'NONE',  ( 0.000000000000000000, -1.000000000000000000, 0.000000000000000000 ) ) ;
#1259 = CARTESIAN_POINT ( 'NONE',  ( 152.0001000000000033, 6.000000000000000000, -140.0000000000000000 ) ) ;
#1260 = CARTESIAN_POINT ( 'NONE',  ( 131.9999999999999716, 10.00000000000000000, 2.000000000000000000 ) ) ;
#1261 = AXIS2_PLACEMENT_3D ( 'NONE', #80, #2648, #4143 ) ;
#1262 = VERTEX_POINT ( 'NONE', #872 ) ;
#1263 = DIRECTION ( 'NONE',  ( 0.000000000000000000, 1.000000000000000000, 0.000000000000000000 ) ) ;
#1264 = FACE_OUTER_BOUND ( 'NONE', #566, .T. ) ;
#1265 = ORIENTED_EDGE ( 'NONE', *, *, #4194, .F. ) ;
#1266 = CIRCLE ( 'NONE', #3768, 6.290367580801543568 ) ;
#1267 = CARTESIAN_POINT ( 'NONE',  ( 131.9999999999999432, 12.00000000000000000, -34.00000000000001421 ) ) ;
#1268 = CARTESIAN_POINT ( 'NONE',  ( 10.40000000000000036, 6.000000000000000000, -107.0000000000000000 ) ) ;
#1269 = ORIENTED_EDGE ( 'NONE', *, *, #1240, .F. ) ;
#1270 = ADVANCED_FACE ( 'NONE', ( #3935 ), #3600, .T. ) ;
#1271 = ADVANCED_FACE ( 'NONE', ( #1629 ), #2821, .F. ) ;
#1272 = PERSON_AND_ORGANIZATION_ROLE ( 'classification_officer' ) ;
#1273 = PLANE ( 'NONE',  #476 ) ;
#1274 = ORIENTED_EDGE ( 'NONE', *, *, #1301, .T. ) ;
#1275 = CARTESIAN_POINT ( 'NONE',  ( 109.9999999999999574, 20.00000000000000000, -107.0000000000000000 ) ) ;
#1276 = AXIS2_PLACEMENT_3D ( 'NONE', #984, #4666, #3579 ) ;
#1277 = DIRECTION ( 'NONE',  ( -8.163404592832028049E-16, 0.000000000000000000, -1.000000000000000000 ) ) ;
#1278 = DIRECTION ( 'NONE',  ( -1.000000000000000000, -0.000000000000000000, -0.000000000000000000 ) ) ;
#1279 = VERTEX_POINT ( 'NONE', #2384 ) ;
#1280 = AXIS2_PLACEMENT_3D ( 'NONE', #3747, #4097, #3331 ) ;
#1281 = DIRECTION ( 'NONE',  ( 0.000000000000000000, -1.000000000000000000, 0.000000000000000000 ) ) ;
#1282 = DIRECTION ( 'NONE',  ( -0.000000000000000000, -0.000000000000000000, -1.000000000000000000 ) ) ;
#1283 = DIRECTION ( 'NONE',  ( -2.593979029498029835E-16, -0.000000000000000000, -1.000000000000000000 ) ) ;
#1284 = APPROVAL_PERSON_ORGANIZATION ( #4159, #4389, #4230 ) ;
#1285 = LINE ( 'NONE', #3282, #2422 ) ;
#1286 = DIRECTION ( 'NONE',  ( 0.000000000000000000, 0.000000000000000000, 1.000000000000000000 ) ) ;
#1287 = ORIENTED_EDGE ( 'NONE', *, *, #1716, .F. ) ;
#1288 = CARTESIAN_POINT ( 'NONE',  ( 129.9999999999999716, 10.00000000000000000, 2.000000000000000000 ) ) ;
#1289 = DIRECTION ( 'NONE',  ( 1.000000000000000000, 0.000000000000000000, 0.000000000000000000 ) ) ;
#1290 = ORIENTED_EDGE ( 'NONE', *, *, #1119, .F. ) ;
#1291 = VERTEX_POINT ( 'NONE', #919 ) ;
#1292 = VECTOR ( 'NONE', #2468, 1000.000000000000000 ) ;
#1293 = ORIENTED_EDGE ( 'NONE', *, *, #4629, .F. ) ;
#1294 = CALENDAR_DATE ( 2025, 8, 12 ) ;
#1295 = ADVANCED_FACE ( 'NONE', ( #2356 ), #4668, .F. ) ;
#1296 = DIRECTION ( 'NONE',  ( -0.000000000000000000, -1.000000000000000000, -0.000000000000000000 ) ) ;
#1297 = ADVANCED_FACE ( 'NONE', ( #3193 ), #2406, .F. ) ;
#1298 = ORIENTED_EDGE ( 'NONE', *, *, #846, .F. ) ;
#1299 = DIRECTION ( 'NONE',  ( 0.000000000000000000, 0.000000000000000000, 1.000000000000000000 ) ) ;
#1300 = CARTESIAN_POINT ( 'NONE',  ( 28.01261462134556623, 12.00000000000000000, -34.00000000000001421 ) ) ;
#1301 = EDGE_CURVE ( 'NONE', #1345, #4548, #2042, .T. ) ;
#1302 = VECTOR ( 'NONE', #703, 999.9999999999998863 ) ;
#1303 = ORIENTED_EDGE ( 'NONE', *, *, #4602, .T. ) ;
#1304 = DIRECTION ( 'NONE',  ( 1.000000000000000000, 0.000000000000000000, 0.000000000000000000 ) ) ;
#1305 = CARTESIAN_POINT ( 'NONE',  ( 121.4030170447975934, 16.68091528026166159, -9.159890139030034462 ) ) ;
#1306 = CARTESIAN_POINT ( 'NONE',  ( 90.00000000000000000, 6.000000000000000000, -3.186912317060869970 ) ) ;
#1307 = CYLINDRICAL_SURFACE ( 'NONE', #3284, 2.000000000000001776 ) ;
#1308 = APPROVAL ( #2192, '未' ) ;
#1309 = CARTESIAN_POINT ( 'NONE',  ( 122.3999999999999488, 20.00000000000000000, -105.0000000000000000 ) ) ;
#1310 = ORIENTED_EDGE ( 'NONE', *, *, #2551, .F. ) ;
#1311 = DIRECTION ( 'NONE',  ( 0.000000000000000000, -0.000000000000000000, 1.000000000000000000 ) ) ;
#1312 = CARTESIAN_POINT ( 'NONE',  ( 64.00000000000000000, 12.00000000000000000, 2.000000000000000000 ) ) ;
#1313 = EDGE_CURVE ( 'NONE', #4822, #4426, #2754, .T. ) ;
#1314 = ORIENTED_EDGE ( 'NONE', *, *, #3198, .T. ) ;
#1315 = ORIENTED_EDGE ( 'NONE', *, *, #1955, .F. ) ;
#1316 = APPROVAL_DATE_TIME ( #619, #4746 ) ;
#1317 = CARTESIAN_POINT ( 'NONE',  ( 99.57157287525376432, 20.00000000000000000, -106.9999999999999858 ) ) ;
#1318 = ORIENTED_EDGE ( 'NONE', *, *, #4427, .T. ) ;
#1319 = DIRECTION ( 'NONE',  ( 1.000000000000000000, 0.000000000000000000, -8.163404592832028049E-16 ) ) ;
#1320 = EDGE_CURVE ( 'NONE', #702, #1581, #481, .T. ) ;
#1321 = CIRCLE ( 'NONE', #4061, 8.290367580801545344 ) ;
#1322 = DIRECTION ( 'NONE',  ( 1.000000000000000000, 0.000000000000000000, 0.000000000000000000 ) ) ;
#1323 = ORIENTED_EDGE ( 'NONE', *, *, #976, .F. ) ;
#1324 = CARTESIAN_POINT ( 'NONE',  ( 32.39999999999998437, 6.000000000000000000, -3.186912317060869970 ) ) ;
#1325 = AXIS2_PLACEMENT_3D ( 'NONE', #2847, #4342, #4735 ) ;
#1326 = EDGE_CURVE ( 'NONE', #1262, #3101, #3149, .T. ) ;
#1327 = DIRECTION ( 'NONE',  ( 0.000000000000000000, 0.000000000000000000, 1.000000000000000000 ) ) ;
#1328 = ADVANCED_FACE ( 'NONE', ( #2775 ), #2130, .T. ) ;
#1329 = CARTESIAN_POINT ( 'NONE',  ( 152.0001000000000033, 6.000000000000000000, -140.0000000000000000 ) ) ;
#1330 = DIRECTION ( 'NONE',  ( 0.000000000000000000, 0.000000000000000000, 1.000000000000000000 ) ) ;
#1331 = DIRECTION ( 'NONE',  ( 2.618450529776312753E-16, 0.000000000000000000, -1.000000000000000000 ) ) ;
#1332 = ORIENTED_EDGE ( 'NONE', *, *, #2214, .T. ) ;
#1333 = TOROIDAL_SURFACE ( 'NONE', #319, 6.290367580801543568, 2.000000000000000000 ) ;
#1334 = VECTOR ( 'NONE', #1082, 1000.000000000000000 ) ;
#1335 = LINE ( 'NONE', #258, #2247 ) ;
#1336 = CARTESIAN_POINT ( 'NONE',  ( 23.99999999999999289, 1.743947700833157800E-16, -9.263014013491957124E-17 ) ) ;
#1337 = CIRCLE ( 'NONE', #4459, 6.290367580801543568 ) ;
#1338 = VERTEX_POINT ( 'NONE', #1449 ) ;
#1339 = B_SPLINE_CURVE_WITH_KNOTS ( 'NONE', 3,
 ( #19, #1556, #4549, #2308, #3818, #1586, #1977, #3080, #2330, #3842, #489, #2633, #1684, #4346 ),
 .UNSPECIFIED., .F., .F.,
 ( 4, 2, 2, 2, 2, 2, 4 ),
 ( 0.000000000000000000, 0.0003914435603716412870, 0.0007828871207432825741, 0.001174330681114923915, 0.001565774241486565148, 0.002348661362229844361, 0.003131548482973124225 ),
 .UNSPECIFIED. ) ;
#1340 = AXIS2_PLACEMENT_3D ( 'NONE', #3729, #4829, #3380 ) ;
#1341 = ORIENTED_EDGE ( 'NONE', *, *, #2733, .F. ) ;
#1342 = APPROVAL ( #2367, '未' ) ;
#1343 = SECURITY_CLASSIFICATION_LEVEL ( 'unclassified' ) ;
#1344 = LINE ( 'NONE', #3229, #2179 ) ;
#1345 = VERTEX_POINT ( 'NONE', #281 ) ;
#1346 = CARTESIAN_POINT ( 'NONE',  ( 41.99999999999999289, 11.00000000000000000, 2.000000000000000000 ) ) ;
#1347 = DIRECTION ( 'NONE',  ( 0.000000000000000000, 0.000000000000000000, -1.000000000000000000 ) ) ;
#1348 = VERTEX_POINT ( 'NONE', #2149 ) ;
#1349 = CARTESIAN_POINT ( 'NONE',  ( 36.01261462134555558, 6.000000000000000000, -140.0000000000000000 ) ) ;
#1350 = VECTOR ( 'NONE', #379, 1000.000000000000000 ) ;
#1351 = CARTESIAN_POINT ( 'NONE',  ( 20.00000000000000000, 12.00000000000000000, 0.000000000000000000 ) ) ;
#1352 = PLANE ( 'NONE',  #3539 ) ;
#1353 = CARTESIAN_POINT ( 'NONE',  ( 0.000000000000000000, 12.00000000000000000, 0.000000000000000000 ) ) ;
#1354 = VECTOR ( 'NONE', #4002, 1000.000000000000000 ) ;
#1355 = EDGE_CURVE ( 'NONE', #1345, #219, #3218, .T. ) ;
#1356 = EDGE_CURVE ( 'NONE', #4204, #4426, #4386, .T. ) ;
#1357 = EDGE_LOOP ( 'NONE', ( #1929, #2673, #1041, #2302 ) ) ;
#1358 = APPROVAL_PERSON_ORGANIZATION ( #4501, #795, #4771 ) ;
#1359 = PLANE ( 'NONE',  #1325 ) ;
#1360 = LINE ( 'NONE', #2153, #338 ) ;
#1361 = EDGE_LOOP ( 'NONE', ( #3448, #3009, #4226, #3739 ) ) ;
#1362 = CARTESIAN_POINT ( 'NONE',  ( 10.39999999999999325, 11.70963241919845466, -15.46042971709331226 ) ) ;
#1363 = CYLINDRICAL_SURFACE ( 'NONE', #3288, 1.999999999999999778 ) ;
#1364 = ADVANCED_FACE ( 'NONE', ( #3311 ), #1032, .F. ) ;
#1365 = ORIENTED_EDGE ( 'NONE', *, *, #106, .F. ) ;
#1366 = ORIENTED_EDGE ( 'NONE', *, *, #2551, .T. ) ;
#1367 = DATE_TIME_ROLE ( 'classification_date' ) ;
#1368 = AXIS2_PLACEMENT_3D ( 'NONE', #1694, #4262, #4355 ) ;
#1369 = DIRECTION ( 'NONE',  ( -0.000000000000000000, -0.000000000000000000, -1.000000000000000000 ) ) ;
#1370 = ORIENTED_EDGE ( 'NONE', *, *, #2876, .F. ) ;
#1371 = LINE ( 'NONE', #224, #1685 ) ;
#1372 = ADVANCED_FACE ( 'NONE', ( #2085 ), #2524, .T. ) ;
#1373 = ORIENTED_EDGE ( 'NONE', *, *, #3752, .F. ) ;
#1374 = CARTESIAN_POINT ( 'NONE',  ( 122.5125869649335613, 6.000000000000000000, -107.0000000000000000 ) ) ;
#1375 = DIRECTION ( 'NONE',  ( -6.484947573745074586E-17, -0.000000000000000000, -1.000000000000000000 ) ) ;
#1376 = ORIENTED_EDGE ( 'NONE', *, *, #169, .T. ) ;
#1377 = CARTESIAN_POINT ( 'NONE',  ( 136.0000000000000284, 6.000000000000000000, -3.186912317060869970 ) ) ;
#1378 = VERTEX_POINT ( 'NONE', #1816 ) ;
#1379 = DIRECTION ( 'NONE',  ( -0.000000000000000000, 1.000000000000000000, -0.000000000000000000 ) ) ;
#1380 = LINE ( 'NONE', #969, #4557 ) ;
#1381 = EDGE_CURVE ( 'NONE', #4522, #3554, #2869, .T. ) ;
#1382 = CARTESIAN_POINT ( 'NONE',  ( 64.00000000000000000, 6.000000000000000000, -1.268826313857321670E-14 ) ) ;
#1383 = ORIENTED_EDGE ( 'NONE', *, *, #1111, .F. ) ;
#1384 = ORIENTED_EDGE ( 'NONE', *, *, #3120, .T. ) ;
#1385 = DIRECTION ( 'NONE',  ( 0.000000000000000000, -1.000000000000000000, 0.000000000000000000 ) ) ;
#1386 = ORIENTED_EDGE ( 'NONE', *, *, #1751, .T. ) ;
#1387 = DIRECTION ( 'NONE',  ( -0.000000000000000000, -1.000000000000000000, -0.000000000000000000 ) ) ;
#1388 = ORIENTED_EDGE ( 'NONE', *, *, #3001, .F. ) ;
#1389 = ORIENTED_EDGE ( 'NONE', *, *, #150, .T. ) ;
#1390 = DIRECTION ( 'NONE',  ( -1.000000000000000000, 0.000000000000000000, -0.000000000000000000 ) ) ;
#1391 = EDGE_CURVE ( 'NONE', #2879, #1738, #2845, .T. ) ;
#1392 = CARTESIAN_POINT ( 'NONE',  ( 116.0126146213455058, 6.000000000000000000, 3.037732922159973760E-14 ) ) ;
#1393 = CARTESIAN_POINT ( 'NONE',  ( 23.73750085349441363, 16.81887574729077528, -8.948112012340741828 ) ) ;
#1394 = CC_DESIGN_PERSON_AND_ORGANIZATION_ASSIGNMENT ( #3451, #882, ( #891 ) ) ;
#1395 = AXIS2_PLACEMENT_3D ( 'NONE', #3313, #2575, #679 ) ;
#1396 = VERTEX_POINT ( 'NONE', #2941 ) ;
#1397 = ORIENTED_EDGE ( 'NONE', *, *, #935, .T. ) ;
#1398 = PLANE ( 'NONE',  #4065 ) ;
#1399 = CLOSED_SHELL ( 'NONE', ( #2271, #3044, #1411, #2851, #1328, #1616, #1050, #1662, #3880, #375, #1603, #3785, #1010, #1457, #2824 ) ) ;
#1400 = CARTESIAN_POINT ( 'NONE',  ( 109.9999999999999858, 12.00000000000000000, 6.228183495873031108E-21 ) ) ;
#1401 = CARTESIAN_POINT ( 'NONE',  ( 107.9999999999999574, 6.000000000000000000, -34.00000000000001421 ) ) ;
#1402 = FACE_OUTER_BOUND ( 'NONE', #3749, .T. ) ;
#1403 = VECTOR ( 'NONE', #3589, 1000.000000000000000 ) ;
#1404 = ORIENTED_EDGE ( 'NONE', *, *, #1743, .T. ) ;
#1405 = AXIS2_PLACEMENT_3D ( 'NONE', #2994, #2154, #4490 ) ;
#1406 = VERTEX_POINT ( 'NONE', #232 ) ;
#1407 = CIRCLE ( 'NONE', #4773, 2.000000000000001776 ) ;
#1408 = DIRECTION ( 'NONE',  ( -0.000000000000000000, 0.4690877621129207475, 0.8831515563230877275 ) ) ;
#1409 = ORIENTED_EDGE ( 'NONE', *, *, #1829, .F. ) ;
#1410 = EDGE_CURVE ( 'NONE', #2583, #1703, #1422, .T. ) ;
#1411 = ADVANCED_FACE ( 'NONE', ( #965 ), #988, .F. ) ;
#1412 = AXIS2_PLACEMENT_3D ( 'NONE', #3836, #2800, #3510 ) ;
#1413 = CARTESIAN_POINT ( 'NONE',  ( 2.000000000000001776, 11.70963241919845466, -15.46042971709331226 ) ) ;
#1414 = APPROVAL_STATUS ( 'not_yet_approved' ) ;
#1415 = ORIENTED_EDGE ( 'NONE', *, *, #754, .T. ) ;
#1416 = ORIENTED_EDGE ( 'NONE', *, *, #3487, .T. ) ;
#1417 = LINE ( 'NONE', #4046, #4348 ) ;
#1418 = DIRECTION ( 'NONE',  ( -8.163404592832028049E-16, 0.000000000000000000, -1.000000000000000000 ) ) ;
#1419 = CARTESIAN_POINT ( 'NONE',  ( 66.00000000000000000, 10.00000000000000000, -4.915816211479579790E-21 ) ) ;
#1420 = ORIENTED_EDGE ( 'NONE', *, *, #1864, .F. ) ;
#1421 = AXIS2_PLACEMENT_3D ( 'NONE', #2650, #3754, #3731 ) ;
#1422 = LINE ( 'NONE', #1725, #401 ) ;
#1423 = LINE ( 'NONE', #4137, #612 ) ;
#1424 = CARTESIAN_POINT ( 'NONE',  ( 136.0000000000000284, 16.82599622848118059, -8.937162437894402345 ) ) ;
#1425 = DIRECTION ( 'NONE',  ( 3.042009544787692347E-17, -0.8831515563230876165, 0.4690877621129207475 ) ) ;
#1426 = VECTOR ( 'NONE', #4333, 1000.000000000000000 ) ;
#1427 = LINE ( 'NONE', #1502, #1663 ) ;
#1428 = DIRECTION ( 'NONE',  ( 1.224646799147365780E-16, -1.000000000000000000, 0.000000000000000000 ) ) ;
#1429 =( BOUNDED_CURVE ( )  B_SPLINE_CURVE ( 3, ( #1306, #2843, #3191, #608 ),
 .UNSPECIFIED., .F., .F. ) 
 B_SPLINE_CURVE_WITH_KNOTS ( ( 4, 4 ),
 ( 3.141592653589793116, 4.712388980384689674 ),
 .UNSPECIFIED. ) 
 CURVE ( )  GEOMETRIC_REPRESENTATION_ITEM ( )  RATIONAL_B_SPLINE_CURVE ( ( 1.000000000000000000, 0.8047378541243649375, 0.8047378541243649375, 1.000000000000000000 ) ) 
 REPRESENTATION_ITEM ( '' )  );
#1430 = EDGE_LOOP ( 'NONE', ( #1554, #2289, #1190, #2489 ) ) ;
#1431 = AXIS2_PLACEMENT_3D ( 'NONE', #1002, #1765, #273 ) ;
#1432 = ORIENTED_EDGE ( 'NONE', *, *, #1410, .F. ) ;
#1433 = LOCAL_TIME ( 19, 17, 44.00000000000000000, #2692 ) ;
#1434 = PLANE ( 'NONE',  #81 ) ;
#1435 = PLANE ( 'NONE',  #2976 ) ;
#1436 = ORIENTED_EDGE ( 'NONE', *, *, #1381, .T. ) ;
#1437 = CARTESIAN_POINT ( 'NONE',  ( 34.39999999999999147, 18.00000000000000355, -105.0000000000000000 ) ) ;
#1438 = COORDINATED_UNIVERSAL_TIME_OFFSET ( 8, 0, .AHEAD. ) ;
#1439 = ADVANCED_FACE ( 'NONE', ( #1749 ), #677, .F. ) ;
#1440 = EDGE_CURVE ( 'NONE', #2911, #3936, #2452, .T. ) ;
#1441 = APPLICATION_CONTEXT ( 'configuration controlled 3d designs of mechanical parts and assemblies' ) ;
#1442 = ORIENTED_EDGE ( 'NONE', *, *, #3602, .F. ) ;
#1443 = ORIENTED_EDGE ( 'NONE', *, *, #250, .T. ) ;
#1444 = CARTESIAN_POINT ( 'NONE',  ( 12.40000000000000036, 18.00000000000000355, -105.0000000000000000 ) ) ;
#1445 = CARTESIAN_POINT ( 'NONE',  ( 94.01261462134553426, 12.00000000000000000, -34.00000000000001421 ) ) ;
#1446 = ADVANCED_FACE ( 'NONE', ( #2499 ), #1934, .T. ) ;
#1447 = DIRECTION ( 'NONE',  ( 1.000000000000000000, 0.000000000000000000, -7.930164461608260440E-16 ) ) ;
#1448 = EDGE_LOOP ( 'NONE', ( #371, #3303, #1944, #3689, #3183 ) ) ;
#1449 = CARTESIAN_POINT ( 'NONE',  ( 0.000000000000000000, 6.000000000000000000, -105.0000000000000000 ) ) ;
#1450 = FACE_OUTER_BOUND ( 'NONE', #4020, .T. ) ;
#1451 = CARTESIAN_POINT ( 'NONE',  ( 98.39999999999997726, 11.70963241919845466, -15.46042971709331226 ) ) ;
#1452 = CARTESIAN_POINT ( 'NONE',  ( 28.01261462134556979, 6.000000000000000000, -3.667482279784099589E-15 ) ) ;
#1453 = CARTESIAN_POINT ( 'NONE',  ( 64.00000000000000000, 12.00000000000000000, 2.000000000000000000 ) ) ;
#1454 = ORIENTED_EDGE ( 'NONE', *, *, #2403, .F. ) ;
#1455 = CARTESIAN_POINT ( 'NONE',  ( 107.9999999999999574, 12.00000000000000000, -34.00000000000001421 ) ) ;
#1456 = EDGE_LOOP ( 'NONE', ( #1757, #1827, #3903, #2193, #146, #330 ) ) ;
#1457 = ADVANCED_FACE ( 'NONE', ( #4077 ), #1575, .T. ) ;
#1458 =( BOUNDED_CURVE ( )  B_SPLINE_CURVE ( 3, ( #159, #962, #548, #1654 ),
 .UNSPECIFIED., .F., .F. ) 
 B_SPLINE_CURVE_WITH_KNOTS ( ( 4, 4 ),
 ( 1.570796326794896558, 3.141592653589793116 ),
 .UNSPECIFIED. ) 
 CURVE ( )  GEOMETRIC_REPRESENTATION_ITEM ( )  RATIONAL_B_SPLINE_CURVE ( ( 1.000000000000000000, 0.8047378541243649375, 0.8047378541243649375, 1.000000000000000000 ) ) 
 REPRESENTATION_ITEM ( '' )  );
#1459 = DIRECTION ( 'NONE',  ( 1.309225264888156377E-16, 0.000000000000000000, -1.000000000000000000 ) ) ;
#1460 = FACE_OUTER_BOUND ( 'NONE', #101, .T. ) ;
#1461 = ORIENTED_EDGE ( 'NONE', *, *, #1716, .T. ) ;
#1462 = DIRECTION ( 'NONE',  ( 0.000000000000000000, 0.000000000000000000, 1.000000000000000000 ) ) ;
#1463 = CALENDAR_DATE ( 2025, 8, 12 ) ;
#1464 = EDGE_LOOP ( 'NONE', ( #597, #4319, #1228, #927 ) ) ;
#1465 = VERTEX_POINT ( 'NONE', #425 ) ;
#1466 = ADVANCED_FACE ( 'NONE', ( #1181 ), #2622, .T. ) ;
#1467 = CARTESIAN_POINT ( 'NONE',  ( 12.40000000000000391, 19.17157287525381193, -106.1715728752538013 ) ) ;
#1468 = DIRECTION ( 'NONE',  ( 1.000000000000000000, 0.000000000000000000, 0.000000000000000000 ) ) ;
#1469 = CARTESIAN_POINT ( 'NONE',  ( 0.000000000000000000, 18.00000000000000000, -15.46042971709331226 ) ) ;
#1470 = ORIENTED_EDGE ( 'NONE', *, *, #2230, .F. ) ;
#1471 = CARTESIAN_POINT ( 'NONE',  ( 77.40301704479763600, 16.68091528026166515, -9.159890139030046896 ) ) ;
#1472 = EDGE_CURVE ( 'NONE', #3194, #3202, #785, .T. ) ;
#1473 = ADVANCED_FACE ( 'NONE', ( #31 ), #2043, .T. ) ;
#1474 = LINE ( 'NONE', #1819, #3514 ) ;
#1475 = CARTESIAN_POINT ( 'NONE',  ( 0.000000000000000000, 12.00000000000000000, 0.000000000000000000 ) ) ;
#1476 = CARTESIAN_POINT ( 'NONE',  ( 0.000000000000000000, 12.00000000000000000, -34.00000000000001421 ) ) ;
#1477 = VECTOR ( 'NONE', #4691, 1000.000000000000000 ) ;
#1478 = CARTESIAN_POINT ( 'NONE',  ( 10.53236256294895412, 16.82599622848117704, -8.937162437894398792 ) ) ;
#1479 = VERTEX_POINT ( 'NONE', #4432 ) ;
#1480 = EDGE_CURVE ( 'NONE', #1378, #4823, #2270, .T. ) ;
#1481 = VECTOR ( 'NONE', #102, 1000.000000000000000 ) ;
#1482 = DIRECTION ( 'NONE',  ( 8.163404592832028049E-16, -0.000000000000000000, 1.000000000000000000 ) ) ;
#1483 = VERTEX_POINT ( 'NONE', #815 ) ;
#1484 = AXIS2_PLACEMENT_3D ( 'NONE', #95, #3393, #3051 ) ;
#1485 = PLANE ( 'NONE',  #2254 ) ;
#1486 = CARTESIAN_POINT ( 'NONE',  ( 89.99999999999997158, 6.000000000000000000, -107.0000000000000000 ) ) ;
#1487 = VERTEX_POINT ( 'NONE', #4509 ) ;
#1488 = VECTOR ( 'NONE', #162, 1000.000000000000000 ) ;
#1489 = APPROVAL ( #174, 'UNKNOWN' ) ;
#1490 = PERSON_AND_ORGANIZATION_ROLE ( 'design_supplier' ) ;
#1491 = PLANE ( 'NONE',  #2888 ) ;
#1492 = AXIS2_PLACEMENT_3D ( 'NONE', #4165, #3015, #1499 ) ;
#1493 = VERTEX_POINT ( 'NONE', #2295 ) ;
#1494 = FACE_OUTER_BOUND ( 'NONE', #4546, .T. ) ;
#1495 = AXIS2_PLACEMENT_3D ( 'NONE', #681, #4103, #3679 ) ;
#1496 = FACE_OUTER_BOUND ( 'NONE', #2864, .T. ) ;
#1497 = DIRECTION ( 'NONE',  ( 0.000000000000000000, -0.000000000000000000, 1.000000000000000000 ) ) ;
#1498 = VERTEX_POINT ( 'NONE', #1911 ) ;
#1499 = DIRECTION ( 'NONE',  ( 0.000000000000000000, 0.000000000000000000, 1.000000000000000000 ) ) ;
#1500 = DIRECTION ( 'NONE',  ( -1.000000000000000000, -0.000000000000000000, -0.000000000000000000 ) ) ;
#1501 = FACE_OUTER_BOUND ( 'NONE', #633, .T. ) ;
#1502 = CARTESIAN_POINT ( 'NONE',  ( 108.0000000000000000, 12.00000000000000000, 2.000000000000000000 ) ) ;
#1503 = EDGE_CURVE ( 'NONE', #2243, #742, #3750, .T. ) ;
#1504 = EDGE_CURVE ( 'NONE', #2558, #4030, #1103, .T. ) ;
#1505 = DIRECTION ( 'NONE',  ( -8.163404592832028049E-16, 0.000000000000000000, -1.000000000000000000 ) ) ;
#1506 = EDGE_LOOP ( 'NONE', ( #1718, #2593, #4091, #4021, #3367, #4258, #513 ) ) ;
#1507 = VECTOR ( 'NONE', #1913, 1000.000000000000000 ) ;
#1508 = CARTESIAN_POINT ( 'NONE',  ( 66.25165864174775265, 16.27924366701802583, -9.772920931856441840 ) ) ;
#1509 = ORIENTED_EDGE ( 'NONE', *, *, #3326, .F. ) ;
#1510 = EDGE_CURVE ( 'NONE', #44, #3946, #707, .T. ) ;
#1511 = PLANE ( 'NONE',  #1727 ) ;
#1512 = DIRECTION ( 'NONE',  ( 1.000000000000000000, 0.000000000000000000, 0.000000000000000000 ) ) ;
#1513 = DIRECTION ( 'NONE',  ( 6.546126324440781884E-17, -0.000000000000000000, 1.000000000000000000 ) ) ;
#1514 = ORIENTED_EDGE ( 'NONE', *, *, #3659, .T. ) ;
#1515 = CC_DESIGN_APPROVAL ( #1489, ( #2208 ) ) ;
#1516 = APPLICATION_PROTOCOL_DEFINITION ( 'international standard', 'config_control_design', 1994, #1197 ) ;
#1517 = VERTEX_POINT ( 'NONE', #2244 ) ;
#1518 = CARTESIAN_POINT ( 'NONE',  ( 78.39999999999996305, 20.00000000000000000, -105.0000000000000000 ) ) ;
#1519 = LINE ( 'NONE', #2543, #1302 ) ;
#1520 = PLANE ( 'NONE',  #963 ) ;
#1521 = EDGE_CURVE ( 'NONE', #4223, #4057, #398, .T. ) ;
#1522 = AXIS2_PLACEMENT_3D ( 'NONE', #321, #2139, #2684 ) ;
#1523 = VERTEX_POINT ( 'NONE', #756 ) ;
#1524 = FACE_OUTER_BOUND ( 'NONE', #2047, .T. ) ;
#1525 = PLANE ( 'NONE',  #231 ) ;
#1526 = DIRECTION ( 'NONE',  ( -1.309225264888156377E-16, 0.000000000000000000, -1.000000000000000000 ) ) ;
#1527 = CARTESIAN_POINT ( 'NONE',  ( 0.000000000000000000, 12.00000000000000000, -34.00000000000001421 ) ) ;
#1528 = CARTESIAN_POINT ( 'NONE',  ( 11.99970657940718510, 16.40223658499869686, -9.585773318583969527 ) ) ;
#1529 = ORIENTED_EDGE ( 'NONE', *, *, #4464, .F. ) ;
#1530 = CARTESIAN_POINT ( 'NONE',  ( 67.48149596119438343, 16.79096827369378175, -8.990998231668896779 ) ) ;
#1531 = ADVANCED_FACE ( 'NONE', ( #1524 ), #1153, .T. ) ;
#1532 = ORIENTED_EDGE ( 'NONE', *, *, #3719, .F. ) ;
#1533 = AXIS2_PLACEMENT_3D ( 'NONE', #2195, #1028, #4800 ) ;
#1534 = PLANE ( 'NONE',  #2031 ) ;
#1535 = CARTESIAN_POINT ( 'NONE',  ( 22.00000000000000000, 12.00000000000000000, 2.000000000000000000 ) ) ;
#1536 = CARTESIAN_POINT ( 'NONE',  ( 22.00000000000000000, 12.00000000000000000, -34.00000000000001421 ) ) ;
#1537 = ORIENTED_EDGE ( 'NONE', *, *, #716, .F. ) ;
#1538 = PERSON_AND_ORGANIZATION ( #1242, #2607 ) ;
#1539 = ORIENTED_EDGE ( 'NONE', *, *, #8, .T. ) ;
#1540 = VERTEX_POINT ( 'NONE', #3778 ) ;
#1541 = CYLINDRICAL_SURFACE ( 'NONE', #3479, 2.000000000000001776 ) ;
#1542 = DIRECTION ( 'NONE',  ( 0.000000000000000000, 0.000000000000000000, -1.000000000000000000 ) ) ;
#1543 = EDGE_LOOP ( 'NONE', ( #2476, #3304, #107, #1766 ) ) ;
#1544 = CARTESIAN_POINT ( 'NONE',  ( 76.39999999999997726, 16.82599622848118059, -8.937162437894402345 ) ) ;
#1545 = EDGE_CURVE ( 'NONE', #1262, #3261, #54, .T. ) ;
#1546 = CARTESIAN_POINT ( 'NONE',  ( 120.9185040388056080, 16.79096827369378531, -8.990998231668896779 ) ) ;
#1547 = LINE ( 'NONE', #3040, #416 ) ;
#1548 = CARTESIAN_POINT ( 'NONE',  ( 34.39999999999999147, 11.70963241919845466, -15.46042971709331226 ) ) ;
#1549 = DIRECTION ( 'NONE',  ( -0.000000000000000000, 1.000000000000000000, -0.000000000000000000 ) ) ;
#1550 = ORIENTED_EDGE ( 'NONE', *, *, #2852, .F. ) ;
#1551 = CARTESIAN_POINT ( 'NONE',  ( 152.0001000000000033, 6.000000000000000000, 0.000000000000000000 ) ) ;
#1552 = VECTOR ( 'NONE', #1061, 1000.000000000000000 ) ;
#1553 = CARTESIAN_POINT ( 'NONE',  ( 64.00000000000000000, 12.00000000000000000, -7.562794167951482856E-22 ) ) ;
#1554 = ORIENTED_EDGE ( 'NONE', *, *, #2306, .T. ) ;
#1555 = ORIENTED_EDGE ( 'NONE', *, *, #3270, .T. ) ;
#1556 = CARTESIAN_POINT ( 'NONE',  ( 98.53236256294893280, 16.82599622848118415, -8.937162437894400568 ) ) ;
#1557 = CARTESIAN_POINT ( 'NONE',  ( 111.9999999999999858, 18.00000000000000355, -15.46042971709331226 ) ) ;
#1558 = DIRECTION ( 'NONE',  ( 8.163404592832028049E-16, -0.000000000000000000, 1.000000000000000000 ) ) ;
#1559 = VECTOR ( 'NONE', #1577, 1000.000000000000000 ) ;
#1560 = CARTESIAN_POINT ( 'NONE',  ( 36.01261462134555558, 6.000000000000000000, -2.357431245847311458E-15 ) ) ;
#1561 = EDGE_LOOP ( 'NONE', ( #1314, #382, #3343, #3257 ) ) ;
#1562 = DATE_AND_TIME ( #2287, #1433 ) ;
#1563 = EDGE_CURVE ( 'NONE', #713, #2090, #2901, .T. ) ;
#1564 = PLANE ( 'NONE',  #3994 ) ;
#1565 = EDGE_CURVE ( 'NONE', #797, #4522, #2749, .T. ) ;
#1566 = EDGE_LOOP ( 'NONE', ( #2727, #746, #1841, #3999 ) ) ;
#1567 = LINE ( 'NONE', #4051, #235 ) ;
#1568 = CIRCLE ( 'NONE', #553, 8.290367580801545344 ) ;
#1569 = TOROIDAL_SURFACE ( 'NONE', #2256, 6.290367580801543568, 2.000000000000000000 ) ;
#1570 = CARTESIAN_POINT ( 'NONE',  ( 76.39999999999997726, 16.82599622848118770, -8.937162437894405898 ) ) ;
#1571 = PRODUCT_DEFINITION_SHAPE ( 'NONE', 'NONE',  #4843 ) ;
#1572 = DIRECTION ( 'NONE',  ( 0.000000000000000000, 1.000000000000000000, -0.000000000000000000 ) ) ;
#1573 = VECTOR ( 'NONE', #3943, 1000.000000000000000 ) ;
#1574 = VERTEX_POINT ( 'NONE', #915 ) ;
#1575 = CYLINDRICAL_SURFACE ( 'NONE', #560, 2.000000000000000000 ) ;
#1576 = AXIS2_PLACEMENT_3D ( 'NONE', #4029, #4806, #4712 ) ;
#1577 = DIRECTION ( 'NONE',  ( -0.000000000000000000, -0.000000000000000000, -1.000000000000000000 ) ) ;
#1578 = DIRECTION ( 'NONE',  ( 0.000000000000000000, -0.000000000000000000, 1.000000000000000000 ) ) ;
#1579 = FACE_OUTER_BOUND ( 'NONE', #488, .T. ) ;
#1580 = LINE ( 'NONE', #4196, #2586 ) ;
#1581 = VERTEX_POINT ( 'NONE', #1991 ) ;
#1582 = CARTESIAN_POINT ( 'NONE',  ( 22.00000000000000000, 10.00000000000000000, 0.000000000000000000 ) ) ;
#1583 = FACE_OUTER_BOUND ( 'NONE', #2590, .T. ) ;
#1584 = VERTEX_POINT ( 'NONE', #4590 ) ;
#1585 = ORIENTED_EDGE ( 'NONE', *, *, #2935, .F. ) ;
#1586 = CARTESIAN_POINT ( 'NONE',  ( 99.28808821711470500, 16.71467838733146394, -9.108112159180420164 ) ) ;
#1587 = CARTESIAN_POINT ( 'NONE',  ( 34.34726964951517658, 16.01312732624581869, -10.17546327564970277 ) ) ;
#1588 = CARTESIAN_POINT ( 'NONE',  ( 136.0000000000000284, 20.00000000000000000, -15.46042971709331226 ) ) ;
#1589 = ORIENTED_EDGE ( 'NONE', *, *, #494, .F. ) ;
#1590 = AXIS2_PLACEMENT_3D ( 'NONE', #216, #3938, #3963 ) ;
#1591 = CALENDAR_DATE ( 2025, 8, 12 ) ;
#1592 = AXIS2_PLACEMENT_3D ( 'NONE', #3186, #2488, #1347 ) ;
#1593 = CARTESIAN_POINT ( 'NONE',  ( 120.3999999999999631, 16.82599622848118059, -8.937162437894402345 ) ) ;
#1594 = EDGE_LOOP ( 'NONE', ( #4421, #3427, #127, #2334 ) ) ;
#1595 = FACE_OUTER_BOUND ( 'NONE', #3875, .T. ) ;
#1596 = APPROVAL_PERSON_ORGANIZATION ( #773, #3283, #2261 ) ;
#1597 = EDGE_CURVE ( 'NONE', #2446, #2717, #3548, .T. ) ;
#1598 = DIRECTION ( 'NONE',  ( 0.000000000000000000, 0.000000000000000000, 1.000000000000000000 ) ) ;
#1599 = LINE ( 'NONE', #909, #2204 ) ;
#1600 = ORIENTED_EDGE ( 'NONE', *, *, #1326, .T. ) ;
#1601 = CARTESIAN_POINT ( 'NONE',  ( 78.39999999999994884, 15.86546461514207529, -10.39761313908942597 ) ) ;
#1602 = CARTESIAN_POINT ( 'NONE',  ( 64.00000000000000000, 12.00000000000000000, -1.268826313857321670E-14 ) ) ;
#1603 = ADVANCED_FACE ( 'NONE', ( #3168 ), #4213, .T. ) ;
#1604 = CARTESIAN_POINT ( 'NONE',  ( 110.8284271247461561, 6.000000000000001776, -3.186912317060869970 ) ) ;
#1605 = DIRECTION ( 'NONE',  ( 0.000000000000000000, 0.000000000000000000, 1.000000000000000000 ) ) ;
#1606 = VECTOR ( 'NONE', #446, 1000.000000000000000 ) ;
#1607 = DIRECTION ( 'NONE',  ( 1.296989514749014917E-16, 0.000000000000000000, 1.000000000000000000 ) ) ;
#1608 = ORIENTED_EDGE ( 'NONE', *, *, #68, .T. ) ;
#1609 = DIRECTION ( 'NONE',  ( -1.000000000000000000, -0.000000000000000000, -0.000000000000000000 ) ) ;
#1610 = CC_DESIGN_DATE_AND_TIME_ASSIGNMENT ( #1120, #3276, ( #4485 ) ) ;
#1611 = CYLINDRICAL_SURFACE ( 'NONE', #2467, 2.000000000000001776 ) ;
#1612 = EDGE_LOOP ( 'NONE', ( #2080, #1047, #693, #30, #2961 ) ) ;
#1613 = ORIENTED_EDGE ( 'NONE', *, *, #4050, .F. ) ;
#1614 = DIRECTION ( 'NONE',  ( 1.000000000000000000, 0.000000000000000000, -2.593979029498029835E-16 ) ) ;
#1615 = ORIENTED_EDGE ( 'NONE', *, *, #1638, .T. ) ;
#1616 = ADVANCED_FACE ( 'NONE', ( #2771 ), #133, .T. ) ;
#1617 = AXIS2_PLACEMENT_3D ( 'NONE', #4775, #3351, #2957 ) ;
#1618 = MECHANICAL_CONTEXT ( 'NONE', #2442, 'mechanical' ) ;
#1619 = VERTEX_POINT ( 'NONE', #3883 ) ;
#1620 = DIRECTION ( 'NONE',  ( 1.000000000000000000, 0.000000000000000000, -0.000000000000000000 ) ) ;
#1621 = DIRECTION ( 'NONE',  ( 1.000000000000000000, 0.000000000000000000, 0.000000000000000000 ) ) ;
#1622 = LINE ( 'NONE', #2346, #810 ) ;
#1623 = VERTEX_POINT ( 'NONE', #1255 ) ;
#1624 = CARTESIAN_POINT ( 'NONE',  ( 136.0000000000000284, 0.000000000000000000, 0.000000000000000000 ) ) ;
#1625 = DIRECTION ( 'NONE',  ( 1.000000000000000000, 0.000000000000000000, 0.000000000000000000 ) ) ;
#1626 = DIRECTION ( 'NONE',  ( 1.000000000000000000, -0.000000000000000000, -1.296989514749014917E-16 ) ) ;
#1627 = CARTESIAN_POINT ( 'NONE',  ( 98.39999999999997726, 18.00000000000000355, -15.46042971709331226 ) ) ;
#1628 = EDGE_CURVE ( 'NONE', #3220, #923, #567, .T. ) ;
#1629 = FACE_OUTER_BOUND ( 'NONE', #1159, .T. ) ;
#1630 = ADVANCED_FACE ( 'NONE', ( #3505 ), #2401, .T. ) ;
#1631 = ORIENTED_EDGE ( 'NONE', *, *, #1807, .F. ) ;
#1632 = CARTESIAN_POINT ( 'NONE',  ( 136.0000000000000284, 16.82599622848118059, -8.937162437894402345 ) ) ;
#1633 = DIRECTION ( 'NONE',  ( 1.000000000000000000, 0.000000000000000000, -6.484947573745074586E-17 ) ) ;
#1634 = ORIENTED_EDGE ( 'NONE', *, *, #2608, .F. ) ;
#1635 = CARTESIAN_POINT ( 'NONE',  ( 109.9999999999999574, 12.00000000000000000, -34.00000000000001421 ) ) ;
#1636 = DIRECTION ( 'NONE',  ( 1.000000000000000000, 0.000000000000000000, 0.000000000000000000 ) ) ;
#1637 = DIRECTION ( 'NONE',  ( -1.000000000000000000, -0.000000000000000000, -0.000000000000000000 ) ) ;
#1638 = EDGE_CURVE ( 'NONE', #3812, #44, #474, .T. ) ;
#1639 = VERTEX_POINT ( 'NONE', #4563 ) ;
#1640 = APPROVAL_DATE_TIME ( #1562, #1342 ) ;
#1641 = VECTOR ( 'NONE', #4440, 1000.000000000000000 ) ;
#1642 = EDGE_CURVE ( 'NONE', #3643, #1087, #1207, .T. ) ;
#1643 = ORIENTED_EDGE ( 'NONE', *, *, #2300, .F. ) ;
#1644 = DIRECTION ( 'NONE',  ( 0.000000000000000000, -1.000000000000000000, 0.000000000000000000 ) ) ;
#1645 = CARTESIAN_POINT ( 'NONE',  ( 87.99999999999997158, 20.00000000000000000, -107.0000000000000000 ) ) ;
#1646 = CARTESIAN_POINT ( 'NONE',  ( 66.00000000000000000, 10.00000000000000000, 0.000000000000000000 ) ) ;
#1647 = VECTOR ( 'NONE', #3735, 1000.000000000000000 ) ;
#1648 = ORIENTED_EDGE ( 'NONE', *, *, #4471, .F. ) ;
#1649 = CARTESIAN_POINT ( 'NONE',  ( 0.000000000000000000, 12.00000000000000000, 0.000000000000000000 ) ) ;
#1650 = CARTESIAN_POINT ( 'NONE',  ( 86.00000000000000000, 6.000000000000000000, 0.000000000000000000 ) ) ;
#1651 = VECTOR ( 'NONE', #3811, 1000.000000000000000 ) ;
#1652 = CARTESIAN_POINT ( 'NONE',  ( 78.39999999999997726, 11.70963241919845466, -15.46042971709331226 ) ) ;
#1653 = SHAPE_REPRESENTATION ( '\X2\9ed1952e\X0\', ( #3075 ), #1747 ) ;
#1654 = CARTESIAN_POINT ( 'NONE',  ( 120.3999999999999488, 20.00000000000000000, -107.0000000000000000 ) ) ;
#1655 = CARTESIAN_POINT ( 'NONE',  ( 32.39999999999999147, 20.00000000000000000, -107.0000000000000000 ) ) ;
#1656 = AXIS2_PLACEMENT_3D ( 'NONE', #1116, #4838, #2589 ) ;
#1657 = ORIENTED_EDGE ( 'NONE', *, *, #2156, .F. ) ;
#1658 = LINE ( 'NONE', #1551, #1788 ) ;
#1659 = CARTESIAN_POINT ( 'NONE',  ( 10.39999999999999325, -0.9381755242258413841, -1.766303112646175233 ) ) ;
#1660 = ADVANCED_FACE ( 'NONE', ( #544 ), #3530, .F. ) ;
#1661 = ORIENTED_EDGE ( 'NONE', *, *, #2691, .T. ) ;
#1662 = ADVANCED_FACE ( 'NONE', ( #4190 ), #3930, .T. ) ;
#1663 = VECTOR ( 'NONE', #335, 1000.000000000000000 ) ;
#1664 = EDGE_LOOP ( 'NONE', ( #893, #3106, #2500, #539 ) ) ;
#1665 = EDGE_LOOP ( 'NONE', ( #4589, #263, #2566, #4695 ) ) ;
#1666 = ADVANCED_FACE ( 'NONE', ( #838 ), #3830, .T. ) ;
#1667 = CONTEXT_DEPENDENT_SHAPE_REPRESENTATION ( #4263, #1571 ) ;
#1668 = DIRECTION ( 'NONE',  ( -3.042009544787692347E-17, 0.8831515563230877275, -0.4690877621129207475 ) ) ;
#1669 = ORIENTED_EDGE ( 'NONE', *, *, #1878, .T. ) ;
#1670 = LINE ( 'NONE', #203, #3990 ) ;
#1671 = CARTESIAN_POINT ( 'NONE',  ( 111.9999999999999858, 20.00000000000000000, -15.46042971709331226 ) ) ;
#1672 = VERTEX_POINT ( 'NONE', #1486 ) ;
#1673 = VECTOR ( 'NONE', #2645, 1000.000000000000000 ) ;
#1674 = CARTESIAN_POINT ( 'NONE',  ( 90.00000000000000000, 16.82599622848118059, -8.937162437894402345 ) ) ;
#1675 = CARTESIAN_POINT ( 'NONE',  ( 111.3542894045413050, 16.76983701248525449, -9.023463603025609459 ) ) ;
#1676 = ADVANCED_FACE ( 'NONE', ( #4444 ), #3763, .T. ) ;
#1677 = CARTESIAN_POINT ( 'NONE',  ( 76.39999999999996305, 20.00000000000000000, -107.0000000000000000 ) ) ;
#1678 = APPROVAL_DATE_TIME ( #4066, #1308 ) ;
#1679 = FACE_OUTER_BOUND ( 'NONE', #4341, .T. ) ;
#1680 = CARTESIAN_POINT ( 'NONE',  ( 152.0001000000000033, 6.000000000000000000, -140.0000000000000000 ) ) ;
#1681 = VERTEX_POINT ( 'NONE', #3346 ) ;
#1682 = CARTESIAN_POINT ( 'NONE',  ( 122.5125869649335613, 6.000000000000000000, -107.0000000000000000 ) ) ;
#1683 = CARTESIAN_POINT ( 'NONE',  ( 121.5715728752537643, 6.000000000000000000, -3.186912317060869970 ) ) ;
#1684 = CARTESIAN_POINT ( 'NONE',  ( 100.3999999999999631, 15.86546461514206463, -10.39761313908942064 ) ) ;
#1685 = VECTOR ( 'NONE', #4636, 1000.000000000000000 ) ;
#1686 = ORIENTED_EDGE ( 'NONE', *, *, #4418, .T. ) ;
#1687 = ADVANCED_FACE ( 'NONE', ( #4683 ), #721, .T. ) ;
#1688 = EDGE_LOOP ( 'NONE', ( #4249, #1274, #4076, #2511 ) ) ;
#1689 = PERSON_AND_ORGANIZATION ( #1242, #2607 ) ;
#1690 = ORIENTED_EDGE ( 'NONE', *, *, #2237, .T. ) ;
#1691 = ADVANCED_FACE ( 'NONE', ( #1460 ), #1089, .F. ) ;
#1692 = ADVANCED_FACE ( 'NONE', ( #692 ), #4474, .T. ) ;
#1693 = FACE_OUTER_BOUND ( 'NONE', #3561, .T. ) ;
#1694 = CARTESIAN_POINT ( 'NONE',  ( 0.000000000000000000, 12.00000000000000000, -140.0000000000000000 ) ) ;
#1695 = CARTESIAN_POINT ( 'NONE',  ( 44.00000000000000000, 11.00000000000000000, 2.000000000000000000 ) ) ;
#1696 = VECTOR ( 'NONE', #2167, 1000.000000000000000 ) ;
#1697 = ORIENTED_EDGE ( 'NONE', *, *, #1020, .T. ) ;
#1698 = DIRECTION ( 'NONE',  ( 0.000000000000000000, 0.000000000000000000, -1.000000000000000000 ) ) ;
#1699 = ADVANCED_FACE ( 'NONE', ( #2612 ), #1435, .F. ) ;
#1700 = CARTESIAN_POINT ( 'NONE',  ( 122.3999999999999631, 15.72033654559155913, -10.61450599584754784 ) ) ;
#1701 = CARTESIAN_POINT ( 'NONE',  ( 89.99999999999997158, 20.00000000000000000, -107.0000000000000000 ) ) ;
#1702 = DIRECTION ( 'NONE',  ( 0.000000000000000000, 0.000000000000000000, -1.000000000000000000 ) ) ;
#1703 = VERTEX_POINT ( 'NONE', #3738 ) ;
#1704 = APPROVAL ( #950, 'UNKNOWN' ) ;
#1705 = DIRECTION ( 'NONE',  ( -1.000000000000000000, -0.000000000000000000, -0.000000000000000000 ) ) ;
#1706 = DIRECTION ( 'NONE',  ( 6.484947573745074586E-17, -0.000000000000000000, 1.000000000000000000 ) ) ;
#1707 = CARTESIAN_POINT ( 'NONE',  ( 102.0126146213455343, 12.00000000000000000, -34.00000000000001421 ) ) ;
#1708 = DIRECTION ( 'NONE',  ( 0.000000000000000000, 0.000000000000000000, -1.000000000000000000 ) ) ;
#1709 = EDGE_LOOP ( 'NONE', ( #3372, #980, #4013, #1852 ) ) ;
#1710 = ADVANCED_BREP_SHAPE_REPRESENTATION ( '', ( #4017, #857, #798, #708, #853, #2357, #699, #3075 ), #2682 ) ;
#1711 = FACE_OUTER_BOUND ( 'NONE', #1664, .T. ) ;
#1712 = ORIENTED_EDGE ( 'NONE', *, *, #3128, .T. ) ;
#1713 = DIRECTION ( 'NONE',  ( -0.000000000000000000, 1.000000000000000000, -0.000000000000000000 ) ) ;
#1714 = VECTOR ( 'NONE', #3359, 999.9999999999998863 ) ;
#1715 = CARTESIAN_POINT ( 'NONE',  ( 88.00000000000000000, 12.00000000000000000, 2.000000000000000000 ) ) ;
#1716 = EDGE_CURVE ( 'NONE', #4350, #89, #957, .T. ) ;
#1717 = EDGE_CURVE ( 'NONE', #3334, #2828, #4808, .T. ) ;
#1718 = ORIENTED_EDGE ( 'NONE', *, *, #287, .T. ) ;
#1719 = CARTESIAN_POINT ( 'NONE',  ( 34.39999999999998437, 5.999999999999997335, -4.124947378896984596 ) ) ;
#1720 = AXIS2_PLACEMENT_3D ( 'NONE', #1275, #3163, #907 ) ;
#1721 = CARTESIAN_POINT ( 'NONE',  ( 2.449293598294731559E-16, 10.00000000000000000, 2.000000000000000000 ) ) ;
#1722 = EDGE_CURVE ( 'NONE', #3662, #1837, #1144, .T. ) ;
#1723 = FACE_OUTER_BOUND ( 'NONE', #48, .T. ) ;
#1724 = VECTOR ( 'NONE', #2781, 1000.000000000000000 ) ;
#1725 = CARTESIAN_POINT ( 'NONE',  ( 111.9999999999999574, 20.00000000000000000, -107.0000000000000000 ) ) ;
#1726 = EDGE_LOOP ( 'NONE', ( #495, #3988, #3568, #4266 ) ) ;
#1727 = AXIS2_PLACEMENT_3D ( 'NONE', #41, #1162, #4201 ) ;
#1728 = AXIS2_PLACEMENT_3D ( 'NONE', #1813, #1054, #1126 ) ;
#1729 = FACE_OUTER_BOUND ( 'NONE', #1456, .T. ) ;
#1730 = CARTESIAN_POINT ( 'NONE',  ( 87.99999999999997158, 20.00000000000000000, -107.0000000000000000 ) ) ;
#1731 = ORIENTED_EDGE ( 'NONE', *, *, #1158, .T. ) ;
#1732 = VECTOR ( 'NONE', #2873, 1000.000000000000000 ) ;
#1733 = DIRECTION ( 'NONE',  ( -0.000000000000000000, -1.000000000000000000, -0.000000000000000000 ) ) ;
#1734 = ORIENTED_EDGE ( 'NONE', *, *, #2610, .F. ) ;
#1735 = ORIENTED_EDGE ( 'NONE', *, *, #4211, .T. ) ;
#1736 = CALENDAR_DATE ( 2025, 8, 12 ) ;
#1737 = DIRECTION ( 'NONE',  ( 1.000000000000000000, 0.000000000000000000, 0.000000000000000000 ) ) ;
#1738 = VERTEX_POINT ( 'NONE', #1349 ) ;
#1739 = DIRECTION ( 'NONE',  ( 0.000000000000000000, 8.273237392062365396E-16, 1.000000000000000000 ) ) ;
#1740 = ORIENTED_EDGE ( 'NONE', *, *, #494, .T. ) ;
#1741 = EDGE_CURVE ( 'NONE', #2613, #2212, #2560, .T. ) ;
#1742 = CIRCLE ( 'NONE', #2365, 6.290367580801543568 ) ;
#1743 = EDGE_CURVE ( 'NONE', #1008, #1396, #2815, .T. ) ;
#1744 = CARTESIAN_POINT ( 'NONE',  ( 110.0527303504847509, 16.01312732624574764, -10.17546327564964770 ) ) ;
#1745 = DIRECTION ( 'NONE',  ( 0.000000000000000000, -0.000000000000000000, 1.000000000000000000 ) ) ;
#1746 = LINE ( 'NONE', #4340, #479 ) ;
#1747 =( GEOMETRIC_REPRESENTATION_CONTEXT ( 3 ) GLOBAL_UNCERTAINTY_ASSIGNED_CONTEXT ( ( #249 ) ) GLOBAL_UNIT_ASSIGNED_CONTEXT ( ( #4309, #2445, #4727 ) ) REPRESENTATION_CONTEXT ( 'NONE', 'WORKASPACE' ) );
#1748 = ORIENTED_EDGE ( 'NONE', *, *, #1807, .T. ) ;
#1749 = FACE_OUTER_BOUND ( 'NONE', #1068, .T. ) ;
#1750 = ORIENTED_EDGE ( 'NONE', *, *, #3511, .F. ) ;
#1751 = EDGE_CURVE ( 'NONE', #2611, #3061, #4062, .T. ) ;
#1752 = SECURITY_CLASSIFICATION ( '', '', #2440 ) ;
#1753 = CARTESIAN_POINT ( 'NONE',  ( 0.000000000000000000, 18.00000000000000355, -105.0000000000000000 ) ) ;
#1754 = DIRECTION ( 'NONE',  ( 0.000000000000000000, -1.000000000000000000, 0.000000000000000000 ) ) ;
#1755 = VERTEX_POINT ( 'NONE', #981 ) ;
#1756 = CARTESIAN_POINT ( 'NONE',  ( 76.39999999999996305, 6.000000000000000000, -105.0000000000000000 ) ) ;
#1757 = ORIENTED_EDGE ( 'NONE', *, *, #3413, .F. ) ;
#1758 = VERTEX_POINT ( 'NONE', #3714 ) ;
#1759 = APPROVAL_ROLE ( '' ) ;
#1760 = VECTOR ( 'NONE', #825, 1000.000000000000000 ) ;
#1761 = CARTESIAN_POINT ( 'NONE',  ( 109.9999999999999858, 10.00000000000000000, 0.000000000000000000 ) ) ;
#1762 =( REPRESENTATION_RELATIONSHIP ('NONE','NONE', #1114, #1653 ) REPRESENTATION_RELATIONSHIP_WITH_TRANSFORMATION ( #4352 )SHAPE_REPRESENTATION_RELATIONSHIP( ) );
#1763 = ORIENTED_EDGE ( 'NONE', *, *, #2430, .F. ) ;
#1764 = DIRECTION ( 'NONE',  ( 0.000000000000000000, -0.8831515563230877275, 0.4690877621129207475 ) ) ;
#1765 = DIRECTION ( 'NONE',  ( 0.000000000000000000, 0.000000000000000000, 1.000000000000000000 ) ) ;
#1766 = ORIENTED_EDGE ( 'NONE', *, *, #4791, .F. ) ;
#1767 = DIRECTION ( 'NONE',  ( 0.000000000000000000, 1.000000000000000000, 0.000000000000000000 ) ) ;
#1768 = CARTESIAN_POINT ( 'NONE',  ( 136.0000000000000284, 6.000000000000000000, -3.186912317060869970 ) ) ;
#1769 = VECTOR ( 'NONE', #730, 1000.000000000000000 ) ;
#1770 = FACE_OUTER_BOUND ( 'NONE', #449, .T. ) ;
#1771 = ORIENTED_EDGE ( 'NONE', *, *, #3744, .T. ) ;
#1772 = ORIENTED_EDGE ( 'NONE', *, *, #2798, .F. ) ;
#1773 = CARTESIAN_POINT ( 'NONE',  ( 12.40000000000000036, 5.999999999999998224, -5.451529285327105789 ) ) ;
#1774 = CARTESIAN_POINT ( 'NONE',  ( 152.0000000000000000, 12.00000000000000000, 2.000000000000000000 ) ) ;
#1775 = EDGE_CURVE ( 'NONE', #1581, #2531, #2160, .T. ) ;
#1776 = EDGE_CURVE ( 'NONE', #4763, #906, #2188, .T. ) ;
#1777 = DIRECTION ( 'NONE',  ( -1.000000000000000000, -0.000000000000000000, 2.593979029498029835E-16 ) ) ;
#1778 = VERTEX_POINT ( 'NONE', #1830 ) ;
#1779 = VERTEX_POINT ( 'NONE', #3321 ) ;
#1780 = DIRECTION ( 'NONE',  ( -1.000000000000000000, 0.000000000000000000, -0.000000000000000000 ) ) ;
#1781 = ORIENTED_EDGE ( 'NONE', *, *, #1177, .T. ) ;
#1782 = FACE_OUTER_BOUND ( 'NONE', #1612, .T. ) ;
#1783 = COORDINATED_UNIVERSAL_TIME_OFFSET ( 8, 0, .AHEAD. ) ;
#1784 = ORIENTED_EDGE ( 'NONE', *, *, #3060, .F. ) ;
#1785 = EDGE_LOOP ( 'NONE', ( #4119, #1239, #2681, #2780 ) ) ;
#1786 = LINE ( 'NONE', #394, #1769 ) ;
#1787 = DIRECTION ( 'NONE',  ( 0.000000000000000000, -1.000000000000000000, 0.000000000000000000 ) ) ;
#1788 = VECTOR ( 'NONE', #3868, 1000.000000000000000 ) ;
#1789 = VERTEX_POINT ( 'NONE', #4818 ) ;
#1790 = CARTESIAN_POINT ( 'NONE',  ( 41.99999999999999289, 11.00000000000000000, 2.000000000000000000 ) ) ;
#1791 = CARTESIAN_POINT ( 'NONE',  ( 100.3999999999999773, -0.9381755242258413841, -1.766303112646175455 ) ) ;
#1792 = DIRECTION ( 'NONE',  ( -1.216803817915076692E-16, 0.8831515563230876165, -0.4690877621129207475 ) ) ;
#1793 = CLOSED_SHELL ( 'NONE', ( #735, #1666, #4056, #2816, #1921, #3577, #345, #4626, #3207, #2398, #4653, #669, #2641 ) ) ;
#1794 = CARTESIAN_POINT ( 'NONE',  ( 108.0000000000000000, 11.00000000000000000, 2.000000000000000000 ) ) ;
#1795 = LINE ( 'NONE', #4810, #1334 ) ;
#1796 = DIRECTION ( 'NONE',  ( 0.000000000000000000, 1.000000000000000000, 0.000000000000000000 ) ) ;
#1797 = AXIS2_PLACEMENT_3D ( 'NONE', #998, #4089, #341 ) ;
#1798 = ORIENTED_EDGE ( 'NONE', *, *, #934, .F. ) ;
#1799 = VECTOR ( 'NONE', #4123, 1000.000000000000000 ) ;
#1800 = EDGE_CURVE ( 'NONE', #2717, #372, #1266, .T. ) ;
#1801 = EDGE_CURVE ( 'NONE', #906, #2077, #462, .T. ) ;
#1802 = VERTEX_POINT ( 'NONE', #801 ) ;
#1803 = CARTESIAN_POINT ( 'NONE',  ( 14.01261462134556979, 6.000000000000000000, -1.834566908940680809E-15 ) ) ;
#1804 = DIRECTION ( 'NONE',  ( 0.000000000000000000, -1.000000000000000000, 0.000000000000000000 ) ) ;
#1805 = ORIENTED_EDGE ( 'NONE', *, *, #3905, .F. ) ;
#1806 = VECTOR ( 'NONE', #4120, 1000.000000000000000 ) ;
#1807 = EDGE_CURVE ( 'NONE', #2594, #4822, #4633, .T. ) ;
#1808 = CARTESIAN_POINT ( 'NONE',  ( 124.0126146213455058, 6.000000000000000000, -34.00000000000001421 ) ) ;
#1809 = VERTEX_POINT ( 'NONE', #3026 ) ;
#1810 = VERTEX_POINT ( 'NONE', #1140 ) ;
#1811 = CARTESIAN_POINT ( 'NONE',  ( 98.39999999999997726, -0.9381755242258434935, -1.766303112646174123 ) ) ;
#1812 = CARTESIAN_POINT ( 'NONE',  ( 41.99999999999999289, 12.00000000000000000, 0.000000000000000000 ) ) ;
#1813 = CARTESIAN_POINT ( 'NONE',  ( 109.9999999999999858, 12.00000000000000000, -8.979745052115230933E-14 ) ) ;
#1814 = ORIENTED_EDGE ( 'NONE', *, *, #4761, .T. ) ;
#1815 = VECTOR ( 'NONE', #4383, 1000.000000000000000 ) ;
#1816 = CARTESIAN_POINT ( 'NONE',  ( 44.00000000000000000, 12.00000000000000000, 2.000000000000000000 ) ) ;
#1817 = LINE ( 'NONE', #4584, #690 ) ;
#1818 = EDGE_CURVE ( 'NONE', #3437, #1584, #1024, .T. ) ;
#1819 = CARTESIAN_POINT ( 'NONE',  ( 34.39999999999999147, 18.00000000000000355, 0.000000000000000000 ) ) ;
#1820 = DIRECTION ( 'NONE',  ( 0.000000000000000000, -1.000000000000000000, 0.000000000000000000 ) ) ;
#1821 = AXIS2_PLACEMENT_3D ( 'NONE', #3553, #3619, #3254 ) ;
#1822 = DIRECTION ( 'NONE',  ( -1.000000000000000000, 0.000000000000000000, -0.000000000000000000 ) ) ;
#1823 = DIRECTION ( 'NONE',  ( -1.000000000000000000, 0.000000000000000000, 0.000000000000000000 ) ) ;
#1824 = EDGE_LOOP ( 'NONE', ( #2617, #1781, #3582, #654, #2698, #1388 ) ) ;
#1825 = LOCAL_TIME ( 19, 17, 44.00000000000000000, #3203 ) ;
#1826 = CARTESIAN_POINT ( 'NONE',  ( 34.39999999999999147, 18.00000000000000355, -105.0000000000000000 ) ) ;
#1827 = ORIENTED_EDGE ( 'NONE', *, *, #1000, .T. ) ;
#1828 = FACE_OUTER_BOUND ( 'NONE', #579, .T. ) ;
#1829 = EDGE_CURVE ( 'NONE', #3437, #702, #3794, .T. ) ;
#1830 = CARTESIAN_POINT ( 'NONE',  ( 98.39999999999997726, 20.00000000000000000, -15.46042971709331226 ) ) ;
#1831 = ORIENTED_EDGE ( 'NONE', *, *, #3779, .F. ) ;
#1832 = FACE_OUTER_BOUND ( 'NONE', #3951, .T. ) ;
#1833 = AXIS2_PLACEMENT_3D ( 'NONE', #2119, #2486, #3995 ) ;
#1834 = ADVANCED_FACE ( 'NONE', ( #66 ), #1899, .F. ) ;
#1835 = EDGE_CURVE ( 'NONE', #4030, #4223, #3845, .T. ) ;
#1836 = ORIENTED_EDGE ( 'NONE', *, *, #161, .T. ) ;
#1837 = VERTEX_POINT ( 'NONE', #3418 ) ;
#1838 = LINE ( 'NONE', #4117, #3407 ) ;
#1839 = DIRECTION ( 'NONE',  ( 0.000000000000000000, 0.000000000000000000, -1.000000000000000000 ) ) ;
#1840 = CARTESIAN_POINT ( 'NONE',  ( 22.82842712474618452, 20.00000000000000000, -106.9999999999999858 ) ) ;
#1841 = ORIENTED_EDGE ( 'NONE', *, *, #3385, .F. ) ;
#1842 = CARTESIAN_POINT ( 'NONE',  ( 77.28808821711471921, 16.71467838733147460, -9.108112159180425493 ) ) ;
#1843 = CARTESIAN_POINT ( 'NONE',  ( 100.3999999999999773, 6.000000000000000000, 0.000000000000000000 ) ) ;
#1844 = DIRECTION ( 'NONE',  ( 0.000000000000000000, 0.000000000000000000, 1.000000000000000000 ) ) ;
#1845 = DIRECTION ( 'NONE',  ( -6.084019089575384694E-17, 0.8831515563230876165, -0.4690877621129207475 ) ) ;
#1846 = DIRECTION ( 'NONE',  ( -0.000000000000000000, -1.000000000000000000, -0.000000000000000000 ) ) ;
#1847 = ORIENTED_EDGE ( 'NONE', *, *, #3972, .T. ) ;
#1848 = CARTESIAN_POINT ( 'NONE',  ( 89.99999999999997158, 18.00000000000000355, -107.0000000000000000 ) ) ;
#1849 = ORIENTED_EDGE ( 'NONE', *, *, #385, .T. ) ;
#1850 = DIRECTION ( 'NONE',  ( -1.000000000000000000, 0.000000000000000000, 0.000000000000000000 ) ) ;
#1851 = CARTESIAN_POINT ( 'NONE',  ( 89.99999999999997158, 20.00000000000000000, -105.0000000000000000 ) ) ;
#1852 = ORIENTED_EDGE ( 'NONE', *, *, #1818, .F. ) ;
#1853 = MECHANICAL_CONTEXT ( 'NONE', #1197, 'mechanical' ) ;
#1854 = VERTEX_POINT ( 'NONE', #3085 ) ;
#1855 = ORIENTED_EDGE ( 'NONE', *, *, #1191, .F. ) ;
#1856 = EDGE_CURVE ( 'NONE', #361, #931, #4578, .T. ) ;
#1857 = PLANE ( 'NONE',  #1533 ) ;
#1858 = EDGE_CURVE ( 'NONE', #2558, #1483, #2750, .T. ) ;
#1859 = FACE_OUTER_BOUND ( 'NONE', #3056, .T. ) ;
#1860 = CARTESIAN_POINT ( 'NONE',  ( 22.67668389870744861, 16.55461042105296343, -9.353201415028177479 ) ) ;
#1861 = VERTEX_POINT ( 'NONE', #413 ) ;
#1862 = DIRECTION ( 'NONE',  ( -1.000000000000000000, -0.000000000000000000, -0.000000000000000000 ) ) ;
#1863 = DIRECTION ( 'NONE',  ( 0.000000000000000000, 0.000000000000000000, 1.000000000000000000 ) ) ;
#1864 = EDGE_CURVE ( 'NONE', #1738, #3349, #3371, .T. ) ;
#1865 = DIRECTION ( 'NONE',  ( -0.000000000000000000, -1.000000000000000000, -0.000000000000000000 ) ) ;
#1866 = CARTESIAN_POINT ( 'NONE',  ( 120.3999999999999631, 16.82599622848118770, -8.937162437894405898 ) ) ;
#1867 = AXIS2_PLACEMENT_3D ( 'NONE', #4536, #3832, #1935 ) ;
#1868 = DIRECTION ( 'NONE',  ( -0.000000000000000000, -1.000000000000000000, -0.000000000000000000 ) ) ;
#1869 = EDGE_LOOP ( 'NONE', ( #226, #3980, #4724, #3648 ) ) ;
#1870 = CARTESIAN_POINT ( 'NONE',  ( 67.73750085349441008, 16.81887574729077883, -8.948112012340743604 ) ) ;
#1871 = CC_DESIGN_PERSON_AND_ORGANIZATION_ASSIGNMENT ( #2907, #725, ( #3141 ) ) ;
#1872 = ORIENTED_EDGE ( 'NONE', *, *, #2704, .F. ) ;
#1873 = AXIS2_PLACEMENT_3D ( 'NONE', #718, #4472, #1636 ) ;
#1874 = AXIS2_PLACEMENT_3D ( 'NONE', #3237, #2495, #3580 ) ;
#1875 = PLANE ( 'NONE',  #1257 ) ;
#1876 = DIRECTION ( 'NONE',  ( 1.224510688924804405E-15, 0.000000000000000000, 1.000000000000000000 ) ) ;
#1877 = ORIENTED_EDGE ( 'NONE', *, *, #2704, .T. ) ;
#1878 = EDGE_CURVE ( 'NONE', #1487, #648, #3055, .T. ) ;
#1879 =( NAMED_UNIT ( * ) PLANE_ANGLE_UNIT ( ) SI_UNIT ( $, .RADIAN. ) );
#1880 = AXIS2_PLACEMENT_3D ( 'NONE', #1649, #3904, #3144 ) ;
#1881 = VERTEX_POINT ( 'NONE', #4131 ) ;
#1882 = CARTESIAN_POINT ( 'NONE',  ( 94.01261462134553426, 12.00000000000000000, 1.230836902804592709E-14 ) ) ;
#1883 = VECTOR ( 'NONE', #3004, 1000.000000000000000 ) ;
#1884 = LINE ( 'NONE', #4482, #2836 ) ;
#1885 = ORIENTED_EDGE ( 'NONE', *, *, #3386, .F. ) ;
#1886 = CARTESIAN_POINT ( 'NONE',  ( 152.0001000000000033, 6.000000000000000000, -140.0000000000000000 ) ) ;
#1887 = EDGE_CURVE ( 'NONE', #1809, #219, #770, .T. ) ;
#1888 = LINE ( 'NONE', #3336, #1714 ) ;
#1889 = DIRECTION ( 'NONE',  ( -1.000000000000000000, 0.000000000000000000, -0.000000000000000000 ) ) ;
#1890 = LINE ( 'NONE', #1452, #4688 ) ;
#1891 = CARTESIAN_POINT ( 'NONE',  ( 10.39999999999999325, 16.82599622848118059, -8.937162437894402345 ) ) ;
#1892 = EDGE_CURVE ( 'NONE', #1087, #925, #43, .T. ) ;
#1893 = VERTEX_POINT ( 'NONE', #4182 ) ;
#1894 = VECTOR ( 'NONE', #4615, 1000.000000000000000 ) ;
#1895 = DIRECTION ( 'NONE',  ( 1.000000000000000000, 0.000000000000000000, 0.000000000000000000 ) ) ;
#1896 = EDGE_LOOP ( 'NONE', ( #3736, #3365, #3238, #16 ) ) ;
#1897 = FACE_OUTER_BOUND ( 'NONE', #1187, .T. ) ;
#1898 = DIRECTION ( 'NONE',  ( 1.000000000000000000, 0.000000000000000000, 0.000000000000000000 ) ) ;
#1899 = PLANE ( 'NONE',  #878 ) ;
#1900 = EDGE_LOOP ( 'NONE', ( #1117, #3917, #4044, #2000, #1748, #4115, #3086 ) ) ;
#1901 = CC_DESIGN_SECURITY_CLASSIFICATION ( #2208, ( #4843 ) ) ;
#1902 = SECURITY_CLASSIFICATION_LEVEL ( 'unclassified' ) ;
#1903 = EDGE_CURVE ( 'NONE', #1623, #2613, #829, .T. ) ;
#1904 = VERTEX_POINT ( 'NONE', #3756 ) ;
#1905 = LINE ( 'NONE', #3400, #2174 ) ;
#1906 = PRODUCT_RELATED_PRODUCT_CATEGORY ( 'detail', '', ( #3449 ) ) ;
#1907 = CARTESIAN_POINT ( 'NONE',  ( 0.000000000000000000, 12.00000000000000000, -34.00000000000001421 ) ) ;
#1908 = PLANE ( 'NONE',  #3305 ) ;
#1909 = VECTOR ( 'NONE', #1598, 1000.000000000000000 ) ;
#1910 = EDGE_LOOP ( 'NONE', ( #1509, #4163, #4110, #3278 ) ) ;
#1911 = CARTESIAN_POINT ( 'NONE',  ( 44.00000000000000000, 10.00000000000000000, 1.000000000000000000 ) ) ;
#1912 = CARTESIAN_POINT ( 'NONE',  ( 109.9999999999999858, 10.00000000000000000, 6.228183495873031108E-21 ) ) ;
#1913 = DIRECTION ( 'NONE',  ( -0.000000000000000000, -1.000000000000000000, -0.000000000000000000 ) ) ;
#1914 = CARTESIAN_POINT ( 'NONE',  ( 65.99999999999997158, 18.00000000000000355, -105.0000000000000000 ) ) ;
#1915 = LINE ( 'NONE', #2301, #2426 ) ;
#1916 = ORIENTED_EDGE ( 'NONE', *, *, #4762, .F. ) ;
#1917 = CARTESIAN_POINT ( 'NONE',  ( 43.99999999999999289, 6.000000000000000000, -34.00000000000001421 ) ) ;
#1918 = CARTESIAN_POINT ( 'NONE',  ( 109.9999999999999858, 10.00000000000000000, 2.000000000000000000 ) ) ;
#1919 = ADVANCED_FACE ( 'NONE', ( #307 ), #3291, .F. ) ;
#1920 = ORIENTED_EDGE ( 'NONE', *, *, #3865, .F. ) ;
#1921 = ADVANCED_FACE ( 'NONE', ( #2228 ), #1037, .T. ) ;
#1922 = VECTOR ( 'NONE', #521, 1000.000000000000000 ) ;
#1923 = PLANE ( 'NONE',  #4768 ) ;
#1924 = PLANE ( 'NONE',  #88 ) ;
#1925 = CARTESIAN_POINT ( 'NONE',  ( 28.01261462134556979, 12.00000000000000000, -3.667482279784099589E-15 ) ) ;
#1926 = VERTEX_POINT ( 'NONE', #2177 ) ;
#1927 = APPLICATION_PROTOCOL_DEFINITION ( 'international standard', 'config_control_design', 1994, #2504 ) ;
#1928 = DIRECTION ( 'NONE',  ( -0.000000000000000000, -1.000000000000000000, -0.000000000000000000 ) ) ;
#1929 = ORIENTED_EDGE ( 'NONE', *, *, #2213, .T. ) ;
#1930 = CARTESIAN_POINT ( 'NONE',  ( 0.000000000000000000, 15.72033654559156268, -10.61450599584755139 ) ) ;
#1931 = DIRECTION ( 'NONE',  ( 0.000000000000000000, 0.000000000000000000, -1.000000000000000000 ) ) ;
#1932 = DIRECTION ( 'NONE',  ( -0.000000000000000000, -0.000000000000000000, -1.000000000000000000 ) ) ;
#1933 = ORIENTED_EDGE ( 'NONE', *, *, #3752, .T. ) ;
#1934 = PLANE ( 'NONE',  #3928 ) ;
#1935 = DIRECTION ( 'NONE',  ( 0.000000000000000000, 0.000000000000000000, 1.000000000000000000 ) ) ;
#1936 = DIRECTION ( 'NONE',  ( 1.000000000000000000, 0.000000000000000000, -7.930164461608260440E-16 ) ) ;
#1937 = CARTESIAN_POINT ( 'NONE',  ( 1.354289404541303199, 16.76983701248526515, -9.023463603025620117 ) ) ;
#1938 = PERSON ( 'NAUO-PER1', 'UNSPECIFIED', 'UNSPECIFIED', ('UNSPECIFIED'), ('UNSPECIFIED'), ('UNSPECIFIED') ) ;
#1939 = CARTESIAN_POINT ( 'NONE',  ( 80.01261462134553426, 12.00000000000000000, 0.000000000000000000 ) ) ;
#1940 = VERTEX_POINT ( 'NONE', #4785 ) ;
#1941 = DIRECTION ( 'NONE',  ( -0.000000000000000000, -1.000000000000000000, -0.000000000000000000 ) ) ;
#1942 = LINE ( 'NONE', #922, #2627 ) ;
#1943 = ORIENTED_EDGE ( 'NONE', *, *, #4228, .F. ) ;
#1944 = ORIENTED_EDGE ( 'NONE', *, *, #3923, .T. ) ;
#1945 = CARTESIAN_POINT ( 'NONE',  ( 131.9999999999999716, 10.00000000000000000, 0.000000000000000000 ) ) ;
#1946 = FACE_OUTER_BOUND ( 'NONE', #1152, .T. ) ;
#1947 = AXIS2_PLACEMENT_3D ( 'NONE', #2942, #2245, #3289 ) ;
#1948 = DIRECTION ( 'NONE',  ( 1.000000000000000000, 0.000000000000000000, -1.982541115402065110E-16 ) ) ;
#1949 = VERTEX_POINT ( 'NONE', #4054 ) ;
#1950 = EDGE_CURVE ( 'NONE', #2611, #524, #738, .T. ) ;
#1951 = EDGE_CURVE ( 'NONE', #3946, #931, #1427, .T. ) ;
#1952 = CLOSED_SHELL ( 'NONE', ( #4686, #4526, #3403, #456, #4088, #1834, #2185, #2909, #4782, #2580, #848, #181, #1699 ) ) ;
#1953 = SHAPE_DEFINITION_REPRESENTATION ( #3803, #1653 ) ;
#1954 = EDGE_LOOP ( 'NONE', ( #1108, #22, #956, #727 ) ) ;
#1955 = EDGE_CURVE ( 'NONE', #906, #2212, #4387, .T. ) ;
#1956 = DIRECTION ( 'NONE',  ( 1.000000000000000000, 0.000000000000000000, -6.484947573745074586E-17 ) ) ;
#1957 = AXIS2_PLACEMENT_3D ( 'NONE', #4525, #4582, #4206 ) ;
#1958 = VECTOR ( 'NONE', #2844, 1000.000000000000000 ) ;
#1959 = DIRECTION ( 'NONE',  ( 0.000000000000000000, 0.000000000000000000, -1.000000000000000000 ) ) ;
#1960 = CARTESIAN_POINT ( 'NONE',  ( 129.9999999999999432, 12.00000000000000000, -34.00000000000001421 ) ) ;
#1961 = AXIS2_PLACEMENT_3D ( 'NONE', #712, #4438, #2134 ) ;
#1962 =( BOUNDED_CURVE ( )  B_SPLINE_CURVE ( 3, ( #1437, #4795, #2932, #1189 ),
 .UNSPECIFIED., .F., .F. ) 
 B_SPLINE_CURVE_WITH_KNOTS ( ( 4, 4 ),
 ( 1.570796326794896558, 3.141592653589793116 ),
 .UNSPECIFIED. ) 
 CURVE ( )  GEOMETRIC_REPRESENTATION_ITEM ( )  RATIONAL_B_SPLINE_CURVE ( ( 1.000000000000000000, 0.8047378541243649375, 0.8047378541243649375, 1.000000000000000000 ) ) 
 REPRESENTATION_ITEM ( '' )  );
#1963 = ORIENTED_EDGE ( 'NONE', *, *, #2892, .F. ) ;
#1964 = CARTESIAN_POINT ( 'NONE',  ( 89.11191178288521542, 16.71467838733145683, -9.108112159180416612 ) ) ;
#1965 = CC_DESIGN_PERSON_AND_ORGANIZATION_ASSIGNMENT ( #2982, #4476, ( #4485 ) ) ;
#1966 = AXIS2_PLACEMENT_3D ( 'NONE', #2319, #932, #3555 ) ;
#1967 = PLANE ( 'NONE',  #1867 ) ;
#1968 = FACE_OUTER_BOUND ( 'NONE', #213, .T. ) ;
#1969 = CARTESIAN_POINT ( 'NONE',  ( 1.867637437051037574, 16.82599622848117704, -8.937162437894398792 ) ) ;
#1970 = DIRECTION ( 'NONE',  ( 0.000000000000000000, -0.000000000000000000, 1.000000000000000000 ) ) ;
#1971 = ADVANCED_FACE ( 'NONE', ( #4034 ), #661, .F. ) ;
#1972 = ORIENTED_EDGE ( 'NONE', *, *, #2317, .T. ) ;
#1973 = LINE ( 'NONE', #1632, #3586 ) ;
#1974 = CARTESIAN_POINT ( 'NONE',  ( 136.0000000000000284, 20.00000000000000000, -15.46042971709331226 ) ) ;
#1975 = VERTEX_POINT ( 'NONE', #4463 ) ;
#1976 = ORIENTED_EDGE ( 'NONE', *, *, #658, .T. ) ;
#1977 = CARTESIAN_POINT ( 'NONE',  ( 99.40301704479760758, 16.68091528026165804, -9.159890139030038014 ) ) ;
#1978 = CARTESIAN_POINT ( 'NONE',  ( 32.91850403880561515, 16.79096827369378886, -8.990998231668900331 ) ) ;
#1979 = ORIENTED_EDGE ( 'NONE', *, *, #1989, .F. ) ;
#1980 = AXIS2_PLACEMENT_3D ( 'NONE', #3706, #2602, #710 ) ;
#1981 = APPLICATION_PROTOCOL_DEFINITION ( 'international standard', 'config_control_design', 1994, #1441 ) ;
#1982 = AXIS2_PLACEMENT_3D ( 'NONE', #3114, #1572, #3856 ) ;
#1983 = ORIENTED_EDGE ( 'NONE', *, *, #804, .T. ) ;
#1984 = FACE_OUTER_BOUND ( 'NONE', #1222, .T. ) ;
#1985 = PRODUCT_DEFINITION_FORMATION_WITH_SPECIFIED_SOURCE ( '�', '', #3449, .NOT_KNOWN. ) ;
#1986 = LINE ( 'NONE', #3457, #1922 ) ;
#1987 = CARTESIAN_POINT ( 'NONE',  ( 24.00000000000000000, 18.00000000000000355, -15.46042971709331226 ) ) ;
#1988 = EDGE_CURVE ( 'NONE', #563, #3471, #1890, .T. ) ;
#1989 = EDGE_CURVE ( 'NONE', #4057, #2558, #3315, .T. ) ;
#1990 = EDGE_LOOP ( 'NONE', ( #1470, #858, #3665, #3093 ) ) ;
#1991 = CARTESIAN_POINT ( 'NONE',  ( 32.39999999999999147, 20.00000000000000000, -107.0000000000000000 ) ) ;
#1992 = DIRECTION ( 'NONE',  ( 6.546126324440781884E-17, 0.000000000000000000, 1.000000000000000000 ) ) ;
#1993 = CARTESIAN_POINT ( 'NONE',  ( 88.00000000000000000, 12.00000000000000000, -7.183796041692184999E-14 ) ) ;
#1994 = PLANE ( 'NONE',  #4075 ) ;
#1995 = VECTOR ( 'NONE', #541, 1000.000000000000000 ) ;
#1996 = DIRECTION ( 'NONE',  ( 0.000000000000000000, -1.000000000000000000, 0.000000000000000000 ) ) ;
#1997 = ORIENTED_EDGE ( 'NONE', *, *, #3972, .F. ) ;
#1998 = LINE ( 'NONE', #1288, #2487 ) ;
#1999 = DIRECTION ( 'NONE',  ( 0.000000000000000000, -0.4690877621129207475, -0.8831515563230877275 ) ) ;
#2000 = ORIENTED_EDGE ( 'NONE', *, *, #994, .F. ) ;
#2001 = CARTESIAN_POINT ( 'NONE',  ( 41.99999999999999289, 12.00000000000000000, 2.000000000000000000 ) ) ;
#2002 = ORIENTED_EDGE ( 'NONE', *, *, #4257, .T. ) ;
#2003 = VECTOR ( 'NONE', #1004, 1000.000000000000000 ) ;
#2004 = PERSON_AND_ORGANIZATION_ROLE ( 'design_owner' ) ;
#2005 = VECTOR ( 'NONE', #3814, 1000.000000000000000 ) ;
#2006 = CARTESIAN_POINT ( 'NONE',  ( 23.99999999999999289, -0.9381755242258444927, -1.766303112646173679 ) ) ;
#2007 = VERTEX_POINT ( 'NONE', #2923 ) ;
#2008 = CARTESIAN_POINT ( 'NONE',  ( 22.00000000000000000, 11.00000000000000000, 1.000000000000000000 ) ) ;
#2009 = LINE ( 'NONE', #3855, #2145 ) ;
#2010 = CARTESIAN_POINT ( 'NONE',  ( 65.99999999999997158, 12.00000000000000000, -140.0000000000000000 ) ) ;
#2011 = ORIENTED_EDGE ( 'NONE', *, *, #3325, .F. ) ;
#2012 = DIRECTION ( 'NONE',  ( -1.296989514749014917E-16, 0.000000000000000000, -1.000000000000000000 ) ) ;
#2013 = EDGE_CURVE ( 'NONE', #4690, #2480, #1795, .T. ) ;
#2014 = EDGE_CURVE ( 'NONE', #847, #1133, #2944, .T. ) ;
#2015 = LINE ( 'NONE', #136, #687 ) ;
#2016 = CARTESIAN_POINT ( 'NONE',  ( 88.00000000000000000, 15.88782070425534521, -10.70346555054058157 ) ) ;
#2017 = DIRECTION ( 'NONE',  ( 1.000000000000000000, -0.000000000000000000, 2.618450529776312753E-16 ) ) ;
#2018 = ORIENTED_EDGE ( 'NONE', *, *, #4532, .F. ) ;
#2020 = LINE ( 'NONE', #3513, #2881 ) ;
#2019 = AXIS2_PLACEMENT_3D ( 'NONE', #3633, #236, #2826 ) ;
#2021 = LINE ( 'NONE', #3515, #2293 ) ;
#2022 = EDGE_LOOP ( 'NONE', ( #4048, #2905, #4244, #3899 ) ) ;
#2023 = DIRECTION ( 'NONE',  ( -1.000000000000000000, 0.000000000000000000, 0.000000000000000000 ) ) ;
#2024 = VERTEX_POINT ( 'NONE', #1401 ) ;
#2025 = PERSON_AND_ORGANIZATION_ROLE ( 'creator' ) ;
#2026 = VECTOR ( 'NONE', #787, 1000.000000000000000 ) ;
#2027 = CARTESIAN_POINT ( 'NONE',  ( 100.3999999999999488, 19.17157287525381193, -106.1715728752538155 ) ) ;
#2028 = ORIENTED_EDGE ( 'NONE', *, *, #3482, .T. ) ;
#2029 = EDGE_CURVE ( 'NONE', #2507, #1291, #380, .T. ) ;
#2030 = CARTESIAN_POINT ( 'NONE',  ( 2.000000000000000000, 6.000000000000000000, -3.186912317060870414 ) ) ;
#2031 = AXIS2_PLACEMENT_3D ( 'NONE', #3764, #2658, #2686 ) ;
#2032 = DIRECTION ( 'NONE',  ( 1.000000000000000000, -0.000000000000000000, -1.296989514749014917E-16 ) ) ;
#2033 = DIRECTION ( 'NONE',  ( 0.000000000000000000, 0.000000000000000000, 1.000000000000000000 ) ) ;
#2034 = CIRCLE ( 'NONE', #1014, 2.000000000000000000 ) ;
#2035 = ORIENTED_EDGE ( 'NONE', *, *, #3246, .F. ) ;
#2036 = CARTESIAN_POINT ( 'NONE',  ( 22.00000000000000000, 12.00000000000000000, 2.000000000000000000 ) ) ;
#2037 = CARTESIAN_POINT ( 'NONE',  ( 116.0126146213455200, 6.000000000000000000, -34.00000000000001421 ) ) ;
#2038 = AXIS2_PLACEMENT_3D ( 'NONE', #3130, #1708, #3895 ) ;
#2039 = CARTESIAN_POINT ( 'NONE',  ( 86.00000000000000000, 10.00000000000000000, 1.000000000000000000 ) ) ;
#2040 = CARTESIAN_POINT ( 'NONE',  ( 78.39999999999996305, 18.00000000000000355, -105.0000000000000000 ) ) ;
#2041 = EDGE_CURVE ( 'NONE', #2184, #4449, #12, .T. ) ;
#2042 = LINE ( 'NONE', #3910, #4704 ) ;
#2043 = TOROIDAL_SURFACE ( 'NONE', #1492, 6.290367580801543568, 2.000000000000000000 ) ;
#2044 = ORIENTED_EDGE ( 'NONE', *, *, #3128, .F. ) ;
#2045 = DIRECTION ( 'NONE',  ( -0.000000000000000000, -1.000000000000000000, -0.000000000000000000 ) ) ;
#2046 = CARTESIAN_POINT ( 'NONE',  ( 0.000000000000000000, 12.00000000000000000, -34.00000000000001421 ) ) ;
#2047 = EDGE_LOOP ( 'NONE', ( #4583, #4295, #4408, #2556 ) ) ;
#2048 = ADVANCED_FACE ( 'NONE', ( #1131 ), #4081, .F. ) ;
#2049 = EDGE_CURVE ( 'NONE', #1758, #3971, #2896, .T. ) ;
#2050 = CARTESIAN_POINT ( 'NONE',  ( 108.0000000000000000, 12.00000000000000000, 2.000000000000000000 ) ) ;
#2051 = ORIENTED_EDGE ( 'NONE', *, *, #995, .T. ) ;
#2052 = ORIENTED_EDGE ( 'NONE', *, *, #2183, .F. ) ;
#2053 = DATE_TIME_ROLE ( 'classification_date' ) ;
#2054 = VECTOR ( 'NONE', #1283, 1000.000000000000000 ) ;
#2055 = DIRECTION ( 'NONE',  ( 0.000000000000000000, 0.000000000000000000, 1.000000000000000000 ) ) ;
#2056 = ORIENTED_EDGE ( 'NONE', *, *, #3612, .T. ) ;
#2057 = CARTESIAN_POINT ( 'NONE',  ( 88.00000000000000000, 10.00000000000000000, 2.335568834063545998E-21 ) ) ;
#2058 = VECTOR ( 'NONE', #2746, 1000.000000000000000 ) ;
#2059 = CARTESIAN_POINT ( 'NONE',  ( 131.9999999999999716, 12.00000000000000000, -1.077569406253827687E-13 ) ) ;
#2060 = ORIENTED_EDGE ( 'NONE', *, *, #4111, .T. ) ;
#2061 = APPROVAL_PERSON_ORGANIZATION ( #390, #729, #1046 ) ;
#2062 = CARTESIAN_POINT ( 'NONE',  ( 2.000000000000000000, 18.00000000000000355, -107.0000000000000000 ) ) ;
#2063 = FACE_OUTER_BOUND ( 'NONE', #1543, .T. ) ;
#2064 = DIRECTION ( 'NONE',  ( -1.000000000000000000, 0.000000000000000000, -0.000000000000000000 ) ) ;
#2065 = CC_DESIGN_APPROVAL ( #1308, ( #3083 ) ) ;
#2066 = DIRECTION ( 'NONE',  ( -0.000000000000000000, -1.000000000000000000, -0.000000000000000000 ) ) ;
#2067 = DIRECTION ( 'NONE',  ( 1.000000000000000000, 0.000000000000000000, -0.000000000000000000 ) ) ;
#2068 = VERTEX_POINT ( 'NONE', #4392 ) ;
#2069 = CARTESIAN_POINT ( 'NONE',  ( 152.0001000000000033, 6.000000000000000000, -140.0000000000000000 ) ) ;
#2070 = CARTESIAN_POINT ( 'NONE',  ( 136.0000000000000284, 6.000000000000000000, -3.186912317060869970 ) ) ;
#2071 = CIRCLE ( 'NONE', #2019, 8.290367580801543568 ) ;
#2072 = ORIENTED_EDGE ( 'NONE', *, *, #4797, .F. ) ;
#2073 = EDGE_CURVE ( 'NONE', #4690, #2930, #4832, .T. ) ;
#2074 = EDGE_CURVE ( 'NONE', #3635, #2498, #2968, .T. ) ;
#2075 = ORIENTED_EDGE ( 'NONE', *, *, #4524, .F. ) ;
#2076 = PERSON_AND_ORGANIZATION ( #1242, #2607 ) ;
#2077 = VERTEX_POINT ( 'NONE', #428 ) ;
#2078 = EDGE_CURVE ( 'NONE', #2870, #3032, #894, .T. ) ;
#2079 = FACE_OUTER_BOUND ( 'NONE', #1785, .T. ) ;
#2080 = ORIENTED_EDGE ( 'NONE', *, *, #1252, .T. ) ;
#2081 = CARTESIAN_POINT ( 'NONE',  ( 22.00000000000000000, 6.000000000000000888, -5.451529285327108454 ) ) ;
#2082 = DIRECTION ( 'NONE',  ( 0.000000000000000000, 0.000000000000000000, -1.000000000000000000 ) ) ;
#2083 = CARTESIAN_POINT ( 'NONE',  ( 0.000000000000000000, 12.00000000000000000, -34.00000000000001421 ) ) ;
#2084 = DIRECTION ( 'NONE',  ( -1.000000000000000000, -0.000000000000000000, -0.000000000000000000 ) ) ;
#2085 = FACE_OUTER_BOUND ( 'NONE', #3772, .T. ) ;
#2086 = ORIENTED_EDGE ( 'NONE', *, *, #3255, .F. ) ;
#2087 = DIRECTION ( 'NONE',  ( -1.309225264888156377E-16, 0.000000000000000000, 1.000000000000000000 ) ) ;
#2088 = DIRECTION ( 'NONE',  ( 0.000000000000000000, -0.000000000000000000, 1.000000000000000000 ) ) ;
#2089 = VERTEX_POINT ( 'NONE', #3784 ) ;
#2090 = VERTEX_POINT ( 'NONE', #4171 ) ;
#2091 = PERSON_AND_ORGANIZATION_ROLE ( 'classification_officer' ) ;
#2092 = EDGE_CURVE ( 'NONE', #4350, #4057, #3273, .T. ) ;
#2093 = DIRECTION ( 'NONE',  ( 0.000000000000000000, 0.000000000000000000, -1.000000000000000000 ) ) ;
#2094 = EDGE_CURVE ( 'NONE', #913, #44, #943, .T. ) ;
#2095 = ORIENTED_EDGE ( 'NONE', *, *, #385, .F. ) ;
#2096 = DIRECTION ( 'NONE',  ( -0.000000000000000000, -0.000000000000000000, -1.000000000000000000 ) ) ;
#2097 = VECTOR ( 'NONE', #4296, 1000.000000000000000 ) ;
#2098 =( LENGTH_UNIT ( ) NAMED_UNIT ( * ) SI_UNIT ( .MILLI., .METRE. ) );
#2099 = EDGE_CURVE ( 'NONE', #79, #1465, #4293, .T. ) ;
#2100 = ORIENTED_EDGE ( 'NONE', *, *, #2125, .T. ) ;
#2101 = VECTOR ( 'NONE', #4607, 1000.000000000000000 ) ;
#2102 = CARTESIAN_POINT ( 'NONE',  ( 110.4002934205927886, 16.40223658499865778, -9.585773318583944658 ) ) ;
#2103 = LINE ( 'NONE', #1392, #1354 ) ;
#2104 = LINE ( 'NONE', #571, #3597 ) ;
#2105 = VECTOR ( 'NONE', #1170, 1000.000000000000000 ) ;
#2106 = CC_DESIGN_PERSON_AND_ORGANIZATION_ASSIGNMENT ( #3797, #2004, ( #4586 ) ) ;
#2107 = ORIENTED_EDGE ( 'NONE', *, *, #2904, .T. ) ;
#2108 = VECTOR ( 'NONE', #3225, 1000.000000000000000 ) ;
#2109 = LINE ( 'NONE', #4321, #1109 ) ;
#2110 = EDGE_CURVE ( 'NONE', #1809, #154, #45, .T. ) ;
#2111 = VECTOR ( 'NONE', #530, 1000.000000000000000 ) ;
#2112 = CYLINDRICAL_SURFACE ( 'NONE', #4702, 2.000000000000001776 ) ;
#2113 = ORIENTED_EDGE ( 'NONE', *, *, #3102, .F. ) ;
#2114 = VECTOR ( 'NONE', #1876, 1000.000000000000000 ) ;
#2115 = ORIENTED_EDGE ( 'NONE', *, *, #4464, .T. ) ;
#2116 = DATE_AND_TIME ( #4654, #967 ) ;
#2117 = FACE_OUTER_BOUND ( 'NONE', #1594, .T. ) ;
#2118 = EDGE_LOOP ( 'NONE', ( #4301, #2400, #4492, #1784 ) ) ;
#2119 = CARTESIAN_POINT ( 'NONE',  ( 10.39999999999999325, 11.70963241919845466, -15.46042971709331226 ) ) ;
#2120 = SHAPE_REPRESENTATION_RELATIONSHIP ( 'NONE' , 'NONE' ,  #1653, #429 ) ;
#2121 = ORIENTED_EDGE ( 'NONE', *, *, #3540, .T. ) ;
#2122 = AXIS2_PLACEMENT_3D ( 'NONE', #635, #403, #4809 ) ;
#2123 = EDGE_CURVE ( 'NONE', #3475, #1584, #3886, .T. ) ;
#2124 = CARTESIAN_POINT ( 'NONE',  ( 110.6766838987074522, 16.55461042105294212, -9.353201415028152610 ) ) ;
#2125 = EDGE_CURVE ( 'NONE', #2663, #1778, #1174, .T. ) ;
#2126 = DIRECTION ( 'NONE',  ( -1.000000000000000000, 0.000000000000000000, -0.000000000000000000 ) ) ;
#2127 = CARTESIAN_POINT ( 'NONE',  ( 102.0126146213455343, 12.00000000000000000, -140.0000000000000000 ) ) ;
#2128 = CIRCLE ( 'NONE', #1199, 2.000000000000001776 ) ;
#2129 = ORIENTED_EDGE ( 'NONE', *, *, #2765, .T. ) ;
#2130 = CYLINDRICAL_SURFACE ( 'NONE', #622, 8.290367580801543568 ) ;
#2131 = ORIENTED_EDGE ( 'NONE', *, *, #3940, .F. ) ;
#2132 = CARTESIAN_POINT ( 'NONE',  ( 11.57157287525380163, 5.999999999999997335, -3.186912317060869082 ) ) ;
#2133 = FACE_OUTER_BOUND ( 'NONE', #2118, .T. ) ;
#2134 = DIRECTION ( 'NONE',  ( 0.000000000000000000, 0.000000000000000000, -1.000000000000000000 ) ) ;
#2135 = ORIENTED_EDGE ( 'NONE', *, *, #3386, .T. ) ;
#2136 = EDGE_LOOP ( 'NONE', ( #1461, #808, #656, #1112, #2933 ) ) ;
#2137 = PLANE ( 'NONE',  #2812 ) ;
#2138 = ORIENTED_EDGE ( 'NONE', *, *, #1800, .T. ) ;
#2139 = DIRECTION ( 'NONE',  ( 1.000000000000000000, 0.000000000000000000, -2.040851148208007012E-16 ) ) ;
#2140 = PERSON_AND_ORGANIZATION_ROLE ( 'creator' ) ;
#2141 = ORIENTED_EDGE ( 'NONE', *, *, #1950, .T. ) ;
#2142 = EDGE_LOOP ( 'NONE', ( #1420, #1147, #4835, #4634 ) ) ;
#2143 = DIRECTION ( 'NONE',  ( -2.618450529776312753E-16, 0.000000000000000000, 1.000000000000000000 ) ) ;
#2144 = CARTESIAN_POINT ( 'NONE',  ( 23.99999999999999289, 6.000000000000000000, -107.0000000000000000 ) ) ;
#2145 = VECTOR ( 'NONE', #2719, 1000.000000000000000 ) ;
#2146 = CARTESIAN_POINT ( 'NONE',  ( 22.40029342059279216, 16.40223658499869330, -9.585773318583974856 ) ) ;
#2147 = ORIENTED_EDGE ( 'NONE', *, *, #4401, .T. ) ;
#2148 = EDGE_CURVE ( 'NONE', #2007, #2364, #2343, .T. ) ;
#2149 = CARTESIAN_POINT ( 'NONE',  ( 108.0000000000000000, 10.00000000000000000, 0.000000000000000000 ) ) ;
#2150 = ADVANCED_FACE ( 'NONE', ( #1579 ), #1569, .T. ) ;
#2151 = ORIENTED_EDGE ( 'NONE', *, *, #3823, .F. ) ;
#2152 = CARTESIAN_POINT ( 'NONE',  ( 109.9999999999999858, 15.72033654559155913, -10.61450599584754784 ) ) ;
#2153 = CARTESIAN_POINT ( 'NONE',  ( 98.39999999999997726, 16.82599622848118770, -8.937162437894405898 ) ) ;
#2154 = DIRECTION ( 'NONE',  ( -0.000000000000000000, -1.000000000000000000, -0.000000000000000000 ) ) ;
#2155 = LINE ( 'NONE', #3245, #3758 ) ;
#2156 = EDGE_CURVE ( 'NONE', #4354, #3349, #34, .T. ) ;
#2157 = ORIENTED_EDGE ( 'NONE', *, *, #1563, .F. ) ;
#2158 = ORIENTED_EDGE ( 'NONE', *, *, #4401, .F. ) ;
#2159 = CARTESIAN_POINT ( 'NONE',  ( 34.39999999999999147, 6.000000000000000000, -105.0000000000000000 ) ) ;
#2160 = LINE ( 'NONE', #317, #3680 ) ;
#2161 = ORIENTED_EDGE ( 'NONE', *, *, #1951, .T. ) ;
#2162 = CARTESIAN_POINT ( 'NONE',  ( 65.99999999999997158, 12.00000000000000000, -140.0000000000000000 ) ) ;
#2163 = EDGE_CURVE ( 'NONE', #4248, #2930, #4217, .T. ) ;
#2164 = ORIENTED_EDGE ( 'NONE', *, *, #2792, .T. ) ;
#2165 = ORIENTED_EDGE ( 'NONE', *, *, #1741, .T. ) ;
#2166 = AXIS2_PLACEMENT_3D ( 'NONE', #2205, #711, #3707 ) ;
#2167 = DIRECTION ( 'NONE',  ( -0.000000000000000000, -1.000000000000000000, -0.000000000000000000 ) ) ;
#2168 = PLANE ( 'NONE',  #108 ) ;
#2169 = VECTOR ( 'NONE', #1080, 1000.000000000000000 ) ;
#2170 = ORIENTED_EDGE ( 'NONE', *, *, #2638, .F. ) ;
#2171 = CARTESIAN_POINT ( 'NONE',  ( 34.39999999999999147, 20.00000000000000000, 0.000000000000000000 ) ) ;
#2172 = CARTESIAN_POINT ( 'NONE',  ( 0.000000000000000000, 12.00000000000000000, -34.00000000000001421 ) ) ;
#2173 = LINE ( 'NONE', #3677, #4529 ) ;
#2174 = VECTOR ( 'NONE', #445, 999.9999999999998863 ) ;
#2175 = CARTESIAN_POINT ( 'NONE',  ( 14.01261462134556979, 12.00000000000000000, -1.834566908940680809E-15 ) ) ;
#2176 = EDGE_CURVE ( 'NONE', #3194, #202, #4513, .T. ) ;
#2177 = CARTESIAN_POINT ( 'NONE',  ( 100.3999999999999773, 5.999999999999999112, -5.451529285327106678 ) ) ;
#2178 = DIRECTION ( 'NONE',  ( 1.000000000000000000, -0.000000000000000000, 0.000000000000000000 ) ) ;
#2179 = VECTOR ( 'NONE', #1369, 1000.000000000000000 ) ;
#2180 = ORIENTED_EDGE ( 'NONE', *, *, #2542, .F. ) ;
#2181 = AXIS2_PLACEMENT_3D ( 'NONE', #1627, #480, #3810 ) ;
#2182 = LINE ( 'NONE', #2926, #4456 ) ;
#2183 = EDGE_CURVE ( 'NONE', #1619, #4403, #1232, .T. ) ;
#2184 = VERTEX_POINT ( 'NONE', #871 ) ;
#2185 = ADVANCED_FACE ( 'NONE', ( #3862 ), #1994, .F. ) ;
#2186 = CIRCLE ( 'NONE', #171, 2.000000000000001776 ) ;
#2187 = FACE_OUTER_BOUND ( 'NONE', #4597, .T. ) ;
#2188 = LINE ( 'NONE', #3688, #2900 ) ;
#2189 = VERTEX_POINT ( 'NONE', #2651 ) ;
#2190 = VECTOR ( 'NONE', #4487, 1000.000000000000000 ) ;
#2191 = LINE ( 'NONE', #2304, #434 ) ;
#2192 = APPROVAL_STATUS ( 'not_yet_approved' ) ;
#2193 = ORIENTED_EDGE ( 'NONE', *, *, #779, .F. ) ;
#2194 = ORIENTED_EDGE ( 'NONE', *, *, #3239, .F. ) ;
#2195 = CARTESIAN_POINT ( 'NONE',  ( 0.000000000000000000, 12.00000000000000000, 0.000000000000000000 ) ) ;
#2196 = ADVANCED_FACE ( 'NONE', ( #1679 ), #4360, .T. ) ;
#2197 = DIRECTION ( 'NONE',  ( -0.000000000000000000, -1.000000000000000000, -0.000000000000000000 ) ) ;
#2198 = LINE ( 'NONE', #3626, #1016 ) ;
#2199 = ORIENTED_EDGE ( 'NONE', *, *, #1240, .T. ) ;
#2200 = CIRCLE ( 'NONE', #1590, 2.000000000000001776 ) ;
#2201 = CARTESIAN_POINT ( 'NONE',  ( 77.04571059545871492, 16.76983701248526160, -9.023463603025618340 ) ) ;
#2202 = DIRECTION ( 'NONE',  ( 7.930164461608260440E-16, 0.000000000000000000, 1.000000000000000000 ) ) ;
#2203 = CARTESIAN_POINT ( 'NONE',  ( 44.00000000000000000, 11.00000000000000000, 1.000000000000000000 ) ) ;
#2204 = VECTOR ( 'NONE', #523, 1000.000000000000000 ) ;
#2205 = CARTESIAN_POINT ( 'NONE',  ( 0.000000000000000000, 12.00000000000000000, -34.00000000000001421 ) ) ;
#2206 = CARTESIAN_POINT ( 'NONE',  ( 152.0001000000000033, 6.000000000000000000, -140.0000000000000000 ) ) ;
#2207 = ORIENTED_EDGE ( 'NONE', *, *, #2761, .F. ) ;
#2208 = SECURITY_CLASSIFICATION ( '', '', #2762 ) ;
#2209 = ORIENTED_EDGE ( 'NONE', *, *, #2761, .T. ) ;
#2210 = LINE ( 'NONE', #4156, #2664 ) ;
#2211 = DIRECTION ( 'NONE',  ( -0.000000000000000000, 1.000000000000000000, -0.000000000000000000 ) ) ;
#2212 = VERTEX_POINT ( 'NONE', #918 ) ;
#2213 = EDGE_CURVE ( 'NONE', #2068, #140, #3933, .T. ) ;
#2214 = EDGE_CURVE ( 'NONE', #713, #1483, #1746, .T. ) ;
#2215 = AXIS2_PLACEMENT_3D ( 'NONE', #2906, #1764, #3414 ) ;
#2216 = APPLICATION_PROTOCOL_DEFINITION ( 'international standard', 'config_control_design', 1994, #1094 ) ;
#2217 = VERTEX_POINT ( 'NONE', #3603 ) ;
#2218 = EDGE_LOOP ( 'NONE', ( #4275, #4676, #4468, #3285, #676, #3233, #244 ) ) ;
#2219 = EDGE_CURVE ( 'NONE', #459, #3328, #4630, .T. ) ;
#2220 = LINE ( 'NONE', #1051, #3808 ) ;
#2221 = CARTESIAN_POINT ( 'NONE',  ( 88.00000000000000000, 10.00000000000000000, 2.000000000000000000 ) ) ;
#2222 = DIRECTION ( 'NONE',  ( 0.000000000000000000, 0.000000000000000000, -1.000000000000000000 ) ) ;
#2223 = VERTEX_POINT ( 'NONE', #2040 ) ;
#2224 = DIRECTION ( 'NONE',  ( 0.000000000000000000, -0.8831515563230877275, 0.4690877621129207475 ) ) ;
#2225 = CARTESIAN_POINT ( 'NONE',  ( 116.0126146213455485, 12.00000000000000000, -140.0000000000000000 ) ) ;
#2226 = VECTOR ( 'NONE', #3827, 1000.000000000000000 ) ;
#2227 = LINE ( 'NONE', #4462, #2832 ) ;
#2228 = FACE_OUTER_BOUND ( 'NONE', #351, .T. ) ;
#2229 = CARTESIAN_POINT ( 'NONE',  ( 109.9999999999999858, 6.000000000000001776, -5.451529285327108454 ) ) ;
#2230 = EDGE_CURVE ( 'NONE', #1141, #1703, #961, .T. ) ;
#2231 = ORIENTED_EDGE ( 'NONE', *, *, #3246, .T. ) ;
#2232 = EDGE_LOOP ( 'NONE', ( #2135, #1416, #4470, #3841 ) ) ;
#2233 = LINE ( 'NONE', #2284, #3525 ) ;
#2234 = CARTESIAN_POINT ( 'NONE',  ( 22.82842712474618452, 6.000000000000001776, -3.186912317060869970 ) ) ;
#2235 = ORIENTED_EDGE ( 'NONE', *, *, #3240, .F. ) ;
#2236 = PERSON_AND_ORGANIZATION ( #1242, #2607 ) ;
#2237 = EDGE_CURVE ( 'NONE', #3554, #391, #3959, .T. ) ;
#2238 = PLANE ( 'NONE',  #2421 ) ;
#2239 = EDGE_LOOP ( 'NONE', ( #3825, #3050, #3268, #3504 ) ) ;
#2240 = DIRECTION ( 'NONE',  ( 8.163404592832028049E-16, -0.000000000000000000, 1.000000000000000000 ) ) ;
#2241 = CARTESIAN_POINT ( 'NONE',  ( 124.0126146213455058, 12.00000000000000000, -34.00000000000001421 ) ) ;
#2242 = EDGE_CURVE ( 'NONE', #389, #4394, #2475, .T. ) ;
#2243 = VERTEX_POINT ( 'NONE', #609 ) ;
#2244 = CARTESIAN_POINT ( 'NONE',  ( 87.99999999999997158, 18.00000000000000355, -105.0000000000000000 ) ) ;
#2245 = DIRECTION ( 'NONE',  ( 0.000000000000000000, -1.000000000000000000, 0.000000000000000000 ) ) ;
#2246 = DIRECTION ( 'NONE',  ( 1.000000000000000000, 0.000000000000000000, 0.000000000000000000 ) ) ;
#2247 = VECTOR ( 'NONE', #1705, 1000.000000000000000 ) ;
#2248 = LINE ( 'NONE', #3020, #2342 ) ;
#2249 = ORIENTED_EDGE ( 'NONE', *, *, #3630, .F. ) ;
#2250 = CLOSED_SHELL ( 'NONE', ( #911, #4086, #683, #1687, #3366, #1660, #4657, #4351, #3111, #4495 ) ) ;
#2251 = CARTESIAN_POINT ( 'NONE',  ( 136.0000000000000284, 20.00000000000000000, -15.46042971709331226 ) ) ;
#2252 = ORIENTED_EDGE ( 'NONE', *, *, #69, .F. ) ;
#2253 = CARTESIAN_POINT ( 'NONE',  ( 0.000000000000000000, 6.000000000000000000, -34.00000000000001421 ) ) ;
#2254 = AXIS2_PLACEMENT_3D ( 'NONE', #4765, #1408, #4060 ) ;
#2255 = APPROVAL ( #3969, '未' ) ;
#2256 = AXIS2_PLACEMENT_3D ( 'NONE', #113, #3384, #4593 ) ;
#2257 = CARTESIAN_POINT ( 'NONE',  ( 33.99970657940718866, 16.40223658499869686, -9.585773318583974856 ) ) ;
#2258 = CARTESIAN_POINT ( 'NONE',  ( 122.5125869649335613, 6.000000000000000000, -107.0000000000000000 ) ) ;
#2259 = ORIENTED_EDGE ( 'NONE', *, *, #4434, .F. ) ;
#2260 = VECTOR ( 'NONE', #4467, 1000.000000000000000 ) ;
#2261 = APPROVAL_ROLE ( '' ) ;
#2262 = CARTESIAN_POINT ( 'NONE',  ( 78.39999999999997726, 18.00000000000000355, 0.000000000000000000 ) ) ;
#2263 = VECTOR ( 'NONE', #4753, 1000.000000000000000 ) ;
#2264 = ORIENTED_EDGE ( 'NONE', *, *, #3453, .T. ) ;
#2265 = CARTESIAN_POINT ( 'NONE',  ( 0.000000000000000000, 6.000000000000000000, 0.000000000000000000 ) ) ;
#2266 = CARTESIAN_POINT ( 'NONE',  ( 78.39999999999994884, 19.17157287525381193, -106.1715728752538155 ) ) ;
#2267 = AXIS2_PLACEMENT_3D ( 'NONE', #4521, #3395, #2714 ) ;
#2268 = CARTESIAN_POINT ( 'NONE',  ( 34.39999999999999147, 20.00000000000000000, -105.0000000000000000 ) ) ;
#2269 = ORIENTED_EDGE ( 'NONE', *, *, #3941, .F. ) ;
#2270 = LINE ( 'NONE', #2990, #2190 ) ;
#2271 = ADVANCED_FACE ( 'NONE', ( #2799 ), #3909, .F. ) ;
#2272 = EDGE_CURVE ( 'NONE', #2068, #4126, #2104, .T. ) ;
#2273 = DIRECTION ( 'NONE',  ( 1.000000000000000000, -0.000000000000000000, 0.000000000000000000 ) ) ;
#2274 = DIRECTION ( 'NONE',  ( -1.000000000000000000, 0.000000000000000000, 0.000000000000000000 ) ) ;
#2275 = CARTESIAN_POINT ( 'NONE',  ( 0.000000000000000000, 15.72033654559156268, -10.61450599584755139 ) ) ;
#2276 = DIRECTION ( 'NONE',  ( -1.296989514749014917E-16, 0.000000000000000000, -1.000000000000000000 ) ) ;
#2277 = ORIENTED_EDGE ( 'NONE', *, *, #1503, .F. ) ;
#2278 = AXIS2_PLACEMENT_3D ( 'NONE', #4715, #1754, #285 ) ;
#2279 = DIRECTION ( 'NONE',  ( 0.000000000000000000, 0.000000000000000000, -1.000000000000000000 ) ) ;
#2280 = DIRECTION ( 'NONE',  ( -1.000000000000000000, 0.000000000000000000, 0.000000000000000000 ) ) ;
#2281 = ORIENTED_EDGE ( 'NONE', *, *, #964, .T. ) ;
#2282 = DIRECTION ( 'NONE',  ( -2.593979029498029835E-16, 0.000000000000000000, -1.000000000000000000 ) ) ;
#2283 = CIRCLE ( 'NONE', #3542, 2.000000000000001776 ) ;
#2284 = CARTESIAN_POINT ( 'NONE',  ( 109.9999999999999858, 12.00000000000000000, 2.000000000000000000 ) ) ;
#2285 = CARTESIAN_POINT ( 'NONE',  ( 88.00000000000000000, 11.70963241919845466, -15.46042971709331226 ) ) ;
#2286 = ORIENTED_EDGE ( 'NONE', *, *, #2078, .T. ) ;
#2287 = CALENDAR_DATE ( 2025, 8, 12 ) ;
#2288 = DIRECTION ( 'NONE',  ( 1.000000000000000000, 0.000000000000000000, -6.546126324440781884E-17 ) ) ;
#2289 = ORIENTED_EDGE ( 'NONE', *, *, #1988, .T. ) ;
#2290 = VERTEX_POINT ( 'NONE', #3171 ) ;
#2291 = CARTESIAN_POINT ( 'NONE',  ( 20.00000000000000000, 12.00000000000000000, 0.000000000000000000 ) ) ;
#2292 = LINE ( 'NONE', #2010, #4095 ) ;
#2293 = VECTOR ( 'NONE', #3608, 1000.000000000000000 ) ;
#2294 = ORIENTED_EDGE ( 'NONE', *, *, #2369, .T. ) ;
#2295 = CARTESIAN_POINT ( 'NONE',  ( 152.0000000000000000, 10.00000000000000000, 1.000000000000000000 ) ) ;
#2296 = LINE ( 'NONE', #2380, #2466 ) ;
#2297 = DIRECTION ( 'NONE',  ( -1.000000000000000000, 0.000000000000000000, 0.000000000000000000 ) ) ;
#2298 = DIRECTION ( 'NONE',  ( 0.000000000000000000, 8.273237392062365396E-16, 1.000000000000000000 ) ) ;
#2299 = ADVANCED_FACE ( 'NONE', ( #1723 ), #1307, .T. ) ;
#2300 = EDGE_CURVE ( 'NONE', #89, #3955, #3672, .T. ) ;
#2301 = CARTESIAN_POINT ( 'NONE',  ( 152.0001000000000033, 6.000000000000000000, 0.000000000000000000 ) ) ;
#2302 = ORIENTED_EDGE ( 'NONE', *, *, #2272, .F. ) ;
#2303 = DIRECTION ( 'NONE',  ( 0.000000000000000000, 0.000000000000000000, 1.000000000000000000 ) ) ;
#2304 = CARTESIAN_POINT ( 'NONE',  ( 28.01261462134556979, 12.00000000000000000, -3.667482279784099589E-15 ) ) ;
#2305 = EDGE_LOOP ( 'NONE', ( #3227, #2259, #123, #2438 ) ) ;
#2306 = EDGE_CURVE ( 'NONE', #3543, #563, #4003, .T. ) ;
#2307 = VECTOR ( 'NONE', #3279, 1000.000000000000000 ) ;
#2308 = CARTESIAN_POINT ( 'NONE',  ( 98.91850403880559384, 16.79096827369378531, -8.990998231668896779 ) ) ;
#2309 = CARTESIAN_POINT ( 'NONE',  ( 136.0000000000000284, 0.000000000000000000, 0.000000000000000000 ) ) ;
#2310 = DIRECTION ( 'NONE',  ( -1.000000000000000000, -0.000000000000000000, 2.593979029498029835E-16 ) ) ;
#2311 = ORIENTED_EDGE ( 'NONE', *, *, #3344, .T. ) ;
#2312 = APPLICATION_PROTOCOL_DEFINITION ( 'international standard', 'config_control_design', 1994, #2442 ) ;
#2313 = EDGE_LOOP ( 'NONE', ( #1201, #2348, #4271, #3800 ) ) ;
#2314 = DIRECTION ( 'NONE',  ( 0.000000000000000000, -0.000000000000000000, 1.000000000000000000 ) ) ;
#2315 = CARTESIAN_POINT ( 'NONE',  ( 32.39999999999998437, 16.82599622848118059, -8.937162437894402345 ) ) ;
#2316 = FACE_OUTER_BOUND ( 'NONE', #2523, .T. ) ;
#2317 = EDGE_CURVE ( 'NONE', #552, #2329, #211, .T. ) ;
#2318 = ORIENTED_EDGE ( 'NONE', *, *, #4049, .F. ) ;
#2319 = CARTESIAN_POINT ( 'NONE',  ( 0.000000000000000000, 12.00000000000000000, -34.00000000000001421 ) ) ;
#2320 = DIRECTION ( 'NONE',  ( 8.163404592832028049E-16, -0.000000000000000000, 1.000000000000000000 ) ) ;
#2321 = DIRECTION ( 'NONE',  ( 0.000000000000000000, 8.273237392062365396E-16, 1.000000000000000000 ) ) ;
#2322 = CARTESIAN_POINT ( 'NONE',  ( 0.05273035048480612108, 16.01312732624580804, -10.17546327564967434 ) ) ;
#2323 = DIRECTION ( 'NONE',  ( 0.000000000000000000, 0.8831515563230876165, -0.4690877621129207475 ) ) ;
#2324 = ORIENTED_EDGE ( 'NONE', *, *, #2092, .F. ) ;
#2325 = LINE ( 'NONE', #1582, #2808 ) ;
#2326 = EDGE_CURVE ( 'NONE', #874, #1574, #1458, .T. ) ;
#2327 = AXIS2_PLACEMENT_3D ( 'NONE', #1237, #3124, #2728 ) ;
#2328 = LINE ( 'NONE', #457, #4337 ) ;
#2329 = VERTEX_POINT ( 'NONE', #2451 ) ;
#2330 = CARTESIAN_POINT ( 'NONE',  ( 99.72331610129253932, 16.55461042105296698, -9.353201415028182808 ) ) ;
#2331 = CARTESIAN_POINT ( 'NONE',  ( 22.00000000000000000, 10.00000000000000000, 2.000000000000000000 ) ) ;
#2332 = VECTOR ( 'NONE', #1644, 1000.000000000000000 ) ;
#2333 = CARTESIAN_POINT ( 'NONE',  ( 23.99999999999999289, 11.70963241919845466, -15.46042971709331226 ) ) ;
#2334 = ORIENTED_EDGE ( 'NONE', *, *, #658, .F. ) ;
#2335 = EDGE_CURVE ( 'NONE', #1949, #140, #591, .T. ) ;
#2337 = MANIFOLD_SOLID_BREP ( '\X2\52079664\X0\-\X2\62c94f38\X0\1[4]', #1399 ) ;
#2336 = EDGE_CURVE ( 'NONE', #1523, #2636, #1285, .T. ) ;
#2338 = VECTOR ( 'NONE', #3345, 1000.000000000000000 ) ;
#2339 = PERSON_AND_ORGANIZATION_ROLE ( 'creator' ) ;
#2340 = VERTEX_POINT ( 'NONE', #3308 ) ;
#2341 = CARTESIAN_POINT ( 'NONE',  ( 34.39999999999999147, 18.00000000000000355, -15.46042971709331226 ) ) ;
#2342 = VECTOR ( 'NONE', #1846, 1000.000000000000000 ) ;
#2343 = CIRCLE ( 'NONE', #4376, 1.000000000000000000 ) ;
#2344 = EDGE_CURVE ( 'NONE', #2329, #2757, #4802, .T. ) ;
#2345 = CARTESIAN_POINT ( 'NONE',  ( 102.0126146213455343, 12.00000000000000000, -34.00000000000001421 ) ) ;
#2346 = CARTESIAN_POINT ( 'NONE',  ( 68.00000000000000000, 1.796633966435601906E-16, -9.542858194805902252E-17 ) ) ;
#2347 = VECTOR ( 'NONE', #4393, 1000.000000000000000 ) ;
#2348 = ORIENTED_EDGE ( 'NONE', *, *, #1079, .F. ) ;
#2349 = CARTESIAN_POINT ( 'NONE',  ( 88.67668389870746637, 16.55461042105294567, -9.353201415028163268 ) ) ;
#2350 = B_SPLINE_CURVE_WITH_KNOTS ( 'NONE', 3,
 ( #4000, #3599, #4338, #3957, #1675, #4665, #2449, #629, #2124, #2102, #983, #1744, #2472, #3976 ),
 .UNSPECIFIED., .F., .F.,
 ( 4, 2, 2, 2, 2, 2, 4 ),
 ( 0.000000000000000000, 0.0003914435603716396607, 0.0007828871207432793215, 0.001174330681114919145, 0.001565774241486558643, 0.002348661362229834820, 0.003131548482973111214 ),
 .UNSPECIFIED. ) ;
#2351 = VECTOR ( 'NONE', #3703, 1000.000000000000000 ) ;
#2352 = CARTESIAN_POINT ( 'NONE',  ( 120.3999999999999631, 16.82599622848118059, -8.937162437894402345 ) ) ;
#2353 = CC_DESIGN_PERSON_AND_ORGANIZATION_ASSIGNMENT ( #3109, #465, ( #3449 ) ) ;
#2354 = CARTESIAN_POINT ( 'NONE',  ( 136.0000000000000284, 11.70963241919845466, -15.46042971709331226 ) ) ;
#2355 = CARTESIAN_POINT ( 'NONE',  ( 129.9999999999999716, 11.00000000000000000, 1.000000000000000000 ) ) ;
#2356 = FACE_OUTER_BOUND ( 'NONE', #1869, .T. ) ;
#2357 = MANIFOLD_SOLID_BREP ( '\X2\52079664\X0\-\X2\62c94f38\X0\2[6]', #1793 ) ;
#2358 = ORIENTED_EDGE ( 'NONE', *, *, #2237, .F. ) ;
#2359 = PLANE ( 'NONE',  #311 ) ;
#2360 = LINE ( 'NONE', #91, #4260 ) ;
#2361 = ORIENTED_EDGE ( 'NONE', *, *, #3544, .F. ) ;
#2362 = ORIENTED_EDGE ( 'NONE', *, *, #3934, .T. ) ;
#2363 = CARTESIAN_POINT ( 'NONE',  ( 120.3999999999999488, 6.000000000000000000, -107.0000000000000000 ) ) ;
#2364 = VERTEX_POINT ( 'NONE', #278 ) ;
#2365 = AXIS2_PLACEMENT_3D ( 'NONE', #1652, #1626, #2321 ) ;
#2366 = MANIFOLD_SOLID_BREP ( '\X2\52079664\X0\-\X2\62c94f38\X0\1[5]', #4533 ) ;
#2367 = APPROVAL_STATUS ( 'not_yet_approved' ) ;
#2368 = AXIS2_PLACEMENT_3D ( 'NONE', #77, #4236, #4531 ) ;
#2369 = EDGE_CURVE ( 'NONE', #4763, #1881, #3353, .T. ) ;
#2370 = CARTESIAN_POINT ( 'NONE',  ( 136.0000000000000284, 11.70963241919845466, -15.46042971709331226 ) ) ;
#2371 = EDGE_CURVE ( 'NONE', #2531, #4398, #4484, .T. ) ;
#2372 = ORIENTED_EDGE ( 'NONE', *, *, #1209, .F. ) ;
#2373 = LINE ( 'NONE', #4678, #3046 ) ;
#2374 = LOCAL_TIME ( 19, 17, 44.00000000000000000, #2857 ) ;
#2375 = CARTESIAN_POINT ( 'NONE',  ( 20.00000000000000000, 6.000000000000000000, 0.000000000000000000 ) ) ;
#2376 = DIRECTION ( 'NONE',  ( 0.000000000000000000, -0.000000000000000000, 1.000000000000000000 ) ) ;
#2377 = EDGE_CURVE ( 'NONE', #2911, #4248, #1030, .T. ) ;
#2378 = VERTEX_POINT ( 'NONE', #3670 ) ;
#2379 = CARTESIAN_POINT ( 'NONE',  ( 122.3999999999999631, 6.000000000000000000, 0.000000000000000000 ) ) ;
#2380 = CARTESIAN_POINT ( 'NONE',  ( 0.000000000000000000, 12.00000000000000000, -140.0000000000000000 ) ) ;
#2381 = CYLINDRICAL_SURFACE ( 'NONE', #2989, 2.000000000000001776 ) ;
#2382 = CARTESIAN_POINT ( 'NONE',  ( 5.607358110823469231E-16, 15.86546461513200335, -10.39761313908265095 ) ) ;
#2383 = VECTOR ( 'NONE', #565, 1000.000000000000000 ) ;
#2384 = CARTESIAN_POINT ( 'NONE',  ( 78.39999999999996305, 6.000000000000000000, -105.0000000000000000 ) ) ;
#2385 = VERTEX_POINT ( 'NONE', #4454 ) ;
#2386 = DIRECTION ( 'NONE',  ( 1.000000000000000000, 0.000000000000000000, 0.000000000000000000 ) ) ;
#2387 = DIRECTION ( 'NONE',  ( 1.982541115402065110E-16, 0.000000000000000000, 1.000000000000000000 ) ) ;
#2388 = ORIENTED_EDGE ( 'NONE', *, *, #2214, .F. ) ;
#2389 = VERTEX_POINT ( 'NONE', #1419 ) ;
#2390 = PLANE ( 'NONE',  #3520 ) ;
#2391 = ADVANCED_FACE ( 'NONE', ( #4407 ), #706, .F. ) ;
#2392 = ORIENTED_EDGE ( 'NONE', *, *, #4324, .F. ) ;
#2393 = DATE_TIME_ROLE ( 'classification_date' ) ;
#2394 = CYLINDRICAL_SURFACE ( 'NONE', #3360, 1.999999999999999778 ) ;
#2395 = VERTEX_POINT ( 'NONE', #1469 ) ;
#2396 = CYLINDRICAL_SURFACE ( 'NONE', #2960, 1.999999999999999778 ) ;
#2397 = CARTESIAN_POINT ( 'NONE',  ( 122.5125869649335613, 6.000000000000000000, -107.0000000000000000 ) ) ;
#2398 = ADVANCED_FACE ( 'NONE', ( #1770 ), #4384, .F. ) ;
#2399 = LINE ( 'NONE', #1646, #264 ) ;
#2400 = ORIENTED_EDGE ( 'NONE', *, *, #4358, .T. ) ;
#2401 = PLANE ( 'NONE',  #1880 ) ;
#2402 = CARTESIAN_POINT ( 'NONE',  ( 28.01261462134556623, 12.00000000000000000, -34.00000000000001421 ) ) ;
#2403 = EDGE_CURVE ( 'NONE', #1758, #1493, #1092, .T. ) ;
#2404 = CARTESIAN_POINT ( 'NONE',  ( 98.39999999999997726, 6.000000000000000000, -3.186912317060869970 ) ) ;
#2405 = CARTESIAN_POINT ( 'NONE',  ( 66.00000000000000000, 5.999999999999999112, -5.451529285327106678 ) ) ;
#2406 = PLANE ( 'NONE',  #873 ) ;
#2407 = ORIENTED_EDGE ( 'NONE', *, *, #3704, .T. ) ;
#2408 = CARTESIAN_POINT ( 'NONE',  ( 22.00000000000000000, 10.00000000000000000, 2.000000000000000000 ) ) ;
#2409 = CARTESIAN_POINT ( 'NONE',  ( 120.3999999999999631, 6.000000000000000000, -3.186912317060869970 ) ) ;
#2410 = FACE_OUTER_BOUND ( 'NONE', #4628, .T. ) ;
#2411 = EDGE_LOOP ( 'NONE', ( #3348, #2165, #2281, #814, #1697 ) ) ;
#2412 = MANIFOLD_SOLID_BREP ( '\X2\52079664\X0\-\X2\62c94f38\X0\1[2]', #4300 ) ;
#2413 = ORIENTED_EDGE ( 'NONE', *, *, #3594, .T. ) ;
#2414 = COORDINATED_UNIVERSAL_TIME_OFFSET ( 8, 0, .AHEAD. ) ;
#2415 = AXIS2_PLACEMENT_3D ( 'NONE', #3076, #4571, #3536 ) ;
#2416 = DIRECTION ( 'NONE',  ( 0.000000000000000000, 0.000000000000000000, -1.000000000000000000 ) ) ;
#2417 = EDGE_LOOP ( 'NONE', ( #4677, #248, #1613, #4705, #3388, #3067, #2277 ) ) ;
#2418 = DIRECTION ( 'NONE',  ( -0.000000000000000000, -1.000000000000000000, -0.000000000000000000 ) ) ;
#2419 = VECTOR ( 'NONE', #3826, 1000.000000000000000 ) ;
#2420 = LINE ( 'NONE', #4703, #1995 ) ;
#2421 = AXIS2_PLACEMENT_3D ( 'NONE', #698, #370, #3741 ) ;
#2422 = VECTOR ( 'NONE', #3647, 1000.000000000000000 ) ;
#2423 = ORIENTED_EDGE ( 'NONE', *, *, #2073, .T. ) ;
#2424 = DIRECTION ( 'NONE',  ( -1.000000000000000000, 0.000000000000000000, 0.000000000000000000 ) ) ;
#2425 = DIRECTION ( 'NONE',  ( 0.000000000000000000, 0.000000000000000000, 1.000000000000000000 ) ) ;
#2426 = VECTOR ( 'NONE', #4569, 1000.000000000000000 ) ;
#2427 = CARTESIAN_POINT ( 'NONE',  ( 0.000000000000000000, 12.00000000000000000, -140.0000000000000000 ) ) ;
#2428 = B_SPLINE_CURVE_WITH_KNOTS ( 'NONE', 3,
 ( #1891, #1478, #2969, #406, #35, #2995, #2605, #2653, #1186, #1528, #360, #4124, #792, #1107 ),
 .UNSPECIFIED., .F., .F.,
 ( 4, 2, 2, 2, 2, 2, 4 ),
 ( 0.000000000000000000, 0.0003914435603716386308, 0.0007828871207432772615, 0.001174330681114915892, 0.001565774241486554523, 0.002348661362229835688, 0.003131548482973117286 ),
 .UNSPECIFIED. ) ;
#2429 = DIRECTION ( 'NONE',  ( -0.000000000000000000, -1.000000000000000000, -0.000000000000000000 ) ) ;
#2430 = EDGE_CURVE ( 'NONE', #2480, #742, #3726, .T. ) ;
#2431 = CARTESIAN_POINT ( 'NONE',  ( 152.0001000000000033, 6.000000000000000000, -140.0000000000000000 ) ) ;
#2432 = EDGE_CURVE ( 'NONE', #1584, #467, #309, .T. ) ;
#2433 = VECTOR ( 'NONE', #3286, 1000.000000000000000 ) ;
#2434 = ORIENTED_EDGE ( 'NONE', *, *, #4465, .T. ) ;
#2435 =( BOUNDED_CURVE ( )  B_SPLINE_CURVE ( 3, ( #386, #4202, #3844, #3054 ),
 .UNSPECIFIED., .F., .F. ) 
 B_SPLINE_CURVE_WITH_KNOTS ( ( 4, 4 ),
 ( 1.570796326794896558, 3.141592653589793116 ),
 .UNSPECIFIED. ) 
 CURVE ( )  GEOMETRIC_REPRESENTATION_ITEM ( )  RATIONAL_B_SPLINE_CURVE ( ( 1.000000000000000000, 0.8047378541243649375, 0.8047378541243649375, 1.000000000000000000 ) ) 
 REPRESENTATION_ITEM ( '' )  );
#2436 = CARTESIAN_POINT ( 'NONE',  ( 94.01261462134554847, 12.00000000000000000, -140.0000000000000000 ) ) ;
#2437 = DIRECTION ( 'NONE',  ( -1.000000000000000000, 0.000000000000000000, 1.296989514749014917E-16 ) ) ;
#2438 = ORIENTED_EDGE ( 'NONE', *, *, #306, .F. ) ;
#2439 = ORIENTED_EDGE ( 'NONE', *, *, #106, .T. ) ;
#2440 = SECURITY_CLASSIFICATION_LEVEL ( 'unclassified' ) ;
#2441 = AXIS2_PLACEMENT_3D ( 'NONE', #2354, #3507, #3488 ) ;
#2442 = APPLICATION_CONTEXT ( 'configuration controlled 3d designs of mechanical parts and assemblies' ) ;
#2443 = ORIENTED_EDGE ( 'NONE', *, *, #369, .F. ) ;
#2444 = PLANE ( 'NONE',  #4729 ) ;
#2445 =( NAMED_UNIT ( * ) PLANE_ANGLE_UNIT ( ) SI_UNIT ( $, .RADIAN. ) );
#2446 = VERTEX_POINT ( 'NONE', #4073 ) ;
#2447 = SECURITY_CLASSIFICATION ( '', '', #1343 ) ;
#2448 = DIRECTION ( 'NONE',  ( 2.618450529776312753E-16, 0.000000000000000000, -1.000000000000000000 ) ) ;
#2449 = CARTESIAN_POINT ( 'NONE',  ( 110.9969829552023128, 16.68091528026164028, -9.159890139030020251 ) ) ;
#2450 = CARTESIAN_POINT ( 'NONE',  ( 98.39999999999996305, 6.000000000000000000, -105.0000000000000000 ) ) ;
#2451 = CARTESIAN_POINT ( 'NONE',  ( 21.99999999999999289, 18.00000000000000355, -105.0000000000000000 ) ) ;
#2452 = LINE ( 'NONE', #4362, #1182 ) ;
#2453 = ORIENTED_EDGE ( 'NONE', *, *, #1856, .F. ) ;
#2454 = LINE ( 'NONE', #3583, #856 ) ;
#2455 = VECTOR ( 'NONE', #4423, 1000.000000000000000 ) ;
#2456 = PLANE ( 'NONE',  #3302 ) ;
#2457 = EDGE_CURVE ( 'NONE', #2329, #617, #3496, .T. ) ;
#2458 = VERTEX_POINT ( 'NONE', #2127 ) ;
#2459 = EDGE_CURVE ( 'NONE', #4822, #1498, #2198, .T. ) ;
#2460 =( BOUNDED_CURVE ( )  B_SPLINE_CURVE ( 3, ( #4298, #4572, #1683, #2409 ),
 .UNSPECIFIED., .F., .F. ) 
 B_SPLINE_CURVE_WITH_KNOTS ( ( 4, 4 ),
 ( 4.712388980384689674, 6.283185307179586232 ),
 .UNSPECIFIED. ) 
 CURVE ( )  GEOMETRIC_REPRESENTATION_ITEM ( )  RATIONAL_B_SPLINE_CURVE ( ( 1.000000000000000000, 0.8047378541243649375, 0.8047378541243649375, 1.000000000000000000 ) ) 
 REPRESENTATION_ITEM ( '' )  );
#2461 = ORIENTED_EDGE ( 'NONE', *, *, #934, .T. ) ;
#2462 = ORIENTED_EDGE ( 'NONE', *, *, #2638, .T. ) ;
#2463 = EDGE_CURVE ( 'NONE', #3822, #3061, #4416, .T. ) ;
#2464 = CYLINDRICAL_SURFACE ( 'NONE', #392, 2.000000000000001776 ) ;
#2465 = ORIENTED_EDGE ( 'NONE', *, *, #2242, .T. ) ;
#2466 = VECTOR ( 'NONE', #2273, 1000.000000000000000 ) ;
#2467 = AXIS2_PLACEMENT_3D ( 'NONE', #2709, #2779, #4274 ) ;
#2468 = DIRECTION ( 'NONE',  ( 0.000000000000000000, 0.000000000000000000, -1.000000000000000000 ) ) ;
#2469 = PRODUCT_DEFINITION_SHAPE ( 'NONE', 'NONE',  #3374 ) ;
#2470 = DIRECTION ( 'NONE',  ( -1.000000000000000000, -0.000000000000000000, -0.000000000000000000 ) ) ;
#2471 = EDGE_LOOP ( 'NONE', ( #2147, #1831, #3658, #3650 ) ) ;
#2472 = CARTESIAN_POINT ( 'NONE',  ( 109.9999999999999432, 15.86546461512749673, -10.39761313907965423 ) ) ;
#2473 = ADVANCED_FACE ( 'NONE', ( #1160 ), #688, .T. ) ;
#2474 = DIRECTION ( 'NONE',  ( 0.000000000000000000, -0.000000000000000000, 1.000000000000000000 ) ) ;
#2475 = LINE ( 'NONE', #2867, #4699 ) ;
#2476 = ORIENTED_EDGE ( 'NONE', *, *, #1096, .T. ) ;
#2477 = DIRECTION ( 'NONE',  ( -1.000000000000000000, 0.000000000000000000, -0.000000000000000000 ) ) ;
#2478 = LINE ( 'NONE', #2070, #3693 ) ;
#2479 = DIRECTION ( 'NONE',  ( 1.982541115402065110E-16, -0.000000000000000000, 1.000000000000000000 ) ) ;
#2480 = VERTEX_POINT ( 'NONE', #435 ) ;
#2481 = ORIENTED_EDGE ( 'NONE', *, *, #3066, .T. ) ;
#2482 = DIRECTION ( 'NONE',  ( 1.000000000000000000, 0.000000000000000000, 0.000000000000000000 ) ) ;
#2483 = VERTEX_POINT ( 'NONE', #1826 ) ;
#2484 = EDGE_CURVE ( 'NONE', #877, #1755, #2182, .T. ) ;
#2485 = EDGE_CURVE ( 'NONE', #1498, #4823, #2973, .T. ) ;
#2486 = DIRECTION ( 'NONE',  ( -1.000000000000000000, 0.000000000000000000, 0.000000000000000000 ) ) ;
#2487 = VECTOR ( 'NONE', #2778, 1000.000000000000000 ) ;
#2488 = DIRECTION ( 'NONE',  ( 0.000000000000000000, -1.000000000000000000, 0.000000000000000000 ) ) ;
#2489 = ORIENTED_EDGE ( 'NONE', *, *, #3659, .F. ) ;
#2490 = EDGE_CURVE ( 'NONE', #3543, #2879, #3684, .T. ) ;
#2491 = UNCERTAINTY_MEASURE_WITH_UNIT (LENGTH_MEASURE( 1.000000000000000082E-05 ), #4424, 'distance_accuracy_value', 'NONE');
#2492 = AXIS2_PLACEMENT_3D ( 'NONE', #4555, #4505, #2643 ) ;
#2493 = CARTESIAN_POINT ( 'NONE',  ( 121.0457105954586581, 16.76983701248525804, -9.023463603025609459 ) ) ;
#2494 = DIRECTION ( 'NONE',  ( 1.000000000000000000, 0.000000000000000000, 0.000000000000000000 ) ) ;
#2495 = DIRECTION ( 'NONE',  ( 1.000000000000000000, -0.000000000000000000, 0.000000000000000000 ) ) ;
#2496 = CIRCLE ( 'NONE', #1957, 2.000000000000001776 ) ;
#2497 = AXIS2_PLACEMENT_3D ( 'NONE', #2773, #2429, #1330 ) ;
#2498 = VERTEX_POINT ( 'NONE', #4152 ) ;
#2499 = FACE_OUTER_BOUND ( 'NONE', #4007, .T. ) ;
#2500 = ORIENTED_EDGE ( 'NONE', *, *, #1521, .T. ) ;
#2501 = VECTOR ( 'NONE', #1549, 1000.000000000000000 ) ;
#2502 = PRODUCT_RELATED_PRODUCT_CATEGORY ( 'detail', '', ( #4586 ) ) ;
#2503 = DIRECTION ( 'NONE',  ( -1.000000000000000000, -0.000000000000000000, -0.000000000000000000 ) ) ;
#2504 = APPLICATION_CONTEXT ( 'configuration controlled 3d designs of mechanical parts and assemblies' ) ;
#2505 = VECTOR ( 'NONE', #3661, 1000.000000000000000 ) ;
#2506 = CARTESIAN_POINT ( 'NONE',  ( 0.000000000000000000, 12.00000000000000000, 2.000000000000000000 ) ) ;
#2507 = VERTEX_POINT ( 'NONE', #794 ) ;
#2508 = VECTOR ( 'NONE', #1513, 1000.000000000000000 ) ;
#2509 = VERTEX_POINT ( 'NONE', #1917 ) ;
#2510 = FACE_OUTER_BOUND ( 'NONE', #2471, .T. ) ;
#2511 = ORIENTED_EDGE ( 'NONE', *, *, #1887, .T. ) ;
#2512 = LINE ( 'NONE', #272, #122 ) ;
#2513 = PERSON_AND_ORGANIZATION_ROLE ( 'design_owner' ) ;
#2514 = EDGE_CURVE ( 'NONE', #3585, #1809, #1321, .T. ) ;
#2515 = EDGE_CURVE ( 'NONE', #1861, #4069, #3711, .T. ) ;
#2516 = ORIENTED_EDGE ( 'NONE', *, *, #2110, .T. ) ;
#2517 = ORIENTED_EDGE ( 'NONE', *, *, #2163, .F. ) ;
#2518 = DIRECTION ( 'NONE',  ( 1.000000000000000000, 0.000000000000000000, 0.000000000000000000 ) ) ;
#2519 = CARTESIAN_POINT ( 'NONE',  ( 19.99999999999998934, 10.00000000000000000, 2.000000000000000000 ) ) ;
#2520 = EDGE_CURVE ( 'NONE', #4385, #2606, #3789, .T. ) ;
#2521 = CARTESIAN_POINT ( 'NONE',  ( 23.11191178288524029, 16.71467838733146039, -9.108112159180416612 ) ) ;
#2522 = B_SPLINE_CURVE_WITH_KNOTS ( 'NONE', 3,
 ( #2352, #3860, #55, #1546, #2493, #3931, #1305, #209, #228, #3578, #4357, #588, #3169, #1700 ),
 .UNSPECIFIED., .F., .F.,
 ( 4, 2, 2, 2, 2, 2, 4 ),
 ( 0.000000000000000000, 0.0003914435603716467081, 0.0007828871207432934161, 0.001174330681114940178, 0.001565774241486586832, 0.002348661362229847831, 0.003131548482973109046 ),
 .UNSPECIFIED. ) ;
#2523 = EDGE_LOOP ( 'NONE', ( #2264, #3062, #407, #2018 ) ) ;
#2524 = CYLINDRICAL_SURFACE ( 'NONE', #1576, 8.290367580801543568 ) ;
#2525 = ORIENTED_EDGE ( 'NONE', *, *, #1856, .T. ) ;
#2526 = LOCAL_TIME ( 19, 17, 44.00000000000000000, #4523 ) ;
#2527 = FACE_OUTER_BOUND ( 'NONE', #3459, .T. ) ;
#2528 = DIRECTION ( 'NONE',  ( -1.000000000000000000, 0.000000000000000000, -0.000000000000000000 ) ) ;
#2529 = CARTESIAN_POINT ( 'NONE',  ( 122.3999999999999631, 20.00000000000000000, 0.000000000000000000 ) ) ;
#2530 = CARTESIAN_POINT ( 'NONE',  ( 41.99999999999999289, 12.00000000000000000, -34.00000000000001421 ) ) ;
#2531 = VERTEX_POINT ( 'NONE', #1064 ) ;
#2532 = ORIENTED_EDGE ( 'NONE', *, *, #2123, .T. ) ;
#2533 = EDGE_CURVE ( 'NONE', #3816, #4237, #4085, .T. ) ;
#2534 = AXIS2_PLACEMENT_3D ( 'NONE', #696, #670, #2538 ) ;
#2535 = DIRECTION ( 'NONE',  ( 1.000000000000000000, 0.000000000000000000, -2.593979029498029835E-16 ) ) ;
#2536 = DIRECTION ( 'NONE',  ( 0.000000000000000000, 1.000000000000000000, 0.000000000000000000 ) ) ;
#2537 = EDGE_LOOP ( 'NONE', ( #3961, #1634, #3297, #3882 ) ) ;
#2538 = DIRECTION ( 'NONE',  ( -2.593979029498029835E-16, 0.000000000000000000, -1.000000000000000000 ) ) ;
#2539 = SHAPE_DEFINITION_REPRESENTATION ( #3926, #1114 ) ;
#2540 = ORIENTED_EDGE ( 'NONE', *, *, #2550, .F. ) ;
#2541 = ORIENTED_EDGE ( 'NONE', *, *, #1059, .T. ) ;
#2542 = EDGE_CURVE ( 'NONE', #2189, #1778, #2974, .T. ) ;
#2543 = CARTESIAN_POINT ( 'NONE',  ( 32.39999999999998437, 16.82599622848118415, -8.937162437894404121 ) ) ;
#2544 = CARTESIAN_POINT ( 'NONE',  ( 22.00000000000000000, 10.00000000000000000, 1.000000000000000000 ) ) ;
#2545 = VECTOR ( 'NONE', #152, 1000.000000000000000 ) ;
#2546 = CARTESIAN_POINT ( 'NONE',  ( 152.0000000000000000, 11.00000000000000000, 1.000000000000000000 ) ) ;
#2547 = ORIENTED_EDGE ( 'NONE', *, *, #4195, .T. ) ;
#2548 = CARTESIAN_POINT ( 'NONE',  ( 136.0000000000000284, 11.70963241919845466, -15.46042971709331226 ) ) ;
#2549 = CARTESIAN_POINT ( 'NONE',  ( 124.0126146213455200, 12.00000000000000000, -140.0000000000000000 ) ) ;
#2550 = EDGE_CURVE ( 'NONE', #361, #2024, #4058, .T. ) ;
#2551 = EDGE_CURVE ( 'NONE', #1483, #584, #766, .T. ) ;
#2552 = CARTESIAN_POINT ( 'NONE',  ( 22.00000000000000000, 6.000000000000000888, -5.451529285327108454 ) ) ;
#2553 = FACE_OUTER_BOUND ( 'NONE', #4701, .T. ) ;
#2554 = DIRECTION ( 'NONE',  ( -1.000000000000000000, 0.000000000000000000, 1.296989514749014917E-16 ) ) ;
#2555 = FACE_OUTER_BOUND ( 'NONE', #1161, .T. ) ;
#2556 = ORIENTED_EDGE ( 'NONE', *, *, #3769, .T. ) ;
#2557 = CARTESIAN_POINT ( 'NONE',  ( 138.0126146213455058, 12.00000000000000000, 3.613792038710762103E-14 ) ) ;
#2558 = VERTEX_POINT ( 'NONE', #921 ) ;
#2559 = CARTESIAN_POINT ( 'NONE',  ( 0.000000000000000000, 12.00000000000000000, 0.000000000000000000 ) ) ;
#2560 = LINE ( 'NONE', #227, #2505 ) ;
#2561 = EDGE_LOOP ( 'NONE', ( #1529, #1943, #3378, #3535 ) ) ;
#2562 = EDGE_CURVE ( 'NONE', #1338, #2077, #4613, .T. ) ;
#2563 = APPROVAL ( #1198, '未' ) ;
#2564 = DIRECTION ( 'NONE',  ( 1.000000000000000000, -0.000000000000000000, 0.000000000000000000 ) ) ;
#2565 = COORDINATED_UNIVERSAL_TIME_OFFSET ( 8, 0, .AHEAD. ) ;
#2566 = ORIENTED_EDGE ( 'NONE', *, *, #4602, .F. ) ;
#2567 = ORIENTED_EDGE ( 'NONE', *, *, #3967, .F. ) ;
#2568 = VECTOR ( 'NONE', #4564, 1000.000000000000000 ) ;
#2569 = CARTESIAN_POINT ( 'NONE',  ( 120.3999999999999488, 20.00000000000000000, -105.0000000000000000 ) ) ;
#2570 = CARTESIAN_POINT ( 'NONE',  ( 22.00000000000000000, 11.00000000000000000, 2.000000000000000000 ) ) ;
#2571 = CARTESIAN_POINT ( 'NONE',  ( 22.00000000000000000, 15.86546461513454709, -10.39761313908438822 ) ) ;
#2572 = VECTOR ( 'NONE', #2503, 1000.000000000000000 ) ;
#2573 = VERTEX_POINT ( 'NONE', #4221 ) ;
#2574 = CARTESIAN_POINT ( 'NONE',  ( 76.66249914650555297, 16.81887574729078594, -8.948112012340748933 ) ) ;
#2575 = DIRECTION ( 'NONE',  ( 1.000000000000000000, -0.000000000000000000, -1.296989514749014917E-16 ) ) ;
#2576 = CLOSED_SHELL ( 'NONE', ( #1971, #2579, #100, #3727, #3079, #3421, #1630, #4556, #1531, #4175, #2706 ) ) ;
#2577 = CARTESIAN_POINT ( 'NONE',  ( 87.99999999999997158, 20.00000000000000000, -105.0000000000000000 ) ) ;
#2578 = CARTESIAN_POINT ( 'NONE',  ( 67.99999999999997158, 20.00000000000000000, -107.0000000000000000 ) ) ;
#2579 = ADVANCED_FACE ( 'NONE', ( #2683 ), #1188, .F. ) ;
#2580 = ADVANCED_FACE ( 'NONE', ( #1215 ), #2359, .F. ) ;
#2581 = DIRECTION ( 'NONE',  ( 0.000000000000000000, 0.000000000000000000, -1.000000000000000000 ) ) ;
#2582 = AXIS2_PLACEMENT_3D ( 'NONE', #905, #1296, #201 ) ;
#2583 = VERTEX_POINT ( 'NONE', #484 ) ;
#2584 = VECTOR ( 'NONE', #4, 1000.000000000000000 ) ;
#2585 = EDGE_LOOP ( 'NONE', ( #2860, #2141, #973, #952 ) ) ;
#2586 = VECTOR ( 'NONE', #1868, 1000.000000000000000 ) ;
#2587 = EDGE_CURVE ( 'NONE', #2834, #289, #898, .T. ) ;
#2588 = CARTESIAN_POINT ( 'NONE',  ( 41.99999999999999289, 6.000000000000000000, 0.000000000000000000 ) ) ;
#2589 = DIRECTION ( 'NONE',  ( 0.000000000000000000, 0.000000000000000000, 1.000000000000000000 ) ) ;
#2590 = EDGE_LOOP ( 'NONE', ( #3576, #3598, #2465, #1872, #3200, #1341 ) ) ;
#2591 = AXIS2_PLACEMENT_3D ( 'NONE', #302, #4005, #3581 ) ;
#2592 = APPROVAL_ROLE ( '' ) ;
#2593 = ORIENTED_EDGE ( 'NONE', *, *, #2520, .T. ) ;
#2594 = VERTEX_POINT ( 'NONE', #455 ) ;
#2595 = LINE ( 'NONE', #2375, #2226 ) ;
#2596 = CARTESIAN_POINT ( 'NONE',  ( 86.00000000000000000, 12.00000000000000000, -7.020527949835546410E-14 ) ) ;
#2597 = DIRECTION ( 'NONE',  ( 0.000000000000000000, 1.000000000000000000, 0.000000000000000000 ) ) ;
#2598 = VERTEX_POINT ( 'NONE', #4176 ) ;
#2599 = VECTOR ( 'NONE', #991, 1000.000000000000000 ) ;
#2600 = CARTESIAN_POINT ( 'NONE',  ( 136.0000000000000284, 20.00000000000000000, -15.46042971709331226 ) ) ;
#2601 = DIRECTION ( 'NONE',  ( 1.000000000000000000, 0.000000000000000000, 0.000000000000000000 ) ) ;
#2602 = DIRECTION ( 'NONE',  ( -1.216803817915076939E-16, 0.8831515563230877275, -0.4690877621129207475 ) ) ;
#2603 = CIRCLE ( 'NONE', #719, 1.000000000000000000 ) ;
#2604 = DIRECTION ( 'NONE',  ( 2.593979029498029835E-16, -0.000000000000000000, 1.000000000000000000 ) ) ;
#2605 = CARTESIAN_POINT ( 'NONE',  ( 11.40301704479765377, 16.68091528026165804, -9.159890139030036238 ) ) ;
#2606 = VERTEX_POINT ( 'NONE', #166 ) ;
#2607 = ORGANIZATION ( '未', '未', '' ) ;
#2608 = EDGE_CURVE ( 'NONE', #2458, #3194, #824, .T. ) ;
#2609 = CARTESIAN_POINT ( 'NONE',  ( 67.35428940454131919, 16.76983701248524028, -9.023463603025604129 ) ) ;
#2610 = EDGE_CURVE ( 'NONE', #4069, #1755, #116, .T. ) ;
#2611 = VERTEX_POINT ( 'NONE', #3813 ) ;
#2612 = FACE_OUTER_BOUND ( 'NONE', #2954, .T. ) ;
#2613 = VERTEX_POINT ( 'NONE', #555 ) ;
#2614 = EDGE_CURVE ( 'NONE', #1802, #4349, #3047, .T. ) ;
#2615 = AXIS2_PLACEMENT_3D ( 'NONE', #1645, #954, #603 ) ;
#2616 = COORDINATED_UNIVERSAL_TIME_OFFSET ( 8, 0, .AHEAD. ) ;
#2617 = ORIENTED_EDGE ( 'NONE', *, *, #788, .T. ) ;
#2618 = CARTESIAN_POINT ( 'NONE',  ( 10.39999999999999680, 20.00000000000000000, -107.0000000000000000 ) ) ;
#2619 = CARTESIAN_POINT ( 'NONE',  ( 109.9999999999999858, 18.00000000000000355, 0.000000000000000000 ) ) ;
#2620 = CARTESIAN_POINT ( 'NONE',  ( 22.99698295520233415, 16.68091528026165804, -9.159890139030041567 ) ) ;
#2621 = ORIENTED_EDGE ( 'NONE', *, *, #804, .F. ) ;
#2622 = PLANE ( 'NONE',  #1340 ) ;
#2623 = EDGE_CURVE ( 'NONE', #793, #4372, #1658, .T. ) ;
#2624 = LINE ( 'NONE', #4510, #3275 ) ;
#2625 = CIRCLE ( 'NONE', #1617, 1.000000000000000000 ) ;
#2626 = PLANE ( 'NONE',  #4477 ) ;
#2627 = VECTOR ( 'NONE', #4599, 1000.000000000000000 ) ;
#2628 = CARTESIAN_POINT ( 'NONE',  ( 0.000000000000000000, 12.00000000000000000, 0.000000000000000000 ) ) ;
#2629 = DIRECTION ( 'NONE',  ( 0.000000000000000000, -0.000000000000000000, 1.000000000000000000 ) ) ;
#2630 = ORIENTED_EDGE ( 'NONE', *, *, #1356, .T. ) ;
#2631 = CARTESIAN_POINT ( 'NONE',  ( 66.00000000000000000, 15.72033654559155913, -10.61450599584754784 ) ) ;
#2632 = EDGE_LOOP ( 'NONE', ( #4219, #3721, #2846, #733, #1972 ) ) ;
#2633 = CARTESIAN_POINT ( 'NONE',  ( 100.3472696495151695, 16.01312732624583646, -10.17546327564972231 ) ) ;
#2634 = LINE ( 'NONE', #4130, #396 ) ;
#2635 = DIRECTION ( 'NONE',  ( 1.000000000000000000, 0.000000000000000000, -1.309225264888156377E-16 ) ) ;
#2636 = VERTEX_POINT ( 'NONE', #2708 ) ;
#2637 = DATE_AND_TIME ( #1145, #2687 ) ;
#2638 = EDGE_CURVE ( 'NONE', #4747, #4369, #2325, .T. ) ;
#2639 = CARTESIAN_POINT ( 'NONE',  ( 22.00000000000000000, 18.00000000000000000, -15.46042971709331226 ) ) ;
#2640 = CARTESIAN_POINT ( 'NONE',  ( 94.01261462134554847, 12.00000000000000000, -140.0000000000000000 ) ) ;
#2641 = ADVANCED_FACE ( 'NONE', ( #4647 ), #4198, .F. ) ;
#2642 = ORIENTED_EDGE ( 'NONE', *, *, #970, .T. ) ;
#2643 = DIRECTION ( 'NONE',  ( -2.593979029498029835E-16, 0.000000000000000000, -1.000000000000000000 ) ) ;
#2644 = DIRECTION ( 'NONE',  ( 0.000000000000000000, 0.000000000000000000, -1.000000000000000000 ) ) ;
#2645 = DIRECTION ( 'NONE',  ( -0.000000000000000000, -1.000000000000000000, -0.000000000000000000 ) ) ;
#2646 = EDGE_CURVE ( 'NONE', #2364, #2927, #1998, .T. ) ;
#2647 = EDGE_LOOP ( 'NONE', ( #2388, #4016, #3837, #632 ) ) ;
#2648 = DIRECTION ( 'NONE',  ( -0.000000000000000000, 0.000000000000000000, 1.000000000000000000 ) ) ;
#2649 = DIRECTION ( 'NONE',  ( 0.000000000000000000, -0.000000000000000000, 1.000000000000000000 ) ) ;
#2650 = CARTESIAN_POINT ( 'NONE',  ( 131.9999999999999716, 11.00000000000000000, 1.000000000000000000 ) ) ;
#2651 = CARTESIAN_POINT ( 'NONE',  ( 90.00000000000000000, 20.00000000000000000, -15.46042971709331226 ) ) ;
#2652 = VECTOR ( 'NONE', #4544, 1000.000000000000000 ) ;
#2653 = CARTESIAN_POINT ( 'NONE',  ( 11.62047225243056303, 16.60107716691790714, -9.282136613071589437 ) ) ;
#2654 = VERTEX_POINT ( 'NONE', #142 ) ;
#2655 = VECTOR ( 'NONE', #4601, 1000.000000000000000 ) ;
#2656 = CARTESIAN_POINT ( 'NONE',  ( 34.39999999999999147, 5.999999999999998224, -5.451529285327105789 ) ) ;
#2657 = EDGE_LOOP ( 'NONE', ( #974, #900, #4646, #3892, #3929, #233, #1443 ) ) ;
#2658 = DIRECTION ( 'NONE',  ( 0.000000000000000000, 0.000000000000000000, 1.000000000000000000 ) ) ;
#2659 = VECTOR ( 'NONE', #4575, 1000.000000000000000 ) ;
#2660 = VECTOR ( 'NONE', #2725, 1000.000000000000000 ) ;
#2661 = DIRECTION ( 'NONE',  ( -1.309225264888156377E-16, 0.000000000000000000, 1.000000000000000000 ) ) ;
#2662 = DIRECTION ( 'NONE',  ( -0.000000000000000000, -0.8831515563230876165, 0.4690877621129207475 ) ) ;
#2663 = VERTEX_POINT ( 'NONE', #4273 ) ;
#2664 = VECTOR ( 'NONE', #461, 1000.000000000000000 ) ;
#2665 = DATE_AND_TIME ( #1223, #642 ) ;
#2666 = VECTOR ( 'NONE', #1996, 1000.000000000000000 ) ;
#2667 = ORIENTED_EDGE ( 'NONE', *, *, #3967, .T. ) ;
#2668 = ORIENTED_EDGE ( 'NONE', *, *, #4255, .T. ) ;
#2669 = EDGE_CURVE ( 'NONE', #2340, #2446, #1973, .T. ) ;
#2670 = FACE_OUTER_BOUND ( 'NONE', #926, .T. ) ;
#2671 = ADVANCED_FACE ( 'NONE', ( #3104 ), #4598, .T. ) ;
#2672 = DIRECTION ( 'NONE',  ( -1.000000000000000000, 0.000000000000000000, -0.000000000000000000 ) ) ;
#2673 = ORIENTED_EDGE ( 'NONE', *, *, #2335, .F. ) ;
#2674 = CARTESIAN_POINT ( 'NONE',  ( 0.000000000000000000, 12.00000000000000000, -140.0000000000000000 ) ) ;
#2675 = DIRECTION ( 'NONE',  ( 0.000000000000000000, 0.000000000000000000, 1.000000000000000000 ) ) ;
#2676 = EDGE_CURVE ( 'NONE', #397, #4325, #387, .T. ) ;
#2677 = LINE ( 'NONE', #1677, #23 ) ;
#2678 = DIRECTION ( 'NONE',  ( -0.000000000000000000, -1.000000000000000000, -0.000000000000000000 ) ) ;
#2679 = VECTOR ( 'NONE', #3908, 1000.000000000000000 ) ;
#2680 = CARTESIAN_POINT ( 'NONE',  ( 0.000000000000000000, 6.000000000000000000, -34.00000000000001421 ) ) ;
#2681 = ORIENTED_EDGE ( 'NONE', *, *, #4624, .F. ) ;
#2682 =( GEOMETRIC_REPRESENTATION_CONTEXT ( 3 ) GLOBAL_UNCERTAINTY_ASSIGNED_CONTEXT ( ( #3622 ) ) GLOBAL_UNIT_ASSIGNED_CONTEXT ( ( #2098, #3166, #2791 ) ) REPRESENTATION_CONTEXT ( 'NONE', 'WORKASPACE' ) );
#2683 = FACE_OUTER_BOUND ( 'NONE', #2232, .T. ) ;
#2684 = DIRECTION ( 'NONE',  ( -2.040851148208007012E-16, 0.000000000000000000, -1.000000000000000000 ) ) ;
#2685 = ORIENTED_EDGE ( 'NONE', *, *, #2326, .F. ) ;
#2686 = DIRECTION ( 'NONE',  ( 1.000000000000000000, 0.000000000000000000, -0.000000000000000000 ) ) ;
#2687 = LOCAL_TIME ( 19, 17, 44.00000000000000000, #3133 ) ;
#2688 = CARTESIAN_POINT ( 'NONE',  ( 122.3999999999999488, 18.00000000000000355, -105.0000000000000000 ) ) ;
#2689 = DIRECTION ( 'NONE',  ( -0.000000000000000000, -0.8831515563230876165, 0.4690877621129207475 ) ) ;
#2690 = VERTEX_POINT ( 'NONE', #532 ) ;
#2691 = EDGE_CURVE ( 'NONE', #4325, #2598, #2020, .T. ) ;
#2692 = COORDINATED_UNIVERSAL_TIME_OFFSET ( 8, 0, .AHEAD. ) ;
#2693 = CARTESIAN_POINT ( 'NONE',  ( 43.99999999999999289, 12.00000000000000000, -34.00000000000001421 ) ) ;
#2694 = ORIENTED_EDGE ( 'NONE', *, *, #3385, .T. ) ;
#2695 = DIRECTION ( 'NONE',  ( -0.000000000000000000, -0.000000000000000000, -1.000000000000000000 ) ) ;
#2696 = CARTESIAN_POINT ( 'NONE',  ( 109.9999999999999858, 10.00000000000000000, 1.000000000000000000 ) ) ;
#2697 = CARTESIAN_POINT ( 'NONE',  ( 87.99999999999997158, 6.000000000000000000, -105.0000000000000000 ) ) ;
#2698 = ORIENTED_EDGE ( 'NONE', *, *, #2484, .T. ) ;
#2699 = CARTESIAN_POINT ( 'NONE',  ( 10.40000000000000036, 18.00000000000000355, -107.0000000000000000 ) ) ;
#2700 = ADVANCED_FACE ( 'NONE', ( #2527 ), #1398, .F. ) ;
#2701 = LINE ( 'NONE', #1183, #4443 ) ;
#2702 = CARTESIAN_POINT ( 'NONE',  ( 36.01261462134555558, 12.00000000000000000, -34.00000000000001421 ) ) ;
#2703 = CARTESIAN_POINT ( 'NONE',  ( 102.0126146213455343, 6.000000000000000000, 0.000000000000000000 ) ) ;
#2704 = EDGE_CURVE ( 'NONE', #3971, #4394, #4031, .T. ) ;
#2705 = LINE ( 'NONE', #1309, #2971 ) ;
#2706 = ADVANCED_FACE ( 'NONE', ( #1729 ), #3962, .F. ) ;
#2707 = ORIENTED_EDGE ( 'NONE', *, *, #4796, .T. ) ;
#2708 = CARTESIAN_POINT ( 'NONE',  ( 14.01261462134556446, 6.000000000000000000, -34.00000000000001421 ) ) ;
#2709 = CARTESIAN_POINT ( 'NONE',  ( 67.99999999999997158, 20.00000000000000000, -105.0000000000000000 ) ) ;
#2710 = ORIENTED_EDGE ( 'NONE', *, *, #2793, .T. ) ;
#2711 = FACE_OUTER_BOUND ( 'NONE', #1135, .T. ) ;
#2712 = DIRECTION ( 'NONE',  ( 1.000000000000000000, 0.000000000000000000, 0.000000000000000000 ) ) ;
#2713 = CARTESIAN_POINT ( 'NONE',  ( 89.99999999999997158, 20.00000000000000000, -107.0000000000000000 ) ) ;
#2714 = DIRECTION ( 'NONE',  ( 0.000000000000000000, 0.000000000000000000, -1.000000000000000000 ) ) ;
#2715 = ORIENTED_EDGE ( 'NONE', *, *, #2910, .F. ) ;
#2716 = PERSON_AND_ORGANIZATION ( #1242, #2607 ) ;
#2717 = VERTEX_POINT ( 'NONE', #595 ) ;
#2718 = PLANE ( 'NONE',  #3835 ) ;
#2719 = DIRECTION ( 'NONE',  ( -1.000000000000000000, -0.000000000000000000, -0.000000000000000000 ) ) ;
#2720 = FACE_OUTER_BOUND ( 'NONE', #512, .T. ) ;
#2721 = VERTEX_POINT ( 'NONE', #2436 ) ;
#2722 = CARTESIAN_POINT ( 'NONE',  ( 88.40029342059280282, 16.40223658499866133, -9.585773318583957092 ) ) ;
#2723 = CARTESIAN_POINT ( 'NONE',  ( 0.000000000000000000, 6.000000000000000000, -34.00000000000001421 ) ) ;
#2724 = DIRECTION ( 'NONE',  ( -1.000000000000000000, 0.000000000000000000, 0.000000000000000000 ) ) ;
#2725 = DIRECTION ( 'NONE',  ( -1.000000000000000000, -0.000000000000000000, -0.000000000000000000 ) ) ;
#2726 = DIRECTION ( 'NONE',  ( 0.000000000000000000, 1.000000000000000000, 0.000000000000000000 ) ) ;
#2727 = ORIENTED_EDGE ( 'NONE', *, *, #2587, .T. ) ;
#2728 = DIRECTION ( 'NONE',  ( 0.000000000000000000, 0.000000000000000000, 1.000000000000000000 ) ) ;
#2729 = CIRCLE ( 'NONE', #545, 8.290367580801543568 ) ;
#2730 = CARTESIAN_POINT ( 'NONE',  ( 88.00000000000000000, 10.00000000000000000, 1.000000000000000000 ) ) ;
#2731 = EDGE_CURVE ( 'NONE', #1076, #877, #3221, .T. ) ;
#2732 = ORIENTED_EDGE ( 'NONE', *, *, #3325, .T. ) ;
#2733 = EDGE_CURVE ( 'NONE', #3816, #2184, #284, .T. ) ;
#2734 = VERTEX_POINT ( 'NONE', #968 ) ;
#2735 = CARTESIAN_POINT ( 'NONE',  ( 68.00000000000000000, 11.70963241919845466, -15.46042971709331226 ) ) ;
#2736 = CARTESIAN_POINT ( 'NONE',  ( 88.00000000000000000, 10.00000000000000000, 1.000000000000000000 ) ) ;
#2737 = VECTOR ( 'NONE', #2418, 1000.000000000000000 ) ;
#2738 = ORIENTED_EDGE ( 'NONE', *, *, #2430, .T. ) ;
#2739 = VECTOR ( 'NONE', #3792, 1000.000000000000000 ) ;
#2740 = APPROVAL_DATE_TIME ( #2665, #4389 ) ;
#2741 = LINE ( 'NONE', #2262, #4697 ) ;
#2742 = ORIENTED_EDGE ( 'NONE', *, *, #2676, .F. ) ;
#2743 = DIRECTION ( 'NONE',  ( 1.000000000000000000, 0.000000000000000000, 0.000000000000000000 ) ) ;
#2744 = CIRCLE ( 'NONE', #3138, 6.290367580801543568 ) ;
#2745 = DIRECTION ( 'NONE',  ( 0.000000000000000000, -1.000000000000000000, 0.000000000000000000 ) ) ;
#2746 = DIRECTION ( 'NONE',  ( -1.000000000000000000, 0.000000000000000000, 0.000000000000000000 ) ) ;
#2747 = AXIS2_PLACEMENT_3D ( 'NONE', #2171, #331, #3674 ) ;
#2748 = ORIENTED_EDGE ( 'NONE', *, *, #3006, .F. ) ;
#2749 = LINE ( 'NONE', #2036, #4082 ) ;
#2750 = CIRCLE ( 'NONE', #2267, 8.290367580801545344 ) ;
#2751 = EDGE_CURVE ( 'NONE', #2613, #1345, #3781, .T. ) ;
#2752 = CARTESIAN_POINT ( 'NONE',  ( 12.40000000000000036, 18.00000000000000355, -15.46042971709331226 ) ) ;
#2753 = CARTESIAN_POINT ( 'NONE',  ( 65.99999999999997158, 19.17157287525380838, -106.1715728752537871 ) ) ;
#2754 = LINE ( 'NONE', #895, #2111 ) ;
#2755 = ORIENTED_EDGE ( 'NONE', *, *, #4032, .T. ) ;
#2756 = CARTESIAN_POINT ( 'NONE',  ( 80.01261462134553426, 12.00000000000000000, -34.00000000000001421 ) ) ;
#2757 = VERTEX_POINT ( 'NONE', #3562 ) ;
#2758 = ORIENTED_EDGE ( 'NONE', *, *, #4680, .T. ) ;
#2759 = ORIENTED_EDGE ( 'NONE', *, *, #1178, .F. ) ;
#2760 = VECTOR ( 'NONE', #2724, 1000.000000000000000 ) ;
#2761 = EDGE_CURVE ( 'NONE', #218, #1348, #3607, .T. ) ;
#2762 = SECURITY_CLASSIFICATION_LEVEL ( 'unclassified' ) ;
#2763 = VECTOR ( 'NONE', #4140, 1000.000000000000000 ) ;
#2764 = EDGE_LOOP ( 'NONE', ( #2324, #3248, #1648, #1979 ) ) ;
#2765 = EDGE_CURVE ( 'NONE', #1619, #3762, #4714, .T. ) ;
#2766 = LINE ( 'NONE', #151, #2332 ) ;
#2767 = CC_DESIGN_APPROVAL ( #729, ( #4485 ) ) ;
#2768 = LINE ( 'NONE', #585, #2383 ) ;
#2769 = CARTESIAN_POINT ( 'NONE',  ( 78.39999999999997726, 6.000000000000001776, -4.124947378896988148 ) ) ;
#2770 = EDGE_LOOP ( 'NONE', ( #491, #611, #4561, #3805, #24, #4087, #3272, #3375 ) ) ;
#2771 = FACE_OUTER_BOUND ( 'NONE', #1688, .T. ) ;
#2772 = CARTESIAN_POINT ( 'NONE',  ( 111.9999999999999858, 6.000000000000001776, -3.186912317060870858 ) ) ;
#2773 = CARTESIAN_POINT ( 'NONE',  ( 67.99999999999997158, 6.000000000000000000, -105.0000000000000000 ) ) ;
#2774 = CIRCLE ( 'NONE', #205, 6.290367580801543568 ) ;
#2775 = FACE_OUTER_BOUND ( 'NONE', #4439, .T. ) ;
#2776 = EDGE_CURVE ( 'NONE', #877, #4253, #1335, .T. ) ;
#2777 = ORIENTED_EDGE ( 'NONE', *, *, #3538, .T. ) ;
#2778 = DIRECTION ( 'NONE',  ( -0.000000000000000000, -0.000000000000000000, -1.000000000000000000 ) ) ;
#2779 = DIRECTION ( 'NONE',  ( 0.000000000000000000, -1.000000000000000000, 0.000000000000000000 ) ) ;
#2780 = ORIENTED_EDGE ( 'NONE', *, *, #3270, .F. ) ;
#2781 = DIRECTION ( 'NONE',  ( -0.000000000000000000, -1.000000000000000000, -0.000000000000000000 ) ) ;
#2782 = CARTESIAN_POINT ( 'NONE',  ( 22.00000000000000000, 6.000000000000000000, -34.00000000000001421 ) ) ;
#2783 = VERTEX_POINT ( 'NONE', #1753 ) ;
#2784 = ORIENTED_EDGE ( 'NONE', *, *, #3612, .F. ) ;
#2785 = AXIS2_PLACEMENT_3D ( 'NONE', #3190, #569, #2082 ) ;
#2786 = CALENDAR_DATE ( 2025, 8, 12 ) ;
#2787 = FACE_OUTER_BOUND ( 'NONE', #3131, .T. ) ;
#2788 = ORIENTED_EDGE ( 'NONE', *, *, #522, .T. ) ;
#2789 = PLANE ( 'NONE',  #3667 ) ;
#2790 = FACE_OUTER_BOUND ( 'NONE', #920, .T. ) ;
#2791 =( NAMED_UNIT ( * ) SI_UNIT ( $, .STERADIAN. ) SOLID_ANGLE_UNIT ( ) );
#2792 = EDGE_CURVE ( 'NONE', #2007, #2480, #2825, .T. ) ;
#2793 = EDGE_CURVE ( 'NONE', #4302, #4763, #2454, .T. ) ;
#2794 = VERTEX_POINT ( 'NONE', #2152 ) ;
#2795 = DIRECTION ( 'NONE',  ( 0.000000000000000000, 0.000000000000000000, -1.000000000000000000 ) ) ;
#2796 = FACE_OUTER_BOUND ( 'NONE', #644, .T. ) ;
#2797 = CARTESIAN_POINT ( 'NONE',  ( 68.00000000000000000, 18.00000000000000355, -15.46042971709331226 ) ) ;
#2798 = EDGE_CURVE ( 'NONE', #3475, #702, #4138, .T. ) ;
#2799 = FACE_OUTER_BOUND ( 'NONE', #1448, .T. ) ;
#2800 = DIRECTION ( 'NONE',  ( 0.000000000000000000, 0.000000000000000000, 1.000000000000000000 ) ) ;
#2801 = ORIENTED_EDGE ( 'NONE', *, *, #4284, .T. ) ;
#2802 = DIRECTION ( 'NONE',  ( 0.000000000000000000, 0.000000000000000000, 1.000000000000000000 ) ) ;
#2803 = DIRECTION ( 'NONE',  ( -0.000000000000000000, -1.000000000000000000, -0.000000000000000000 ) ) ;
#2804 = ORIENTED_EDGE ( 'NONE', *, *, #2074, .F. ) ;
#2805 = AXIS2_PLACEMENT_3D ( 'NONE', #3390, #37, #2279 ) ;
#2806 = ORIENTED_EDGE ( 'NONE', *, *, #1252, .F. ) ;
#2807 = PERSON_AND_ORGANIZATION ( #1242, #2607 ) ;
#2808 = VECTOR ( 'NONE', #2386, 1000.000000000000000 ) ;
#2809 = ORIENTED_EDGE ( 'NONE', *, *, #1191, .T. ) ;
#2810 = AXIS2_PLACEMENT_3D ( 'NONE', #3900, #540, #2743 ) ;
#2811 = CARTESIAN_POINT ( 'NONE',  ( 94.01261462134553426, 12.00000000000000000, 1.230836902804592709E-14 ) ) ;
#2812 = AXIS2_PLACEMENT_3D ( 'NONE', #4742, #3320, #1459 ) ;
#2813 = AXIS2_PLACEMENT_3D ( 'NONE', #254, #938, #1006 ) ;
#2814 = VERTEX_POINT ( 'NONE', #1034 ) ;
#2815 = LINE ( 'NONE', #3296, #173 ) ;
#2816 = ADVANCED_FACE ( 'NONE', ( #3242 ), #1359, .T. ) ;
#2817 = EDGE_CURVE ( 'NONE', #4548, #1809, #4364, .T. ) ;
#2818 = CARTESIAN_POINT ( 'NONE',  ( 21.99999999999999289, 20.00000000000000000, -107.0000000000000000 ) ) ;
#2819 = CARTESIAN_POINT ( 'NONE',  ( 116.0126146213455343, 6.000000000000000000, -140.0000000000000000 ) ) ;
#2820 = CARTESIAN_POINT ( 'NONE',  ( 22.00000000000000000, 18.00000000000000355, 0.000000000000000000 ) ) ;
#2821 = PLANE ( 'NONE',  #9 ) ;
#2822 = AXIS2_PLACEMENT_3D ( 'NONE', #1624, #4267, #3116 ) ;
#2823 = ORIENTED_EDGE ( 'NONE', *, *, #464, .F. ) ;
#2824 = ADVANCED_FACE ( 'NONE', ( #4008 ), #634, .F. ) ;
#2825 = LINE ( 'NONE', #191, #769 ) ;
#2826 = DIRECTION ( 'NONE',  ( 0.000000000000000000, 0.000000000000000000, 1.000000000000000000 ) ) ;
#2827 = FACE_OUTER_BOUND ( 'NONE', #751, .T. ) ;
#2828 = VERTEX_POINT ( 'NONE', #2552 ) ;
#2829 = CC_DESIGN_PERSON_AND_ORGANIZATION_ASSIGNMENT ( #3642, #1490, ( #3083 ) ) ;
#2830 = ORIENTED_EDGE ( 'NONE', *, *, #1440, .T. ) ;
#2831 = APPROVAL_DATE_TIME ( #3920, #1489 ) ;
#2832 = VECTOR ( 'NONE', #2967, 999.9999999999998863 ) ;
#2833 = FACE_OUTER_BOUND ( 'NONE', #1990, .T. ) ;
#2834 = VERTEX_POINT ( 'NONE', #2991 ) ;
#2835 = EDGE_CURVE ( 'NONE', #2483, #79, #1474, .T. ) ;
#2836 = VECTOR ( 'NONE', #4637, 1000.000000000000000 ) ;
#2837 = FACE_OUTER_BOUND ( 'NONE', #4363, .T. ) ;
#2838 = CYLINDRICAL_SURFACE ( 'NONE', #1592, 2.000000000000001776 ) ;
#2839 = ORIENTED_EDGE ( 'NONE', *, *, #1628, .F. ) ;
#2840 = LOCAL_TIME ( 19, 17, 44.00000000000000000, #2565 ) ;
#2841 = CARTESIAN_POINT ( 'NONE',  ( 136.0000000000000284, 6.000000000000000000, -3.186912317060869970 ) ) ;
#2842 = DIRECTION ( 'NONE',  ( -0.000000000000000000, -1.000000000000000000, -0.000000000000000000 ) ) ;
#2843 = CARTESIAN_POINT ( 'NONE',  ( 88.82842712474618452, 6.000000000000000000, -3.186912317060869970 ) ) ;
#2844 = DIRECTION ( 'NONE',  ( -0.000000000000000000, -1.000000000000000000, -0.000000000000000000 ) ) ;
#2845 = LINE ( 'NONE', #4780, #3851 ) ;
#2846 = ORIENTED_EDGE ( 'NONE', *, *, #589, .T. ) ;
#2847 = CARTESIAN_POINT ( 'NONE',  ( 102.0126146213455343, 12.00000000000000000, 0.000000000000000000 ) ) ;
#2848 = AXIS2_PLACEMENT_3D ( 'NONE', #76, #4506, #471 ) ;
#2849 = CYLINDRICAL_SURFACE ( 'NONE', #2278, 2.000000000000001776 ) ;
#2850 = ORIENTED_EDGE ( 'NONE', *, *, #2542, .T. ) ;
#2851 = ADVANCED_FACE ( 'NONE', ( #1450 ), #4078, .F. ) ;
#2852 = EDGE_CURVE ( 'NONE', #2663, #1639, #3831, .T. ) ;
#2853 = LINE ( 'NONE', #3564, #3132 ) ;
#2854 = CARTESIAN_POINT ( 'NONE',  ( 50.01261462134555558, 12.00000000000000000, -140.0000000000000000 ) ) ;
#2855 = ORIENTED_EDGE ( 'NONE', *, *, #1717, .F. ) ;
#2856 = ORIENTED_EDGE ( 'NONE', *, *, #2691, .F. ) ;
#2857 = COORDINATED_UNIVERSAL_TIME_OFFSET ( 8, 0, .AHEAD. ) ;
#2858 = EDGE_CURVE ( 'NONE', #775, #1279, #4807, .T. ) ;
#2859 = FACE_OUTER_BOUND ( 'NONE', #292, .T. ) ;
#2860 = ORIENTED_EDGE ( 'NONE', *, *, #1751, .F. ) ;
#2861 = VECTOR ( 'NONE', #184, 1000.000000000000000 ) ;
#2862 = LINE ( 'NONE', #979, #649 ) ;
#2863 = FACE_OUTER_BOUND ( 'NONE', #647, .T. ) ;
#2864 = EDGE_LOOP ( 'NONE', ( #3173, #1323, #1933, #2358, #3497, #2439, #4625 ) ) ;
#2865 = DIRECTION ( 'NONE',  ( -1.000000000000000000, -0.000000000000000000, -0.000000000000000000 ) ) ;
#2866 = FACE_OUTER_BOUND ( 'NONE', #2890, .T. ) ;
#2867 = CARTESIAN_POINT ( 'NONE',  ( 131.9999999999999716, 12.00000000000000000, -1.077569406253827687E-13 ) ) ;
#2868 = EDGE_LOOP ( 'NONE', ( #2235, #4745, #3122, #501, #3696, #4425 ) ) ;
#2869 = LINE ( 'NONE', #1790, #2433 ) ;
#2870 = VERTEX_POINT ( 'NONE', #32 ) ;
#2871 = CARTESIAN_POINT ( 'NONE',  ( 32.39999999999998437, 11.70963241919845466, -15.46042971709331226 ) ) ;
#2872 = LINE ( 'NONE', #1400, #4788 ) ;
#2873 = DIRECTION ( 'NONE',  ( -0.000000000000000000, -1.000000000000000000, -0.000000000000000000 ) ) ;
#2874 = ORIENTED_EDGE ( 'NONE', *, *, #4596, .T. ) ;
#2875 = ADVANCED_FACE ( 'NONE', ( #4052 ), #709, .F. ) ;
#2876 = EDGE_CURVE ( 'NONE', #2446, #2891, #1888, .T. ) ;
#2877 = ORIENTED_EDGE ( 'NONE', *, *, #1234, .F. ) ;
#2878 = CARTESIAN_POINT ( 'NONE',  ( 0.000000000000000000, 12.00000000000000000, -34.00000000000001421 ) ) ;
#2879 = VERTEX_POINT ( 'NONE', #1104 ) ;
#2880 = EDGE_CURVE ( 'NONE', #2184, #3971, #2173, .T. ) ;
#2881 = VECTOR ( 'NONE', #2477, 1000.000000000000000 ) ;
#2882 = ORIENTED_EDGE ( 'NONE', *, *, #4434, .T. ) ;
#2883 = ORIENTED_EDGE ( 'NONE', *, *, #3954, .F. ) ;
#2884 = VECTOR ( 'NONE', #4781, 1000.000000000000000 ) ;
#2885 = CARTESIAN_POINT ( 'NONE',  ( 102.0126146213455343, 6.000000000000000000, -140.0000000000000000 ) ) ;
#2886 = CARTESIAN_POINT ( 'NONE',  ( 131.9999999999999716, 12.00000000000000000, 2.000000000000000000 ) ) ;
#2887 = CARTESIAN_POINT ( 'NONE',  ( 22.77952774756942134, 16.60107716691790358, -9.282136613071592990 ) ) ;
#2888 = AXIS2_PLACEMENT_3D ( 'NONE', #417, #2288, #4448 ) ;
#2889 = AXIS2_PLACEMENT_3D ( 'NONE', #1548, #3409, #2298 ) ;
#2890 = EDGE_LOOP ( 'NONE', ( #864, #534, #2481, #4099 ) ) ;
#2891 = VERTEX_POINT ( 'NONE', #4488 ) ;
#2892 = EDGE_CURVE ( 'NONE', #524, #3822, #3705, .T. ) ;
#2893 = AXIS2_PLACEMENT_3D ( 'NONE', #2559, #2948, #1780 ) ;
#2894 = CARTESIAN_POINT ( 'NONE',  ( 10.39999999999999325, 6.000000000000000000, -3.186912317060869970 ) ) ;
#2895 = DIRECTION ( 'NONE',  ( 1.000000000000000000, 0.000000000000000000, -0.000000000000000000 ) ) ;
#2896 = LINE ( 'NONE', #359, #554 ) ;
#2897 = AXIS2_PLACEMENT_3D ( 'NONE', #1260, #3490, #4689 ) ;
#2898 = CARTESIAN_POINT ( 'NONE',  ( 12.40000000000000036, 11.70963241919845466, -15.46042971709331226 ) ) ;
#2899 = ORIENTED_EDGE ( 'NONE', *, *, #3222, .F. ) ;
#2900 = VECTOR ( 'NONE', #342, 1000.000000000000000 ) ;
#2901 = B_SPLINE_CURVE_WITH_KNOTS ( 'NONE', 3,
 ( #1544, #4535, #2574, #356, #2201, #1842, #1471, #2963, #4458, #734, #503, #155, #1601, #183 ),
 .UNSPECIFIED., .F., .F.,
 ( 4, 2, 2, 2, 2, 2, 4 ),
 ( 0.000000000000000000, 0.0003914435603716429676, 0.0007828871207432859351, 0.001174330681114928903, 0.001565774241486571870, 0.002348661362229850866, 0.003131548482973129863 ),
 .UNSPECIFIED. ) ;
#2902 = ORIENTED_EDGE ( 'NONE', *, *, #3452, .T. ) ;
#2903 = CARTESIAN_POINT ( 'NONE',  ( 88.00000000000000000, 11.00000000000000000, 1.000000000000000000 ) ) ;
#2904 = EDGE_CURVE ( 'NONE', #1926, #1008, #357, .T. ) ;
#2905 = ORIENTED_EDGE ( 'NONE', *, *, #2344, .F. ) ;
#2906 = CARTESIAN_POINT ( 'NONE',  ( 32.39999999999998437, -0.9381755242258413841, -1.766303112646175233 ) ) ;
#2907 = PERSON_AND_ORGANIZATION ( #1242, #2607 ) ;
#2908 = AXIS2_PLACEMENT_3D ( 'NONE', #56, #4831, #1889 ) ;
#2909 = ADVANCED_FACE ( 'NONE', ( #3730 ), #2965, .F. ) ;
#2910 = EDGE_CURVE ( 'NONE', #524, #2498, #2729, .T. ) ;
#2911 = VERTEX_POINT ( 'NONE', #2225 ) ;
#2912 = EDGE_LOOP ( 'NONE', ( #3241, #1436, #1690, #1065 ) ) ;
#2913 = VECTOR ( 'NONE', #1820, 1000.000000000000000 ) ;
#2914 = DIRECTION ( 'NONE',  ( -1.000000000000000000, -0.000000000000000000, 8.163404592832028049E-16 ) ) ;
#2915 = LINE ( 'NONE', #2596, #3231 ) ;
#2916 = DIRECTION ( 'NONE',  ( -1.000000000000000000, -0.000000000000000000, -0.000000000000000000 ) ) ;
#2917 = AXIS2_PLACEMENT_3D ( 'NONE', #2221, #3352, #1053 ) ;
#2918 = ORIENTED_EDGE ( 'NONE', *, *, #2858, .T. ) ;
#2919 = FACE_OUTER_BOUND ( 'NONE', #1709, .T. ) ;
#2920 = PRODUCT_DEFINITION_FORMATION_WITH_SPECIFIED_SOURCE ( '�', '', #4586, .NOT_KNOWN. ) ;
#2921 = DIRECTION ( 'NONE',  ( -1.000000000000000000, 0.000000000000000000, 1.296989514749014917E-16 ) ) ;
#2922 = LINE ( 'NONE', #1336, #1036 ) ;
#2923 = CARTESIAN_POINT ( 'NONE',  ( 129.9999999999999716, 11.00000000000000000, 2.000000000000000000 ) ) ;
#2924 = LINE ( 'NONE', #2530, #1732 ) ;
#2925 = ORIENTED_EDGE ( 'NONE', *, *, #2073, .F. ) ;
#2926 = CARTESIAN_POINT ( 'NONE',  ( 80.01261462134553426, 6.000000000000000000, 0.000000000000000000 ) ) ;
#2927 = VERTEX_POINT ( 'NONE', #736 ) ;
#2928 = CARTESIAN_POINT ( 'NONE',  ( 22.00000000000000000, 11.00000000000000000, 1.000000000000000000 ) ) ;
#2929 = CARTESIAN_POINT ( 'NONE',  ( 21.99999999999999289, 6.000000000000001776, -4.124947378896986372 ) ) ;
#2930 = VERTEX_POINT ( 'NONE', #378 ) ;
#2931 = SHAPE_REPRESENTATION ( '\X2\767d952e\X0\', ( #3075 ), #2682 ) ;
#2932 = CARTESIAN_POINT ( 'NONE',  ( 33.57157287525379985, 20.00000000000000000, -106.9999999999999858 ) ) ;
#2933 = ORIENTED_EDGE ( 'NONE', *, *, #2999, .T. ) ;
#2934 = ORIENTED_EDGE ( 'NONE', *, *, #4767, .F. ) ;
#2935 = EDGE_CURVE ( 'NONE', #2598, #2389, #2624, .T. ) ;
#2936 = CARTESIAN_POINT ( 'NONE',  ( 80.01261462134553426, 12.00000000000000000, 0.000000000000000000 ) ) ;
#2937 = ADVANCED_FACE ( 'NONE', ( #1154 ), #1525, .F. ) ;
#2938 = CARTESIAN_POINT ( 'NONE',  ( 88.00000000000000000, 12.00000000000000000, -7.183796041692184999E-14 ) ) ;
#2939 = CARTESIAN_POINT ( 'NONE',  ( 23.86763743705103380, 16.82599622848118415, -8.937162437894402345 ) ) ;
#2940 = ORIENTED_EDGE ( 'NONE', *, *, #1124, .F. ) ;
#2941 = CARTESIAN_POINT ( 'NONE',  ( 100.3999999999999631, 18.00000000000000355, -105.0000000000000000 ) ) ;
#2942 = CARTESIAN_POINT ( 'NONE',  ( 0.000000000000000000, 20.00000000000000000, -107.0000000000000000 ) ) ;
#2943 = CARTESIAN_POINT ( 'NONE',  ( 100.3999999999999773, 5.999999999999999112, -5.451529285327106678 ) ) ;
#2944 = LINE ( 'NONE', #3732, #3921 ) ;
#2945 = CARTESIAN_POINT ( 'NONE',  ( 100.3999999999999631, 6.000000000000000000, -105.0000000000000000 ) ) ;
#2946 = ORIENTED_EDGE ( 'NONE', *, *, #295, .T. ) ;
#2947 = ORIENTED_EDGE ( 'NONE', *, *, #2029, .T. ) ;
#2948 = DIRECTION ( 'NONE',  ( 0.000000000000000000, 0.000000000000000000, -1.000000000000000000 ) ) ;
#2949 = DIRECTION ( 'NONE',  ( 1.000000000000000000, 0.000000000000000000, -1.224510688924804405E-15 ) ) ;
#2950 = VERTEX_POINT ( 'NONE', #3381 ) ;
#2951 = APPROVAL_DATE_TIME ( #3716, #795 ) ;
#2952 = DIRECTION ( 'NONE',  ( 0.000000000000000000, 0.000000000000000000, 1.000000000000000000 ) ) ;
#2953 = ORIENTED_EDGE ( 'NONE', *, *, #1503, .T. ) ;
#2954 = EDGE_LOOP ( 'NONE', ( #1669, #1171, #4552, #1532, #4652, #62, #628, #2940 ) ) ;
#2955 =( BOUNDED_CURVE ( )  B_SPLINE_CURVE ( 3, ( #547, #1604, #1184, #4269 ),
 .UNSPECIFIED., .F., .T. ) 
 B_SPLINE_CURVE_WITH_KNOTS ( ( 4, 4 ),
 ( 3.141592653589793116, 4.712388980384689674 ),
 .UNSPECIFIED. ) 
 CURVE ( )  GEOMETRIC_REPRESENTATION_ITEM ( )  RATIONAL_B_SPLINE_CURVE ( ( 1.000000000000000000, 0.8047378541243649375, 0.8047378541243649375, 1.000000000000000000 ) ) 
 REPRESENTATION_ITEM ( '' )  );
#2956 = CIRCLE ( 'NONE', #610, 2.000000000000001776 ) ;
#2957 = DIRECTION ( 'NONE',  ( 0.000000000000000000, 0.000000000000000000, -1.000000000000000000 ) ) ;
#2958 = FACE_OUTER_BOUND ( 'NONE', #3682, .T. ) ;
#2959 = CARTESIAN_POINT ( 'NONE',  ( 109.9999999999999858, 12.00000000000000000, 2.000000000000000000 ) ) ;
#2960 = AXIS2_PLACEMENT_3D ( 'NONE', #564, #3524, #3550 ) ;
#2961 = ORIENTED_EDGE ( 'NONE', *, *, #4565, .T. ) ;
#2962 = EDGE_CURVE ( 'NONE', #4173, #2217, #3016, .T. ) ;
#2963 = CARTESIAN_POINT ( 'NONE',  ( 77.62047225243055948, 16.60107716691791069, -9.282136613071600095 ) ) ;
#2964 = EDGE_CURVE ( 'NONE', #1133, #2794, #3651, .T. ) ;
#2965 = PLANE ( 'NONE',  #3987 ) ;
#2966 = CIRCLE ( 'NONE', #4145, 1.000000000000000000 ) ;
#2967 = DIRECTION ( 'NONE',  ( -0.000000000000000000, -0.8831515563230876165, 0.4690877621129207475 ) ) ;
#2968 = LINE ( 'NONE', #759, #4305 ) ;
#2969 = CARTESIAN_POINT ( 'NONE',  ( 10.66249914650556896, 16.81887574729078594, -8.948112012340747157 ) ) ;
#2970 = EDGE_CURVE ( 'NONE', #2395, #2783, #4411, .T. ) ;
#2971 = VECTOR ( 'NONE', #1235, 1000.000000000000000 ) ;
#2972 = VERTEX_POINT ( 'NONE', #451 ) ;
#2973 = CIRCLE ( 'NONE', #2805, 1.000000000000000000 ) ;
#2974 = LINE ( 'NONE', #2251, #4760 ) ;
#2975 = EDGE_LOOP ( 'NONE', ( #4402, #1055, #4322, #53, #2547, #4696 ) ) ;
#2976 = AXIS2_PLACEMENT_3D ( 'NONE', #3956, #2536, #4706 ) ;
#2977 = CARTESIAN_POINT ( 'NONE',  ( 33.40301704479765021, 16.68091528026165804, -9.159890139030036238 ) ) ;
#2978 = PRODUCT_RELATED_PRODUCT_CATEGORY ( 'detail', '', ( #85 ) ) ;
#2979 = DIRECTION ( 'NONE',  ( -1.000000000000000000, 0.000000000000000000, 1.296989514749014917E-16 ) ) ;
#2980 = ORIENTED_EDGE ( 'NONE', *, *, #4826, .T. ) ;
#2981 = AXIS2_PLACEMENT_3D ( 'NONE', #3460, #2949, #4335 ) ;
#2982 = PERSON_AND_ORGANIZATION ( #1242, #2607 ) ;
#2983 = ADVANCED_FACE ( 'NONE', ( #4168 ), #3884, .F. ) ;
#2984 = VERTEX_POINT ( 'NONE', #4215 ) ;
#2985 = DIRECTION ( 'NONE',  ( 0.000000000000000000, -0.000000000000000000, 1.000000000000000000 ) ) ;
#2986 = CARTESIAN_POINT ( 'NONE',  ( 22.00000000000000000, 15.72033654559155558, -10.61450599584754606 ) ) ;
#2987 =( BOUNDED_CURVE ( )  B_SPLINE_CURVE ( 3, ( #4135, #3771, #3819, #3081 ),
 .UNSPECIFIED., .F., .F. ) 
 B_SPLINE_CURVE_WITH_KNOTS ( ( 4, 4 ),
 ( 0.000000000000000000, 1.570796326794906550 ),
 .UNSPECIFIED. ) 
 CURVE ( )  GEOMETRIC_REPRESENTATION_ITEM ( )  RATIONAL_B_SPLINE_CURVE ( ( 1.000000000000000000, 0.8047378541243626060, 0.8047378541243626060, 1.000000000000000000 ) ) 
 REPRESENTATION_ITEM ( '' )  );
#2988 = ORIENTED_EDGE ( 'NONE', *, *, #1079, .T. ) ;
#2989 = AXIS2_PLACEMENT_3D ( 'NONE', #3462, #4592, #2297 ) ;
#2990 = CARTESIAN_POINT ( 'NONE',  ( 44.00000000000000000, 12.00000000000000000, 2.000000000000000000 ) ) ;
#2991 = CARTESIAN_POINT ( 'NONE',  ( 50.01261462134555558, 12.00000000000000000, -34.00000000000001421 ) ) ;
#2992 = DIRECTION ( 'NONE',  ( 1.000000000000000000, 0.000000000000000000, -1.309225264888156377E-16 ) ) ;
#2993 = AXIS2_PLACEMENT_3D ( 'NONE', #542, #2033, #4662 ) ;
#2994 = CARTESIAN_POINT ( 'NONE',  ( 10.40000000000000036, 6.000000000000000000, -105.0000000000000000 ) ) ;
#2995 = CARTESIAN_POINT ( 'NONE',  ( 11.28808821711472987, 16.71467838733146394, -9.108112159180418388 ) ) ;
#2996 = ORIENTED_EDGE ( 'NONE', *, *, #3029, .T. ) ;
#2997 = APPROVAL_PERSON_ORGANIZATION ( #200, #1489, #3613 ) ;
#2998 = DIRECTION ( 'NONE',  ( 1.000000000000000000, -0.000000000000000000, 0.000000000000000000 ) ) ;
#2999 = EDGE_CURVE ( 'NONE', #266, #4350, #3117, .T. ) ;
#3000 = ORIENTED_EDGE ( 'NONE', *, *, #3358, .F. ) ;
#3001 = EDGE_CURVE ( 'NONE', #2814, #1755, #3486, .T. ) ;
#3002 = DIRECTION ( 'NONE',  ( 0.000000000000000000, 0.4690877621129207475, 0.8831515563230877275 ) ) ;
#3003 = CARTESIAN_POINT ( 'NONE',  ( 80.01261462134553426, 6.000000000000000000, -140.0000000000000000 ) ) ;
#3004 = DIRECTION ( 'NONE',  ( 0.000000000000000000, 0.000000000000000000, 1.000000000000000000 ) ) ;
#3005 = ORIENTED_EDGE ( 'NONE', *, *, #3158, .F. ) ;
#3006 = EDGE_CURVE ( 'NONE', #913, #218, #2015, .T. ) ;
#3007 = TOROIDAL_SURFACE ( 'NONE', #4816, 6.290367580801543568, 2.000000000000000000 ) ;
#3008 = PERSON_AND_ORGANIZATION ( #1242, #2607 ) ;
#3009 = ORIENTED_EDGE ( 'NONE', *, *, #4708, .T. ) ;
#3010 = LINE ( 'NONE', #1518, #2419 ) ;
#3011 = FACE_OUTER_BOUND ( 'NONE', #722, .T. ) ;
#3012 = DIRECTION ( 'NONE',  ( -0.000000000000000000, 1.000000000000000000, -0.000000000000000000 ) ) ;
#3013 = CC_DESIGN_DATE_AND_TIME_ASSIGNMENT ( #3545, #2053, ( #1752 ) ) ;
#3014 = EDGE_LOOP ( 'NONE', ( #1442, #543, #3829, #4200 ) ) ;
#3015 = DIRECTION ( 'NONE',  ( -1.000000000000000000, 0.000000000000000000, 0.000000000000000000 ) ) ;
#3016 = LINE ( 'NONE', #4144, #2026 ) ;
#3017 = FACE_OUTER_BOUND ( 'NONE', #517, .T. ) ;
#3018 = AXIS2_PLACEMENT_3D ( 'NONE', #4673, #3840, #4648 ) ;
#3019 = DIRECTION ( 'NONE',  ( 0.000000000000000000, -0.000000000000000000, 1.000000000000000000 ) ) ;
#3020 = CARTESIAN_POINT ( 'NONE',  ( 138.0126146213455343, 12.00000000000000000, -140.0000000000000000 ) ) ;
#3021 = ORIENTED_EDGE ( 'NONE', *, *, #4284, .F. ) ;
#3022 = CARTESIAN_POINT ( 'NONE',  ( 66.67668389870746637, 16.55461042105294922, -9.353201415028168597 ) ) ;
#3023 = ORIENTED_EDGE ( 'NONE', *, *, #4737, .F. ) ;
#3024 = CARTESIAN_POINT ( 'NONE',  ( 100.3999999999999773, 18.00000000000000355, 0.000000000000000000 ) ) ;
#3025 = CARTESIAN_POINT ( 'NONE',  ( 67.99999999999997158, 18.00000000000000355, -107.0000000000000000 ) ) ;
#3026 = CARTESIAN_POINT ( 'NONE',  ( 2.000000000000001776, 16.82599622848118059, -8.937162437894402345 ) ) ;
#3027 = EDGE_LOOP ( 'NONE', ( #2759, #1661, #418, #4105 ) ) ;
#3028 = EDGE_CURVE ( 'NONE', #2879, #4354, #4268, .T. ) ;
#3029 = EDGE_CURVE ( 'NONE', #2654, #793, #2701, .T. ) ;
#3030 = PERSON_AND_ORGANIZATION_ROLE ( 'creator' ) ;
#3031 = CARTESIAN_POINT ( 'NONE',  ( 100.3999999999999631, 18.00000000000000355, -105.0000000000000000 ) ) ;
#3032 = VERTEX_POINT ( 'NONE', #1650 ) ;
#3033 = EDGE_CURVE ( 'NONE', #2950, #2498, #2956, .T. ) ;
#3034 = LINE ( 'NONE', #2549, #939 ) ;
#3035 = CARTESIAN_POINT ( 'NONE',  ( 23.99999999999999289, 20.00000000000000000, -105.0000000000000000 ) ) ;
#3036 = PLANE ( 'NONE',  #2368 ) ;
#3037 = ORIENTED_EDGE ( 'NONE', *, *, #237, .T. ) ;
#3038 = DIRECTION ( 'NONE',  ( 8.163404592832029035E-16, 0.000000000000000000, 1.000000000000000000 ) ) ;
#3039 = CARTESIAN_POINT ( 'NONE',  ( 0.000000000000000000, 12.00000000000000000, 0.000000000000000000 ) ) ;
#3040 = CARTESIAN_POINT ( 'NONE',  ( 41.99999999999999289, 12.00000000000000000, 0.000000000000000000 ) ) ;
#3041 = DIRECTION ( 'NONE',  ( -1.000000000000000000, -0.000000000000000000, -0.000000000000000000 ) ) ;
#3042 = VECTOR ( 'NONE', #575, 1000.000000000000000 ) ;
#3043 = CARTESIAN_POINT ( 'NONE',  ( 2.000000000000000000, 18.00000000000000355, -15.46042971709331226 ) ) ;
#3044 = ADVANCED_FACE ( 'NONE', ( #3146 ), #1967, .F. ) ;
#3045 = EDGE_LOOP ( 'NONE', ( #2755, #3415, #2809, #989, #144 ) ) ;
#3046 = VECTOR ( 'NONE', #3478, 1000.000000000000000 ) ;
#3047 = LINE ( 'NONE', #90, #1245 ) ;
#3048 = CARTESIAN_POINT ( 'NONE',  ( 0.000000000000000000, 12.00000000000000000, -34.00000000000001421 ) ) ;
#3049 = ORIENTED_EDGE ( 'NONE', *, *, #2013, .F. ) ;
#3050 = ORIENTED_EDGE ( 'NONE', *, *, #2029, .F. ) ;
#3051 = DIRECTION ( 'NONE',  ( 0.000000000000000000, 0.000000000000000000, -1.000000000000000000 ) ) ;
#3052 = VECTOR ( 'NONE', #1095, 1000.000000000000000 ) ;
#3053 = VECTOR ( 'NONE', #2916, 1000.000000000000000 ) ;
#3054 = CARTESIAN_POINT ( 'NONE',  ( 1.999999999999999112, 20.00000000000000000, -107.0000000000000000 ) ) ;
#3055 = LINE ( 'NONE', #21, #1883 ) ;
#3056 = EDGE_LOOP ( 'NONE', ( #2051, #2839, #4037, #1386, #4793, #4721, #2667, #826 ) ) ;
#3057 = PRODUCT_DEFINITION_SHAPE ( 'NONE', 'NONE',  #4844 ) ;
#3058 = CIRCLE ( 'NONE', #3998, 6.290367580801543568 ) ;
#3059 = COORDINATED_UNIVERSAL_TIME_OFFSET ( 8, 0, .AHEAD. ) ;
#3060 = EDGE_CURVE ( 'NONE', #361, #3396, #4640, .T. ) ;
#3061 = VERTEX_POINT ( 'NONE', #2772 ) ;
#3062 = ORIENTED_EDGE ( 'NONE', *, *, #3654, .T. ) ;
#3063 = DIRECTION ( 'NONE',  ( -6.084019089575384694E-17, 0.8831515563230876165, -0.4690877621129207475 ) ) ;
#3064 = CARTESIAN_POINT ( 'NONE',  ( 0.000000000000000000, 12.00000000000000000, -34.00000000000001421 ) ) ;
#3065 = ADVANCED_FACE ( 'NONE', ( #475 ), #817, .T. ) ;
#3066 = EDGE_CURVE ( 'NONE', #3666, #1076, #2296, .T. ) ;
#3067 = ORIENTED_EDGE ( 'NONE', *, *, #822, .F. ) ;
#3068 = CARTESIAN_POINT ( 'NONE',  ( 89.73750085349438166, 16.81887574729077528, -8.948112012340740051 ) ) ;
#3069 = DIRECTION ( 'NONE',  ( 0.000000000000000000, 0.000000000000000000, -1.000000000000000000 ) ) ;
#3070 = LINE ( 'NONE', #917, #1894 ) ;
#3071 = CARTESIAN_POINT ( 'NONE',  ( 1.481495961194375877, 16.79096827369379596, -8.990998231668896779 ) ) ;
#3072 = VECTOR ( 'NONE', #4343, 1000.000000000000000 ) ;
#3073 = CYLINDRICAL_SURFACE ( 'NONE', #618, 1.999999999999999778 ) ;
#3074 = VERTEX_POINT ( 'NONE', #1912 ) ;
#3075 = AXIS2_PLACEMENT_3D ( 'NONE', #604, #3208, #1322 ) ;
#3076 = CARTESIAN_POINT ( 'NONE',  ( 50.01261462134555558, 12.00000000000000000, 0.000000000000000000 ) ) ;
#3077 = DIRECTION ( 'NONE',  ( 0.000000000000000000, 1.000000000000000000, -0.000000000000000000 ) ) ;
#3078 = EDGE_LOOP ( 'NONE', ( #4361, #2199, #3776, #463 ) ) ;
#3079 = ADVANCED_FACE ( 'NONE', ( #3807 ), #110, .T. ) ;
#3080 = CARTESIAN_POINT ( 'NONE',  ( 99.62047225243057369, 16.60107716691791424, -9.282136613071603648 ) ) ;
#3081 = CARTESIAN_POINT ( 'NONE',  ( 0.000000000000000000, 6.000000000000006217, -5.451529285327131547 ) ) ;
#3082 = CC_DESIGN_PERSON_AND_ORGANIZATION_ASSIGNMENT ( #3850, #126, ( #2920 ) ) ;
#3083 = PRODUCT_DEFINITION_FORMATION_WITH_SPECIFIED_SOURCE ( '�', '', #85, .NOT_KNOWN. ) ;
#3084 = LINE ( 'NONE', #490, #946 ) ;
#3085 = CARTESIAN_POINT ( 'NONE',  ( 78.39999999999997726, 18.00000000000000355, -15.46042971709331226 ) ) ;
#3086 = ORIENTED_EDGE ( 'NONE', *, *, #3717, .T. ) ;
#3087 = DATE_TIME_ROLE ( 'creation_date' ) ;
#3088 = EDGE_LOOP ( 'NONE', ( #4682, #2715, #4108, #1750 ) ) ;
#3089 = CARTESIAN_POINT ( 'NONE',  ( 131.9999999999999716, 10.00000000000000000, 2.000000000000000000 ) ) ;
#3090 = VECTOR ( 'NONE', #2280, 1000.000000000000000 ) ;
#3091 = CARTESIAN_POINT ( 'NONE',  ( 50.01261462134555558, 12.00000000000000000, -140.0000000000000000 ) ) ;
#3092 = FACE_OUTER_BOUND ( 'NONE', #3269, .T. ) ;
#3093 = ORIENTED_EDGE ( 'NONE', *, *, #935, .F. ) ;
#3094 = CARTESIAN_POINT ( 'NONE',  ( 0.000000000000000000, 12.00000000000000000, -34.00000000000001421 ) ) ;
#3095 = EDGE_CURVE ( 'NONE', #3101, #1810, #3406, .T. ) ;
#3096 = EDGE_CURVE ( 'NONE', #289, #2509, #1230, .T. ) ;
#3097 = CARTESIAN_POINT ( 'NONE',  ( 0.000000000000000000, 12.00000000000000000, -34.00000000000001421 ) ) ;
#3098 = FACE_OUTER_BOUND ( 'NONE', #3986, .T. ) ;
#3099 = CARTESIAN_POINT ( 'NONE',  ( 1.111911782885272260, 16.71467838733147460, -9.108112159180421941 ) ) ;
#3100 = CARTESIAN_POINT ( 'NONE',  ( 22.00000000000000000, 12.00000000000000000, 2.000000000000000000 ) ) ;
#3101 = VERTEX_POINT ( 'NONE', #426 ) ;
#3102 = EDGE_CURVE ( 'NONE', #524, #802, #2522, .T. ) ;
#3103 = VECTOR ( 'NONE', #3645, 1000.000000000000000 ) ;
#3104 = FACE_OUTER_BOUND ( 'NONE', #2647, .T. ) ;
#3105 = CARTESIAN_POINT ( 'NONE',  ( 22.00000000000000000, 20.00000000000000000, 0.000000000000000000 ) ) ;
#3106 = ORIENTED_EDGE ( 'NONE', *, *, #1835, .T. ) ;
#3107 = CYLINDRICAL_SURFACE ( 'NONE', #3518, 1.999999999999999778 ) ;
#3108 = EDGE_LOOP ( 'NONE', ( #2758, #4600, #3720, #340 ) ) ;
#3109 = PERSON_AND_ORGANIZATION ( #1242, #2607 ) ;
#3110 = ORIENTED_EDGE ( 'NONE', *, *, #822, .T. ) ;
#3111 = ADVANCED_FACE ( 'NONE', ( #936 ), #607, .T. ) ;
#3112 = CARTESIAN_POINT ( 'NONE',  ( 102.0126146213455343, 6.000000000000000000, -34.00000000000001421 ) ) ;
#3113 = DIRECTION ( 'NONE',  ( 8.163404592832028049E-16, -0.000000000000000000, 1.000000000000000000 ) ) ;
#3114 = CARTESIAN_POINT ( 'NONE',  ( 0.000000000000000000, 12.00000000000000000, 0.000000000000000000 ) ) ;
#3115 = EDGE_LOOP ( 'NONE', ( #852, #1217, #1127, #4839 ) ) ;
#3116 = DIRECTION ( 'NONE',  ( 0.000000000000000000, -0.8831515563230877275, 0.4690877621129207475 ) ) ;
#3117 = LINE ( 'NONE', #839, #2568 ) ;
#3118 = LINE ( 'NONE', #2016, #1196 ) ;
#3119 = DIRECTION ( 'NONE',  ( 0.000000000000000000, 0.000000000000000000, -1.000000000000000000 ) ) ;
#3120 = EDGE_CURVE ( 'NONE', #3635, #3822, #912, .T. ) ;
#3121 = PLANE ( 'NONE',  #3596 ) ;
#3122 = ORIENTED_EDGE ( 'NONE', *, *, #4195, .F. ) ;
#3123 =( BOUNDED_CURVE ( )  B_SPLINE_CURVE ( 3, ( #299, #4750, #3216, #1701 ),
 .UNSPECIFIED., .F., .F. ) 
 B_SPLINE_CURVE_WITH_KNOTS ( ( 4, 4 ),
 ( 1.570796326794896780, 3.141592653589793116 ),
 .UNSPECIFIED. ) 
 CURVE ( )  GEOMETRIC_REPRESENTATION_ITEM ( )  RATIONAL_B_SPLINE_CURVE ( ( 1.000000000000000000, 0.8047378541243650485, 0.8047378541243650485, 1.000000000000000000 ) ) 
 REPRESENTATION_ITEM ( '' )  );
#3124 = DIRECTION ( 'NONE',  ( -1.000000000000000000, -0.000000000000000000, -0.000000000000000000 ) ) ;
#3125 = AXIS2_PLACEMENT_3D ( 'NONE', #4246, #4622, #3890 ) ;
#3126 = DIRECTION ( 'NONE',  ( 0.000000000000000000, -0.8831515563230877275, 0.4690877621129207475 ) ) ;
#3127 = ORIENTED_EDGE ( 'NONE', *, *, #3157, .T. ) ;
#3128 = EDGE_CURVE ( 'NONE', #4655, #4747, #3556, .T. ) ;
#3129 = LINE ( 'NONE', #1635, #1724 ) ;
#3130 = CARTESIAN_POINT ( 'NONE',  ( 0.000000000000000000, 12.00000000000000000, 0.000000000000000000 ) ) ;
#3131 = EDGE_LOOP ( 'NONE', ( #2855, #4063, #4068, #437 ) ) ;
#3132 = VECTOR ( 'NONE', #3197, 1000.000000000000000 ) ;
#3133 = COORDINATED_UNIVERSAL_TIME_OFFSET ( 8, 0, .AHEAD. ) ;
#3134 = VECTOR ( 'NONE', #3559, 1000.000000000000000 ) ;
#3135 = CARTESIAN_POINT ( 'NONE',  ( 98.39999999999996305, 20.00000000000000000, -107.0000000000000000 ) ) ;
#3136 = ORIENTED_EDGE ( 'NONE', *, *, #38, .F. ) ;
#3137 = LINE ( 'NONE', #4234, #3748 ) ;
#3138 = AXIS2_PLACEMENT_3D ( 'NONE', #336, #1777, #4718 ) ;
#3139 = LINE ( 'NONE', #908, #4261 ) ;
#3140 = DIRECTION ( 'NONE',  ( 0.000000000000000000, 1.000000000000000000, -0.000000000000000000 ) ) ;
#3141 = PRODUCT_DEFINITION ( '�', '', #3083, #4707 ) ;
#3142 = CC_DESIGN_DATE_AND_TIME_ASSIGNMENT ( #4604, #3476, ( #891 ) ) ;
#3143 = ORIENTED_EDGE ( 'NONE', *, *, #3453, .F. ) ;
#3144 = DIRECTION ( 'NONE',  ( 0.000000000000000000, 0.000000000000000000, 1.000000000000000000 ) ) ;
#3145 = AXIS2_PLACEMENT_3D ( 'NONE', #2529, #2554, #1106 ) ;
#3146 = FACE_OUTER_BOUND ( 'NONE', #2411, .T. ) ;
#3147 = CARTESIAN_POINT ( 'NONE',  ( 89.99999999999997158, 20.00000000000000000, -107.0000000000000000 ) ) ;
#3148 = CARTESIAN_POINT ( 'NONE',  ( 111.9999999999999574, 20.00000000000000000, -107.0000000000000000 ) ) ;
#3149 = LINE ( 'NONE', #114, #704 ) ;
#3150 = EDGE_LOOP ( 'NONE', ( #1213, #2988, #39, #1397 ) ) ;
#3151 = CARTESIAN_POINT ( 'NONE',  ( 102.0126146213455343, 12.00000000000000000, -140.0000000000000000 ) ) ;
#3152 = CARTESIAN_POINT ( 'NONE',  ( 152.0000000000000000, 12.00000000000000000, 6.050235346687137929E-21 ) ) ;
#3153 = ORIENTED_EDGE ( 'NONE', *, *, #2123, .F. ) ;
#3154 = DIRECTION ( 'NONE',  ( -8.163404592832028049E-16, 0.000000000000000000, -1.000000000000000000 ) ) ;
#3155 = ORIENTED_EDGE ( 'NONE', *, *, #1124, .T. ) ;
#3156 = AXIS2_PLACEMENT_3D ( 'NONE', #452, #82, #1578 ) ;
#3157 = EDGE_CURVE ( 'NONE', #4126, #1949, #3214, .T. ) ;
#3158 = EDGE_CURVE ( 'NONE', #3822, #2794, #2350, .T. ) ;
#3159 = DATE_AND_TIME ( #997, #3621 ) ;
#3160 = VECTOR ( 'NONE', #1278, 1000.000000000000000 ) ;
#3161 = DIRECTION ( 'NONE',  ( 0.000000000000000000, -1.000000000000000000, 0.000000000000000000 ) ) ;
#3162 = EDGE_LOOP ( 'NONE', ( #3888, #189, #3005, #3391 ) ) ;
#3163 = DIRECTION ( 'NONE',  ( 0.000000000000000000, -1.000000000000000000, 0.000000000000000000 ) ) ;
#3164 = EDGE_CURVE ( 'NONE', #947, #2834, #3235, .T. ) ;
#3165 = LINE ( 'NONE', #3232, #3710 ) ;
#3166 =( NAMED_UNIT ( * ) PLANE_ANGLE_UNIT ( ) SI_UNIT ( $, .RADIAN. ) );
#3167 = ORIENTED_EDGE ( 'NONE', *, *, #2099, .F. ) ;
#3168 = FACE_OUTER_BOUND ( 'NONE', #1031, .T. ) ;
#3169 = CARTESIAN_POINT ( 'NONE',  ( 122.3999999999999631, 15.86546461514189588, -10.39761313908928564 ) ) ;
#3170 = LINE ( 'NONE', #2083, #4014 ) ;
#3171 = CARTESIAN_POINT ( 'NONE',  ( 109.9999999999999858, 18.00000000000000000, -15.46042971709331226 ) ) ;
#3172 = DIRECTION ( 'NONE',  ( 2.593979029498029835E-16, -0.000000000000000000, 1.000000000000000000 ) ) ;
#3173 = ORIENTED_EDGE ( 'NONE', *, *, #1878, .F. ) ;
#3174 = DIRECTION ( 'NONE',  ( 0.000000000000000000, 1.000000000000000000, 0.000000000000000000 ) ) ;
#3175 = LINE ( 'NONE', #3152, #914 ) ;
#3176 = ORIENTED_EDGE ( 'NONE', *, *, #197, .F. ) ;
#3177 = VERTEX_POINT ( 'NONE', #2037 ) ;
#3178 = EDGE_LOOP ( 'NONE', ( #509, #999, #519, #1877 ) ) ;
#3179 = AXIS2_PLACEMENT_3D ( 'NONE', #1602, #3780, #1256 ) ;
#3180 = COORDINATED_UNIVERSAL_TIME_OFFSET ( 8, 0, .AHEAD. ) ;
#3181 = ADVANCED_FACE ( 'NONE', ( #2796 ), #4730, .F. ) ;
#3182 = EDGE_CURVE ( 'NONE', #1581, #617, #3258, .T. ) ;
#3183 = ORIENTED_EDGE ( 'NONE', *, *, #2970, .T. ) ;
#3184 = CARTESIAN_POINT ( 'NONE',  ( 22.00000000000000000, 12.00000000000000000, 0.000000000000000000 ) ) ;
#3185 = DIRECTION ( 'NONE',  ( 0.000000000000000000, -0.000000000000000000, 1.000000000000000000 ) ) ;
#3186 = CARTESIAN_POINT ( 'NONE',  ( 111.9999999999999574, 20.00000000000000000, -105.0000000000000000 ) ) ;
#3187 = EDGE_CURVE ( 'NONE', #621, #4655, #4749, .T. ) ;
#3188 = ORIENTED_EDGE ( 'NONE', *, *, #2094, .T. ) ;
#3189 = CARTESIAN_POINT ( 'NONE',  ( 33.57157287525379274, 5.999999999999997335, -3.186912317060869082 ) ) ;
#3190 = CARTESIAN_POINT ( 'NONE',  ( 111.9999999999999858, 11.70963241919845466, -15.46042971709331226 ) ) ;
#3191 = CARTESIAN_POINT ( 'NONE',  ( 88.00000000000001421, 6.000000000000000000, -4.124947378896986372 ) ) ;
#3192 = CARTESIAN_POINT ( 'NONE',  ( 32.39999999999999147, 20.00000000000000000, -105.0000000000000000 ) ) ;
#3193 = FACE_OUTER_BOUND ( 'NONE', #3108, .T. ) ;
#3194 = VERTEX_POINT ( 'NONE', #2885 ) ;
#3195 = DIRECTION ( 'NONE',  ( 0.000000000000000000, -0.000000000000000000, 1.000000000000000000 ) ) ;
#3196 = CARTESIAN_POINT ( 'NONE',  ( 76.39999999999997726, 20.00000000000000000, -15.46042971709331226 ) ) ;
#3197 = DIRECTION ( 'NONE',  ( -1.000000000000000000, -0.000000000000000000, -0.000000000000000000 ) ) ;
#3198 = EDGE_CURVE ( 'NONE', #3643, #3471, #916, .T. ) ;
#3199 = CARTESIAN_POINT ( 'NONE',  ( 122.3999999999999488, 6.000000000000000000, -105.0000000000000000 ) ) ;
#3200 = ORIENTED_EDGE ( 'NONE', *, *, #2880, .F. ) ;
#3201 = VECTOR ( 'NONE', #1992, 1000.000000000000000 ) ;
#3202 = VERTEX_POINT ( 'NONE', #3907 ) ;
#3203 = COORDINATED_UNIVERSAL_TIME_OFFSET ( 8, 0, .AHEAD. ) ;
#3204 = DIRECTION ( 'NONE',  ( 0.000000000000000000, 0.4690877621129207475, 0.8831515563230877275 ) ) ;
#3205 = ORIENTED_EDGE ( 'NONE', *, *, #2608, .T. ) ;
#3206 = DIRECTION ( 'NONE',  ( 1.309225264888156377E-16, 0.000000000000000000, -1.000000000000000000 ) ) ;
#3207 = ADVANCED_FACE ( 'NONE', ( #4313 ), #959, .T. ) ;
#3208 = DIRECTION ( 'NONE',  ( 0.000000000000000000, 0.000000000000000000, 1.000000000000000000 ) ) ;
#3209 = AXIS2_PLACEMENT_3D ( 'NONE', #4180, #827, #3369 ) ;
#3210 = AXIS2_PLACEMENT_3D ( 'NONE', #1102, #2597, #1497 ) ;
#3211 = EDGE_LOOP ( 'NONE', ( #4161, #1122, #2157, #3922 ) ) ;
#3212 = DIRECTION ( 'NONE',  ( 0.000000000000000000, -1.000000000000000000, 0.000000000000000000 ) ) ;
#3213 = ADVANCED_FACE ( 'NONE', ( #2063 ), #1857, .F. ) ;
#3214 = LINE ( 'NONE', #1351, #364 ) ;
#3215 = VECTOR ( 'NONE', #614, 1000.000000000000000 ) ;
#3216 = CARTESIAN_POINT ( 'NONE',  ( 88.82842712474615610, 20.00000000000000711, -106.9999999999999858 ) ) ;
#3217 = CARTESIAN_POINT ( 'NONE',  ( 68.00000000000000000, 5.999999999999999112, -3.186912317060869082 ) ) ;
#3218 = LINE ( 'NONE', #1377, #4466 ) ;
#3219 = VECTOR ( 'NONE', #1862, 1000.000000000000000 ) ;
#3220 = VERTEX_POINT ( 'NONE', #2 ) ;
#3221 = LINE ( 'NONE', #3631, #2097 ) ;
#3222 = EDGE_CURVE ( 'NONE', #3355, #3975, #2220, .T. ) ;
#3223 = DIRECTION ( 'NONE',  ( 0.000000000000000000, 0.000000000000000000, -1.000000000000000000 ) ) ;
#3224 = EDGE_LOOP ( 'NONE', ( #3590, #2540, #2525, #4189, #1303, #3611, #1026 ) ) ;
#3225 = DIRECTION ( 'NONE',  ( 7.930164461608260440E-16, -0.000000000000000000, 1.000000000000000000 ) ) ;
#3226 = ORIENTED_EDGE ( 'NONE', *, *, #2646, .F. ) ;
#3227 = ORIENTED_EDGE ( 'NONE', *, *, #558, .T. ) ;
#3228 = VECTOR ( 'NONE', #3337, 1000.000000000000000 ) ;
#3229 = CARTESIAN_POINT ( 'NONE',  ( 0.000000000000000000, 6.000000000000000000, -107.0000000000000000 ) ) ;
#3230 = ORIENTED_EDGE ( 'NONE', *, *, #1818, .T. ) ;
#3231 = VECTOR ( 'NONE', #731, 1000.000000000000000 ) ;
#3232 = CARTESIAN_POINT ( 'NONE',  ( 66.00000000000000000, 6.000000000000000000, -1.308477136165363111E-14 ) ) ;
#3233 = ORIENTED_EDGE ( 'NONE', *, *, #3299, .T. ) ;
#3234 = LOCAL_TIME ( 19, 17, 44.00000000000000000, #3692 ) ;
#3235 = LINE ( 'NONE', #4684, #663 ) ;
#3236 = FACE_OUTER_BOUND ( 'NONE', #3014, .T. ) ;
#3237 = CARTESIAN_POINT ( 'NONE',  ( 0.000000000000000000, 20.00000000000000000, 0.000000000000000000 ) ) ;
#3238 = ORIENTED_EDGE ( 'NONE', *, *, #3182, .T. ) ;
#3239 = EDGE_CURVE ( 'NONE', #1802, #4763, #3973, .T. ) ;
#3240 = EDGE_CURVE ( 'NONE', #2972, #1523, #1838, .T. ) ;
#3241 = ORIENTED_EDGE ( 'NONE', *, *, #1565, .T. ) ;
#3242 = FACE_OUTER_BOUND ( 'NONE', #2537, .T. ) ;
#3243 = FACE_OUTER_BOUND ( 'NONE', #4431, .T. ) ;
#3244 = ORIENTED_EDGE ( 'NONE', *, *, #3392, .T. ) ;
#3245 = CARTESIAN_POINT ( 'NONE',  ( 0.000000000000000000, 12.00000000000000000, -140.0000000000000000 ) ) ;
#3246 = EDGE_CURVE ( 'NONE', #1837, #3475, #1519, .T. ) ;
#3247 = AXIS2_PLACEMENT_3D ( 'NONE', #533, #3077, #3440 ) ;
#3248 = ORIENTED_EDGE ( 'NONE', *, *, #2999, .F. ) ;
#3249 = EDGE_LOOP ( 'NONE', ( #486, #531, #4207, #2630 ) ) ;
#3250 = FACE_OUTER_BOUND ( 'NONE', #2136, .T. ) ;
#3251 = ORIENTED_EDGE ( 'NONE', *, *, #601, .T. ) ;
#3252 = AXIS2_PLACEMENT_3D ( 'NONE', #2291, #1621, #2644 ) ;
#3253 = LINE ( 'NONE', #1069, #4493 ) ;
#3254 = DIRECTION ( 'NONE',  ( 1.000000000000000000, 0.000000000000000000, 0.000000000000000000 ) ) ;
#3255 = EDGE_CURVE ( 'NONE', #4179, #4372, #1417, .T. ) ;
#3256 = ORIENTED_EDGE ( 'NONE', *, *, #1214, .T. ) ;
#3257 = ORIENTED_EDGE ( 'NONE', *, *, #1642, .F. ) ;
#3258 = LINE ( 'NONE', #2818, #4670 ) ;
#3259 = CARTESIAN_POINT ( 'NONE',  ( 0.000000000000000000, 12.00000000000000000, -140.0000000000000000 ) ) ;
#3260 = CARTESIAN_POINT ( 'NONE',  ( 0.000000000000000000, 20.00000000000000000, -107.0000000000000000 ) ) ;
#3261 = VERTEX_POINT ( 'NONE', #3330 ) ;
#3262 = DIRECTION ( 'NONE',  ( -1.000000000000000000, 0.000000000000000000, -0.000000000000000000 ) ) ;
#3263 = ORIENTED_EDGE ( 'NONE', *, *, #2562, .F. ) ;
#3264 = CARTESIAN_POINT ( 'NONE',  ( 88.00000000000000000, 10.00000000000000000, 0.000000000000000000 ) ) ;
#3265 = LINE ( 'NONE', #1730, #3072 ) ;
#3266 = EDGE_CURVE ( 'NONE', #1291, #1672, #1786, .T. ) ;
#3267 = DIRECTION ( 'NONE',  ( -0.000000000000000000, -1.000000000000000000, -0.000000000000000000 ) ) ;
#3268 = ORIENTED_EDGE ( 'NONE', *, *, #558, .F. ) ;
#3269 = EDGE_LOOP ( 'NONE', ( #1373, #3616, #535, #410, #1514, #1009, #1376, #2372 ) ) ;
#3270 = EDGE_CURVE ( 'NONE', #2721, #4517, #4428, .T. ) ;
#3271 = LINE ( 'NONE', #2878, #241 ) ;
#3272 = ORIENTED_EDGE ( 'NONE', *, *, #2176, .T. ) ;
#3273 =( BOUNDED_CURVE ( )  B_SPLINE_CURVE ( 3, ( #1914, #2753, #4616, #529 ),
 .UNSPECIFIED., .F., .F. ) 
 B_SPLINE_CURVE_WITH_KNOTS ( ( 4, 4 ),
 ( 1.570796326794896780, 3.141592653589793116 ),
 .UNSPECIFIED. ) 
 CURVE ( )  GEOMETRIC_REPRESENTATION_ITEM ( )  RATIONAL_B_SPLINE_CURVE ( ( 1.000000000000000000, 0.8047378541243650485, 0.8047378541243650485, 1.000000000000000000 ) ) 
 REPRESENTATION_ITEM ( '' )  );
#3274 = DIRECTION ( 'NONE',  ( -0.000000000000000000, -1.000000000000000000, -0.000000000000000000 ) ) ;
#3275 = VECTOR ( 'NONE', #333, 1000.000000000000000 ) ;
#3276 = DATE_TIME_ROLE ( 'classification_date' ) ;
#3277 = ORIENTED_EDGE ( 'NONE', *, *, #1597, .F. ) ;
#3278 = ORIENTED_EDGE ( 'NONE', *, *, #3344, .F. ) ;
#3279 = DIRECTION ( 'NONE',  ( -0.000000000000000000, -0.000000000000000000, -1.000000000000000000 ) ) ;
#3280 = ADVANCED_FACE ( 'NONE', ( #4381 ), #673, .T. ) ;
#3281 = LINE ( 'NONE', #1445, #1673 ) ;
#3282 = CARTESIAN_POINT ( 'NONE',  ( 14.01261462134556446, 12.00000000000000000, -34.00000000000001421 ) ) ;
#3283 = APPROVAL ( #1244, '未' ) ;
#3284 = AXIS2_PLACEMENT_3D ( 'NONE', #3192, #4292, #1702 ) ;
#3285 = ORIENTED_EDGE ( 'NONE', *, *, #2049, .F. ) ;
#3286 = DIRECTION ( 'NONE',  ( 1.000000000000000000, -0.000000000000000000, 0.000000000000000000 ) ) ;
#3287 = DIRECTION ( 'NONE',  ( -0.000000000000000000, 1.000000000000000000, -0.000000000000000000 ) ) ;
#3288 = AXIS2_PLACEMENT_3D ( 'NONE', #637, #3634, #1038 ) ;
#3289 = DIRECTION ( 'NONE',  ( 0.000000000000000000, -0.000000000000000000, -1.000000000000000000 ) ) ;
#3290 = CARTESIAN_POINT ( 'NONE',  ( 67.99999999999997158, 6.000000000000000000, -107.0000000000000000 ) ) ;
#3291 = PLANE ( 'NONE',  #3145 ) ;
#3292 = DIRECTION ( 'NONE',  ( 0.000000000000000000, -0.000000000000000000, 1.000000000000000000 ) ) ;
#3293 = EDGE_LOOP ( 'NONE', ( #4815, #594, #1293, #587 ) ) ;
#3294 = ORIENTED_EDGE ( 'NONE', *, *, #306, .T. ) ;
#3295 = FACE_OUTER_BOUND ( 'NONE', #1665, .T. ) ;
#3296 = CARTESIAN_POINT ( 'NONE',  ( 100.3999999999999631, 20.00000000000000000, -105.0000000000000000 ) ) ;
#3297 = ORIENTED_EDGE ( 'NONE', *, *, #4344, .T. ) ;
#3298 = EDGE_CURVE ( 'NONE', #218, #580, #3724, .T. ) ;
#3299 = EDGE_CURVE ( 'NONE', #1493, #2385, #373, .T. ) ;
#3300 = CARTESIAN_POINT ( 'NONE',  ( 98.39999999999996305, 18.00000000000000355, -107.0000000000000000 ) ) ;
#3301 = DIRECTION ( 'NONE',  ( 0.000000000000000000, 0.000000000000000000, 1.000000000000000000 ) ) ;
#3302 = AXIS2_PLACEMENT_3D ( 'NONE', #596, #2088, #2895 ) ;
#3303 = ORIENTED_EDGE ( 'NONE', *, *, #626, .F. ) ;
#3304 = ORIENTED_EDGE ( 'NONE', *, *, #1177, .F. ) ;
#3305 = AXIS2_PLACEMENT_3D ( 'NONE', #836, #3140, #4560 ) ;
#3306 = DIRECTION ( 'NONE',  ( 6.084019089575384694E-17, -0.8831515563230877275, 0.4690877621129207475 ) ) ;
#3307 = CARTESIAN_POINT ( 'NONE',  ( 21.99999999999999289, 20.00000000000000000, -107.0000000000000000 ) ) ;
#3308 = CARTESIAN_POINT ( 'NONE',  ( 98.39999999999997726, 16.82599622848118059, -8.937162437894402345 ) ) ;
#3309 = CC_DESIGN_APPROVAL ( #4746, ( #1985 ) ) ;
#3310 = ORIENTED_EDGE ( 'NONE', *, *, #1858, .F. ) ;
#3311 = FACE_OUTER_BOUND ( 'NONE', #4311, .T. ) ;
#3312 = CARTESIAN_POINT ( 'NONE',  ( 131.9999999999999716, 10.00000000000000000, 1.000000000000000000 ) ) ;
#3313 = CARTESIAN_POINT ( 'NONE',  ( 100.3999999999999773, 11.70963241919845466, -15.46042971709331226 ) ) ;
#3314 = DIRECTION ( 'NONE',  ( 0.000000000000000000, 0.000000000000000000, 1.000000000000000000 ) ) ;
#3315 = LINE ( 'NONE', #2578, #870 ) ;
#3316 = CARTESIAN_POINT ( 'NONE',  ( 32.39999999999999147, 18.00000000000000355, -107.0000000000000000 ) ) ;
#3317 = ORIENTED_EDGE ( 'NONE', *, *, #2484, .F. ) ;
#3318 = DIRECTION ( 'NONE',  ( 0.000000000000000000, 0.000000000000000000, -1.000000000000000000 ) ) ;
#3319 = ORIENTED_EDGE ( 'NONE', *, *, #684, .T. ) ;
#3320 = DIRECTION ( 'NONE',  ( 1.000000000000000000, -0.000000000000000000, 1.309225264888156377E-16 ) ) ;
#3321 = CARTESIAN_POINT ( 'NONE',  ( 22.00000000000000000, 6.000000000000000000, 0.000000000000000000 ) ) ;
#3322 = ORIENTED_EDGE ( 'NONE', *, *, #4559, .F. ) ;
#3323 = CARTESIAN_POINT ( 'NONE',  ( 87.99999999999997158, 12.00000000000000000, -34.00000000000001421 ) ) ;
#3324 = DIRECTION ( 'NONE',  ( 1.000000000000000000, 0.000000000000000000, 0.000000000000000000 ) ) ;
#3325 = EDGE_CURVE ( 'NONE', #2598, #2217, #2625, .T. ) ;
#3326 = EDGE_CURVE ( 'NONE', #3484, #4534, #4588, .T. ) ;
#3327 = DIRECTION ( 'NONE',  ( -1.000000000000000000, 0.000000000000000000, -0.000000000000000000 ) ) ;
#3328 = VERTEX_POINT ( 'NONE', #4024 ) ;
#3329 = ORIENTED_EDGE ( 'NONE', *, *, #1800, .F. ) ;
#3330 = CARTESIAN_POINT ( 'NONE',  ( 20.00000000000000000, 6.000000000000000000, -34.00000000000001421 ) ) ;
#3331 = DIRECTION ( 'NONE',  ( 0.000000000000000000, -0.000000000000000000, 1.000000000000000000 ) ) ;
#3332 = ADVANCED_FACE ( 'NONE', ( #1494 ), #1073, .T. ) ;
#3333 = CARTESIAN_POINT ( 'NONE',  ( 23.99999999999999289, 20.00000000000000000, -107.0000000000000000 ) ) ;
#3334 = VERTEX_POINT ( 'NONE', #4481 ) ;
#3335 = DIRECTION ( 'NONE',  ( 0.000000000000000000, -0.4690877621129204700, -0.8831515563230878385 ) ) ;
#3336 = CARTESIAN_POINT ( 'NONE',  ( 90.00000000000000000, 2.694950949653402489E-16, -1.431428729220885769E-16 ) ) ;
#3337 = DIRECTION ( 'NONE',  ( 2.593979029498029835E-16, 0.000000000000000000, 1.000000000000000000 ) ) ;
#3338 = DIRECTION ( 'NONE',  ( -0.000000000000000000, 1.000000000000000000, -0.000000000000000000 ) ) ;
#3339 = CARTESIAN_POINT ( 'NONE',  ( 86.00000000000000000, 10.00000000000000000, 2.000000000000000000 ) ) ;
#3340 = B_SPLINE_CURVE_WITH_KNOTS ( 'NONE', 3,
 ( #3446, #3394, #3370, #1978, #121, #65, #2977, #96, #1193, #2257, #20, #1587, #1115, #4473 ),
 .UNSPECIFIED., .F., .F.,
 ( 4, 2, 2, 2, 2, 2, 4 ),
 ( 0.000000000000000000, 0.0003914435603716434012, 0.0007828871207432868025, 0.001174330681114930421, 0.001565774241486573605, 0.002348661362229844795, 0.003131548482973115985 ),
 .UNSPECIFIED. ) ;
#3341 = ORIENTED_EDGE ( 'NONE', *, *, #1391, .T. ) ;
#3342 = CARTESIAN_POINT ( 'NONE',  ( 66.99698295520236968, 16.68091528026165449, -9.159890139030039791 ) ) ;
#3343 = ORIENTED_EDGE ( 'NONE', *, *, #1892, .F. ) ;
#3344 = EDGE_CURVE ( 'NONE', #4534, #2007, #651, .T. ) ;
#3345 = DIRECTION ( 'NONE',  ( 1.309225264888156377E-16, -0.000000000000000000, 1.000000000000000000 ) ) ;
#3346 = CARTESIAN_POINT ( 'NONE',  ( 108.0000000000000000, 10.00000000000000000, 1.000000000000000000 ) ) ;
#3347 = ORIENTED_EDGE ( 'NONE', *, *, #714, .T. ) ;
#3348 = ORIENTED_EDGE ( 'NONE', *, *, #1903, .T. ) ;
#3349 = VERTEX_POINT ( 'NONE', #3668 ) ;
#3350 = VECTOR ( 'NONE', #3913, 1000.000000000000000 ) ;
#3351 = DIRECTION ( 'NONE',  ( -1.000000000000000000, -0.000000000000000000, 1.982541115402065110E-16 ) ) ;
#3352 = DIRECTION ( 'NONE',  ( -0.000000000000000000, 0.000000000000000000, 1.000000000000000000 ) ) ;
#3353 = LINE ( 'NONE', #3260, #3053 ) ;
#3354 = CLOSED_SHELL ( 'NONE', ( #2983, #1691, #4709, #3573, #4265, #3557, #3912, #1295, #469, #4141, #1208 ) ) ;
#3355 = VERTEX_POINT ( 'NONE', #1123 ) ;
#3356 = DIRECTION ( 'NONE',  ( 0.000000000000000000, 0.000000000000000000, -1.000000000000000000 ) ) ;
#3357 = ADVANCED_FACE ( 'NONE', ( #1099 ), #326, .T. ) ;
#3358 = EDGE_CURVE ( 'NONE', #3261, #1949, #2595, .T. ) ;
#3359 = DIRECTION ( 'NONE',  ( 1.216803817915076939E-16, -0.8831515563230876165, 0.4690877621129207475 ) ) ;
#3360 = AXIS2_PLACEMENT_3D ( 'NONE', #2006, #1668, #3204 ) ;
#3361 = FACE_OUTER_BOUND ( 'NONE', #4789, .T. ) ;
#3362 = CARTESIAN_POINT ( 'NONE',  ( 98.39999999999996305, 20.00000000000000000, -107.0000000000000000 ) ) ;
#3363 = DIRECTION ( 'NONE',  ( -1.000000000000000000, 0.000000000000000000, -0.000000000000000000 ) ) ;
#3364 = AXIS2_PLACEMENT_3D ( 'NONE', #2431, #3887, #1970 ) ;
#3365 = ORIENTED_EDGE ( 'NONE', *, *, #1320, .T. ) ;
#3366 = ADVANCED_FACE ( 'NONE', ( #811 ), #3425, .T. ) ;
#3367 = ORIENTED_EDGE ( 'NONE', *, *, #448, .T. ) ;
#3368 = VECTOR ( 'NONE', #450, 1000.000000000000000 ) ;
#3369 = DIRECTION ( 'NONE',  ( -2.593979029498029835E-16, 0.000000000000000000, -1.000000000000000000 ) ) ;
#3370 = CARTESIAN_POINT ( 'NONE',  ( 32.66249914650556718, 16.81887574729078594, -8.948112012340750709 ) ) ;
#3371 = LINE ( 'NONE', #1560, #2508 ) ;
#3372 = ORIENTED_EDGE ( 'NONE', *, *, #4797, .T. ) ;
#3373 = AXIS2_PLACEMENT_3D ( 'NONE', #4157, #1948, #3447 ) ;
#3374 = PRODUCT_DEFINITION ( '�', '', #1985, #4748 ) ;
#3375 = ORIENTED_EDGE ( 'NONE', *, *, #4358, .F. ) ;
#3376 = DIRECTION ( 'NONE',  ( -1.309225264888156377E-16, 0.000000000000000000, 1.000000000000000000 ) ) ;
#3377 = DIRECTION ( 'NONE',  ( 0.000000000000000000, 0.000000000000000000, -1.000000000000000000 ) ) ;
#3378 = ORIENTED_EDGE ( 'NONE', *, *, #867, .F. ) ;
#3379 = CIRCLE ( 'NONE', #4242, 6.290367580801543568 ) ;
#3380 = DIRECTION ( 'NONE',  ( 0.000000000000000000, -0.8831515563230877275, 0.4690877621129207475 ) ) ;
#3381 = CARTESIAN_POINT ( 'NONE',  ( 122.3999999999999631, 18.00000000000000355, -15.46042971709331226 ) ) ;
#3382 = FACE_OUTER_BOUND ( 'NONE', #3712, .T. ) ;
#3383 = VECTOR ( 'NONE', #353, 1000.000000000000000 ) ;
#3384 = DIRECTION ( 'NONE',  ( 1.000000000000000000, 0.000000000000000000, -2.593979029498029835E-16 ) ) ;
#3385 = EDGE_CURVE ( 'NONE', #468, #2509, #1986, .T. ) ;
#3386 = EDGE_CURVE ( 'NONE', #947, #1406, #4530, .T. ) ;
#3387 = LINE ( 'NONE', #4833, #5 ) ;
#3388 = ORIENTED_EDGE ( 'NONE', *, *, #3326, .T. ) ;
#3389 = CC_DESIGN_APPROVAL ( #1342, ( #2920 ) ) ;
#3390 = CARTESIAN_POINT ( 'NONE',  ( 44.00000000000000000, 11.00000000000000000, 1.000000000000000000 ) ) ;
#3391 = ORIENTED_EDGE ( 'NONE', *, *, #3120, .F. ) ;
#3392 = EDGE_CURVE ( 'NONE', #925, #1779, #3878, .T. ) ;
#3393 = DIRECTION ( 'NONE',  ( -1.000000000000000000, -0.000000000000000000, 6.484947573745074586E-17 ) ) ;
#3394 = CARTESIAN_POINT ( 'NONE',  ( 32.53236256294893991, 16.82599622848117349, -8.937162437894398792 ) ) ;
#3395 = DIRECTION ( 'NONE',  ( 1.000000000000000000, 0.000000000000000000, -2.593979029498029835E-16 ) ) ;
#3396 = VERTEX_POINT ( 'NONE', #2345 ) ;
#3397 = CIRCLE ( 'NONE', #1833, 8.290367580801543568 ) ;
#3398 = APPROVAL_STATUS ( 'not_yet_approved' ) ;
#3399 = ORIENTED_EDGE ( 'NONE', *, *, #4840, .T. ) ;
#3400 = CARTESIAN_POINT ( 'NONE',  ( 78.39999999999997726, -0.9381755242258414951, -1.766303112646175455 ) ) ;
#3401 = CARTESIAN_POINT ( 'NONE',  ( 22.00000000000000000, 6.000000000000000000, 0.000000000000000000 ) ) ;
#3402 = LINE ( 'NONE', #3458, #2058 ) ;
#3403 = ADVANCED_FACE ( 'NONE', ( #4235 ), #3774, .F. ) ;
#3404 = ORIENTED_EDGE ( 'NONE', *, *, #3266, .F. ) ;
#3405 = CARTESIAN_POINT ( 'NONE',  ( 65.99999999999997158, 20.00000000000000000, -107.0000000000000000 ) ) ;
#3406 = LINE ( 'NONE', #4239, #4504 ) ;
#3407 = VECTOR ( 'NONE', #752, 1000.000000000000000 ) ;
#3408 = CARTESIAN_POINT ( 'NONE',  ( 109.9999999999999574, 6.000000000000000000, -34.00000000000001421 ) ) ;
#3409 = DIRECTION ( 'NONE',  ( 1.000000000000000000, -0.000000000000000000, -0.000000000000000000 ) ) ;
#3410 = LINE ( 'NONE', #739, #3849 ) ;
#3411 = ORIENTED_EDGE ( 'NONE', *, *, #641, .F. ) ;
#3412 = CARTESIAN_POINT ( 'NONE',  ( 131.9999999999999716, 6.000000000000000000, -1.077569406253827687E-13 ) ) ;
#3413 = EDGE_CURVE ( 'NONE', #2573, #1406, #2009, .T. ) ;
#3414 = DIRECTION ( 'NONE',  ( 0.000000000000000000, -0.4690877621129207475, -0.8831515563230877275 ) ) ;
#3415 = ORIENTED_EDGE ( 'NONE', *, *, #1628, .T. ) ;
#3416 = CARTESIAN_POINT ( 'NONE',  ( 0.000000000000000000, 12.00000000000000000, 0.000000000000000000 ) ) ;
#3417 = CARTESIAN_POINT ( 'NONE',  ( 109.9999999999999574, 6.000000000000000000, -105.0000000000000000 ) ) ;
#3418 = CARTESIAN_POINT ( 'NONE',  ( 32.39999999999998437, 6.000000000000000000, -3.186912317060869970 ) ) ;
#3419 = ORIENTED_EDGE ( 'NONE', *, *, #1722, .F. ) ;
#3420 = ADVANCED_FACE ( 'NONE', ( #3011 ), #1175, .F. ) ;
#3421 = ADVANCED_FACE ( 'NONE', ( #2670 ), #3502, .T. ) ;
#3422 = PERSON_AND_ORGANIZATION ( #1242, #2607 ) ;
#3423 = EDGE_LOOP ( 'NONE', ( #3226, #433, #1033, #1976 ) ) ;
#3424 = DIRECTION ( 'NONE',  ( 1.296989514749014917E-16, -0.000000000000000000, 1.000000000000000000 ) ) ;
#3425 = PLANE ( 'NONE',  #3252 ) ;
#3426 = CARTESIAN_POINT ( 'NONE',  ( 10.39999999999999680, 20.00000000000000000, -107.0000000000000000 ) ) ;
#3427 = ORIENTED_EDGE ( 'NONE', *, *, #2623, .F. ) ;
#3428 = DIRECTION ( 'NONE',  ( -1.000000000000000000, 0.000000000000000000, -0.000000000000000000 ) ) ;
#3429 = VECTOR ( 'NONE', #763, 1000.000000000000000 ) ;
#3430 = DIRECTION ( 'NONE',  ( 0.000000000000000000, -1.000000000000000000, 0.000000000000000000 ) ) ;
#3431 =( BOUNDED_CURVE ( )  B_SPLINE_CURVE ( 3, ( #498, #2266, #421, #1150 ),
 .UNSPECIFIED., .F., .T. ) 
 B_SPLINE_CURVE_WITH_KNOTS ( ( 4, 4 ),
 ( 1.570796326794896558, 3.141592653589793116 ),
 .UNSPECIFIED. ) 
 CURVE ( )  GEOMETRIC_REPRESENTATION_ITEM ( )  RATIONAL_B_SPLINE_CURVE ( ( 1.000000000000000000, 0.8047378541243649375, 0.8047378541243649375, 1.000000000000000000 ) ) 
 REPRESENTATION_ITEM ( '' )  );
#3432 = CC_DESIGN_PERSON_AND_ORGANIZATION_ASSIGNMENT ( #70, #3874, ( #4098 ) ) ;
#3433 = DIRECTION ( 'NONE',  ( 0.000000000000000000, 0.000000000000000000, 1.000000000000000000 ) ) ;
#3434 = CARTESIAN_POINT ( 'NONE',  ( 36.01261462134555558, 12.00000000000000000, -34.00000000000001421 ) ) ;
#3435 = VECTOR ( 'NONE', #2087, 1000.000000000000000 ) ;
#3436 = CARTESIAN_POINT ( 'NONE',  ( 22.00000000000000000, 12.00000000000000000, -34.00000000000001421 ) ) ;
#3437 = VERTEX_POINT ( 'NONE', #4209 ) ;
#3438 = CLOSED_SHELL ( 'NONE', ( #3847, #1439, #198, #4594, #1372, #657, #2299, #953, #3690, #1473, #204, #73, #3480, #581, #2700 ) ) ;
#3439 = CARTESIAN_POINT ( 'NONE',  ( 2.000000000000000000, 6.000000000000000000, -105.0000000000000000 ) ) ;
#3440 = DIRECTION ( 'NONE',  ( 0.000000000000000000, 0.000000000000000000, 1.000000000000000000 ) ) ;
#3441 = ORIENTED_EDGE ( 'NONE', *, *, #15, .T. ) ;
#3442 = VERTEX_POINT ( 'NONE', #835 ) ;
#3443 = CARTESIAN_POINT ( 'NONE',  ( 108.0000000000000000, 6.000000000000000000, -1.322471544038788725E-13 ) ) ;
#3444 = CIRCLE ( 'NONE', #1484, 6.290367580801543568 ) ;
#3445 = VECTOR ( 'NONE', #732, 1000.000000000000000 ) ;
#3446 = CARTESIAN_POINT ( 'NONE',  ( 32.39999999999998437, 16.82599622848118059, -8.937162437894402345 ) ) ;
#3447 = DIRECTION ( 'NONE',  ( 0.000000000000000000, 0.000000000000000000, -1.000000000000000000 ) ) ;
#3448 = ORIENTED_EDGE ( 'NONE', *, *, #1545, .T. ) ;
#3449 = PRODUCT ( '\X2\767d952e\X0\', '\X2\767d952e\X0\', '', ( #1618 ) ) ;
#3450 = VECTOR ( 'NONE', #4172, 1000.000000000000000 ) ;
#3451 = PERSON_AND_ORGANIZATION ( #1242, #2607 ) ;
#3452 = EDGE_CURVE ( 'NONE', #2223, #4223, #3431, .T. ) ;
#3453 = EDGE_CURVE ( 'NONE', #4237, #3975, #51, .T. ) ;
#3454 = VECTOR ( 'NONE', #3465, 1000.000000000000000 ) ;
#3455 = ORIENTED_EDGE ( 'NONE', *, *, #1565, .F. ) ;
#3456 = LINE ( 'NONE', #3089, #315 ) ;
#3457 = CARTESIAN_POINT ( 'NONE',  ( 43.99999999999999289, 12.00000000000000000, -34.00000000000001421 ) ) ;
#3458 = CARTESIAN_POINT ( 'NONE',  ( 0.000000000000000000, 6.000000000000000000, -34.00000000000001421 ) ) ;
#3459 = EDGE_LOOP ( 'NONE', ( #4279, #3541, #4508, #4834, #3519, #3638, #4040, #4356 ) ) ;
#3460 = CARTESIAN_POINT ( 'NONE',  ( 108.0000000000000000, 12.00000000000000000, -1.322471544038788725E-13 ) ) ;
#3461 = CARTESIAN_POINT ( 'NONE',  ( 98.39999999999996305, 20.00000000000000000, -105.0000000000000000 ) ) ;
#3462 = CARTESIAN_POINT ( 'NONE',  ( 76.39999999999996305, 18.00000000000000355, -107.0000000000000000 ) ) ;
#3463 = DIRECTION ( 'NONE',  ( -1.309225264888156377E-16, 0.000000000000000000, 1.000000000000000000 ) ) ;
#3464 = VECTOR ( 'NONE', #2274, 1000.000000000000000 ) ;
#3465 = DIRECTION ( 'NONE',  ( 0.000000000000000000, 0.000000000000000000, -1.000000000000000000 ) ) ;
#3466 = ORIENTED_EDGE ( 'NONE', *, *, #4708, .F. ) ;
#3467 = CIRCLE ( 'NONE', #502, 1.000000000000000000 ) ;
#3468 = CARTESIAN_POINT ( 'NONE',  ( 50.01261462134555558, 12.00000000000000000, -34.00000000000001421 ) ) ;
#3469 = CARTESIAN_POINT ( 'NONE',  ( 64.00000000000000000, 12.00000000000000000, -1.268826313857321670E-14 ) ) ;
#3470 = ORIENTED_EDGE ( 'NONE', *, *, #1148, .F. ) ;
#3471 = VERTEX_POINT ( 'NONE', #861 ) ;
#3472 = CARTESIAN_POINT ( 'NONE',  ( 66.00000000000000000, 18.00000000000000000, -15.46042971709331226 ) ) ;
#3473 = APPROVAL_PERSON_ORGANIZATION ( #2716, #4746, #3989 ) ;
#3474 = DIRECTION ( 'NONE',  ( -0.000000000000000000, 0.000000000000000000, 1.000000000000000000 ) ) ;
#3475 = VERTEX_POINT ( 'NONE', #2315 ) ;
#3476 = DATE_TIME_ROLE ( 'creation_date' ) ;
#3477 = VERTEX_POINT ( 'NONE', #1204 ) ;
#3478 = DIRECTION ( 'NONE',  ( 2.593979029498029835E-16, -0.000000000000000000, 1.000000000000000000 ) ) ;
#3479 = AXIS2_PLACEMENT_3D ( 'NONE', #3035, #2745, #1931 ) ;
#3480 = ADVANCED_FACE ( 'NONE', ( #1250 ), #1541, .T. ) ;
#3481 = LINE ( 'NONE', #1570, #4336 ) ;
#3482 = EDGE_CURVE ( 'NONE', #3495, #713, #3481, .T. ) ;
#3483 = LINE ( 'NONE', #4264, #3945 ) ;
#3484 = VERTEX_POINT ( 'NONE', #2696 ) ;
#3485 = DIRECTION ( 'NONE',  ( 0.000000000000000000, 0.000000000000000000, 1.000000000000000000 ) ) ;
#3486 = LINE ( 'NONE', #4191, #4297 ) ;
#3487 = EDGE_CURVE ( 'NONE', #1406, #289, #4187, .T. ) ;
#3488 = DIRECTION ( 'NONE',  ( 0.000000000000000000, 0.000000000000000000, 1.000000000000000000 ) ) ;
#3489 = CARTESIAN_POINT ( 'NONE',  ( 0.4002934205928146416, 16.40223658499868975, -9.585773318583964198 ) ) ;
#3490 = DIRECTION ( 'NONE',  ( 0.000000000000000000, 1.000000000000000000, 0.000000000000000000 ) ) ;
#3491 = ORIENTED_EDGE ( 'NONE', *, *, #3158, .T. ) ;
#3492 = AXIS2_PLACEMENT_3D ( 'NONE', #2569, #4096, #3698 ) ;
#3493 = DIRECTION ( 'NONE',  ( -0.000000000000000000, -0.000000000000000000, 1.000000000000000000 ) ) ;
#3494 = LINE ( 'NONE', #2046, #987 ) ;
#3495 = VERTEX_POINT ( 'NONE', #129 ) ;
#3496 =( BOUNDED_CURVE ( )  B_SPLINE_CURVE ( 3, ( #3700, #354, #1840, #3333 ),
 .UNSPECIFIED., .F., .T. ) 
 B_SPLINE_CURVE_WITH_KNOTS ( ( 4, 4 ),
 ( 1.570796326794896558, 3.141592653589793116 ),
 .UNSPECIFIED. ) 
 CURVE ( )  GEOMETRIC_REPRESENTATION_ITEM ( )  RATIONAL_B_SPLINE_CURVE ( ( 1.000000000000000000, 0.8047378541243649375, 0.8047378541243649375, 1.000000000000000000 ) ) 
 REPRESENTATION_ITEM ( '' )  );
#3497 = ORIENTED_EDGE ( 'NONE', *, *, #4629, .T. ) ;
#3498 = COORDINATED_UNIVERSAL_TIME_OFFSET ( 8, 0, .AHEAD. ) ;
#3499 = CARTESIAN_POINT ( 'NONE',  ( 22.00000000000000000, 15.88782070425534521, -10.70346555054058157 ) ) ;
#3500 = ORIENTED_EDGE ( 'NONE', *, *, #2515, .T. ) ;
#3501 = CARTESIAN_POINT ( 'NONE',  ( 21.99999999999999289, 20.00000000000000000, -107.0000000000000000 ) ) ;
#3502 = PLANE ( 'NONE',  #977 ) ;
#3503 = PLANE ( 'NONE',  #4326 ) ;
#3504 = ORIENTED_EDGE ( 'NONE', *, *, #1743, .F. ) ;
#3505 = FACE_OUTER_BOUND ( 'NONE', #4805, .T. ) ;
#3506 = CARTESIAN_POINT ( 'NONE',  ( 36.01261462134555558, 12.00000000000000000, -2.357431245847311458E-15 ) ) ;
#3507 = DIRECTION ( 'NONE',  ( -1.000000000000000000, -0.000000000000000000, -0.000000000000000000 ) ) ;
#3508 = CARTESIAN_POINT ( 'NONE',  ( 152.0001000000000033, 6.000000000000000000, 0.000000000000000000 ) ) ;
#3509 = EDGE_CURVE ( 'NONE', #1789, #580, #4585, .T. ) ;
#3510 = DIRECTION ( 'NONE',  ( 1.000000000000000000, 0.000000000000000000, 0.000000000000000000 ) ) ;
#3511 = EDGE_CURVE ( 'NONE', #2950, #802, #2774, .T. ) ;
#3512 = ORIENTED_EDGE ( 'NONE', *, *, #2676, .T. ) ;
#3513 = CARTESIAN_POINT ( 'NONE',  ( 66.00000000000000000, 10.00000000000000000, 1.000000000000000000 ) ) ;
#3514 = VECTOR ( 'NONE', #402, 1000.000000000000000 ) ;
#3515 = CARTESIAN_POINT ( 'NONE',  ( 109.9999999999999574, 20.00000000000000000, -107.0000000000000000 ) ) ;
#3516 = VERTEX_POINT ( 'NONE', #4726 ) ;
#3517 = CARTESIAN_POINT ( 'NONE',  ( 86.00000000000000000, 12.00000000000000000, -7.020527949835546410E-14 ) ) ;
#3518 = AXIS2_PLACEMENT_3D ( 'NONE', #411, #1192, #3002 ) ;
#3519 = ORIENTED_EDGE ( 'NONE', *, *, #1717, .T. ) ;
#3520 = AXIS2_PLACEMENT_3D ( 'NONE', #3517, #170, #3154 ) ;
#3521 = AXIS2_PLACEMENT_3D ( 'NONE', #2628, #404, #1822 ) ;
#3522 = DIRECTION ( 'NONE',  ( 1.000000000000000000, 0.000000000000000000, -2.593979029498029835E-16 ) ) ;
#3523 = ORIENTED_EDGE ( 'NONE', *, *, #1892, .T. ) ;
#3524 = DIRECTION ( 'NONE',  ( -1.216803817915076939E-16, 0.8831515563230877275, -0.4690877621129207475 ) ) ;
#3525 = VECTOR ( 'NONE', #3793, 1000.000000000000000 ) ;
#3526 = LINE ( 'NONE', #179, #3632 ) ;
#3527 = PLANE ( 'NONE',  #1431 ) ;
#3528 = CIRCLE ( 'NONE', #1412, 2.000000000000001776 ) ;
#3529 = EDGE_LOOP ( 'NONE', ( #4094, #3155, #1657, #2151 ) ) ;
#3530 = PLANE ( 'NONE',  #1966 ) ;
#3531 = DIRECTION ( 'NONE',  ( 0.000000000000000000, 1.000000000000000000, -0.000000000000000000 ) ) ;
#3532 = LINE ( 'NONE', #1231, #4644 ) ;
#3533 = CARTESIAN_POINT ( 'NONE',  ( 110.8284271247461703, 20.00000000000000711, -106.9999999999999858 ) ) ;
#3534 = CARTESIAN_POINT ( 'NONE',  ( 88.00000000000000000, 6.000000000000000000, 0.000000000000000000 ) ) ;
#3535 = ORIENTED_EDGE ( 'NONE', *, *, #4211, .F. ) ;
#3536 = DIRECTION ( 'NONE',  ( 0.000000000000000000, 0.000000000000000000, -1.000000000000000000 ) ) ;
#3537 = FACE_OUTER_BOUND ( 'NONE', #1726, .T. ) ;
#3538 = EDGE_CURVE ( 'NONE', #1738, #563, #1371, .T. ) ;
#3539 = AXIS2_PLACEMENT_3D ( 'NONE', #570, #4731, #4291 ) ;
#3540 = EDGE_CURVE ( 'NONE', #4398, #617, #2862, .T. ) ;
#3541 = ORIENTED_EDGE ( 'NONE', *, *, #3572, .F. ) ;
#3542 = AXIS2_PLACEMENT_3D ( 'NONE', #2797, #2474, #2494 ) ;
#3543 = VERTEX_POINT ( 'NONE', #3552 ) ;
#3544 = EDGE_CURVE ( 'NONE', #1348, #3442, #2768, .T. ) ;
#3545 = DATE_AND_TIME ( #4304, #4722 ) ;
#3546 = VECTOR ( 'NONE', #499, 1000.000000000000000 ) ;
#3547 = LINE ( 'NONE', #1803, #2338 ) ;
#3548 = B_SPLINE_CURVE_WITH_KNOTS ( 'NONE', 3,
 ( #1674, #1229, #3068, #4612, #208, #1964, #4287, #525, #2349, #2722, #4238, #865, #890, #4664 ),
 .UNSPECIFIED., .F., .F.,
 ( 4, 2, 2, 2, 2, 2, 4 ),
 ( 0.000000000000000000, 0.0003914435603716476838, 0.0007828871207432953677, 0.001174330681114942997, 0.001565774241486590735, 0.002348661362229856938, 0.003131548482973122924 ),
 .UNSPECIFIED. ) ;
#3549 = ORIENTED_EDGE ( 'NONE', *, *, #846, .T. ) ;
#3550 = DIRECTION ( 'NONE',  ( 0.000000000000000000, 0.4690877621129207475, 0.8831515563230877275 ) ) ;
#3551 = LOCAL_TIME ( 19, 17, 44.00000000000000000, #2616 ) ;
#3552 = CARTESIAN_POINT ( 'NONE',  ( 28.01261462134555202, 12.00000000000000000, -140.0000000000000000 ) ) ;
#3553 = CARTESIAN_POINT ( 'NONE',  ( 0.000000000000000000, 0.000000000000000000, 0.000000000000000000 ) ) ;
#3554 = VERTEX_POINT ( 'NONE', #1346 ) ;
#3555 = DIRECTION ( 'NONE',  ( 1.000000000000000000, 0.000000000000000000, -0.000000000000000000 ) ) ;
#3556 = LINE ( 'NONE', #276, #2003 ) ;
#3557 = ADVANCED_FACE ( 'NONE', ( #2790 ), #4332, .T. ) ;
#3558 = CARTESIAN_POINT ( 'NONE',  ( 64.00000000000000000, 10.00000000000000000, 0.000000000000000000 ) ) ;
#3559 = DIRECTION ( 'NONE',  ( -0.000000000000000000, 1.000000000000000000, -0.000000000000000000 ) ) ;
#3560 = LINE ( 'NONE', #188, #2666 ) ;
#3561 = EDGE_LOOP ( 'NONE', ( #1243, #3023, #1366, #1805 ) ) ;
#3562 = CARTESIAN_POINT ( 'NONE',  ( 21.99999999999999289, 6.000000000000000000, -105.0000000000000000 ) ) ;
#3563 = LINE ( 'NONE', #3983, #2599 ) ;
#3564 = CARTESIAN_POINT ( 'NONE',  ( 152.0001000000000033, 6.000000000000000000, -140.0000000000000000 ) ) ;
#3565 = FACE_OUTER_BOUND ( 'NONE', #1357, .T. ) ;
#3566 = ORIENTED_EDGE ( 'NONE', *, *, #2490, .T. ) ;
#3567 = EDGE_CURVE ( 'NONE', #4548, #4302, #3397, .T. ) ;
#3568 = ORIENTED_EDGE ( 'NONE', *, *, #1113, .F. ) ;
#3569 = APPROVAL_ROLE ( '' ) ;
#3570 = CARTESIAN_POINT ( 'NONE',  ( 129.9999999999999432, 12.00000000000000000, -34.00000000000001421 ) ) ;
#3571 = ORIENTED_EDGE ( 'NONE', *, *, #8, .F. ) ;
#3572 = EDGE_CURVE ( 'NONE', #3662, #700, #1001, .T. ) ;
#3573 = ADVANCED_FACE ( 'NONE', ( #623 ), #4679, .F. ) ;
#3574 = PLANE ( 'NONE',  #2615 ) ;
#3575 = DIRECTION ( 'NONE',  ( 0.000000000000000000, -0.000000000000000000, 1.000000000000000000 ) ) ;
#3576 = ORIENTED_EDGE ( 'NONE', *, *, #2533, .T. ) ;
#3577 = ADVANCED_FACE ( 'NONE', ( #2079 ), #206, .F. ) ;
#3578 = CARTESIAN_POINT ( 'NONE',  ( 121.9997065794071744, 16.40223658499871462, -9.585773318583974856 ) ) ;
#3579 = DIRECTION ( 'NONE',  ( 0.000000000000000000, -0.8831515563230877275, 0.4690877621129207475 ) ) ;
#3580 = DIRECTION ( 'NONE',  ( 0.000000000000000000, 0.000000000000000000, -1.000000000000000000 ) ) ;
#3581 = DIRECTION ( 'NONE',  ( 1.296989514749014917E-16, 0.000000000000000000, 1.000000000000000000 ) ) ;
#3582 = ORIENTED_EDGE ( 'NONE', *, *, #3594, .F. ) ;
#3583 = CARTESIAN_POINT ( 'NONE',  ( 10.40000000000000036, 20.00000000000000000, -107.0000000000000000 ) ) ;
#3584 = CARTESIAN_POINT ( 'NONE',  ( 80.01261462134553426, 12.00000000000000000, -34.00000000000001421 ) ) ;
#3585 = VERTEX_POINT ( 'NONE', #4308 ) ;
#3586 = VECTOR ( 'NONE', #1609, 1000.000000000000000 ) ;
#3587 = ORIENTED_EDGE ( 'NONE', *, *, #2751, .T. ) ;
#3588 = SHAPE_DEFINITION_REPRESENTATION ( #2469, #2931 ) ;
#3589 = DIRECTION ( 'NONE',  ( -1.000000000000000000, 0.000000000000000000, -0.000000000000000000 ) ) ;
#3590 = ORIENTED_EDGE ( 'NONE', *, *, #312, .F. ) ;
#3591 = VECTOR ( 'NONE', #2482, 1000.000000000000000 ) ;
#3592 = CARTESIAN_POINT ( 'NONE',  ( 0.000000000000000000, 6.000000000000000000, -34.00000000000001421 ) ) ;
#3593 = LINE ( 'NONE', #930, #1426 ) ;
#3594 = EDGE_CURVE ( 'NONE', #4253, #880, #3165, .T. ) ;
#3595 = ADVANCED_FACE ( 'NONE', ( #2837 ), #3574, .F. ) ;
#3596 = AXIS2_PLACEMENT_3D ( 'NONE', #1680, #2726, #4317 ) ;
#3597 = VECTOR ( 'NONE', #4732, 1000.000000000000000 ) ;
#3598 = ORIENTED_EDGE ( 'NONE', *, *, #4532, .T. ) ;
#3599 = CARTESIAN_POINT ( 'NONE',  ( 111.8676374370510160, 16.82599622848118415, -8.937162437894400568 ) ) ;
#3600 = TOROIDAL_SURFACE ( 'NONE', #4310, 6.290367580801543568, 2.000000000000000000 ) ;
#3601 = FACE_OUTER_BOUND ( 'NONE', #3911, .T. ) ;
#3602 = EDGE_CURVE ( 'NONE', #1479, #2891, #2420, .T. ) ;
#3603 = CARTESIAN_POINT ( 'NONE',  ( 66.00000000000000000, 11.00000000000000000, 2.000000000000000000 ) ) ;
#3604 = EDGE_LOOP ( 'NONE', ( #4457, #4233, #196, #67, #3587, #1063, #1740, #4819 ) ) ;
#3605 = VECTOR ( 'NONE', #1221, 1000.000000000000000 ) ;
#3606 = ORIENTED_EDGE ( 'NONE', *, *, #1084, .T. ) ;
#3607 = LINE ( 'NONE', #3264, #1007 ) ;
#3608 = DIRECTION ( 'NONE',  ( -1.000000000000000000, -0.000000000000000000, -0.000000000000000000 ) ) ;
#3609 = CARTESIAN_POINT ( 'NONE',  ( 12.40000000000000036, 20.00000000000000000, -105.0000000000000000 ) ) ;
#3610 = ORIENTED_EDGE ( 'NONE', *, *, #1111, .T. ) ;
#3611 = ORIENTED_EDGE ( 'NONE', *, *, #4762, .T. ) ;
#3612 = EDGE_CURVE ( 'NONE', #947, #2378, #3139, .T. ) ;
#3613 = APPROVAL_ROLE ( '' ) ;
#3614 = TOROIDAL_SURFACE ( 'NONE', #2122, 6.290367580801543568, 2.000000000000000000 ) ;
#3615 = CARTESIAN_POINT ( 'NONE',  ( 120.3999999999999488, 20.00000000000000000, -107.0000000000000000 ) ) ;
#3616 = ORIENTED_EDGE ( 'NONE', *, *, #3823, .T. ) ;
#3617 = AXIS2_PLACEMENT_3D ( 'NONE', #3307, #1787, #4827 ) ;
#3618 = DIRECTION ( 'NONE',  ( 1.982541115402065110E-16, -0.000000000000000000, 1.000000000000000000 ) ) ;
#3619 = DIRECTION ( 'NONE',  ( 0.000000000000000000, 0.000000000000000000, 1.000000000000000000 ) ) ;
#3620 = ORIENTED_EDGE ( 'NONE', *, *, #3746, .T. ) ;
#3621 = LOCAL_TIME ( 19, 17, 44.00000000000000000, #268 ) ;
#3622 = UNCERTAINTY_MEASURE_WITH_UNIT (LENGTH_MEASURE( 1.000000000000000082E-05 ), #2098, 'distance_accuracy_value', 'NONE');
#3623 = ADVANCED_FACE ( 'NONE', ( #929 ), #2444, .F. ) ;
#3624 = DIRECTION ( 'NONE',  ( 0.000000000000000000, -0.000000000000000000, 1.000000000000000000 ) ) ;
#3625 = CARTESIAN_POINT ( 'NONE',  ( 109.9999999999999858, 6.000000000000000000, 6.228183495873031108E-21 ) ) ;
#3626 = CARTESIAN_POINT ( 'NONE',  ( 44.00000000000000000, 10.00000000000000000, 1.000000000000000000 ) ) ;
#3627 = EDGE_LOOP ( 'NONE', ( #2996, #1166, #2086, #3944, #978, #2052, #2129, #1071 ) ) ;
#3628 = DIRECTION ( 'NONE',  ( 0.000000000000000000, 0.000000000000000000, 1.000000000000000000 ) ) ;
#3629 = ORIENTED_EDGE ( 'NONE', *, *, #779, .T. ) ;
#3630 = EDGE_CURVE ( 'NONE', #1498, #4204, #3526, .T. ) ;
#3631 = CARTESIAN_POINT ( 'NONE',  ( 80.01261462134553426, 12.00000000000000000, -140.0000000000000000 ) ) ;
#3632 = VECTOR ( 'NONE', #2096, 1000.000000000000000 ) ;
#3633 = CARTESIAN_POINT ( 'NONE',  ( 76.39999999999997726, 11.70963241919845466, -15.46042971709331226 ) ) ;
#3634 = DIRECTION ( 'NONE',  ( 6.084019089575384694E-17, -0.8831515563230877275, 0.4690877621129207475 ) ) ;
#3635 = VERTEX_POINT ( 'NONE', #1671 ) ;
#3636 = ORIENTED_EDGE ( 'NONE', *, *, #4080, .T. ) ;
#3637 = CYLINDRICAL_SURFACE ( 'NONE', #3919, 2.000000000000001776 ) ;
#3638 = ORIENTED_EDGE ( 'NONE', *, *, #4026, .F. ) ;
#3639 = VECTOR ( 'NONE', #1390, 1000.000000000000000 ) ;
#3640 = CC_DESIGN_PERSON_AND_ORGANIZATION_ASSIGNMENT ( #582, #4631, ( #2447 ) ) ;
#3641 = CYLINDRICAL_SURFACE ( 'NONE', #3796, 2.000000000000001776 ) ;
#3642 = PERSON_AND_ORGANIZATION ( #1242, #2607 ) ;
#3643 = VERTEX_POINT ( 'NONE', #1300 ) ;
#3644 = ORIENTED_EDGE ( 'NONE', *, *, #995, .F. ) ;
#3645 = DIRECTION ( 'NONE',  ( 1.000000000000000000, -0.000000000000000000, 0.000000000000000000 ) ) ;
#3646 = FACE_OUTER_BOUND ( 'NONE', #3866, .T. ) ;
#3647 = DIRECTION ( 'NONE',  ( -0.000000000000000000, -1.000000000000000000, -0.000000000000000000 ) ) ;
#3648 = ORIENTED_EDGE ( 'NONE', *, *, #280, .T. ) ;
#3649 = DIRECTION ( 'NONE',  ( -1.000000000000000000, -0.000000000000000000, -0.000000000000000000 ) ) ;
#3650 = ORIENTED_EDGE ( 'NONE', *, *, #1143, .T. ) ;
#3651 = LINE ( 'NONE', #304, #3664 ) ;
#3652 = DIRECTION ( 'NONE',  ( -1.000000000000000000, -0.000000000000000000, 2.593979029498029835E-16 ) ) ;
#3653 = DIRECTION ( 'NONE',  ( 2.593979029498029835E-16, 0.000000000000000000, 1.000000000000000000 ) ) ;
#3654 = EDGE_CURVE ( 'NONE', #3975, #4385, #3925, .T. ) ;
#3655 = ADVANCED_FACE ( 'NONE', ( #1782 ), #1023, .F. ) ;
#3656 = CARTESIAN_POINT ( 'NONE',  ( 10.40000000000000036, 20.00000000000000000, -105.0000000000000000 ) ) ;
#3657 = VERTEX_POINT ( 'NONE', #4446 ) ;
#3658 = ORIENTED_EDGE ( 'NONE', *, *, #4400, .T. ) ;
#3659 = EDGE_CURVE ( 'NONE', #3543, #3643, #2191, .T. ) ;
#3660 = CARTESIAN_POINT ( 'NONE',  ( 32.39999999999998437, 20.00000000000000000, -15.46042971709331226 ) ) ;
#3661 = DIRECTION ( 'NONE',  ( 0.000000000000000000, 0.000000000000000000, -1.000000000000000000 ) ) ;
#3662 = VERTEX_POINT ( 'NONE', #2656 ) ;
#3663 = LINE ( 'NONE', #1918, #1049 ) ;
#3664 = VECTOR ( 'NONE', #1792, 999.9999999999998863 ) ;
#3665 = ORIENTED_EDGE ( 'NONE', *, *, #515, .F. ) ;
#3666 = VERTEX_POINT ( 'NONE', #2162 ) ;
#3667 = AXIS2_PLACEMENT_3D ( 'NONE', #3501, #128, #1620 ) ;
#3668 = CARTESIAN_POINT ( 'NONE',  ( 36.01261462134555558, 6.000000000000000000, -34.00000000000001421 ) ) ;
#3669 = CARTESIAN_POINT ( 'NONE',  ( 66.00000000000000000, 12.00000000000000000, -1.308477136165363111E-14 ) ) ;
#3670 = CARTESIAN_POINT ( 'NONE',  ( 63.99999999999997158, 12.00000000000000000, -140.0000000000000000 ) ) ;
#3671 = VECTOR ( 'NONE', #175, 999.9999999999998863 ) ;
#3672 = CIRCLE ( 'NONE', #2497, 2.000000000000001776 ) ;
#3673 = ORIENTED_EDGE ( 'NONE', *, *, #788, .F. ) ;
#3674 = DIRECTION ( 'NONE',  ( 0.000000000000000000, 0.000000000000000000, 1.000000000000000000 ) ) ;
#3675 = LINE ( 'NONE', #809, #1481 ) ;
#3676 = VECTOR ( 'NONE', #4366, 1000.000000000000000 ) ;
#3677 = CARTESIAN_POINT ( 'NONE',  ( 152.0000000000000000, 12.00000000000000000, -1.205384998164455492E-13 ) ) ;
#3678 = CYLINDRICAL_SURFACE ( 'NONE', #1980, 1.999999999999999778 ) ;
#3679 = DIRECTION ( 'NONE',  ( -1.000000000000000000, 0.000000000000000000, -0.000000000000000000 ) ) ;
#3680 = VECTOR ( 'NONE', #1804, 1000.000000000000000 ) ;
#3681 = CARTESIAN_POINT ( 'NONE',  ( 111.9999999999999574, 20.00000000000000000, -107.0000000000000000 ) ) ;
#3682 = EDGE_LOOP ( 'NONE', ( #4327, #4606, #993, #2748, #3188, #92, #4743 ) ) ;
#3683 = EDGE_CURVE ( 'NONE', #3484, #3074, #3663, .T. ) ;
#3684 = LINE ( 'NONE', #339, #3429 ) ;
#3685 = ADVANCED_FACE ( 'NONE', ( #1045 ), #3641, .T. ) ;
#3686 = ORIENTED_EDGE ( 'NONE', *, *, #3654, .F. ) ;
#3687 = CARTESIAN_POINT ( 'NONE',  ( 109.9999999999999858, 12.00000000000000000, 2.000000000000000000 ) ) ;
#3688 = CARTESIAN_POINT ( 'NONE',  ( 10.40000000000000036, 20.00000000000000000, -107.0000000000000000 ) ) ;
#3689 = ORIENTED_EDGE ( 'NONE', *, *, #1148, .T. ) ;
#3690 = ADVANCED_FACE ( 'NONE', ( #4042 ), #4545, .T. ) ;
#3691 = LINE ( 'NONE', #3048, #275 ) ;
#3692 = COORDINATED_UNIVERSAL_TIME_OFFSET ( 8, 0, .AHEAD. ) ;
#3693 = VECTOR ( 'NONE', #2528, 1000.000000000000000 ) ;
#3694 = LINE ( 'NONE', #2640, #3052 ) ;
#3695 = ORIENTED_EDGE ( 'NONE', *, *, #4227, .F. ) ;
#3696 = ORIENTED_EDGE ( 'NONE', *, *, #1326, .F. ) ;
#3697 = AXIS2_PLACEMENT_3D ( 'NONE', #3064, #2376, #862 ) ;
#3698 = DIRECTION ( 'NONE',  ( 0.000000000000000000, 0.000000000000000000, -1.000000000000000000 ) ) ;
#3699 = DIRECTION ( 'NONE',  ( 1.000000000000000000, 0.000000000000000000, 0.000000000000000000 ) ) ;
#3700 = CARTESIAN_POINT ( 'NONE',  ( 21.99999999999999289, 18.00000000000000355, -105.0000000000000000 ) ) ;
#3701 = APPROVAL_PERSON_ORGANIZATION ( #2236, #1308, #2592 ) ;
#3702 = ORIENTED_EDGE ( 'NONE', *, *, #3187, .T. ) ;
#3703 = DIRECTION ( 'NONE',  ( 1.000000000000000000, 0.000000000000000000, 0.000000000000000000 ) ) ;
#3704 = EDGE_CURVE ( 'NONE', #3477, #2606, #4399, .T. ) ;
#3705 = LINE ( 'NONE', #1424, #4692 ) ;
#3706 = CARTESIAN_POINT ( 'NONE',  ( 111.9999999999999858, -0.9381755242258440486, -1.766303112646173901 ) ) ;
#3707 = DIRECTION ( 'NONE',  ( 1.000000000000000000, 0.000000000000000000, -0.000000000000000000 ) ) ;
#3708 = DIRECTION ( 'NONE',  ( 0.000000000000000000, 0.000000000000000000, -1.000000000000000000 ) ) ;
#3709 = ORIENTED_EDGE ( 'NONE', *, *, #4737, .T. ) ;
#3710 = VECTOR ( 'NONE', #3618, 1000.000000000000000 ) ;
#3711 = LINE ( 'NONE', #60, #1647 ) ;
#3712 = EDGE_LOOP ( 'NONE', ( #1044, #686, #3491, #4798 ) ) ;
#3713 = DIRECTION ( 'NONE',  ( 0.000000000000000000, 0.000000000000000000, 1.000000000000000000 ) ) ;
#3714 = CARTESIAN_POINT ( 'NONE',  ( 152.0000000000000000, 11.00000000000000000, 2.000000000000000000 ) ) ;
#3715 = ORIENTED_EDGE ( 'NONE', *, *, #280, .F. ) ;
#3716 = DATE_AND_TIME ( #1463, #3551 ) ;
#3717 = EDGE_CURVE ( 'NONE', #4426, #3964, #645, .T. ) ;
#3718 = CARTESIAN_POINT ( 'NONE',  ( 22.00000000000000000, 15.72033654559155558, -10.61450599584754606 ) ) ;
#3719 = EDGE_CURVE ( 'NONE', #3471, #925, #3790, .T. ) ;
#3720 = ORIENTED_EDGE ( 'NONE', *, *, #4656, .F. ) ;
#3721 = ORIENTED_EDGE ( 'NONE', *, *, #4026, .T. ) ;
#3722 = AXIS2_PLACEMENT_3D ( 'NONE', #1374, #1767, #3624 ) ;
#3723 = AXIS2_PLACEMENT_3D ( 'NONE', #3105, #1633, #556 ) ;
#3724 = LINE ( 'NONE', #4825, #1696 ) ;
#3725 = CARTESIAN_POINT ( 'NONE',  ( 10.39999999999999325, 16.82599622848118059, -8.937162437894402345 ) ) ;
#3726 = LINE ( 'NONE', #2959, #682 ) ;
#3727 = ADVANCED_FACE ( 'NONE', ( #293 ), #796, .F. ) ;
#3728 = EDGE_LOOP ( 'NONE', ( #4450, #1772, #163, #3167 ) ) ;
#3729 = CARTESIAN_POINT ( 'NONE',  ( 136.0000000000000284, 0.000000000000000000, 0.000000000000000000 ) ) ;
#3730 = FACE_OUTER_BOUND ( 'NONE', #3918, .T. ) ;
#3731 = DIRECTION ( 'NONE',  ( 0.000000000000000000, 0.000000000000000000, 1.000000000000000000 ) ) ;
#3732 = CARTESIAN_POINT ( 'NONE',  ( 109.9999999999999858, 6.000000000000000000, 0.000000000000000000 ) ) ;
#3733 = CARTESIAN_POINT ( 'NONE',  ( 2.000000000000000000, 20.00000000000000000, -107.0000000000000000 ) ) ;
#3734 = ORIENTED_EDGE ( 'NONE', *, *, #2731, .F. ) ;
#3735 = DIRECTION ( 'NONE',  ( -1.000000000000000000, 0.000000000000000000, 0.000000000000000000 ) ) ;
#3736 = ORIENTED_EDGE ( 'NONE', *, *, #1829, .T. ) ;
#3737 = FACE_OUTER_BOUND ( 'NONE', #2912, .T. ) ;
#3738 = CARTESIAN_POINT ( 'NONE',  ( 111.9999999999999574, 20.00000000000000000, -107.0000000000000000 ) ) ;
#3739 = ORIENTED_EDGE ( 'NONE', *, *, #3853, .F. ) ;
#3740 = APPROVAL_DATE_TIME ( #747, #729 ) ;
#3741 = DIRECTION ( 'NONE',  ( 1.000000000000000000, 0.000000000000000000, 0.000000000000000000 ) ) ;
#3742 = ORIENTED_EDGE ( 'NONE', *, *, #3066, .F. ) ;
#3743 = AXIS2_PLACEMENT_3D ( 'NONE', #3439, #2045, #2303 ) ;
#3744 = EDGE_CURVE ( 'NONE', #2834, #468, #3691, .T. ) ;
#3745 = CARTESIAN_POINT ( 'NONE',  ( 11.57157287525380873, 20.00000000000001066, -107.0000000000000000 ) ) ;
#3746 = EDGE_CURVE ( 'NONE', #2483, #1581, #1962, .T. ) ;
#3747 = CARTESIAN_POINT ( 'NONE',  ( 122.5125869649335613, 6.000000000000000000, -107.0000000000000000 ) ) ;
#3748 = VECTOR ( 'NONE', #4635, 1000.000000000000000 ) ;
#3749 = EDGE_LOOP ( 'NONE', ( #3263, #2318, #3549, #1383 ) ) ;
#3750 = LINE ( 'NONE', #1128, #1022 ) ;
#3751 = CARTESIAN_POINT ( 'NONE',  ( 65.99999999999997158, 20.00000000000000000, -107.0000000000000000 ) ) ;
#3752 = EDGE_CURVE ( 'NONE', #3965, #391, #2512, .T. ) ;
#3753 = CIRCLE ( 'NONE', #2582, 2.000000000000001776 ) ;
#3754 = DIRECTION ( 'NONE',  ( -1.000000000000000000, 0.000000000000000000, -0.000000000000000000 ) ) ;
#3755 = AXIS2_PLACEMENT_3D ( 'NONE', #1848, #741, #1895 ) ;
#3756 = CARTESIAN_POINT ( 'NONE',  ( 94.01261462134553426, 6.000000000000000000, -34.00000000000001421 ) ) ;
#3757 = FACE_OUTER_BOUND ( 'NONE', #2657, .T. ) ;
#3758 = VECTOR ( 'NONE', #2178, 1000.000000000000000 ) ;
#3759 = ORIENTED_EDGE ( 'NONE', *, *, #3572, .T. ) ;
#3760 = DIRECTION ( 'NONE',  ( 1.216803817915076939E-16, -0.8831515563230876165, 0.4690877621129207475 ) ) ;
#3761 = APPLICATION_CONTEXT ( 'configuration controlled 3d designs of mechanical parts and assemblies' ) ;
#3762 = VERTEX_POINT ( 'NONE', #1808 ) ;
#3763 = TOROIDAL_SURFACE ( 'NONE', #948, 6.290367580801543568, 2.000000000000000000 ) ;
#3764 = CARTESIAN_POINT ( 'NONE',  ( 109.9999999999999574, 20.00000000000000000, -107.0000000000000000 ) ) ;
#3765 = DIRECTION ( 'NONE',  ( -0.000000000000000000, 0.4690877621129207475, 0.8831515563230877275 ) ) ;
#3766 = CARTESIAN_POINT ( 'NONE',  ( 2.000000000000000000, -5.649654881544531788E-15, 3.000825788189556197E-15 ) ) ;
#3767 = ORIENTED_EDGE ( 'NONE', *, *, #2817, .F. ) ;
#3768 = AXIS2_PLACEMENT_3D ( 'NONE', #2285, #2310, #3821 ) ;
#3769 = EDGE_CURVE ( 'NONE', #3870, #1378, #4177, .T. ) ;
#3770 = CALENDAR_DATE ( 2025, 8, 12 ) ;
#3771 = CARTESIAN_POINT ( 'NONE',  ( 0.8284271247461806320, 6.000000000000000000, -3.186912317060871747 ) ) ;
#3772 = EDGE_LOOP ( 'NONE', ( #3153, #4649, #1409, #3230 ) ) ;
#3773 = DIRECTION ( 'NONE',  ( 1.000000000000000000, 0.000000000000000000, -1.982541115402065110E-16 ) ) ;
#3774 = PLANE ( 'NONE',  #3889 ) ;
#3775 = LINE ( 'NONE', #2268, #190 ) ;
#3776 = ORIENTED_EDGE ( 'NONE', *, *, #500, .T. ) ;
#3777 = CIRCLE ( 'NONE', #4396, 2.000000000000001776 ) ;
#3778 = CARTESIAN_POINT ( 'NONE',  ( 88.00000000000000000, 6.000000000000000000, -5.451529285327107566 ) ) ;
#3779 = EDGE_CURVE ( 'NONE', #350, #1236, #3253, .T. ) ;
#3780 = DIRECTION ( 'NONE',  ( 1.000000000000000000, 0.000000000000000000, -1.982541115402065110E-16 ) ) ;
#3781 =( BOUNDED_CURVE ( )  B_SPLINE_CURVE ( 3, ( #1773, #4672, #2132, #2894 ),
 .UNSPECIFIED., .F., .F. ) 
 B_SPLINE_CURVE_WITH_KNOTS ( ( 4, 4 ),
 ( 4.712388980384689674, 6.283185307179586232 ),
 .UNSPECIFIED. ) 
 CURVE ( )  GEOMETRIC_REPRESENTATION_ITEM ( )  RATIONAL_B_SPLINE_CURVE ( ( 1.000000000000000000, 0.8047378541243649375, 0.8047378541243649375, 1.000000000000000000 ) ) 
 REPRESENTATION_ITEM ( '' )  );
#3782 = CYLINDRICAL_SURFACE ( 'NONE', #3863, 1.000000000000000000 ) ;
#3783 = VECTOR ( 'NONE', #2470, 1000.000000000000000 ) ;
#3784 = CARTESIAN_POINT ( 'NONE',  ( 44.00000000000000000, 6.000000000000000000, 0.000000000000000000 ) ) ;
#3785 = ADVANCED_FACE ( 'NONE', ( #1832 ), #3007, .T. ) ;
#3786 = LINE ( 'NONE', #4541, #3450 ) ;
#3787 = EDGE_CURVE ( 'NONE', #72, #1789, #4770, .T. ) ;
#3788 = ORIENTED_EDGE ( 'NONE', *, *, #4290, .T. ) ;
#3789 = LINE ( 'NONE', #3412, #3914 ) ;
#3790 = LINE ( 'NONE', #4153, #3090 ) ;
#3791 = ORIENTED_EDGE ( 'NONE', *, *, #625, .T. ) ;
#3792 = DIRECTION ( 'NONE',  ( 1.224510688924804405E-15, -0.000000000000000000, 1.000000000000000000 ) ) ;
#3793 = DIRECTION ( 'NONE',  ( 0.000000000000000000, -1.000000000000000000, 0.000000000000000000 ) ) ;
#3794 = LINE ( 'NONE', #1588, #4006 ) ;
#3795 = ORIENTED_EDGE ( 'NONE', *, *, #4471, .T. ) ;
#3796 = AXIS2_PLACEMENT_3D ( 'NONE', #3300, #347, #4377 ) ;
#3797 = PERSON_AND_ORGANIZATION ( #1242, #2607 ) ;
#3798 = CARTESIAN_POINT ( 'NONE',  ( 109.9999999999999858, 10.00000000000000000, 2.000000000000000000 ) ) ;
#3799 = EDGE_CURVE ( 'NONE', #1681, #913, #876, .T. ) ;
#3800 = ORIENTED_EDGE ( 'NONE', *, *, #135, .F. ) ;
#3801 = FACE_OUTER_BOUND ( 'NONE', #4380, .T. ) ;
#3802 = CARTESIAN_POINT ( 'NONE',  ( 138.0126146213455058, 12.00000000000000000, -34.00000000000001421 ) ) ;
#3803 = PRODUCT_DEFINITION_SHAPE ( 'NONE', 'NONE',  #891 ) ;
#3804 = FACE_OUTER_BOUND ( 'NONE', #671, .T. ) ;
#3805 = ORIENTED_EDGE ( 'NONE', *, *, #295, .F. ) ;
#3806 = CARTESIAN_POINT ( 'NONE',  ( 108.0000000000000000, 11.00000000000000000, 2.000000000000000000 ) ) ;
#3807 = FACE_OUTER_BOUND ( 'NONE', #1900, .T. ) ;
#3808 = VECTOR ( 'NONE', #2143, 1000.000000000000000 ) ;
#3809 = PLANE ( 'NONE',  #3156 ) ;
#3810 = DIRECTION ( 'NONE',  ( 1.000000000000000000, 0.000000000000000000, 0.000000000000000000 ) ) ;
#3811 = DIRECTION ( 'NONE',  ( 0.000000000000000000, 0.000000000000000000, 1.000000000000000000 ) ) ;
#3812 = VERTEX_POINT ( 'NONE', #192 ) ;
#3813 = CARTESIAN_POINT ( 'NONE',  ( 120.3999999999999631, 6.000000000000000000, -3.186912317060869970 ) ) ;
#3814 = DIRECTION ( 'NONE',  ( -1.000000000000000000, 0.000000000000000000, 0.000000000000000000 ) ) ;
#3815 = ADVANCED_FACE ( 'NONE', ( #1264 ), #1611, .T. ) ;
#3816 = VERTEX_POINT ( 'NONE', #4623 ) ;
#3817 = ADVANCED_FACE ( 'NONE', ( #845 ), #4247, .T. ) ;
#3818 = CARTESIAN_POINT ( 'NONE',  ( 99.04571059545870071, 16.76983701248524383, -9.023463603025607682 ) ) ;
#3819 = CARTESIAN_POINT ( 'NONE',  ( -1.163462648161540582E-14, 6.000000000000000000, -4.124947378896999695 ) ) ;
#3820 = DIRECTION ( 'NONE',  ( 1.000000000000000000, 0.000000000000000000, 0.000000000000000000 ) ) ;
#3821 = DIRECTION ( 'NONE',  ( 0.000000000000000000, 0.000000000000000000, -1.000000000000000000 ) ) ;
#3822 = VERTEX_POINT ( 'NONE', #4222 ) ;
#3823 = EDGE_CURVE ( 'NONE', #3965, #4354, #3494, .T. ) ;
#3824 = DATE_TIME_ROLE ( 'classification_date' ) ;
#3825 = ORIENTED_EDGE ( 'NONE', *, *, #4427, .F. ) ;
#3826 = DIRECTION ( 'NONE',  ( -0.000000000000000000, 1.000000000000000000, -0.000000000000000000 ) ) ;
#3827 = DIRECTION ( 'NONE',  ( 0.000000000000000000, 0.000000000000000000, 1.000000000000000000 ) ) ;
#3828 = CARTESIAN_POINT ( 'NONE',  ( 22.00000000000000000, 10.00000000000000000, 0.000000000000000000 ) ) ;
#3829 = ORIENTED_EDGE ( 'NONE', *, *, #2669, .T. ) ;
#3830 = PLANE ( 'NONE',  #2981 ) ;
#3831 = CIRCLE ( 'NONE', #1395, 6.290367580801543568 ) ;
#3832 = DIRECTION ( 'NONE',  ( -1.000000000000000000, 0.000000000000000000, 0.000000000000000000 ) ) ;
#3833 = DIRECTION ( 'NONE',  ( 8.163404592832029035E-16, 0.000000000000000000, 1.000000000000000000 ) ) ;
#3834 = CARTESIAN_POINT ( 'NONE',  ( 136.0000000000000284, 16.82599622848118059, -8.937162437894402345 ) ) ;
#3835 = AXIS2_PLACEMENT_3D ( 'NONE', #776, #3773, #419 ) ;
#3836 = CARTESIAN_POINT ( 'NONE',  ( 32.39999999999999147, 18.00000000000000355, -15.46042971709331226 ) ) ;
#3837 = ORIENTED_EDGE ( 'NONE', *, *, #1504, .F. ) ;
#3838 = VECTOR ( 'NONE', #291, 1000.000000000000000 ) ;
#3839 = DIRECTION ( 'NONE',  ( 0.000000000000000000, -0.000000000000000000, 1.000000000000000000 ) ) ;
#3840 = DIRECTION ( 'NONE',  ( -1.000000000000000000, 0.000000000000000000, -0.000000000000000000 ) ) ;
#3841 = ORIENTED_EDGE ( 'NONE', *, *, #3164, .F. ) ;
#3842 = CARTESIAN_POINT ( 'NONE',  ( 99.99970657940717444, 16.40223658499870041, -9.585773318583983738 ) ) ;
#3843 = VECTOR ( 'NONE', #84, 1000.000000000000000 ) ;
#3844 = CARTESIAN_POINT ( 'NONE',  ( 0.8284271247461899579, 20.00000000000000000, -106.9999999999999858 ) ) ;
#3845 = LINE ( 'NONE', #388, #3605 ) ;
#3846 = ORIENTED_EDGE ( 'NONE', *, *, #2183, .T. ) ;
#3847 = ADVANCED_FACE ( 'NONE', ( #167 ), #143, .F. ) ;
#3848 = EDGE_CURVE ( 'NONE', #3220, #2611, #2460, .T. ) ;
#3849 = VECTOR ( 'NONE', #1157, 1000.000000000000000 ) ;
#3850 = PERSON_AND_ORGANIZATION ( #1242, #2607 ) ;
#3851 = VECTOR ( 'NONE', #3979, 1000.000000000000000 ) ;
#3852 = ORIENTED_EDGE ( 'NONE', *, *, #4624, .T. ) ;
#3853 = EDGE_CURVE ( 'NONE', #1262, #1523, #945, .T. ) ;
#3854 = DIRECTION ( 'NONE',  ( -1.000000000000000000, 0.000000000000000000, -0.000000000000000000 ) ) ;
#3855 = CARTESIAN_POINT ( 'NONE',  ( 152.0001000000000033, 6.000000000000000000, -140.0000000000000000 ) ) ;
#3856 = DIRECTION ( 'NONE',  ( 0.000000000000000000, 0.000000000000000000, 1.000000000000000000 ) ) ;
#3857 = ORIENTED_EDGE ( 'NONE', *, *, #69, .T. ) ;
#3858 = DIRECTION ( 'NONE',  ( 0.000000000000000000, -1.000000000000000000, 0.000000000000000000 ) ) ;
#3859 = CC_DESIGN_PERSON_AND_ORGANIZATION_ASSIGNMENT ( #4092, #2140, ( #3083 ) ) ;
#3860 = CARTESIAN_POINT ( 'NONE',  ( 120.5323625629489612, 16.82599622848118415, -8.937162437894402345 ) ) ;
#3861 = FACE_OUTER_BOUND ( 'NONE', #4158, .T. ) ;
#3862 = FACE_OUTER_BOUND ( 'NONE', #1561, .T. ) ;
#3863 = AXIS2_PLACEMENT_3D ( 'NONE', #2203, #4102, #358 ) ;
#3864 = CARTESIAN_POINT ( 'NONE',  ( 120.3999999999999631, 11.70963241919845466, -15.46042971709331226 ) ) ;
#3865 = EDGE_CURVE ( 'NONE', #4823, #2594, #1942, .T. ) ;
#3866 = EDGE_LOOP ( 'NONE', ( #3110, #2311, #2164, #2738 ) ) ;
#3867 = AXIS2_PLACEMENT_3D ( 'NONE', #3259, #937, #2064 ) ;
#3868 = DIRECTION ( 'NONE',  ( -1.000000000000000000, -0.000000000000000000, -0.000000000000000000 ) ) ;
#3869 = CARTESIAN_POINT ( 'NONE',  ( 116.0126146213455200, 12.00000000000000000, -34.00000000000001421 ) ) ;
#3870 = VERTEX_POINT ( 'NONE', #1312 ) ;
#3871 = LINE ( 'NONE', #3024, #777 ) ;
#3872 = LOCAL_TIME ( 19, 17, 44.00000000000000000, #599 ) ;
#3873 = ORIENTED_EDGE ( 'NONE', *, *, #2962, .F. ) ;
#3874 = PERSON_AND_ORGANIZATION_ROLE ( 'classification_officer' ) ;
#3875 = EDGE_LOOP ( 'NONE', ( #297, #3256, #2002, #2138, #279 ) ) ;
#3876 = FACE_OUTER_BOUND ( 'NONE', #3150, .T. ) ;
#3877 = AXIS2_PLACEMENT_3D ( 'NONE', #2059, #1319, #1277 ) ;
#3878 = LINE ( 'NONE', #3401, #2545 ) ;
#3879 = CARTESIAN_POINT ( 'NONE',  ( 44.00000000000000000, 12.00000000000000000, -8.979745052115231248E-15 ) ) ;
#3880 = ADVANCED_FACE ( 'NONE', ( #3537 ), #3915, .T. ) ;
#3881 = EDGE_CURVE ( 'NONE', #2385, #1975, #3175, .T. ) ;
#3882 = ORIENTED_EDGE ( 'NONE', *, *, #399, .T. ) ;
#3883 = CARTESIAN_POINT ( 'NONE',  ( 124.0126146213455200, 6.000000000000000000, -140.0000000000000000 ) ) ;
#3884 = PLANE ( 'NONE',  #470 ) ;
#3885 = CARTESIAN_POINT ( 'NONE',  ( 124.0126146213455200, 12.00000000000000000, -140.0000000000000000 ) ) ;
#3886 = LINE ( 'NONE', #3834, #778 ) ;
#3887 = DIRECTION ( 'NONE',  ( 0.000000000000000000, 1.000000000000000000, 0.000000000000000000 ) ) ;
#3888 = ORIENTED_EDGE ( 'NONE', *, *, #515, .T. ) ;
#3889 = AXIS2_PLACEMENT_3D ( 'NONE', #1907, #4558, #4609 ) ;
#3890 = DIRECTION ( 'NONE',  ( 0.000000000000000000, 0.000000000000000000, -1.000000000000000000 ) ) ;
#3891 = PLANE ( 'NONE',  #3247 ) ;
#3892 = ORIENTED_EDGE ( 'NONE', *, *, #2792, .F. ) ;
#3893 = FACE_OUTER_BOUND ( 'NONE', #1954, .T. ) ;
#3894 = CC_DESIGN_PERSON_AND_ORGANIZATION_ASSIGNMENT ( #4328, #2025, ( #1985 ) ) ;
#3895 = DIRECTION ( 'NONE',  ( -1.000000000000000000, 0.000000000000000000, -0.000000000000000000 ) ) ;
#3896 = ORIENTED_EDGE ( 'NONE', *, *, #1510, .T. ) ;
#3897 = DATE_AND_TIME ( #1736, #423 ) ;
#3898 = CARTESIAN_POINT ( 'NONE',  ( 109.9999999999999858, 10.00000000000000000, 1.000000000000000000 ) ) ;
#3899 = ORIENTED_EDGE ( 'NONE', *, *, #3540, .F. ) ;
#3900 = CARTESIAN_POINT ( 'NONE',  ( 23.99999999999999289, 18.00000000000000355, -107.0000000000000000 ) ) ;
#3901 = DIRECTION ( 'NONE',  ( 0.000000000000000000, 1.000000000000000000, 0.000000000000000000 ) ) ;
#3902 = SHAPE_REPRESENTATION_RELATIONSHIP ( 'NONE' , 'NONE' ,  #2931, #1710 ) ;
#3903 = ORIENTED_EDGE ( 'NONE', *, *, #881, .T. ) ;
#3904 = DIRECTION ( 'NONE',  ( 0.000000000000000000, 1.000000000000000000, -0.000000000000000000 ) ) ;
#3905 = EDGE_CURVE ( 'NONE', #3328, #584, #2328, .T. ) ;
#3906 = EDGE_CURVE ( 'NONE', #2378, #3870, #899, .T. ) ;
#3907 = CARTESIAN_POINT ( 'NONE',  ( 94.01261462134554847, 6.000000000000000000, -140.0000000000000000 ) ) ;
#3908 = DIRECTION ( 'NONE',  ( -0.000000000000000000, 1.000000000000000000, -0.000000000000000000 ) ) ;
#3909 = PLANE ( 'NONE',  #1874 ) ;
#3910 = CARTESIAN_POINT ( 'NONE',  ( 10.39999999999999325, 16.82599622848118415, -8.937162437894404121 ) ) ;
#3911 = EDGE_LOOP ( 'NONE', ( #728, #3466, #332, #4378, #2980, #2158 ) ) ;
#3912 = ADVANCED_FACE ( 'NONE', ( #1583 ), #3891, .T. ) ;
#3913 = DIRECTION ( 'NONE',  ( -0.000000000000000000, -1.000000000000000000, -0.000000000000000000 ) ) ;
#3914 = VECTOR ( 'NONE', #1482, 1000.000000000000000 ) ;
#3915 = CYLINDRICAL_SURFACE ( 'NONE', #1138, 1.999999999999999778 ) ;
#3916 = CYLINDRICAL_SURFACE ( 'NONE', #1253, 1.000000000000000000 ) ;
#3917 = ORIENTED_EDGE ( 'NONE', *, *, #161, .F. ) ;
#3918 = EDGE_LOOP ( 'NONE', ( #3523, #3244, #2823, #2044, #3319, #3455, #4752 ) ) ;
#3919 = AXIS2_PLACEMENT_3D ( 'NONE', #666, #316, #1850 ) ;
#3920 = DATE_AND_TIME ( #904, #3872 ) ;
#3921 = VECTOR ( 'NONE', #2604, 1000.000000000000000 ) ;
#3922 = ORIENTED_EDGE ( 'NONE', *, *, #3482, .F. ) ;
#3923 = EDGE_CURVE ( 'NONE', #1940, #154, #2360, .T. ) ;
#3924 = FACE_OUTER_BOUND ( 'NONE', #559, .T. ) ;
#3925 = LINE ( 'NONE', #3592, #516 ) ;
#3926 = PRODUCT_DEFINITION_SHAPE ( 'NONE', 'NONE',  #3141 ) ;
#3927 = LINE ( 'NONE', #1715, #639 ) ;
#3928 = AXIS2_PLACEMENT_3D ( 'NONE', #2674, #3356, #3428 ) ;
#3929 = ORIENTED_EDGE ( 'NONE', *, *, #2148, .T. ) ;
#3930 = CYLINDRICAL_SURFACE ( 'NONE', #1100, 2.000000000000000000 ) ;
#3931 = CARTESIAN_POINT ( 'NONE',  ( 121.2880882171147334, 16.71467838733147460, -9.108112159180416612 ) ) ;
#3932 = CARTESIAN_POINT ( 'NONE',  ( 131.9999999999999432, 6.000000000000000000, -34.00000000000001421 ) ) ;
#3933 = LINE ( 'NONE', #1353, #1958 ) ;
#3934 = EDGE_CURVE ( 'NONE', #3585, #4302, #4199, .T. ) ;
#3935 = FACE_OUTER_BOUND ( 'NONE', #3088, .T. ) ;
#3936 = VERTEX_POINT ( 'NONE', #3869 ) ;
#3937 = CARTESIAN_POINT ( 'NONE',  ( 0.000000000000000000, 12.00000000000000000, -140.0000000000000000 ) ) ;
#3938 = DIRECTION ( 'NONE',  ( -0.000000000000000000, -1.000000000000000000, -0.000000000000000000 ) ) ;
#3939 = AXIS2_PLACEMENT_3D ( 'NONE', #869, #1936, #478 ) ;
#3940 = EDGE_CURVE ( 'NONE', #1574, #1703, #2021, .T. ) ;
#3941 = EDGE_CURVE ( 'NONE', #713, #4030, #2071, .T. ) ;
#3942 = CARTESIAN_POINT ( 'NONE',  ( 66.00000000000000000, 11.00000000000000000, 1.000000000000000000 ) ) ;
#3943 = DIRECTION ( 'NONE',  ( 1.000000000000000000, 0.000000000000000000, 0.000000000000000000 ) ) ;
#3944 = ORIENTED_EDGE ( 'NONE', *, *, #4166, .F. ) ;
#3945 = VECTOR ( 'NONE', #812, 1000.000000000000000 ) ;
#3946 = VERTEX_POINT ( 'NONE', #1794 ) ;
#3947 = APPROVAL_DATE_TIME ( #2116, #1704 ) ;
#3948 = CC_DESIGN_SECURITY_CLASSIFICATION ( #1752, ( #1985 ) ) ;
#3949 = ADVANCED_FACE ( 'NONE', ( #660 ), #2849, .T. ) ;
#3950 = CARTESIAN_POINT ( 'NONE',  ( 66.00000000000000000, 15.72033654559155913, -10.61450599584754784 ) ) ;
#3951 = EDGE_LOOP ( 'NONE', ( #36, #3470, #4154, #897 ) ) ;
#3952 = DIRECTION ( 'NONE',  ( -1.000000000000000000, 0.000000000000000000, 0.000000000000000000 ) ) ;
#3953 = CARTESIAN_POINT ( 'NONE',  ( -79.76737551610423793, 15.53751450516924493, 35.99998749999998182 ) ) ;
#3954 = EDGE_CURVE ( 'NONE', #3442, #580, #3563, .T. ) ;
#3955 = VERTEX_POINT ( 'NONE', #3290 ) ;
#3956 = CARTESIAN_POINT ( 'NONE',  ( 152.0001000000000033, 6.000000000000000000, -140.0000000000000000 ) ) ;
#3957 = CARTESIAN_POINT ( 'NONE',  ( 111.4814959611943408, 16.79096827369378531, -8.990998231668895002 ) ) ;
#3958 = LINE ( 'NONE', #4027, #568 ) ;
#3959 = LINE ( 'NONE', #4687, #3134 ) ;
#3960 = CARTESIAN_POINT ( 'NONE',  ( 44.00000000000000000, 10.00000000000000000, 0.000000000000000000 ) ) ;
#3961 = ORIENTED_EDGE ( 'NONE', *, *, #2176, .F. ) ;
#3962 = PLANE ( 'NONE',  #4368 ) ;
#3963 = DIRECTION ( 'NONE',  ( 0.000000000000000000, 0.000000000000000000, 1.000000000000000000 ) ) ;
#3964 = VERTEX_POINT ( 'NONE', #4412 ) ;
#3965 = VERTEX_POINT ( 'NONE', #4033 ) ;
#3966 = EDGE_CURVE ( 'NONE', #1479, #2340, #1360, .T. ) ;
#3967 = EDGE_CURVE ( 'NONE', #847, #2583, #2200, .T. ) ;
#3968 = ORIENTED_EDGE ( 'NONE', *, *, #2041, .T. ) ;
#3969 = APPROVAL_STATUS ( 'not_yet_approved' ) ;
#3970 = DIRECTION ( 'NONE',  ( 2.593979029498029835E-16, 0.000000000000000000, 1.000000000000000000 ) ) ;
#3971 = VERTEX_POINT ( 'NONE', #1774 ) ;
#3972 = EDGE_CURVE ( 'NONE', #2507, #837, #3265, .T. ) ;
#3973 =( BOUNDED_CURVE ( )  B_SPLINE_CURVE ( 3, ( #1444, #1467, #3745, #2618 ),
 .UNSPECIFIED., .F., .F. ) 
 B_SPLINE_CURVE_WITH_KNOTS ( ( 4, 4 ),
 ( 1.570796326794896558, 3.141592653589794892 ),
 .UNSPECIFIED. ) 
 CURVE ( )  GEOMETRIC_REPRESENTATION_ITEM ( )  RATIONAL_B_SPLINE_CURVE ( ( 1.000000000000000000, 0.8047378541243646044, 0.8047378541243646044, 1.000000000000000000 ) ) 
 REPRESENTATION_ITEM ( '' )  );
#3974 = DIRECTION ( 'NONE',  ( 1.000000000000000000, -0.000000000000000000, 0.000000000000000000 ) ) ;
#3975 = VERTEX_POINT ( 'NONE', #260 ) ;
#3976 = CARTESIAN_POINT ( 'NONE',  ( 109.9999999999999858, 15.72033654559155913, -10.61450599584754784 ) ) ;
#3977 = DIRECTION ( 'NONE',  ( -0.000000000000000000, -0.000000000000000000, -1.000000000000000000 ) ) ;
#3978 = CARTESIAN_POINT ( 'NONE',  ( 109.9999999999999574, 18.00000000000000355, -105.0000000000000000 ) ) ;
#3979 = DIRECTION ( 'NONE',  ( -0.000000000000000000, -1.000000000000000000, -0.000000000000000000 ) ) ;
#3980 = ORIENTED_EDGE ( 'NONE', *, *, #40, .T. ) ;
#3981 = EDGE_CURVE ( 'NONE', #584, #266, #3379, .T. ) ;
#3982 = CARTESIAN_POINT ( 'NONE',  ( 122.5125869649335613, 6.000000000000000000, -107.0000000000000000 ) ) ;
#3983 = CARTESIAN_POINT ( 'NONE',  ( 152.0001000000000033, 6.000000000000000000, 0.000000000000000000 ) ) ;
#3984 = ORIENTED_EDGE ( 'NONE', *, *, #2099, .T. ) ;
#3985 = PLANE ( 'NONE',  #1179 ) ;
#3986 = EDGE_LOOP ( 'NONE', ( #2902, #223, #755, #4278 ) ) ;
#3987 = AXIS2_PLACEMENT_3D ( 'NONE', #4460, #2601, #4101 ) ;
#3988 = ORIENTED_EDGE ( 'NONE', *, *, #1903, .F. ) ;
#3989 = APPROVAL_ROLE ( '' ) ;
#3990 = VECTOR ( 'NONE', #496, 1000.000000000000000 ) ;
#3991 = PLANE ( 'NONE',  #4537 ) ;
#3992 = EDGE_CURVE ( 'NONE', #1584, #3334, #2922, .T. ) ;
#3993 = ORIENTED_EDGE ( 'NONE', *, *, #1320, .F. ) ;
#3994 = AXIS2_PLACEMENT_3D ( 'NONE', #3798, #4160, #807 ) ;
#3995 = DIRECTION ( 'NONE',  ( 0.000000000000000000, 0.000000000000000000, 1.000000000000000000 ) ) ;
#3996 = CARTESIAN_POINT ( 'NONE',  ( 64.00000000000000000, 10.00000000000000000, 1.000000000000000000 ) ) ;
#3997 = ADVANCED_FACE ( 'NONE', ( #3243 ), #305, .F. ) ;
#3998 = AXIS2_PLACEMENT_3D ( 'NONE', #2898, #4414, #4035 ) ;
#3999 = ORIENTED_EDGE ( 'NONE', *, *, #3744, .F. ) ;
#4000 = CARTESIAN_POINT ( 'NONE',  ( 111.9999999999999858, 16.82599622848118059, -8.937162437894402345 ) ) ;
#4001 = VECTOR ( 'NONE', #2012, 1000.000000000000000 ) ;
#4002 = DIRECTION ( 'NONE',  ( -2.618450529776312753E-16, 0.000000000000000000, 1.000000000000000000 ) ) ;
#4003 = LINE ( 'NONE', #4315, #4769 ) ;
#4004 = ORIENTED_EDGE ( 'NONE', *, *, #1775, .T. ) ;
#4005 = DIRECTION ( 'NONE',  ( -1.000000000000000000, 0.000000000000000000, 1.296989514749014917E-16 ) ) ;
#4006 = VECTOR ( 'NONE', #441, 1000.000000000000000 ) ;
#4007 = EDGE_LOOP ( 'NONE', ( #3846, #4417, #1254, #3441 ) ) ;
#4008 = FACE_OUTER_BOUND ( 'NONE', #3604, .T. ) ;
#4009 = CARTESIAN_POINT ( 'NONE',  ( 22.00000000000000000, 6.000000000000000000, 0.000000000000000000 ) ) ;
#4010 = FACE_OUTER_BOUND ( 'NONE', #3211, .T. ) ;
#4011 = CC_DESIGN_PERSON_AND_ORGANIZATION_ASSIGNMENT ( #200, #2091, ( #2208 ) ) ;
#4012 = ORIENTED_EDGE ( 'NONE', *, *, #4433, .T. ) ;
#4013 = ORIENTED_EDGE ( 'NONE', *, *, #2432, .F. ) ;
#4014 = VECTOR ( 'NONE', #229, 1000.000000000000000 ) ;
#4015 = LINE ( 'NONE', #3615, #1 ) ;
#4016 = ORIENTED_EDGE ( 'NONE', *, *, #3941, .T. ) ;
#4017 = MANIFOLD_SOLID_BREP ( '\X2\52079664\X0\-\X2\62c94f38\X0\2[1]', #78 ) ;
#4018 = CARTESIAN_POINT ( 'NONE',  ( 131.9999999999999716, 12.00000000000000000, -3.114091643165926580E-21 ) ) ;
#4019 = DATE_AND_TIME ( #4447, #4567 ) ;
#4020 = EDGE_LOOP ( 'NONE', ( #2362, #2710, #2294, #2801 ) ) ;
#4021 = ORIENTED_EDGE ( 'NONE', *, *, #87, .F. ) ;
#4022 = CC_DESIGN_SECURITY_CLASSIFICATION ( #4098, ( #2920 ) ) ;
#4023 = EDGE_CURVE ( 'NONE', #3495, #459, #2478, .T. ) ;
#4024 = CARTESIAN_POINT ( 'NONE',  ( 66.00000000000000000, 5.999999999999999112, -5.451529285327106678 ) ) ;
#4026 = EDGE_CURVE ( 'NONE', #2757, #2828, #613, .T. ) ;
#4025 = MANIFOLD_SOLID_BREP ( '\X2\52079664\X0\-\X2\62c94f38\X0\1[1]', #860 ) ;
#4027 = CARTESIAN_POINT ( 'NONE',  ( 98.39999999999996305, 20.00000000000000000, -107.0000000000000000 ) ) ;
#4028 = CARTESIAN_POINT ( 'NONE',  ( 122.5125869649335613, 6.000000000000000000, -107.0000000000000000 ) ) ;
#4029 = CARTESIAN_POINT ( 'NONE',  ( 136.0000000000000284, 11.70963241919845466, -15.46042971709331226 ) ) ;
#4030 = VERTEX_POINT ( 'NONE', #3196 ) ;
#4031 = LINE ( 'NONE', #990, #1477 ) ;
#4032 = EDGE_CURVE ( 'NONE', #802, #3220, #2109, .T. ) ;
#4033 = CARTESIAN_POINT ( 'NONE',  ( 41.99999999999999289, 12.00000000000000000, -34.00000000000001421 ) ) ;
#4034 = FACE_OUTER_BOUND ( 'NONE', #1202, .T. ) ;
#4035 = DIRECTION ( 'NONE',  ( 0.000000000000000000, 8.273237392062365396E-16, 1.000000000000000000 ) ) ;
#4036 = ORIENTED_EDGE ( 'NONE', *, *, #2336, .T. ) ;
#4037 = ORIENTED_EDGE ( 'NONE', *, *, #3848, .T. ) ;
#4038 = DIRECTION ( 'NONE',  ( -2.593979029498029835E-16, 0.000000000000000000, -1.000000000000000000 ) ) ;
#4039 = CARTESIAN_POINT ( 'NONE',  ( 65.99999999999997158, 20.00000000000000000, -105.0000000000000000 ) ) ;
#4040 = ORIENTED_EDGE ( 'NONE', *, *, #602, .T. ) ;
#4041 = AXIS2_PLACEMENT_3D ( 'NONE', #3461, #3430, #4614 ) ;
#4042 = FACE_OUTER_BOUND ( 'NONE', #4740, .T. ) ;
#4043 = DATE_TIME_ROLE ( 'creation_date' ) ;
#4044 = ORIENTED_EDGE ( 'NONE', *, *, #3906, .T. ) ;
#4045 = ORIENTED_EDGE ( 'NONE', *, *, #3787, .F. ) ;
#4046 = CARTESIAN_POINT ( 'NONE',  ( 109.9999999999999858, 6.000000000000000000, -8.979745052115230933E-14 ) ) ;
#4047 = FACE_OUTER_BOUND ( 'NONE', #3249, .T. ) ;
#4048 = ORIENTED_EDGE ( 'NONE', *, *, #602, .F. ) ;
#4049 = EDGE_CURVE ( 'NONE', #2783, #1338, #1380, .T. ) ;
#4050 = EDGE_CURVE ( 'NONE', #3074, #4372, #2872, .T. ) ;
#4051 = CARTESIAN_POINT ( 'NONE',  ( 19.99999999999998934, 12.00000000000000000, 2.000000000000000000 ) ) ;
#4052 = FACE_OUTER_BOUND ( 'NONE', #3078, .T. ) ;
#4053 = CARTESIAN_POINT ( 'NONE',  ( 89.99999999999997158, 20.00000000000000000, -107.0000000000000000 ) ) ;
#4054 = CARTESIAN_POINT ( 'NONE',  ( 19.99999999999998934, 6.000000000000000000, 0.000000000000000000 ) ) ;
#4055 = DIRECTION ( 'NONE',  ( 0.000000000000000000, 0.000000000000000000, 1.000000000000000000 ) ) ;
#4056 = ADVANCED_FACE ( 'NONE', ( #2133 ), #2456, .F. ) ;
#4057 = VERTEX_POINT ( 'NONE', #1012 ) ;
#4058 = LINE ( 'NONE', #1455, #1641 ) ;
#4059 = ORIENTED_EDGE ( 'NONE', *, *, #2317, .F. ) ;
#4060 = DIRECTION ( 'NONE',  ( 0.000000000000000000, -0.8831515563230877275, 0.4690877621129207475 ) ) ;
#4061 = AXIS2_PLACEMENT_3D ( 'NONE', #1110, #2998, #3318 ) ;
#4062 = LINE ( 'NONE', #2841, #786 ) ;
#4063 = ORIENTED_EDGE ( 'NONE', *, *, #3992, .F. ) ;
#4064 = DIRECTION ( 'NONE',  ( 0.000000000000000000, 0.000000000000000000, -1.000000000000000000 ) ) ;
#4065 = AXIS2_PLACEMENT_3D ( 'NONE', #3982, #4320, #3195 ) ;
#4066 = DATE_AND_TIME ( #646, #4170 ) ;
#4067 = ADVANCED_FACE ( 'NONE', ( #4391 ), #3614, .T. ) ;
#4068 = ORIENTED_EDGE ( 'NONE', *, *, #2432, .T. ) ;
#4069 = VERTEX_POINT ( 'NONE', #3584 ) ;
#4070 = DIRECTION ( 'NONE',  ( 0.000000000000000000, -0.4690877621129207475, -0.8831515563230877275 ) ) ;
#4071 = MANIFOLD_SOLID_BREP ( '\X2\52079664\X0\-\X2\62c94f38\X0\1[3]', #3438 ) ;
#4072 = CARTESIAN_POINT ( 'NONE',  ( 44.00000000000000000, 10.00000000000000000, 2.000000000000000000 ) ) ;
#4073 = CARTESIAN_POINT ( 'NONE',  ( 90.00000000000000000, 16.82599622848118059, -8.937162437894402345 ) ) ;
#4074 = AXIS2_PLACEMENT_3D ( 'NONE', #4502, #4114, #1200 ) ;
#4075 = AXIS2_PLACEMENT_3D ( 'NONE', #1527, #3019, #1156 ) ;
#4076 = ORIENTED_EDGE ( 'NONE', *, *, #2817, .T. ) ;
#4077 = FACE_OUTER_BOUND ( 'NONE', #199, .T. ) ;
#4078 = PLANE ( 'NONE',  #1947 ) ;
#4079 = CARTESIAN_POINT ( 'NONE',  ( 19.99999999999998934, 10.00000000000000000, 0.000000000000000000 ) ) ;
#4080 = EDGE_CURVE ( 'NONE', #4728, #1672, #497, .T. ) ;
#4081 = PLANE ( 'NONE',  #2166 ) ;
#4082 = VECTOR ( 'NONE', #3858, 1000.000000000000000 ) ;
#4083 = LINE ( 'NONE', #1382, #701 ) ;
#4084 = ORIENTED_EDGE ( 'NONE', *, *, #2457, .F. ) ;
#4085 = LINE ( 'NONE', #2557, #75 ) ;
#4086 = ADVANCED_FACE ( 'NONE', ( #3361 ), #2626, .T. ) ;
#4087 = ORIENTED_EDGE ( 'NONE', *, *, #1472, .F. ) ;
#4088 = ADVANCED_FACE ( 'NONE', ( #1501 ), #427, .T. ) ;
#4089 = DIRECTION ( 'NONE',  ( 0.000000000000000000, 0.000000000000000000, -1.000000000000000000 ) ) ;
#4090 = DIRECTION ( 'NONE',  ( 0.000000000000000000, -1.000000000000000000, 0.000000000000000000 ) ) ;
#4091 = ORIENTED_EDGE ( 'NONE', *, *, #3704, .F. ) ;
#4092 = PERSON_AND_ORGANIZATION ( #1242, #2607 ) ;
#4093 = ORIENTED_EDGE ( 'NONE', *, *, #237, .F. ) ;
#4094 = ORIENTED_EDGE ( 'NONE', *, *, #976, .T. ) ;
#4095 = VECTOR ( 'NONE', #4610, 1000.000000000000000 ) ;
#4096 = DIRECTION ( 'NONE',  ( 0.000000000000000000, -1.000000000000000000, 0.000000000000000000 ) ) ;
#4097 = DIRECTION ( 'NONE',  ( 0.000000000000000000, 1.000000000000000000, 0.000000000000000000 ) ) ;
#4098 = SECURITY_CLASSIFICATION ( '', '', #1902 ) ;
#4099 = ORIENTED_EDGE ( 'NONE', *, *, #2731, .T. ) ;
#4100 = DIRECTION ( 'NONE',  ( -0.000000000000000000, -1.000000000000000000, -0.000000000000000000 ) ) ;
#4101 = DIRECTION ( 'NONE',  ( 0.000000000000000000, 0.000000000000000000, -1.000000000000000000 ) ) ;
#4102 = DIRECTION ( 'NONE',  ( -1.000000000000000000, 0.000000000000000000, -0.000000000000000000 ) ) ;
#4103 = DIRECTION ( 'NONE',  ( 0.000000000000000000, 0.000000000000000000, -1.000000000000000000 ) ) ;
#4104 = DIRECTION ( 'NONE',  ( 1.000000000000000000, 0.000000000000000000, 0.000000000000000000 ) ) ;
#4105 = ORIENTED_EDGE ( 'NONE', *, *, #4791, .T. ) ;
#4106 = VECTOR ( 'NONE', #3113, 1000.000000000000000 ) ;
#4107 = CARTESIAN_POINT ( 'NONE',  ( 66.77952774756943199, 16.60107716691790358, -9.282136613071591213 ) ) ;
#4108 = ORIENTED_EDGE ( 'NONE', *, *, #3102, .T. ) ;
#4109 = CARTESIAN_POINT ( 'NONE',  ( 90.00000000000000000, 18.00000000000000355, -15.46042971709331226 ) ) ;
#4110 = ORIENTED_EDGE ( 'NONE', *, *, #2148, .F. ) ;
#4111 = EDGE_CURVE ( 'NONE', #4204, #2089, #1155, .T. ) ;
#4112 = EDGE_CURVE ( 'NONE', #1517, #4728, #1130, .T. ) ;
#4113 = CALENDAR_DATE ( 2025, 8, 12 ) ;
#4114 = DIRECTION ( 'NONE',  ( -1.000000000000000000, -0.000000000000000000, 8.163404592832028049E-16 ) ) ;
#4115 = ORIENTED_EDGE ( 'NONE', *, *, #1313, .T. ) ;
#4116 = VECTOR ( 'NONE', #117, 1000.000000000000000 ) ;
#4117 = CARTESIAN_POINT ( 'NONE',  ( 14.01261462134556979, 12.00000000000000000, -1.834566908940680809E-15 ) ) ;
#4118 = CARTESIAN_POINT ( 'NONE',  ( 41.99999999999999289, 11.00000000000000000, 1.000000000000000000 ) ) ;
#4119 = ORIENTED_EDGE ( 'NONE', *, *, #493, .T. ) ;
#4120 = DIRECTION ( 'NONE',  ( -1.000000000000000000, -0.000000000000000000, -0.000000000000000000 ) ) ;
#4121 = CARTESIAN_POINT ( 'NONE',  ( 66.00000000000000000, 10.00000000000000000, 2.000000000000000000 ) ) ;
#4122 = DIRECTION ( 'NONE',  ( -1.000000000000000000, 0.000000000000000000, 1.296989514749014917E-16 ) ) ;
#4123 = DIRECTION ( 'NONE',  ( -1.000000000000000000, 0.000000000000000000, 0.000000000000000000 ) ) ;
#4124 = CARTESIAN_POINT ( 'NONE',  ( 12.34726964951519435, 16.01312732624581514, -10.17546327564969566 ) ) ;
#4125 = EDGE_CURVE ( 'NONE', #2340, #1778, #187, .T. ) ;
#4126 = VERTEX_POINT ( 'NONE', #4079 ) ;
#4127 = DIRECTION ( 'NONE',  ( 0.000000000000000000, 0.000000000000000000, 1.000000000000000000 ) ) ;
#4128 = EDGE_LOOP ( 'NONE', ( #3347, #444, #313, #2131 ) ) ;
#4129 = LINE ( 'NONE', #2253, #2655 ) ;
#4130 = CARTESIAN_POINT ( 'NONE',  ( 152.0001000000000033, 6.000000000000000000, 0.000000000000000000 ) ) ;
#4131 = CARTESIAN_POINT ( 'NONE',  ( 1.999999999999999112, 20.00000000000000000, -107.0000000000000000 ) ) ;
#4132 = ORIENTED_EDGE ( 'NONE', *, *, #3298, .T. ) ;
#4133 = APPLICATION_PROTOCOL_DEFINITION ( 'international standard', 'config_control_design', 1994, #3761 ) ;
#4134 = EDGE_CURVE ( 'NONE', #1465, #3662, #2227, .T. ) ;
#4135 = CARTESIAN_POINT ( 'NONE',  ( 2.000000000000000000, 6.000000000000000000, -3.186912317060870414 ) ) ;
#4136 = ORIENTED_EDGE ( 'NONE', *, *, #2163, .T. ) ;
#4137 = CARTESIAN_POINT ( 'NONE',  ( 2.449293598294731559E-16, 10.00000000000000000, 2.000000000000000000 ) ) ;
#4138 = CIRCLE ( 'NONE', #466, 8.290367580801543568 ) ;
#4139 = DIRECTION ( 'NONE',  ( -0.000000000000000000, -1.000000000000000000, -0.000000000000000000 ) ) ;
#4140 = DIRECTION ( 'NONE',  ( -2.593979029498029835E-16, -0.000000000000000000, -1.000000000000000000 ) ) ;
#4141 = ADVANCED_FACE ( 'NONE', ( #2553 ), #1105, .T. ) ;
#4142 = ORIENTED_EDGE ( 'NONE', *, *, #3006, .T. ) ;
#4143 = DIRECTION ( 'NONE',  ( 1.000000000000000000, 0.000000000000000000, 0.000000000000000000 ) ) ;
#4144 = CARTESIAN_POINT ( 'NONE',  ( 66.00000000000000000, 12.00000000000000000, 2.000000000000000000 ) ) ;
#4145 = AXIS2_PLACEMENT_3D ( 'NONE', #2928, #4397, #1043 ) ;
#4146 = CARTESIAN_POINT ( 'NONE',  ( 44.00000000000000000, 12.00000000000000000, -4.671137571060222799E-21 ) ) ;
#4147 = VECTOR ( 'NONE', #4413, 1000.000000000000000 ) ;
#4148 = CARTESIAN_POINT ( 'NONE',  ( 88.00000000000000000, 11.00000000000000000, 1.000000000000000000 ) ) ;
#4149 = LINE ( 'NONE', #1939, #1651 ) ;
#4150 = VECTOR ( 'NONE', #1558, 1000.000000000000000 ) ;
#4151 = ORIENTED_EDGE ( 'NONE', *, *, #4738, .T. ) ;
#4152 = CARTESIAN_POINT ( 'NONE',  ( 120.3999999999999631, 20.00000000000000000, -15.46042971709331226 ) ) ;
#4153 = CARTESIAN_POINT ( 'NONE',  ( 0.000000000000000000, 6.000000000000000000, -34.00000000000001421 ) ) ;
#4154 = ORIENTED_EDGE ( 'NONE', *, *, #2110, .F. ) ;
#4155 = CARTESIAN_POINT ( 'NONE',  ( 107.9999999999999574, 12.00000000000000000, -34.00000000000001421 ) ) ;
#4156 = CARTESIAN_POINT ( 'NONE',  ( 44.00000000000000000, 6.000000000000000000, -8.979745052115231248E-15 ) ) ;
#4157 = CARTESIAN_POINT ( 'NONE',  ( 64.00000000000000000, 11.00000000000000000, 1.000000000000000000 ) ) ;
#4158 = EDGE_LOOP ( 'NONE', ( #424, #762, #4306, #1608 ) ) ;
#4159 = PERSON_AND_ORGANIZATION ( #1242, #2607 ) ;
#4160 = DIRECTION ( 'NONE',  ( 0.000000000000000000, 1.000000000000000000, 0.000000000000000000 ) ) ;
#4161 = ORIENTED_EDGE ( 'NONE', *, *, #4761, .F. ) ;
#4162 = VECTOR ( 'NONE', #1706, 1000.000000000000000 ) ;
#4163 = ORIENTED_EDGE ( 'NONE', *, *, #606, .F. ) ;
#4164 = AXIS2_PLACEMENT_3D ( 'NONE', #1812, #1468, #3377 ) ;
#4165 = CARTESIAN_POINT ( 'NONE',  ( 32.39999999999998437, 11.70963241919845466, -15.46042971709331226 ) ) ;
#4166 = EDGE_CURVE ( 'NONE', #3177, #4179, #11, .T. ) ;
#4167 = ADVANCED_FACE ( 'NONE', ( #3382 ), #3678, .T. ) ;
#4168 = FACE_OUTER_BOUND ( 'NONE', #4415, .T. ) ;
#4169 = CARTESIAN_POINT ( 'NONE',  ( 65.99999999999998579, 6.000000000000000000, -140.0000000000000000 ) ) ;
#4170 = LOCAL_TIME ( 19, 17, 44.00000000000000000, #1783 ) ;
#4171 = CARTESIAN_POINT ( 'NONE',  ( 78.39999999999997726, 15.72033654559155913, -10.61450599584754784 ) ) ;
#4172 = DIRECTION ( 'NONE',  ( -0.000000000000000000, -1.000000000000000000, -0.000000000000000000 ) ) ;
#4173 = VERTEX_POINT ( 'NONE', #33 ) ;
#4174 = CC_DESIGN_APPROVAL ( #4389, ( #891 ) ) ;
#4175 = ADVANCED_FACE ( 'NONE', ( #3017 ), #3782, .T. ) ;
#4176 = CARTESIAN_POINT ( 'NONE',  ( 66.00000000000000000, 10.00000000000000000, 1.000000000000000000 ) ) ;
#4177 = LINE ( 'NONE', #436, #1760 ) ;
#4178 = ORIENTED_EDGE ( 'NONE', *, *, #3906, .F. ) ;
#4179 = VERTEX_POINT ( 'NONE', #3408 ) ;
#4180 = CARTESIAN_POINT ( 'NONE',  ( 111.9999999999999858, 11.70963241919845466, -15.46042971709331226 ) ) ;
#4181 = CARTESIAN_POINT ( 'NONE',  ( 129.9999999999999716, 6.000000000000000000, 0.000000000000000000 ) ) ;
#4182 = CARTESIAN_POINT ( 'NONE',  ( 2.449293598294731559E-16, 10.00000000000000000, 2.000000000000000000 ) ) ;
#4183 = ORIENTED_EDGE ( 'NONE', *, *, #2219, .T. ) ;
#4184 = APPROVAL_DATE_TIME ( #2637, #2563 ) ;
#4185 = ORIENTED_EDGE ( 'NONE', *, *, #4023, .F. ) ;
#4186 = CARTESIAN_POINT ( 'NONE',  ( 23.99999999999999289, 11.70963241919845466, -15.46042971709331226 ) ) ;
#4187 = LINE ( 'NONE', #104, #1909 ) ;
#4188 = LINE ( 'NONE', #105, #3160 ) ;
#4189 = ORIENTED_EDGE ( 'NONE', *, *, #1951, .F. ) ;
#4190 = FACE_OUTER_BOUND ( 'NONE', #4570, .T. ) ;
#4191 = CARTESIAN_POINT ( 'NONE',  ( 0.000000000000000000, 6.000000000000000000, -34.00000000000001421 ) ) ;
#4192 = LINE ( 'NONE', #840, #2760 ) ;
#4193 = CARTESIAN_POINT ( 'NONE',  ( 0.2516586417477907900, 16.27924366701807912, -9.772920931856438287 ) ) ;
#4194 = EDGE_CURVE ( 'NONE', #4369, #648, #1547, .T. ) ;
#4195 = EDGE_CURVE ( 'NONE', #1810, #350, #4489, .T. ) ;
#4196 = CARTESIAN_POINT ( 'NONE',  ( 14.01261462134555025, 12.00000000000000000, -140.0000000000000000 ) ) ;
#4197 = ORIENTED_EDGE ( 'NONE', *, *, #4641, .T. ) ;
#4198 = PLANE ( 'NONE',  #156 ) ;
#4199 = LINE ( 'NONE', #1974, #4659 ) ;
#4200 = ORIENTED_EDGE ( 'NONE', *, *, #2876, .T. ) ;
#4201 = DIRECTION ( 'NONE',  ( 1.000000000000000000, 0.000000000000000000, -0.000000000000000000 ) ) ;
#4202 = CARTESIAN_POINT ( 'NONE',  ( 3.619427204118298386E-16, 19.17157287525381193, -106.1715728752538155 ) ) ;
#4203 = DIRECTION ( 'NONE',  ( 1.000000000000000000, 0.000000000000000000, -6.484947573745074586E-17 ) ) ;
#4204 = VERTEX_POINT ( 'NONE', #1060 ) ;
#4205 = APPROVAL_STATUS ( 'not_yet_approved' ) ;
#4206 = DIRECTION ( 'NONE',  ( 0.000000000000000000, 0.000000000000000000, 1.000000000000000000 ) ) ;
#4207 = ORIENTED_EDGE ( 'NONE', *, *, #3630, .T. ) ;
#4208 = LINE ( 'NONE', #1791, #4694 ) ;
#4209 = CARTESIAN_POINT ( 'NONE',  ( 23.99999999999999289, 20.00000000000000000, -15.46042971709331226 ) ) ;
#4210 = PLANE ( 'NONE',  #3697 ) ;
#4211 = EDGE_CURVE ( 'NONE', #837, #2189, #758, .T. ) ;
#4212 = ORIENTED_EDGE ( 'NONE', *, *, #2459, .F. ) ;
#4213 = CYLINDRICAL_SURFACE ( 'NONE', #93, 2.000000000000000000 ) ;
#4214 = AXIS2_PLACEMENT_3D ( 'NONE', #3751, #4783, #757 ) ;
#4215 = CARTESIAN_POINT ( 'NONE',  ( 86.00000000000000000, 12.00000000000000000, 2.000000000000000000 ) ) ;
#4216 = FACE_OUTER_BOUND ( 'NONE', #2218, .T. ) ;
#4217 = LINE ( 'NONE', #507, #242 ) ;
#4218 = PLANE ( 'NONE',  #3364 ) ;
#4219 = ORIENTED_EDGE ( 'NONE', *, *, #2344, .T. ) ;
#4220 = CIRCLE ( 'NONE', #4074, 1.000000000000000000 ) ;
#4221 = CARTESIAN_POINT ( 'NONE',  ( 63.99999999999997158, 6.000000000000000000, -140.0000000000000000 ) ) ;
#4222 = CARTESIAN_POINT ( 'NONE',  ( 111.9999999999999858, 16.82599622848118059, -8.937162437894402345 ) ) ;
#4223 = VERTEX_POINT ( 'NONE', #680 ) ;
#4224 = FACE_OUTER_BOUND ( 'NONE', #4128, .T. ) ;
#4225 = VECTOR ( 'NONE', #3172, 1000.000000000000000 ) ;
#4226 = ORIENTED_EDGE ( 'NONE', *, *, #2336, .F. ) ;
#4227 = EDGE_CURVE ( 'NONE', #1926, #1479, #125, .T. ) ;
#4228 = EDGE_CURVE ( 'NONE', #372, #1517, #334, .T. ) ;
#4229 = VECTOR ( 'NONE', #4090, 1000.000000000000000 ) ;
#4230 = APPROVAL_ROLE ( '' ) ;
#4231 = DIRECTION ( 'NONE',  ( 1.296989514749014917E-16, -0.000000000000000000, 1.000000000000000000 ) ) ;
#4232 = VECTOR ( 'NONE', #1845, 999.9999999999998863 ) ;
#4233 = ORIENTED_EDGE ( 'NONE', *, *, #1801, .F. ) ;
#4234 = CARTESIAN_POINT ( 'NONE',  ( 85.99999999999998579, 12.00000000000000000, -34.00000000000001421 ) ) ;
#4235 = FACE_OUTER_BOUND ( 'NONE', #3529, .T. ) ;
#4236 = DIRECTION ( 'NONE',  ( -0.000000000000000000, 0.000000000000000000, 1.000000000000000000 ) ) ;
#4237 = VERTEX_POINT ( 'NONE', #111 ) ;
#4238 = CARTESIAN_POINT ( 'NONE',  ( 88.25165864174779529, 16.27924366701804360, -9.772920931856438287 ) ) ;
#4239 = CARTESIAN_POINT ( 'NONE',  ( 0.000000000000000000, 12.00000000000000000, 2.000000000000000000 ) ) ;
#4240 = CYLINDRICAL_SURFACE ( 'NONE', #2441, 8.290367580801543568 ) ;
#4241 = DIRECTION ( 'NONE',  ( 1.000000000000000000, 0.000000000000000000, -8.163404592832028049E-16 ) ) ;
#4242 = AXIS2_PLACEMENT_3D ( 'NONE', #4736, #3652, #3223 ) ;
#4243 = DIRECTION ( 'NONE',  ( 0.000000000000000000, -0.000000000000000000, 1.000000000000000000 ) ) ;
#4244 = ORIENTED_EDGE ( 'NONE', *, *, #2457, .T. ) ;
#4245 = AXIS2_PLACEMENT_3D ( 'NONE', #697, #3301, #3324 ) ;
#4246 = CARTESIAN_POINT ( 'NONE',  ( 86.00000000000000000, 11.00000000000000000, 1.000000000000000000 ) ) ;
#4247 = CYLINDRICAL_SURFACE ( 'NONE', #3018, 1.000000000000000000 ) ;
#4248 = VERTEX_POINT ( 'NONE', #3885 ) ;
#4249 = ORIENTED_EDGE ( 'NONE', *, *, #1355, .F. ) ;
#4250 = CARTESIAN_POINT ( 'NONE',  ( 86.00000000000000000, 11.00000000000000000, 2.000000000000000000 ) ) ;
#4251 = ORGANIZATION ( 'NAUO-ORG2', 'UNSPECIFIED', 'UNSPECIFIED' ) ;
#4252 = CARTESIAN_POINT ( 'NONE',  ( 2.449293598294731559E-16, 10.00000000000000000, 2.000000000000000000 ) ) ;
#4253 = VERTEX_POINT ( 'NONE', #4169 ) ;
#4254 = PERSON_AND_ORGANIZATION_ROLE ( 'design_supplier' ) ;
#4255 = EDGE_CURVE ( 'NONE', #1672, #837, #4566, .T. ) ;
#4256 = CARTESIAN_POINT ( 'NONE',  ( 88.00000000000000000, 6.000000000000000000, 2.335568834063545998E-21 ) ) ;
#4257 = EDGE_CURVE ( 'NONE', #1540, #2717, #3118, .T. ) ;
#4258 = ORIENTED_EDGE ( 'NONE', *, *, #222, .F. ) ;
#4259 = LINE ( 'NONE', #4282, #2737 ) ;
#4260 = VECTOR ( 'NONE', #1216, 999.9999999999998863 ) ;
#4261 = VECTOR ( 'NONE', #3974, 1000.000000000000000 ) ;
#4262 = DIRECTION ( 'NONE',  ( 0.000000000000000000, 0.000000000000000000, -1.000000000000000000 ) ) ;
#4263 =( REPRESENTATION_RELATIONSHIP ('NONE','NONE', #1114, #2931 ) REPRESENTATION_RELATIONSHIP_WITH_TRANSFORMATION ( #975 )SHAPE_REPRESENTATION_RELATIONSHIP( ) );
#4264 = CARTESIAN_POINT ( 'NONE',  ( 116.0126146213455485, 12.00000000000000000, -140.0000000000000000 ) ) ;
#4265 = ADVANCED_FACE ( 'NONE', ( #4216 ), #4642, .T. ) ;
#4266 = ORIENTED_EDGE ( 'NONE', *, *, #1301, .F. ) ;
#4267 = DIRECTION ( 'NONE',  ( -0.000000000000000000, 0.4690877621129207475, 0.8831515563230877275 ) ) ;
#4268 = LINE ( 'NONE', #3506, #3201 ) ;
#4269 = CARTESIAN_POINT ( 'NONE',  ( 109.9999999999999858, 6.000000000000001776, -5.451529285327108454 ) ) ;
#4270 = LINE ( 'NONE', #508, #4382 ) ;
#4271 = ORIENTED_EDGE ( 'NONE', *, *, #3033, .F. ) ;
#4272 = VECTOR ( 'NONE', #3376, 1000.000000000000000 ) ;
#4273 = CARTESIAN_POINT ( 'NONE',  ( 100.3999999999999773, 18.00000000000000355, -15.46042971709331226 ) ) ;
#4274 = DIRECTION ( 'NONE',  ( 0.000000000000000000, 0.000000000000000000, -1.000000000000000000 ) ) ;
#4275 = ORIENTED_EDGE ( 'NONE', *, *, #1059, .F. ) ;
#4276 = DIRECTION ( 'NONE',  ( -0.000000000000000000, -1.000000000000000000, -0.000000000000000000 ) ) ;
#4277 = ADVANCED_FACE ( 'NONE', ( #1968 ), #4240, .T. ) ;
#4278 = ORIENTED_EDGE ( 'NONE', *, *, #551, .F. ) ;
#4279 = ORIENTED_EDGE ( 'NONE', *, *, #527, .T. ) ;
#4280 = COORDINATED_UNIVERSAL_TIME_OFFSET ( 8, 0, .AHEAD. ) ;
#4281 = ORIENTED_EDGE ( 'NONE', *, *, #3799, .T. ) ;
#4282 = CARTESIAN_POINT ( 'NONE',  ( 129.9999999999999716, 12.00000000000000000, -4.671137495563768979E-21 ) ) ;
#4283 = CARTESIAN_POINT ( 'NONE',  ( 122.3999999999999631, 11.70963241919845466, -15.46042971709331226 ) ) ;
#4284 = EDGE_CURVE ( 'NONE', #1881, #3585, #158, .T. ) ;
#4285 = FACE_OUTER_BOUND ( 'NONE', #1195, .T. ) ;
#4286 = ORIENTED_EDGE ( 'NONE', *, *, #1776, .T. ) ;
#4287 = CARTESIAN_POINT ( 'NONE',  ( 88.99698295520231284, 16.68091528026164738, -9.159890139030034462 ) ) ;
#4288 = EDGE_CURVE ( 'NONE', #1854, #2090, #1742, .T. ) ;
#4289 = CARTESIAN_POINT ( 'NONE',  ( 22.00000000000000000, 10.00000000000000000, 1.000000000000000000 ) ) ;
#4290 = EDGE_CURVE ( 'NONE', #72, #3812, #892, .T. ) ;
#4291 = DIRECTION ( 'NONE',  ( 1.000000000000000000, 0.000000000000000000, 0.000000000000000000 ) ) ;
#4292 = DIRECTION ( 'NONE',  ( 0.000000000000000000, -1.000000000000000000, 0.000000000000000000 ) ) ;
#4293 = CIRCLE ( 'NONE', #2889, 6.290367580801543568 ) ;
#4294 = FACE_OUTER_BOUND ( 'NONE', #3627, .T. ) ;
#4295 = ORIENTED_EDGE ( 'NONE', *, *, #3865, .T. ) ;
#4296 = DIRECTION ( 'NONE',  ( -0.000000000000000000, -1.000000000000000000, -0.000000000000000000 ) ) ;
#4297 = VECTOR ( 'NONE', #157, 1000.000000000000000 ) ;
#4298 = CARTESIAN_POINT ( 'NONE',  ( 122.3999999999999631, 6.000000000000000000, -5.451529285327107566 ) ) ;
#4299 = DIRECTION ( 'NONE',  ( 0.000000000000000000, 0.000000000000000000, 1.000000000000000000 ) ) ;
#4300 = CLOSED_SHELL ( 'NONE', ( #723, #1364, #2875, #578, #2671, #832, #3949, #4318, #1025, #1676, #816, #265, #3815, #259, #3181 ) ) ;
#4301 = ORIENTED_EDGE ( 'NONE', *, *, #2550, .T. ) ;
#4302 = VERTEX_POINT ( 'NONE', #818 ) ;
#4303 = CC_DESIGN_PERSON_AND_ORGANIZATION_ASSIGNMENT ( #831, #2339, ( #2920 ) ) ;
#4304 = CALENDAR_DATE ( 2025, 8, 12 ) ;
#4305 = VECTOR ( 'NONE', #2246, 1000.000000000000000 ) ;
#4306 = ORIENTED_EDGE ( 'NONE', *, *, #910, .F. ) ;
#4307 = VECTOR ( 'NONE', #2661, 1000.000000000000000 ) ;
#4308 = CARTESIAN_POINT ( 'NONE',  ( 2.000000000000001776, 20.00000000000000000, -15.46042971709331226 ) ) ;
#4309 =( LENGTH_UNIT ( ) NAMED_UNIT ( * ) SI_UNIT ( .MILLI., .METRE. ) );
#4310 = AXIS2_PLACEMENT_3D ( 'NONE', #3864, #572, #1607 ) ;
#4311 = EDGE_LOOP ( 'NONE', ( #1389, #2918, #3857, #118, #323 ) ) ;
#4312 = DIRECTION ( 'NONE',  ( -1.000000000000000000, 0.000000000000000000, -0.000000000000000000 ) ) ;
#4313 = FACE_OUTER_BOUND ( 'NONE', #318, .T. ) ;
#4314 = DIRECTION ( 'NONE',  ( -0.000000000000000000, -1.000000000000000000, -0.000000000000000000 ) ) ;
#4315 = CARTESIAN_POINT ( 'NONE',  ( 28.01261462134555202, 12.00000000000000000, -140.0000000000000000 ) ) ;
#4316 = EDGE_CURVE ( 'NONE', #3061, #1133, #2955, .T. ) ;
#4317 = DIRECTION ( 'NONE',  ( 0.000000000000000000, -0.000000000000000000, 1.000000000000000000 ) ) ;
#4318 = ADVANCED_FACE ( 'NONE', ( #3098 ), #2381, .T. ) ;
#4319 = ORIENTED_EDGE ( 'NONE', *, *, #4166, .T. ) ;
#4320 = DIRECTION ( 'NONE',  ( 0.000000000000000000, 1.000000000000000000, 0.000000000000000000 ) ) ;
#4321 = CARTESIAN_POINT ( 'NONE',  ( 122.3999999999999631, -0.9381755242258414951, -1.766303112646175455 ) ) ;
#4322 = ORIENTED_EDGE ( 'NONE', *, *, #68, .F. ) ;
#4323 = AXIS2_PLACEMENT_3D ( 'NONE', #4512, #737, #3314 ) ;
#4324 = EDGE_CURVE ( 'NONE', #2734, #1758, #3070, .T. ) ;
#4325 = VERTEX_POINT ( 'NONE', #2039 ) ;
#4326 = AXIS2_PLACEMENT_3D ( 'NONE', #1251, #1542, #2672 ) ;
#4327 = ORIENTED_EDGE ( 'NONE', *, *, #3787, .T. ) ;
#4328 = PERSON_AND_ORGANIZATION ( #1242, #2607 ) ;
#4329 = APPROVAL_PERSON_ORGANIZATION ( #2076, #2255, #3569 ) ;
#4330 = LINE ( 'NONE', #3570, #4375 ) ;
#4331 = ORIENTED_EDGE ( 'NONE', *, *, #867, .T. ) ;
#4332 = PLANE ( 'NONE',  #1368 ) ;
#4333 = DIRECTION ( 'NONE',  ( -0.000000000000000000, -0.000000000000000000, -1.000000000000000000 ) ) ;
#4334 = ORIENTED_EDGE ( 'NONE', *, *, #4641, .F. ) ;
#4335 = DIRECTION ( 'NONE',  ( -1.224510688924804405E-15, 0.000000000000000000, -1.000000000000000000 ) ) ;
#4336 = VECTOR ( 'NONE', #3063, 999.9999999999998863 ) ;
#4337 = VECTOR ( 'NONE', #1238, 999.9999999999998863 ) ;
#4338 = CARTESIAN_POINT ( 'NONE',  ( 111.7375008534943817, 16.81887574729077528, -8.948112012340741828 ) ) ;
#4339 = DIRECTION ( 'NONE',  ( 0.000000000000000000, 0.000000000000000000, 1.000000000000000000 ) ) ;
#4340 = CARTESIAN_POINT ( 'NONE',  ( 136.0000000000000284, 16.82599622848118059, -8.937162437894402345 ) ) ;
#4341 = EDGE_LOOP ( 'NONE', ( #4334, #3500, #1290, #3742, #4733, #830 ) ) ;
#4342 = DIRECTION ( 'NONE',  ( 1.000000000000000000, 0.000000000000000000, 0.000000000000000000 ) ) ;
#4343 = DIRECTION ( 'NONE',  ( -1.000000000000000000, -0.000000000000000000, -0.000000000000000000 ) ) ;
#4344 = EDGE_CURVE ( 'NONE', #2458, #3396, #3532, .T. ) ;
#4345 = EDGE_CURVE ( 'NONE', #4223, #2690, #2677, .T. ) ;
#4346 = CARTESIAN_POINT ( 'NONE',  ( 100.3999999999999773, 15.72033654559155913, -10.61450599584754784 ) ) ;
#4347 = CARTESIAN_POINT ( 'NONE',  ( 80.01261462134553426, 12.00000000000000000, -140.0000000000000000 ) ) ;
#4348 = VECTOR ( 'NONE', #2240, 1000.000000000000000 ) ;
#4349 = VERTEX_POINT ( 'NONE', #2752 ) ;
#4350 = VERTEX_POINT ( 'NONE', #4538 ) ;
#4351 = ADVANCED_FACE ( 'NONE', ( #3861 ), #3809, .F. ) ;
#4352 = ITEM_DEFINED_TRANSFORMATION ( 'NONE', 'NONE', #4562,  #3075 ) ;
#4353 = PLANE ( 'NONE',  #1797 ) ;
#4354 = VERTEX_POINT ( 'NONE', #2702 ) ;
#4355 = DIRECTION ( 'NONE',  ( -1.000000000000000000, 0.000000000000000000, -0.000000000000000000 ) ) ;
#4356 = ORIENTED_EDGE ( 'NONE', *, *, #2371, .F. ) ;
#4357 = CARTESIAN_POINT ( 'NONE',  ( 122.1483413582522104, 16.27924366701808268, -9.772920931856459603 ) ) ;
#4358 = EDGE_CURVE ( 'NONE', #2024, #202, #4192, .T. ) ;
#4359 = DIRECTION ( 'NONE',  ( 0.000000000000000000, 1.000000000000000000, 0.000000000000000000 ) ) ;
#4360 = PLANE ( 'NONE',  #2813 ) ;
#4361 = ORIENTED_EDGE ( 'NONE', *, *, #4345, .T. ) ;
#4362 = CARTESIAN_POINT ( 'NONE',  ( 116.0126146213455058, 12.00000000000000000, 3.037732922159973760E-14 ) ) ;
#4363 = EDGE_LOOP ( 'NONE', ( #2850, #2882, #1847, #1735 ) ) ;
#4364 = LINE ( 'NONE', #1011, #2572 ) ;
#4365 = DIRECTION ( 'NONE',  ( -0.000000000000000000, -1.000000000000000000, -0.000000000000000000 ) ) ;
#4366 = DIRECTION ( 'NONE',  ( 2.593979029498029835E-16, 0.000000000000000000, 1.000000000000000000 ) ) ;
#4367 = ORIENTED_EDGE ( 'NONE', *, *, #2371, .T. ) ;
#4368 = AXIS2_PLACEMENT_3D ( 'NONE', #2069, #659, #944 ) ;
#4369 = VERTEX_POINT ( 'NONE', #505 ) ;
#4370 = AXIS2_PLACEMENT_3D ( 'NONE', #2735, #1614, #2282 ) ;
#4371 = CARTESIAN_POINT ( 'NONE',  ( 152.0001000000000033, 6.000000000000000000, 0.000000000000000000 ) ) ;
#4372 = VERTEX_POINT ( 'NONE', #3625 ) ;
#4373 = EDGE_CURVE ( 'NONE', #1837, #3334, #960, .T. ) ;
#4374 = ADVANCED_FACE ( 'NONE', ( #3236 ), #630, .T. ) ;
#4375 = VECTOR ( 'NONE', #148, 1000.000000000000000 ) ;
#4376 = AXIS2_PLACEMENT_3D ( 'NONE', #2355, #4241, #3119 ) ;
#4377 = DIRECTION ( 'NONE',  ( -1.000000000000000000, 0.000000000000000000, 0.000000000000000000 ) ) ;
#4378 = ORIENTED_EDGE ( 'NONE', *, *, #2335, .T. ) ;
#4379 = AXIS2_PLACEMENT_3D ( 'NONE', #3043, #2629, #4104 ) ;
#4380 = EDGE_LOOP ( 'NONE', ( #296, #2413, #4713, #1585, #2732, #3873, #3322 ) ) ;
#4381 = FACE_OUTER_BOUND ( 'NONE', #274, .T. ) ;
#4382 = VECTOR ( 'NONE', #940, 1000.000000000000000 ) ;
#4383 = DIRECTION ( 'NONE',  ( -1.000000000000000000, -0.000000000000000000, -0.000000000000000000 ) ) ;
#4384 = PLANE ( 'NONE',  #3210 ) ;
#4385 = VERTEX_POINT ( 'NONE', #3932 ) ;
#4386 = LINE ( 'NONE', #3960, #2263 ) ;
#4387 = CIRCLE ( 'NONE', #1405, 2.000000000000001776 ) ;
#4388 = ORIENTED_EDGE ( 'NONE', *, *, #2614, .F. ) ;
#4389 = APPROVAL ( #3398, '未' ) ;
#4390 = DIRECTION ( 'NONE',  ( 0.000000000000000000, 0.000000000000000000, -1.000000000000000000 ) ) ;
#4391 = FACE_OUTER_BOUND ( 'NONE', #59, .T. ) ;
#4392 = CARTESIAN_POINT ( 'NONE',  ( 0.000000000000000000, 10.00000000000000000, 0.000000000000000000 ) ) ;
#4393 = DIRECTION ( 'NONE',  ( -0.000000000000000000, 1.000000000000000000, -0.000000000000000000 ) ) ;
#4394 = VERTEX_POINT ( 'NONE', #2886 ) ;
#4395 = ORIENTED_EDGE ( 'NONE', *, *, #4111, .F. ) ;
#4396 = AXIS2_PLACEMENT_3D ( 'NONE', #2450, #4314, #4339 ) ;
#4397 = DIRECTION ( 'NONE',  ( -1.000000000000000000, -0.000000000000000000, -0.000000000000000000 ) ) ;
#4398 = VERTEX_POINT ( 'NONE', #2144 ) ;
#4399 = LINE ( 'NONE', #4018, #4577 ) ;
#4400 = EDGE_CURVE ( 'NONE', #350, #2972, #4685, .T. ) ;
#4401 = EDGE_CURVE ( 'NONE', #3516, #1236, #210, .T. ) ;
#4402 = ORIENTED_EDGE ( 'NONE', *, *, #4826, .F. ) ;
#4403 = VERTEX_POINT ( 'NONE', #2819 ) ;
#4404 = CARTESIAN_POINT ( 'NONE',  ( 129.9999999999999716, 11.00000000000000000, 2.000000000000000000 ) ) ;
#4405 = PLANE ( 'NONE',  #2917 ) ;
#4406 = ADVANCED_FACE ( 'NONE', ( #3646 ), #1352, .T. ) ;
#4407 = FACE_OUTER_BOUND ( 'NONE', #2417, .T. ) ;
#4408 = ORIENTED_EDGE ( 'NONE', *, *, #994, .T. ) ;
#4409 = CARTESIAN_POINT ( 'NONE',  ( 0.000000000000000000, 20.00000000000000000, -107.0000000000000000 ) ) ;
#4410 = CARTESIAN_POINT ( 'NONE',  ( 87.99999999999997158, 12.00000000000000000, -34.00000000000001421 ) ) ;
#4411 = LINE ( 'NONE', #1058, #1559 ) ;
#4412 = CARTESIAN_POINT ( 'NONE',  ( 64.00000000000000000, 6.000000000000000000, 0.000000000000000000 ) ) ;
#4413 = DIRECTION ( 'NONE',  ( 0.000000000000000000, -1.000000000000000000, 0.000000000000000000 ) ) ;
#4414 = DIRECTION ( 'NONE',  ( 1.000000000000000000, -0.000000000000000000, -0.000000000000000000 ) ) ;
#4415 = EDGE_LOOP ( 'NONE', ( #2407, #1085, #598, #3715 ) ) ;
#4416 = LINE ( 'NONE', #4469, #393 ) ;
#4417 = ORIENTED_EDGE ( 'NONE', *, *, #4680, .F. ) ;
#4418 = EDGE_CURVE ( 'NONE', #3936, #2243, #3170, .T. ) ;
#4419 = CARTESIAN_POINT ( 'NONE',  ( 66.00000000000000000, 20.00000000000000000, 0.000000000000000000 ) ) ;
#4420 = CARTESIAN_POINT ( 'NONE',  ( 138.0126146213455058, 12.00000000000000000, 3.613792038710762103E-14 ) ) ;
#4421 = ORIENTED_EDGE ( 'NONE', *, *, #4050, .T. ) ;
#4422 = VECTOR ( 'NONE', #866, 1000.000000000000000 ) ;
#4423 = DIRECTION ( 'NONE',  ( -0.000000000000000000, -1.000000000000000000, -0.000000000000000000 ) ) ;
#4424 =( LENGTH_UNIT ( ) NAMED_UNIT ( * ) SI_UNIT ( .MILLI., .METRE. ) );
#4425 = ORIENTED_EDGE ( 'NONE', *, *, #3853, .T. ) ;
#4426 = VERTEX_POINT ( 'NONE', #3558 ) ;
#4427 = EDGE_CURVE ( 'NONE', #1291, #1008, #3777, .T. ) ;
#4428 = LINE ( 'NONE', #1882, #4272 ) ;
#4429 = CARTESIAN_POINT ( 'NONE',  ( 109.9999999999999858, 11.00000000000000000, 2.000000000000000000 ) ) ;
#4430 = CARTESIAN_POINT ( 'NONE',  ( 22.25165864174777397, 16.27924366701806846, -9.772920931856456050 ) ) ;
#4431 = EDGE_LOOP ( 'NONE', ( #1539, #2107, #1404, #3294, #833 ) ) ;
#4432 = CARTESIAN_POINT ( 'NONE',  ( 98.39999999999997726, 6.000000000000000000, -3.186912317060869970 ) ) ;
#4433 = EDGE_CURVE ( 'NONE', #2891, #1540, #1429, .T. ) ;
#4434 = EDGE_CURVE ( 'NONE', #1778, #2507, #3958, .T. ) ;
#4435 = CARTESIAN_POINT ( 'NONE',  ( 78.39999999999997726, 6.000000000000000000, 0.000000000000000000 ) ) ;
#4436 = CARTESIAN_POINT ( 'NONE',  ( 100.3999999999999488, 6.000000000000000000, -4.124947378896987260 ) ) ;
#4437 = CARTESIAN_POINT ( 'NONE',  ( 151.9999999999998863, 12.00000000000000000, -140.0000000000000000 ) ) ;
#4438 = DIRECTION ( 'NONE',  ( -0.000000000000000000, -1.000000000000000000, 0.000000000000000000 ) ) ;
#4439 = EDGE_LOOP ( 'NONE', ( #3767, #784, #605, #257 ) ) ;
#4440 = DIRECTION ( 'NONE',  ( -0.000000000000000000, -1.000000000000000000, -0.000000000000000000 ) ) ;
#4441 = ORIENTED_EDGE ( 'NONE', *, *, #854, .F. ) ;
#4442 = DIRECTION ( 'NONE',  ( -1.000000000000000000, 0.000000000000000000, 0.000000000000000000 ) ) ;
#4443 = VECTOR ( 'NONE', #2320, 1000.000000000000000 ) ;
#4444 = FACE_OUTER_BOUND ( 'NONE', #115, .T. ) ;
#4445 = ORIENTED_EDGE ( 'NONE', *, *, #3602, .T. ) ;
#4446 = CARTESIAN_POINT ( 'NONE',  ( 19.99999999999998934, 10.00000000000000000, 2.000000000000000000 ) ) ;
#4447 = CALENDAR_DATE ( 2025, 8, 12 ) ;
#4448 = DIRECTION ( 'NONE',  ( -6.546126324440781884E-17, 0.000000000000000000, -1.000000000000000000 ) ) ;
#4449 = VERTEX_POINT ( 'NONE', #277 ) ;
#4450 = ORIENTED_EDGE ( 'NONE', *, *, #1234, .T. ) ;
#4451 = AXIS2_PLACEMENT_3D ( 'NONE', #1557, #1219, #2712 ) ;
#4452 = CARTESIAN_POINT ( 'NONE',  ( 109.9999999999999858, 11.00000000000000000, 1.000000000000000000 ) ) ;
#4453 = CARTESIAN_POINT ( 'NONE',  ( 108.0000000000000000, 11.00000000000000000, 1.000000000000000000 ) ) ;
#4454 = CARTESIAN_POINT ( 'NONE',  ( 152.0000000000000000, 10.00000000000000000, 0.000000000000000000 ) ) ;
#4455 = VECTOR ( 'NONE', #1428, 1000.000000000000000 ) ;
#4456 = VECTOR ( 'NONE', #4127, 1000.000000000000000 ) ;
#4457 = ORIENTED_EDGE ( 'NONE', *, *, #2562, .T. ) ;
#4458 = CARTESIAN_POINT ( 'NONE',  ( 77.72331610129253932, 16.55461042105298120, -9.353201415028188137 ) ) ;
#4459 = AXIS2_PLACEMENT_3D ( 'NONE', #821, #3363, #3708 ) ;
#4460 = CARTESIAN_POINT ( 'NONE',  ( 22.00000000000000000, 12.00000000000000000, 0.000000000000000000 ) ) ;
#4461 =( BOUNDED_CURVE ( )  B_SPLINE_CURVE ( 3, ( #472, #2769, #422, #52 ),
 .UNSPECIFIED., .F., .F. ) 
 B_SPLINE_CURVE_WITH_KNOTS ( ( 4, 4 ),
 ( 4.712388980384689674, 6.283185307179586232 ),
 .UNSPECIFIED. ) 
 CURVE ( )  GEOMETRIC_REPRESENTATION_ITEM ( )  RATIONAL_B_SPLINE_CURVE ( ( 1.000000000000000000, 0.8047378541243649375, 0.8047378541243649375, 1.000000000000000000 ) ) 
 REPRESENTATION_ITEM ( '' )  );
#4462 = CARTESIAN_POINT ( 'NONE',  ( 34.39999999999999147, -0.9381755242258413841, -1.766303112646175233 ) ) ;
#4463 = CARTESIAN_POINT ( 'NONE',  ( 152.0000000000000000, 6.000000000000000000, 0.000000000000000000 ) ) ;
#4464 = EDGE_CURVE ( 'NONE', #1517, #837, #3123, .T. ) ;
#4465 = EDGE_CURVE ( 'NONE', #3657, #4126, #1029, .T. ) ;
#4466 = VECTOR ( 'NONE', #3262, 1000.000000000000000 ) ;
#4467 = DIRECTION ( 'NONE',  ( -1.000000000000000000, 0.000000000000000000, 0.000000000000000000 ) ) ;
#4468 = ORIENTED_EDGE ( 'NONE', *, *, #2880, .T. ) ;
#4469 = CARTESIAN_POINT ( 'NONE',  ( 111.9999999999999858, 2.694950949653402489E-16, -1.431428729220885769E-16 ) ) ;
#4470 = ORIENTED_EDGE ( 'NONE', *, *, #2587, .F. ) ;
#4471 = EDGE_CURVE ( 'NONE', #2558, #266, #2283, .T. ) ;
#4472 = DIRECTION ( 'NONE',  ( 0.000000000000000000, 0.000000000000000000, 1.000000000000000000 ) ) ;
#4473 = CARTESIAN_POINT ( 'NONE',  ( 34.39999999999999147, 15.72033654559155913, -10.61450599584754784 ) ) ;
#4474 = CYLINDRICAL_SURFACE ( 'NONE', #4547, 2.000000000000001776 ) ;
#4475 = ORIENTED_EDGE ( 'NONE', *, *, #3164, .T. ) ;
#4476 = PERSON_AND_ORGANIZATION_ROLE ( 'classification_officer' ) ;
#4477 = AXIS2_PLACEMENT_3D ( 'NONE', #2175, #2992, #1526 ) ;
#4478 = CC_DESIGN_DATE_AND_TIME_ASSIGNMENT ( #4019, #4043, ( #3141 ) ) ;
#4479 = ORIENTED_EDGE ( 'NONE', *, *, #1143, .F. ) ;
#4480 = AXIS2_PLACEMENT_3D ( 'NONE', #652, #4359, #1745 ) ;
#4481 = CARTESIAN_POINT ( 'NONE',  ( 23.99999999999999289, 6.000000000000000888, -3.186912317060870414 ) ) ;
#4482 = CARTESIAN_POINT ( 'NONE',  ( 116.0126146213455200, 12.00000000000000000, -34.00000000000001421 ) ) ;
#4483 = EDGE_CURVE ( 'NONE', #4403, #3177, #2103, .T. ) ;
#4484 = LINE ( 'NONE', #4028, #3445 ) ;
#4485 = SECURITY_CLASSIFICATION ( '', '', #1070 ) ;
#4486 = ORIENTED_EDGE ( 'NONE', *, *, #2962, .T. ) ;
#4487 = DIRECTION ( 'NONE',  ( 0.000000000000000000, -1.000000000000000000, 0.000000000000000000 ) ) ;
#4488 = CARTESIAN_POINT ( 'NONE',  ( 90.00000000000000000, 6.000000000000000000, -3.186912317060869970 ) ) ;
#4489 = LINE ( 'NONE', #1475, #1350 ) ;
#4490 = DIRECTION ( 'NONE',  ( 0.000000000000000000, 0.000000000000000000, 1.000000000000000000 ) ) ;
#4491 = PLANE ( 'NONE',  #4542 ) ;
#4492 = ORIENTED_EDGE ( 'NONE', *, *, #399, .F. ) ;
#4493 = VECTOR ( 'NONE', #1387, 1000.000000000000000 ) ;
#4494 = CARTESIAN_POINT ( 'NONE',  ( 66.05273035048477936, 16.01312732624573698, -10.17546327564967079 ) ) ;
#4495 = ADVANCED_FACE ( 'NONE', ( #3601 ), #253, .F. ) ;
#4496 = ORIENTED_EDGE ( 'NONE', *, *, #1214, .F. ) ;
#4497 = CARTESIAN_POINT ( 'NONE',  ( 66.00000000000000000, 6.000000000000000000, -4.915816211479579790E-21 ) ) ;
#4498 = DIRECTION ( 'NONE',  ( -1.000000000000000000, -0.000000000000000000, -0.000000000000000000 ) ) ;
#4499 = ORIENTED_EDGE ( 'NONE', *, *, #3266, .T. ) ;
#4500 = ADVANCED_FACE ( 'NONE', ( #2866 ), #1005, .T. ) ;
#4501 = PERSON_AND_ORGANIZATION ( #1242, #2607 ) ;
#4502 = CARTESIAN_POINT ( 'NONE',  ( 131.9999999999999716, 11.00000000000000000, 1.000000000000000000 ) ) ;
#4503 = EDGE_LOOP ( 'NONE', ( #2694, #3629, #4395, #2249, #717, #4799, #6 ) ) ;
#4504 = VECTOR ( 'NONE', #4591, 1000.000000000000000 ) ;
#4505 = DIRECTION ( 'NONE',  ( 1.000000000000000000, 0.000000000000000000, -2.593979029498029835E-16 ) ) ;
#4506 = DIRECTION ( 'NONE',  ( 0.000000000000000000, -0.000000000000000000, 1.000000000000000000 ) ) ;
#4507 = DIRECTION ( 'NONE',  ( 1.000000000000000000, 0.000000000000000000, -8.163404592832028049E-16 ) ) ;
#4508 = ORIENTED_EDGE ( 'NONE', *, *, #1722, .T. ) ;
#4509 = CARTESIAN_POINT ( 'NONE',  ( 41.99999999999999289, 6.000000000000000000, -34.00000000000001421 ) ) ;
#4510 = CARTESIAN_POINT ( 'NONE',  ( 66.00000000000000000, 10.00000000000000000, 2.000000000000000000 ) ) ;
#4511 = CC_DESIGN_PERSON_AND_ORGANIZATION_ASSIGNMENT ( #2807, #1272, ( #1752 ) ) ;
#4512 = CARTESIAN_POINT ( 'NONE',  ( 89.99999999999997158, 6.000000000000000000, -105.0000000000000000 ) ) ;
#4513 = LINE ( 'NONE', #2703, #83 ) ;
#4514 = FACE_OUTER_BOUND ( 'NONE', #764, .T. ) ;
#4515 = ORIENTED_EDGE ( 'NONE', *, *, #2092, .T. ) ;
#4516 = DIRECTION ( 'NONE',  ( -1.000000000000000000, 0.000000000000000000, -0.000000000000000000 ) ) ;
#4517 = VERTEX_POINT ( 'NONE', #3 ) ;
#4518 = FACE_OUTER_BOUND ( 'NONE', #884, .T. ) ;
#4519 = LINE ( 'NONE', #64, #2659 ) ;
#4520 = DIRECTION ( 'NONE',  ( 1.000000000000000000, -0.000000000000000000, 0.000000000000000000 ) ) ;
#4521 = CARTESIAN_POINT ( 'NONE',  ( 68.00000000000000000, 11.70963241919845466, -15.46042971709331226 ) ) ;
#4522 = VERTEX_POINT ( 'NONE', #2570 ) ;
#4523 = COORDINATED_UNIVERSAL_TIME_OFFSET ( 8, 0, .AHEAD. ) ;
#4524 = EDGE_CURVE ( 'NONE', #700, #2483, #3775, .T. ) ;
#4525 = CARTESIAN_POINT ( 'NONE',  ( 32.39999999999999147, 6.000000000000000000, -105.0000000000000000 ) ) ;
#4526 = ADVANCED_FACE ( 'NONE', ( #1496 ), #374, .T. ) ;
#4527 = ORIENTED_EDGE ( 'NONE', *, *, #3769, .F. ) ;
#4528 = DIRECTION ( 'NONE',  ( -0.000000000000000000, -0.000000000000000000, -1.000000000000000000 ) ) ;
#4529 = VECTOR ( 'NONE', #2202, 1000.000000000000000 ) ;
#4530 = LINE ( 'NONE', #3091, #1136 ) ;
#4531 = DIRECTION ( 'NONE',  ( 1.000000000000000000, 0.000000000000000000, 0.000000000000000000 ) ) ;
#4532 = EDGE_CURVE ( 'NONE', #4237, #389, #4801, .T. ) ;
#4533 = CLOSED_SHELL ( 'NONE', ( #3655, #1919, #282, #221, #4277, #1466, #3332, #650, #1142, #1270, #577, #368, #4824, #4167, #4580 ) ) ;
#4534 = VERTEX_POINT ( 'NONE', #4429 ) ;
#4535 = CARTESIAN_POINT ( 'NONE',  ( 76.53236256294897544, 16.82599622848118770, -8.937162437894402345 ) ) ;
#4536 = CARTESIAN_POINT ( 'NONE',  ( 12.40000000000000036, 20.00000000000000000, 0.000000000000000000 ) ) ;
#4537 = AXIS2_PLACEMENT_3D ( 'NONE', #4419, #2535, #4038 ) ;
#4538 = CARTESIAN_POINT ( 'NONE',  ( 65.99999999999997158, 18.00000000000000355, -105.0000000000000000 ) ) ;
#4539 = VECTOR ( 'NONE', #1375, 1000.000000000000000 ) ;
#4540 = CARTESIAN_POINT ( 'NONE',  ( 0.9969829552023460328, 16.68091528026166870, -9.159890139030041567 ) ) ;
#4541 = CARTESIAN_POINT ( 'NONE',  ( 66.00000000000000000, 12.00000000000000000, -4.915816211479579790E-21 ) ) ;
#4542 = AXIS2_PLACEMENT_3D ( 'NONE', #14, #432, #1505 ) ;
#4543 = ORIENTED_EDGE ( 'NONE', *, *, #2369, .F. ) ;
#4544 = DIRECTION ( 'NONE',  ( -0.000000000000000000, -1.000000000000000000, -0.000000000000000000 ) ) ;
#4545 = CYLINDRICAL_SURFACE ( 'NONE', #2215, 1.999999999999999778 ) ;
#4546 = EDGE_LOOP ( 'NONE', ( #3644, #355, #2685, #1855 ) ) ;
#4547 = AXIS2_PLACEMENT_3D ( 'NONE', #1851, #3212, #1698 ) ;
#4548 = VERTEX_POINT ( 'NONE', #3725 ) ;
#4549 = CARTESIAN_POINT ( 'NONE',  ( 98.66249914650556718, 16.81887574729077528, -8.948112012340740051 ) ) ;
#4550 = DIRECTION ( 'NONE',  ( 0.000000000000000000, -0.000000000000000000, 1.000000000000000000 ) ) ;
#4551 = CARTESIAN_POINT ( 'NONE',  ( 108.0000000000000000, 12.00000000000000000, -1.322471544038788725E-13 ) ) ;
#4552 = ORIENTED_EDGE ( 'NONE', *, *, #3392, .F. ) ;
#4553 = PERSON_AND_ORGANIZATION ( #1242, #2607 ) ;
#4554 = ORIENTED_EDGE ( 'NONE', *, *, #4373, .F. ) ;
#4555 = CARTESIAN_POINT ( 'NONE',  ( 88.00000000000000000, 20.00000000000000000, 0.000000000000000000 ) ) ;
#4556 = ADVANCED_FACE ( 'NONE', ( #4047 ), #2168, .F. ) ;
#4557 = VECTOR ( 'NONE', #1035, 1000.000000000000000 ) ;
#4558 = DIRECTION ( 'NONE',  ( 0.000000000000000000, -0.000000000000000000, 1.000000000000000000 ) ) ;
#4559 = EDGE_CURVE ( 'NONE', #3666, #4173, #674, .T. ) ;
#4560 = DIRECTION ( 'NONE',  ( 0.000000000000000000, 0.000000000000000000, 1.000000000000000000 ) ) ;
#4561 = ORIENTED_EDGE ( 'NONE', *, *, #3509, .F. ) ;
#4562 = AXIS2_PLACEMENT_3D ( 'NONE', #3953, #586, #322 ) ;
#4563 = CARTESIAN_POINT ( 'NONE',  ( 100.3999999999999773, 15.72033654559155913, -10.61450599584754784 ) ) ;
#4564 = DIRECTION ( 'NONE',  ( -2.593979029498029835E-16, -0.000000000000000000, -1.000000000000000000 ) ) ;
#4565 = EDGE_CURVE ( 'NONE', #2290, #1141, #1125, .T. ) ;
#4566 = LINE ( 'NONE', #3147, #2679 ) ;
#4567 = LOCAL_TIME ( 19, 17, 44.00000000000000000, #1438 ) ;
#4568 = DIRECTION ( 'NONE',  ( 0.000000000000000000, 0.000000000000000000, -1.000000000000000000 ) ) ;
#4569 = DIRECTION ( 'NONE',  ( -1.000000000000000000, -0.000000000000000000, -0.000000000000000000 ) ) ;
#4570 = EDGE_LOOP ( 'NONE', ( #664, #337, #638, #4388 ) ) ;
#4571 = DIRECTION ( 'NONE',  ( 1.000000000000000000, 0.000000000000000000, 0.000000000000000000 ) ) ;
#4572 = CARTESIAN_POINT ( 'NONE',  ( 122.3999999999999773, 6.000000000000000000, -4.124947378896987260 ) ) ;
#4573 = ORIENTED_EDGE ( 'NONE', *, *, #4288, .F. ) ;
#4574 = LINE ( 'NONE', #3443, #2739 ) ;
#4575 = DIRECTION ( 'NONE',  ( -0.000000000000000000, 1.000000000000000000, -0.000000000000000000 ) ) ;
#4576 = CYLINDRICAL_SURFACE ( 'NONE', #482, 2.000000000000001776 ) ;
#4577 = VECTOR ( 'NONE', #3274, 1000.000000000000000 ) ;
#4578 = LINE ( 'NONE', #4551, #2114 ) ;
#4579 = ORIENTED_EDGE ( 'NONE', *, *, #4227, .T. ) ;
#4580 = ADVANCED_FACE ( 'NONE', ( #1859 ), #1074, .F. ) ;
#4581 = APPROVAL_ROLE ( '' ) ;
#4582 = DIRECTION ( 'NONE',  ( -0.000000000000000000, -1.000000000000000000, -0.000000000000000000 ) ) ;
#4583 = ORIENTED_EDGE ( 'NONE', *, *, #1480, .T. ) ;
#4584 = CARTESIAN_POINT ( 'NONE',  ( 122.3999999999999631, 18.00000000000000355, 0.000000000000000000 ) ) ;
#4585 = LINE ( 'NONE', #1226, #4106 ) ;
#4586 = PRODUCT ( '\X2\9ed1952e\X0\', '\X2\9ed1952e\X0\', '', ( #518 ) ) ;
#4587 = PLANE ( 'NONE',  #1982 ) ;
#4588 = CIRCLE ( 'NONE', #214, 1.000000000000000000 ) ;
#4589 = ORIENTED_EDGE ( 'NONE', *, *, #2094, .F. ) ;
#4590 = CARTESIAN_POINT ( 'NONE',  ( 23.99999999999999289, 16.82599622848118059, -8.937162437894402345 ) ) ;
#4591 = DIRECTION ( 'NONE',  ( -1.000000000000000000, -0.000000000000000000, -0.000000000000000000 ) ) ;
#4592 = DIRECTION ( 'NONE',  ( -1.296989514749014917E-16, 0.000000000000000000, -1.000000000000000000 ) ) ;
#4593 = DIRECTION ( 'NONE',  ( -2.593979029498029835E-16, 0.000000000000000000, -1.000000000000000000 ) ) ;
#4594 = ADVANCED_FACE ( 'NONE', ( #1151 ), #395, .F. ) ;
#4595 = LINE ( 'NONE', #3100, #1488 ) ;
#4596 = EDGE_CURVE ( 'NONE', #2930, #3762, #4777, .T. ) ;
#4597 = EDGE_LOOP ( 'NONE', ( #4132, #2883, #2361, #2207 ) ) ;
#4598 = CYLINDRICAL_SURFACE ( 'NONE', #2327, 8.290367580801543568 ) ;
#4599 = DIRECTION ( 'NONE',  ( 1.000000000000000000, -0.000000000000000000, 0.000000000000000000 ) ) ;
#4600 = ORIENTED_EDGE ( 'NONE', *, *, #4483, .T. ) ;
#4601 = DIRECTION ( 'NONE',  ( -1.000000000000000000, 0.000000000000000000, 0.000000000000000000 ) ) ;
#4602 = EDGE_CURVE ( 'NONE', #3946, #1681, #2603, .T. ) ;
#4603 = ORIENTED_EDGE ( 'NONE', *, *, #1356, .F. ) ;
#4604 = DATE_AND_TIME ( #1168, #724 ) ;
#4605 = LINE ( 'NONE', #1246, #2105 ) ;
#4606 = ORIENTED_EDGE ( 'NONE', *, *, #3509, .T. ) ;
#4607 = DIRECTION ( 'NONE',  ( 0.000000000000000000, 0.000000000000000000, 1.000000000000000000 ) ) ;
#4608 = CC_DESIGN_DATE_AND_TIME_ASSIGNMENT ( #3159, #2393, ( #2447 ) ) ;
#4609 = DIRECTION ( 'NONE',  ( 1.000000000000000000, 0.000000000000000000, -0.000000000000000000 ) ) ;
#4610 = DIRECTION ( 'NONE',  ( -0.000000000000000000, -1.000000000000000000, -0.000000000000000000 ) ) ;
#4611 = ORIENTED_EDGE ( 'NONE', *, *, #3001, .T. ) ;
#4612 = CARTESIAN_POINT ( 'NONE',  ( 89.48149596119435500, 16.79096827369378175, -8.990998231668896779 ) ) ;
#4613 = CIRCLE ( 'NONE', #3743, 2.000000000000001776 ) ;
#4614 = DIRECTION ( 'NONE',  ( 0.000000000000000000, 0.000000000000000000, -1.000000000000000000 ) ) ;
#4615 = DIRECTION ( 'NONE',  ( 1.000000000000000000, -0.000000000000000000, 0.000000000000000000 ) ) ;
#4616 = CARTESIAN_POINT ( 'NONE',  ( 66.82842712474615610, 20.00000000000000711, -106.9999999999999858 ) ) ;
#4617 = TOROIDAL_SURFACE ( 'NONE', #160, 6.290367580801543568, 2.000000000000000000 ) ;
#4618 = FACE_OUTER_BOUND ( 'NONE', #966, .T. ) ;
#4619 = ORIENTED_EDGE ( 'NONE', *, *, #4345, .F. ) ;
#4620 = CIRCLE ( 'NONE', #1873, 2.000000000000001776 ) ;
#4621 = AXIS2_PLACEMENT_3D ( 'NONE', #4148, #819, #4568 ) ;
#4622 = DIRECTION ( 'NONE',  ( 1.000000000000000000, 0.000000000000000000, -8.163404592832028049E-16 ) ) ;
#4623 = CARTESIAN_POINT ( 'NONE',  ( 138.0126146213455343, 12.00000000000000000, -140.0000000000000000 ) ) ;
#4624 = EDGE_CURVE ( 'NONE', #4517, #1904, #3281, .T. ) ;
#4625 = ORIENTED_EDGE ( 'NONE', *, *, #4194, .T. ) ;
#4626 = ADVANCED_FACE ( 'NONE', ( #2958 ), #1520, .F. ) ;
#4627 = AXIS2_PLACEMENT_3D ( 'NONE', #3656, #308, #2581 ) ;
#4628 = EDGE_LOOP ( 'NONE', ( #2011, #2856, #2742, #2621 ) ) ;
#4629 = EDGE_CURVE ( 'NONE', #3554, #621, #3467, .T. ) ;
#4630 =( BOUNDED_CURVE ( )  B_SPLINE_CURVE ( 3, ( #3217, #230, #4667, #2405 ),
 .UNSPECIFIED., .F., .F. ) 
 B_SPLINE_CURVE_WITH_KNOTS ( ( 4, 4 ),
 ( 3.141592653589793116, 4.712388980384689674 ),
 .UNSPECIFIED. ) 
 CURVE ( )  GEOMETRIC_REPRESENTATION_ITEM ( )  RATIONAL_B_SPLINE_CURVE ( ( 1.000000000000000000, 0.8047378541243649375, 0.8047378541243649375, 1.000000000000000000 ) ) 
 REPRESENTATION_ITEM ( '' )  );
#4631 = PERSON_AND_ORGANIZATION_ROLE ( 'classification_officer' ) ;
#4632 = CARTESIAN_POINT ( 'NONE',  ( 111.9999999999999574, 18.00000000000000355, -107.0000000000000000 ) ) ;
#4633 = CIRCLE ( 'NONE', #3373, 1.000000000000000000 ) ;
#4634 = ORIENTED_EDGE ( 'NONE', *, *, #2156, .T. ) ;
#4635 = DIRECTION ( 'NONE',  ( -0.000000000000000000, -1.000000000000000000, -0.000000000000000000 ) ) ;
#4636 = DIRECTION ( 'NONE',  ( -1.000000000000000000, -0.000000000000000000, -0.000000000000000000 ) ) ;
#4637 = DIRECTION ( 'NONE',  ( -0.000000000000000000, -1.000000000000000000, -0.000000000000000000 ) ) ;
#4638 = ORIENTED_EDGE ( 'NONE', *, *, #2669, .F. ) ;
#4639 = CARTESIAN_POINT ( 'NONE',  ( 88.00000000000000000, 12.00000000000000000, 2.000000000000000000 ) ) ;
#4640 = LINE ( 'NONE', #3097, #288 ) ;
#4641 = EDGE_CURVE ( 'NONE', #1861, #2984, #2915, .T. ) ;
#4642 = PLANE ( 'NONE',  #3939 ) ;
#4643 = DIRECTION ( 'NONE',  ( -1.000000000000000000, -0.000000000000000000, -0.000000000000000000 ) ) ;
#4644 = VECTOR ( 'NONE', #185, 1000.000000000000000 ) ;
#4645 = CARTESIAN_POINT ( 'NONE',  ( 0.000000000000000000, 6.000000000000000000, -140.0000000000000000 ) ) ;
#4646 = ORIENTED_EDGE ( 'NONE', *, *, #2013, .T. ) ;
#4647 = FACE_OUTER_BOUND ( 'NONE', #2770, .T. ) ;
#4648 = DIRECTION ( 'NONE',  ( 0.000000000000000000, 0.000000000000000000, 1.000000000000000000 ) ) ;
#4649 = ORIENTED_EDGE ( 'NONE', *, *, #2798, .T. ) ;
#4650 = DIRECTION ( 'NONE',  ( 0.000000000000000000, 0.000000000000000000, 1.000000000000000000 ) ) ;
#4651 = CC_DESIGN_APPROVAL ( #3283, ( #3374 ) ) ;
#4652 = ORIENTED_EDGE ( 'NONE', *, *, #1988, .F. ) ;
#4653 = ADVANCED_FACE ( 'NONE', ( #753 ), #4405, .T. ) ;
#4654 = CALENDAR_DATE ( 2025, 8, 12 ) ;
#4655 = VERTEX_POINT ( 'NONE', #2544 ) ;
#4656 = EDGE_CURVE ( 'NONE', #3936, #3177, #1884, .T. ) ;
#4657 = ADVANCED_FACE ( 'NONE', ( #1176 ), #1908, .T. ) ;
#4658 = PLANE ( 'NONE',  #1720 ) ;
#4659 = VECTOR ( 'NONE', #1289, 1000.000000000000000 ) ;
#4660 = AXIS2_PLACEMENT_3D ( 'NONE', #2811, #246, #3206 ) ;
#4661 = CARTESIAN_POINT ( 'NONE',  ( 34.39999999999999147, 6.000000000000000000, 0.000000000000000000 ) ) ;
#4662 = DIRECTION ( 'NONE',  ( 1.000000000000000000, 0.000000000000000000, 0.000000000000000000 ) ) ;
#4663 = ORIENTED_EDGE ( 'NONE', *, *, #964, .F. ) ;
#4664 = CARTESIAN_POINT ( 'NONE',  ( 88.00000000000000000, 15.72033654559155913, -10.61450599584754784 ) ) ;
#4665 = CARTESIAN_POINT ( 'NONE',  ( 111.1119117828852438, 16.71467838733146394, -9.108112159180411282 ) ) ;
#4666 = DIRECTION ( 'NONE',  ( -0.000000000000000000, 0.4690877621129207475, 0.8831515563230877275 ) ) ;
#4667 = CARTESIAN_POINT ( 'NONE',  ( 66.00000000000000000, 5.999999999999997335, -4.124947378896984596 ) ) ;
#4668 = PLANE ( 'NONE',  #2897 ) ;
#4669 = ORIENTED_EDGE ( 'NONE', *, *, #3413, .T. ) ;
#4670 = VECTOR ( 'NONE', #2865, 1000.000000000000000 ) ;
#4671 = CC_DESIGN_DATE_AND_TIME_ASSIGNMENT ( #99, #3087, ( #3374 ) ) ;
#4672 = CARTESIAN_POINT ( 'NONE',  ( 12.39999999999999147, 5.999999999999997335, -4.124947378896984596 ) ) ;
#4673 = CARTESIAN_POINT ( 'NONE',  ( 109.9999999999999858, 11.00000000000000000, 1.000000000000000000 ) ) ;
#4674 = CARTESIAN_POINT ( 'NONE',  ( 10.40000000000000036, 18.00000000000000355, -15.46042971709331226 ) ) ;
#4675 = ORIENTED_EDGE ( 'NONE', *, *, #3848, .F. ) ;
#4676 = ORIENTED_EDGE ( 'NONE', *, *, #2041, .F. ) ;
#4677 = ORIENTED_EDGE ( 'NONE', *, *, #400, .T. ) ;
#4678 = CARTESIAN_POINT ( 'NONE',  ( 66.00000000000000000, 6.000000000000000000, 0.000000000000000000 ) ) ;
#4679 = PLANE ( 'NONE',  #3877 ) ;
#4680 = EDGE_CURVE ( 'NONE', #2911, #4403, #3483, .T. ) ;
#4681 = EDGE_CURVE ( 'NONE', #3666, #4253, #2292, .T. ) ;
#4682 = ORIENTED_EDGE ( 'NONE', *, *, #3033, .T. ) ;
#4683 = FACE_OUTER_BOUND ( 'NONE', #2975, .T. ) ;
#4684 = CARTESIAN_POINT ( 'NONE',  ( 50.01261462134555558, 12.00000000000000000, 0.000000000000000000 ) ) ;
#4685 = LINE ( 'NONE', #2427, #803 ) ;
#4686 = ADVANCED_FACE ( 'NONE', ( #2720 ), #3503, .F. ) ;
#4687 = CARTESIAN_POINT ( 'NONE',  ( 41.99999999999999289, 12.00000000000000000, 2.000000000000000000 ) ) ;
#4688 = VECTOR ( 'NONE', #4757, 1000.000000000000000 ) ;
#4689 = DIRECTION ( 'NONE',  ( 0.000000000000000000, -0.000000000000000000, 1.000000000000000000 ) ) ;
#4690 = VERTEX_POINT ( 'NONE', #1960 ) ;
#4691 = DIRECTION ( 'NONE',  ( -1.000000000000000000, -0.000000000000000000, -0.000000000000000000 ) ) ;
#4692 = VECTOR ( 'NONE', #1500, 1000.000000000000000 ) ;
#4693 = CARTESIAN_POINT ( 'NONE',  ( 100.3999999999999773, 20.00000000000000000, 0.000000000000000000 ) ) ;
#4694 = VECTOR ( 'NONE', #50, 999.9999999999998863 ) ;
#4695 = ORIENTED_EDGE ( 'NONE', *, *, #1510, .F. ) ;
#4696 = ORIENTED_EDGE ( 'NONE', *, *, #3779, .T. ) ;
#4697 = VECTOR ( 'NONE', #4231, 1000.000000000000000 ) ;
#4698 = DATE_AND_TIME ( #1294, #1825 ) ;
#4699 = VECTOR ( 'NONE', #186, 1000.000000000000000 ) ;
#4700 = CARTESIAN_POINT ( 'NONE',  ( 90.00000000000000000, 11.70963241919845466, -15.46042971709331226 ) ) ;
#4701 = EDGE_LOOP ( 'NONE', ( #325, #301, #1454, #2392 ) ) ;
#4702 = AXIS2_PLACEMENT_3D ( 'NONE', #3316, #4786, #1823 ) ;
#4703 = CARTESIAN_POINT ( 'NONE',  ( 136.0000000000000284, 6.000000000000000000, -3.186912317060869970 ) ) ;
#4704 = VECTOR ( 'NONE', #2323, 999.9999999999998863 ) ;
#4705 = ORIENTED_EDGE ( 'NONE', *, *, #3683, .F. ) ;
#4706 = DIRECTION ( 'NONE',  ( 0.000000000000000000, -0.000000000000000000, 1.000000000000000000 ) ) ;
#4707 = DESIGN_CONTEXT ( 'detailed design', #1094, 'design' ) ;
#4708 = EDGE_CURVE ( 'NONE', #3261, #2636, #3402, .T. ) ;
#4709 = ADVANCED_FACE ( 'NONE', ( #2316 ), #4210, .F. ) ;
#4710 = DIRECTION ( 'NONE',  ( 1.000000000000000000, 0.000000000000000000, 0.000000000000000000 ) ) ;
#4711 = DIRECTION ( 'NONE',  ( 1.000000000000000000, -0.000000000000000000, 0.000000000000000000 ) ) ;
#4712 = DIRECTION ( 'NONE',  ( 0.000000000000000000, 0.000000000000000000, 1.000000000000000000 ) ) ;
#4713 = ORIENTED_EDGE ( 'NONE', *, *, #1096, .F. ) ;
#4714 = LINE ( 'NONE', #215, #3435 ) ;
#4715 = CARTESIAN_POINT ( 'NONE',  ( 76.39999999999996305, 20.00000000000000000, -105.0000000000000000 ) ) ;
#4716 = VECTOR ( 'NONE', #3433, 1000.000000000000000 ) ;
#4717 = CARTESIAN_POINT ( 'NONE',  ( 88.00000000000000000, 18.00000000000000000, -15.46042971709331226 ) ) ;
#4718 = DIRECTION ( 'NONE',  ( 0.000000000000000000, 0.000000000000000000, -1.000000000000000000 ) ) ;
#4719 = ORIENTED_EDGE ( 'NONE', *, *, #4032, .F. ) ;
#4720 = VECTOR ( 'NONE', #2197, 1000.000000000000000 ) ;
#4721 = ORIENTED_EDGE ( 'NONE', *, *, #2014, .F. ) ;
#4722 = LOCAL_TIME ( 19, 17, 44.00000000000000000, #3180 ) ;
#4723 = LINE ( 'NONE', #3898, #1403 ) ;
#4724 = ORIENTED_EDGE ( 'NONE', *, *, #87, .T. ) ;
#4725 = ADVANCED_FACE ( 'NONE', ( #3804 ), #3036, .T. ) ;
#4726 = CARTESIAN_POINT ( 'NONE',  ( 14.01261462134553781, 6.000000000000000000, -140.0000000000000000 ) ) ;
#4727 =( NAMED_UNIT ( * ) SI_UNIT ( $, .STERADIAN. ) SOLID_ANGLE_UNIT ( ) );
#4728 = VERTEX_POINT ( 'NONE', #2697 ) ;
#4729 = AXIS2_PLACEMENT_3D ( 'NONE', #2397, #3901, #3185 ) ;
#4730 = PLANE ( 'NONE',  #3722 ) ;
#4731 = DIRECTION ( 'NONE',  ( -0.000000000000000000, 0.000000000000000000, 1.000000000000000000 ) ) ;
#4732 = DIRECTION ( 'NONE',  ( 1.000000000000000000, 0.000000000000000000, 0.000000000000000000 ) ) ;
#4733 = ORIENTED_EDGE ( 'NONE', *, *, #4559, .T. ) ;
#4734 = EDGE_LOOP ( 'NONE', ( #1048, #4619, #1206, #2252 ) ) ;
#4735 = DIRECTION ( 'NONE',  ( 0.000000000000000000, 0.000000000000000000, -1.000000000000000000 ) ) ;
#4736 = CARTESIAN_POINT ( 'NONE',  ( 66.00000000000000000, 11.70963241919845466, -15.46042971709331226 ) ) ;
#4737 = EDGE_CURVE ( 'NONE', #1483, #459, #1622, .T. ) ;
#4738 = EDGE_CURVE ( 'NONE', #2984, #4173, #4188, .T. ) ;
#4739 = LINE ( 'NONE', #1453, #2347 ) ;
#4740 = EDGE_LOOP ( 'NONE', ( #3419, #949, #4441, #2035 ) ) ;
#4741 = ORIENTED_EDGE ( 'NONE', *, *, #2970, .F. ) ;
#4742 = CARTESIAN_POINT ( 'NONE',  ( 124.0126146213455058, 12.00000000000000000, 1.623604482271039134E-14 ) ) ;
#4743 = ORIENTED_EDGE ( 'NONE', *, *, #4290, .F. ) ;
#4744 = DIRECTION ( 'NONE',  ( -0.000000000000000000, -0.000000000000000000, -1.000000000000000000 ) ) ;
#4745 = ORIENTED_EDGE ( 'NONE', *, *, #4400, .F. ) ;
#4746 = APPROVAL ( #4205, '未' ) ;
#4747 = VERTEX_POINT ( 'NONE', #3828 ) ;
#4748 = DESIGN_CONTEXT ( 'detailed design', #3761, 'design' ) ;
#4749 = LINE ( 'NONE', #4289, #3639 ) ;
#4750 = CARTESIAN_POINT ( 'NONE',  ( 87.99999999999997158, 19.17157287525380838, -106.1715728752537871 ) ) ;
#4751 = CARTESIAN_POINT ( 'NONE',  ( 0.000000000000000000, 12.00000000000000000, -140.0000000000000000 ) ) ;
#4752 = ORIENTED_EDGE ( 'NONE', *, *, #169, .F. ) ;
#4753 = DIRECTION ( 'NONE',  ( 1.000000000000000000, 0.000000000000000000, 0.000000000000000000 ) ) ;
#4754 = ORIENTED_EDGE ( 'NONE', *, *, #1597, .T. ) ;
#4755 = DIRECTION ( 'NONE',  ( 1.000000000000000000, 0.000000000000000000, 0.000000000000000000 ) ) ;
#4756 = DIRECTION ( 'NONE',  ( 6.084019089575383461E-17, -0.8831515563230876165, 0.4690877621129207475 ) ) ;
#4757 = DIRECTION ( 'NONE',  ( 1.309225264888156377E-16, -0.000000000000000000, 1.000000000000000000 ) ) ;
#4758 = CARTESIAN_POINT ( 'NONE',  ( 120.3999999999999488, 6.000000000000000000, -105.0000000000000000 ) ) ;
#4759 = ORIENTED_EDGE ( 'NONE', *, *, #2485, .F. ) ;
#4760 = VECTOR ( 'NONE', #409, 1000.000000000000000 ) ;
#4761 = EDGE_CURVE ( 'NONE', #775, #3495, #4461, .T. ) ;
#4762 = EDGE_CURVE ( 'NONE', #1681, #1348, #447, .T. ) ;
#4763 = VERTEX_POINT ( 'NONE', #3426 ) ;
#4764 = VECTOR ( 'NONE', #879, 1000.000000000000000 ) ;
#4765 = CARTESIAN_POINT ( 'NONE',  ( 136.0000000000000284, 0.000000000000000000, 0.000000000000000000 ) ) ;
#4766 = EDGE_LOOP ( 'NONE', ( #1365, #3702, #1712, #2462 ) ) ;
#4767 = EDGE_CURVE ( 'NONE', #397, #2984, #1599, .T. ) ;
#4768 = AXIS2_PLACEMENT_3D ( 'NONE', #3416, #514, #120 ) ;
#4769 = VECTOR ( 'NONE', #2066, 1000.000000000000000 ) ;
#4770 = LINE ( 'NONE', #3323, #592 ) ;
#4771 = APPROVAL_ROLE ( '' ) ;
#4772 = ORIENTED_EDGE ( 'NONE', *, *, #15, .F. ) ;
#4773 = AXIS2_PLACEMENT_3D ( 'NONE', #1756, #3267, #286 ) ;
#4774 = ORIENTED_EDGE ( 'NONE', *, *, #2300, .T. ) ;
#4775 = CARTESIAN_POINT ( 'NONE',  ( 66.00000000000000000, 11.00000000000000000, 1.000000000000000000 ) ) ;
#4776 = VECTOR ( 'NONE', #109, 1000.000000000000000 ) ;
#4777 = LINE ( 'NONE', #2241, #4720 ) ;
#4778 = CARTESIAN_POINT ( 'NONE',  ( 21.99999999999999289, 20.00000000000000000, -105.0000000000000000 ) ) ;
#4779 = VERTEX_POINT ( 'NONE', #130 ) ;
#4780 = CARTESIAN_POINT ( 'NONE',  ( 36.01261462134554847, 12.00000000000000000, -140.0000000000000000 ) ) ;
#4781 = DIRECTION ( 'NONE',  ( -1.000000000000000000, 0.000000000000000000, -0.000000000000000000 ) ) ;
#4782 = ADVANCED_FACE ( 'NONE', ( #3092 ), #4587, .T. ) ;
#4783 = DIRECTION ( 'NONE',  ( 0.000000000000000000, 0.000000000000000000, 1.000000000000000000 ) ) ;
#4784 = DIRECTION ( 'NONE',  ( -6.084019089575384694E-17, 0.8831515563230876165, -0.4690877621129207475 ) ) ;
#4785 = CARTESIAN_POINT ( 'NONE',  ( 0.000000000000000000, 6.000000000000006217, -5.451529285327131547 ) ) ;
#4786 = DIRECTION ( 'NONE',  ( 0.000000000000000000, 0.000000000000000000, -1.000000000000000000 ) ) ;
#4787 = ORIENTED_EDGE ( 'NONE', *, *, #3222, .T. ) ;
#4788 = VECTOR ( 'NONE', #4365, 1000.000000000000000 ) ;
#4789 = EDGE_LOOP ( 'NONE', ( #3411, #4479, #310, #4036 ) ) ;
#4790 = CARTESIAN_POINT ( 'NONE',  ( 76.39999999999997726, 16.82599622848118059, -8.937162437894402345 ) ) ;
#4791 = EDGE_CURVE ( 'NONE', #2389, #2870, #2399, .T. ) ;
#4792 = DIRECTION ( 'NONE',  ( 1.000000000000000000, -0.000000000000000000, 2.618450529776312753E-16 ) ) ;
#4793 = ORIENTED_EDGE ( 'NONE', *, *, #4316, .T. ) ;
#4794 = LOCAL_TIME ( 19, 17, 44.00000000000000000, #3059 ) ;
#4795 = CARTESIAN_POINT ( 'NONE',  ( 34.39999999999999147, 19.17157287525381193, -106.1715728752538155 ) ) ;
#4796 = EDGE_CURVE ( 'NONE', #468, #1378, #1227, .T. ) ;
#4797 = EDGE_CURVE ( 'NONE', #3437, #552, #2128, .T. ) ;
#4798 = ORIENTED_EDGE ( 'NONE', *, *, #2964, .F. ) ;
#4799 = ORIENTED_EDGE ( 'NONE', *, *, #1480, .F. ) ;
#4800 = DIRECTION ( 'NONE',  ( -1.000000000000000000, 0.000000000000000000, -0.000000000000000000 ) ) ;
#4801 = LINE ( 'NONE', #28, #3383 ) ;
#4802 = LINE ( 'NONE', #4778, #320 ) ;
#4803 = ADVANCED_FACE ( 'NONE', ( #2863 ), #3527, .F. ) ;
#4804 = PERSON ( 'NAUO-PER2', 'UNSPECIFIED', 'UNSPECIFIED', ('UNSPECIFIED'), ('UNSPECIFIED'), ('UNSPECIFIED') ) ;
#4805 = EDGE_LOOP ( 'NONE', ( #4475, #1771, #2707, #4527, #4178, #2784 ) ) ;
#4806 = DIRECTION ( 'NONE',  ( -1.000000000000000000, -0.000000000000000000, -0.000000000000000000 ) ) ;
#4807 = LINE ( 'NONE', #4435, #2169 ) ;
#4808 =( BOUNDED_CURVE ( )  B_SPLINE_CURVE ( 3, ( #1067, #2234, #2929, #2081 ),
 .UNSPECIFIED., .F., .F. ) 
 B_SPLINE_CURVE_WITH_KNOTS ( ( 4, 4 ),
 ( 3.141592653589793116, 4.712388980384689674 ),
 .UNSPECIFIED. ) 
 CURVE ( )  GEOMETRIC_REPRESENTATION_ITEM ( )  RATIONAL_B_SPLINE_CURVE ( ( 1.000000000000000000, 0.8047378541243649375, 0.8047378541243649375, 1.000000000000000000 ) ) 
 REPRESENTATION_ITEM ( '' )  );
#4809 = DIRECTION ( 'NONE',  ( 1.296989514749014917E-16, 0.000000000000000000, 1.000000000000000000 ) ) ;
#4810 = CARTESIAN_POINT ( 'NONE',  ( 129.9999999999999716, 12.00000000000000000, -1.061242597068163575E-13 ) ) ;
#4811 = EDGE_CURVE ( 'NONE', #931, #3812, #3927, .T. ) ;
#4812 = LINE ( 'NONE', #3609, #3215 ) ;
#4813 = ORIENTED_EDGE ( 'NONE', *, *, #2520, .F. ) ;
#4814 = DIRECTION ( 'NONE',  ( -2.618450529776312753E-16, 0.000000000000000000, 1.000000000000000000 ) ) ;
#4815 = ORIENTED_EDGE ( 'NONE', *, *, #684, .F. ) ;
#4816 = AXIS2_PLACEMENT_3D ( 'NONE', #1413, #2564, #4064 ) ;
#4817 = DIRECTION ( 'NONE',  ( -1.000000000000000000, 0.000000000000000000, -0.000000000000000000 ) ) ;
#4818 = CARTESIAN_POINT ( 'NONE',  ( 87.99999999999997158, 6.000000000000000000, -34.00000000000001421 ) ) ;
#4819 = ORIENTED_EDGE ( 'NONE', *, *, #626, .T. ) ;
#4820 = DIRECTION ( 'NONE',  ( -0.000000000000000000, -1.000000000000000000, -0.000000000000000000 ) ) ;
#4821 = APPROVAL_STATUS ( 'not_yet_approved' ) ;
#4822 = VERTEX_POINT ( 'NONE', #3996 ) ;
#4823 = VERTEX_POINT ( 'NONE', #1695 ) ;
#4824 = ADVANCED_FACE ( 'NONE', ( #4285 ), #2838, .T. ) ;
#4825 = CARTESIAN_POINT ( 'NONE',  ( 88.00000000000000000, 12.00000000000000000, 2.335568834063545998E-21 ) ) ;
#4826 = EDGE_CURVE ( 'NONE', #140, #1236, #3593, .T. ) ;
#4827 = DIRECTION ( 'NONE',  ( 0.000000000000000000, 0.000000000000000000, -1.000000000000000000 ) ) ;
#4828 = EDGE_LOOP ( 'NONE', ( #4084, #4059, #2072, #1097 ) ) ;
#4829 = DIRECTION ( 'NONE',  ( -0.000000000000000000, 0.4690877621129207475, 0.8831515563230877275 ) ) ;
#4830 = DIRECTION ( 'NONE',  ( -1.296989514749014917E-16, 0.000000000000000000, -1.000000000000000000 ) ) ;
#4831 = DIRECTION ( 'NONE',  ( 0.000000000000000000, 0.000000000000000000, -1.000000000000000000 ) ) ;
#4832 = LINE ( 'NONE', #1476, #1799 ) ;
#4833 = CARTESIAN_POINT ( 'NONE',  ( 120.3999999999999488, 20.00000000000000000, -107.0000000000000000 ) ) ;
#4834 = ORIENTED_EDGE ( 'NONE', *, *, #4373, .T. ) ;
#4835 = ORIENTED_EDGE ( 'NONE', *, *, #3028, .T. ) ;
#4836 = FACE_OUTER_BOUND ( 'NONE', #941, .T. ) ;
#4837 = VECTOR ( 'NONE', #4830, 1000.000000000000000 ) ;
#4838 = DIRECTION ( 'NONE',  ( -1.000000000000000000, 0.000000000000000000, 0.000000000000000000 ) ) ;
#4839 = ORIENTED_EDGE ( 'NONE', *, *, #3095, .T. ) ;
#4840 = EDGE_CURVE ( 'NONE', #1975, #2606, #225, .T. ) ;
#4841 = AXIS2_PLACEMENT_3D ( 'NONE', #2008, #3854, #1299 ) ;
#4842 = ORIENTED_EDGE ( 'NONE', *, *, #3981, .F. ) ;
#4843 = NEXT_ASSEMBLY_USAGE_OCCURRENCE ( 'NAUO1', ' ', ' ', #3141, #3374, $ ) ;
#4844 = NEXT_ASSEMBLY_USAGE_OCCURRENCE ( 'NAUO2', ' ', ' ', #3141, #891, $ ) ;
ENDSEC;
END-ISO-10303-21;
