ISO-10303-21;
HEADER;
FILE_DESCRIPTION (( 'STEP AP203' ),
    '1' );
FILE_NAME ('2.STEP',
    '2025-12-08T11:18:41',
    ( '' ),
    ( '' ),
    'SwSTEP 2.0',
    'SolidWorks 2025',
    '' );
FILE_SCHEMA (( 'CONFIG_CONTROL_DESIGN' ));
ENDSEC;

DATA;
#1 = LINE ( 'NONE', #5013, #5075 ) ;
#2 = DIRECTION ( 'NONE',  ( 0.000000000000000000, 1.000000000000000000, -0.000000000000000000 ) ) ;
#3 = ORIENTED_EDGE ( 'NONE', *, *, #5863, .F. ) ;
#4 = ORIENTED_EDGE ( 'NONE', *, *, #1335, .F. ) ;
#5 = VERTEX_POINT ( 'NONE', #3159 ) ;
#6 = CARTESIAN_POINT ( 'NONE',  ( 47.42000986255016670, 22.33751450516924564, -84.40001250000001676 ) ) ;
#7 = CYLINDRICAL_SURFACE ( 'NONE', #6144, 2.000000000000001776 ) ;
#8 = CARTESIAN_POINT ( 'NONE',  ( 21.43262448389567254, 27.53751450516924848, 34.99998749999998182 ) ) ;
#9 = ADVANCED_FACE ( 'NONE', ( #5197 ), #118, .T. ) ;
#10 = CARTESIAN_POINT ( 'NONE',  ( -30.57999013744987238, 22.53751450516924848, -76.00001250000002528 ) ) ;
#11 = EDGE_LOOP ( 'NONE', ( #3904, #6299 ) ) ;
#12 = ORIENTED_EDGE ( 'NONE', *, *, #4138, .T. ) ;
#13 = DIRECTION ( 'NONE',  ( 0.000000000000000000, 0.000000000000000000, 1.000000000000000000 ) ) ;
#14 = DIRECTION ( 'NONE',  ( 0.000000000000000000, 0.000000000000000000, 1.000000000000000000 ) ) ;
#15 = AXIS2_PLACEMENT_3D ( 'NONE', #3462, #427, #1394 ) ;
#16 = CARTESIAN_POINT ( 'NONE',  ( 57.42000986255015249, 27.53751450516924848, 70.99998750000000314 ) ) ;
#17 = ORIENTED_EDGE ( 'NONE', *, *, #6373, .T. ) ;
#18 = LINE ( 'NONE', #2661, #5940 ) ;
#19 = AXIS2_PLACEMENT_3D ( 'NONE', #912, #4921, #1191 ) ;
#20 = DIRECTION ( 'NONE',  ( 1.000000000000000000, -0.000000000000000000, 0.000000000000000000 ) ) ;
#21 = ORIENTED_EDGE ( 'NONE', *, *, #5571, .F. ) ;
#22 = AXIS2_PLACEMENT_3D ( 'NONE', #1167, #1200, #5779 ) ;
#23 = CARTESIAN_POINT ( 'NONE',  ( 43.43262448389566543, 21.53751450516924848, -76.00001250000002528 ) ) ;
#24 = CARTESIAN_POINT ( 'NONE',  ( -94.57999013744984040, 21.53751450516924848, -87.00001250000001107 ) ) ;
#25 = APPROVAL_STATUS ( 'not_yet_approved' ) ;
#26 = VECTOR ( 'NONE', #1344, 1000.000000000000000 ) ;
#27 = FACE_OUTER_BOUND ( 'NONE', #2550, .T. ) ;
#28 = AXIS2_PLACEMENT_3D ( 'NONE', #4838, #5944, #3837 ) ;
#29 = CARTESIAN_POINT ( 'NONE',  ( -44.56737551610429193, 27.53751450516924848, -71.00001250000001107 ) ) ;
#30 = VERTEX_POINT ( 'NONE', #1659 ) ;
#31 = EDGE_CURVE ( 'NONE', #3204, #3814, #4556, .T. ) ;
#32 = ADVANCED_FACE ( 'NONE', ( #819 ), #2104, .T. ) ;
#33 = DIRECTION ( 'NONE',  ( 0.000000000000000000, -1.000000000000000000, 0.000000000000000000 ) ) ;
#34 = DIRECTION ( 'NONE',  ( -0.000000000000000000, 1.000000000000000000, -0.000000000000000000 ) ) ;
#35 = EDGE_CURVE ( 'NONE', #2933, #635, #4900, .T. ) ;
#36 = ORIENTED_EDGE ( 'NONE', *, *, #5500, .F. ) ;
#37 = ORIENTED_EDGE ( 'NONE', *, *, #556, .F. ) ;
#38 = ORIENTED_EDGE ( 'NONE', *, *, #5811, .T. ) ;
#39 = FACE_OUTER_BOUND ( 'NONE', #6263, .T. ) ;
#40 = CARTESIAN_POINT ( 'NONE',  ( -87.57999013744984040, 27.53751450516924493, -82.50001250000001107 ) ) ;
#41 = CARTESIAN_POINT ( 'NONE',  ( -74.57999013744985461, 25.53751450516925203, 68.99998750000000314 ) ) ;
#42 = PLANE ( 'NONE',  #3010 ) ;
#43 = ORIENTED_EDGE ( 'NONE', *, *, #4231, .T. ) ;
#44 = ORIENTED_EDGE ( 'NONE', *, *, #5211, .T. ) ;
#45 = CYLINDRICAL_SURFACE ( 'NONE', #3866, 1.999999999999998446 ) ;
#46 = CARTESIAN_POINT ( 'NONE',  ( -45.36737551610425356, 31.25785105076080228, 25.38548150415243754 ) ) ;
#47 = ORIENTED_EDGE ( 'NONE', *, *, #961, .T. ) ;
#48 = AXIS2_PLACEMENT_3D ( 'NONE', #3875, #2781, #2274 ) ;
#49 = LINE ( 'NONE', #6171, #2952 ) ;
#50 = EDGE_CURVE ( 'NONE', #1603, #2608, #2194, .T. ) ;
#51 = VECTOR ( 'NONE', #1227, 1000.000000000000000 ) ;
#52 = EDGE_CURVE ( 'NONE', #754, #6321, #5233, .T. ) ;
#53 = DIRECTION ( 'NONE',  ( 0.000000000000000000, 1.000000000000000000, -0.000000000000000000 ) ) ;
#54 = ORIENTED_EDGE ( 'NONE', *, *, #3857, .F. ) ;
#55 = DIRECTION ( 'NONE',  ( 2.593979029498029835E-16, -0.000000000000000000, 1.000000000000000000 ) ) ;
#56 = VECTOR ( 'NONE', #1242, 1000.000000000000000 ) ;
#57 = DIRECTION ( 'NONE',  ( -1.982541115402065110E-16, 0.000000000000000000, -1.000000000000000000 ) ) ;
#58 = LINE ( 'NONE', #6177, #51 ) ;
#59 = EDGE_CURVE ( 'NONE', #2789, #551, #932, .T. ) ;
#60 = AXIS2_PLACEMENT_3D ( 'NONE', #1202, #4170, #3771 ) ;
#61 = LINE ( 'NONE', #6118, #2556 ) ;
#62 = ORIENTED_EDGE ( 'NONE', *, *, #216, .F. ) ;
#63 = CARTESIAN_POINT ( 'NONE',  ( 13.42000986255015249, 25.53751450516925203, 70.99998750000000314 ) ) ;
#64 = VECTOR ( 'NONE', #4888, 1000.000000000000000 ) ;
#65 = CARTESIAN_POINT ( 'NONE',  ( -3.367375516104276212, 22.53751450516924848, -71.00001250000001107 ) ) ;
#66 = ORIENTED_EDGE ( 'NONE', *, *, #1786, .F. ) ;
#67 = EDGE_CURVE ( 'NONE', #6589, #3711, #1190, .T. ) ;
#68 = VERTEX_POINT ( 'NONE', #3360 ) ;
#69 = ORIENTED_EDGE ( 'NONE', *, *, #4051, .T. ) ;
#70 = ADVANCED_FACE ( 'NONE', ( #6276 ), #3793, .T. ) ;
#71 = CARTESIAN_POINT ( 'NONE',  ( 57.42000986255003880, 22.53751450516924848, -71.00001250000001107 ) ) ;
#72 = AXIS2_PLACEMENT_3D ( 'NONE', #219, #5297, #1222 ) ;
#73 = CARTESIAN_POINT ( 'NONE',  ( 18.63262448389571446, 35.53751450516924848, -69.00001250000001107 ) ) ;
#74 = FACE_OUTER_BOUND ( 'NONE', #1545, .T. ) ;
#75 = DIRECTION ( 'NONE',  ( 0.000000000000000000, -0.8831515563230877275, 0.4690877621129207475 ) ) ;
#76 = AXIS2_PLACEMENT_3D ( 'NONE', #4096, #6239, #6143 ) ;
#77 = ORIENTED_EDGE ( 'NONE', *, *, #6618, .F. ) ;
#78 = AXIS2_PLACEMENT_3D ( 'NONE', #693, #251, #3266 ) ;
#79 = VECTOR ( 'NONE', #1292, 1000.000000000000000 ) ;
#80 = ORIENTED_EDGE ( 'NONE', *, *, #5874, .F. ) ;
#81 = EDGE_CURVE ( 'NONE', #5277, #5930, #1260, .T. ) ;
#82 = DIRECTION ( 'NONE',  ( 0.000000000000000000, 0.000000000000000000, -1.000000000000000000 ) ) ;
#83 = CARTESIAN_POINT ( 'NONE',  ( 18.63262448389571446, 22.53751450516924848, -76.00001250000002528 ) ) ;
#84 = DIRECTION ( 'NONE',  ( -1.224510688924804405E-15, 0.000000000000000000, -1.000000000000000000 ) ) ;
#85 = CIRCLE ( 'NONE', #5195, 2.000000000000001776 ) ;
#86 = EDGE_LOOP ( 'NONE', ( #168, #5668, #4983, #1754, #3772 ) ) ;
#87 = FACE_OUTER_BOUND ( 'NONE', #4743, .T. ) ;
#88 = FACE_OUTER_BOUND ( 'NONE', #6443, .T. ) ;
#89 = TOROIDAL_SURFACE ( 'NONE', #2437, 6.290367580801543568, 2.000000000000000000 ) ;
#90 = ORIENTED_EDGE ( 'NONE', *, *, #2449, .F. ) ;
#91 = DIRECTION ( 'NONE',  ( 0.000000000000000000, 0.000000000000000000, -1.000000000000000000 ) ) ;
#92 = EDGE_CURVE ( 'NONE', #3199, #2336, #3298, .T. ) ;
#93 = LINE ( 'NONE', #1063, #1522 ) ;
#94 = EDGE_CURVE ( 'NONE', #2224, #242, #5266, .T. ) ;
#95 = EDGE_LOOP ( 'NONE', ( #1813, #4740, #5111, #382 ) ) ;
#96 = LINE ( 'NONE', #3269, #4102 ) ;
#97 = CARTESIAN_POINT ( 'NONE',  ( -94.57999013744984040, 27.53751450516924848, 34.99998749999998182 ) ) ;
#98 = ORIENTED_EDGE ( 'NONE', *, *, #4242, .F. ) ;
#99 = DIRECTION ( 'NONE',  ( 0.000000000000000000, 0.000000000000000000, -1.000000000000000000 ) ) ;
#100 = EDGE_CURVE ( 'NONE', #1349, #2282, #1224, .T. ) ;
#101 = DIRECTION ( 'NONE',  ( 0.000000000000000000, 0.000000000000000000, 1.000000000000000000 ) ) ;
#102 = ORIENTED_EDGE ( 'NONE', *, *, #1756, .F. ) ;
#103 = CARTESIAN_POINT ( 'NONE',  ( 57.42000986255015249, 25.53751450516925203, 68.99998750000000314 ) ) ;
#104 = ORIENTED_EDGE ( 'NONE', *, *, #1547, .F. ) ;
#105 = ORIENTED_EDGE ( 'NONE', *, *, #437, .F. ) ;
#106 = CARTESIAN_POINT ( 'NONE',  ( -58.56737551610429193, 22.53751450516924848, -76.00001250000002528 ) ) ;
#107 = DIRECTION ( 'NONE',  ( -0.000000000000000000, -1.000000000000000000, -0.000000000000000000 ) ) ;
#108 = DIRECTION ( 'NONE',  ( 0.000000000000000000, -1.000000000000000000, 0.000000000000000000 ) ) ;
#109 = DIRECTION ( 'NONE',  ( -0.000000000000000000, -1.000000000000000000, -0.000000000000000000 ) ) ;
#110 = ORIENTED_EDGE ( 'NONE', *, *, #200, .F. ) ;
#111 = ORIENTED_EDGE ( 'NONE', *, *, #3364, .F. ) ;
#112 = CARTESIAN_POINT ( 'NONE',  ( -39.57999013744984040, 23.53751450516924493, -79.00001250000001107 ) ) ;
#113 = DIRECTION ( 'NONE',  ( 1.000000000000000000, 0.000000000000000000, -6.484947573745074586E-17 ) ) ;
#114 = CARTESIAN_POINT ( 'NONE',  ( 30.42000986255016670, 13.53751450516924493, -82.50001250000001107 ) ) ;
#115 = EDGE_CURVE ( 'NONE', #3914, #3476, #4028, .T. ) ;
#116 = ORIENTED_EDGE ( 'NONE', *, *, #995, .T. ) ;
#117 = CARTESIAN_POINT ( 'NONE',  ( -66.56737551610427772, 27.53751450516924848, 68.99998750000000314 ) ) ;
#118 = CYLINDRICAL_SURFACE ( 'NONE', #6058, 1.999999999999998446 ) ;
#119 = CARTESIAN_POINT ( 'NONE',  ( 18.63262448389571446, 22.53751450516924848, -76.00001250000002528 ) ) ;
#120 = DIRECTION ( 'NONE',  ( -0.000000000000000000, -0.000000000000000000, 1.000000000000000000 ) ) ;
#121 = ORIENTED_EDGE ( 'NONE', *, *, #2603, .F. ) ;
#122 = AXIS2_PLACEMENT_3D ( 'NONE', #5551, #4074, #4044 ) ;
#123 = DIRECTION ( 'NONE',  ( -0.000000000000000000, 1.000000000000000000, -0.000000000000000000 ) ) ;
#124 = EDGE_CURVE ( 'NONE', #1137, #6131, #1147, .T. ) ;
#125 = CARTESIAN_POINT ( 'NONE',  ( -0.5673755161043068096, 22.53751450516924848, -76.00001250000002528 ) ) ;
#126 = CIRCLE ( 'NONE', #6322, 1.000000000000000888 ) ;
#127 = ORIENTED_EDGE ( 'NONE', *, *, #5322, .T. ) ;
#128 = VECTOR ( 'NONE', #5125, 1000.000000000000000 ) ;
#129 = CARTESIAN_POINT ( 'NONE',  ( -72.57999013744984040, 25.53751450516925203, 68.99998750000000314 ) ) ;
#130 = CARTESIAN_POINT ( 'NONE',  ( -79.76737551610423793, 21.53751450516924848, -71.00001250000001107 ) ) ;
#131 = VERTEX_POINT ( 'NONE', #4767 ) ;
#132 = CARTESIAN_POINT ( 'NONE',  ( -6.579990137449851062, 26.53751450516924848, 69.99998750000000314 ) ) ;
#133 = VECTOR ( 'NONE', #3576, 999.9999999999998863 ) ;
#134 = ORIENTED_EDGE ( 'NONE', *, *, #1080, .T. ) ;
#135 = ADVANCED_FACE ( 'NONE', ( #4797 ), #4325, .T. ) ;
#136 = VERTEX_POINT ( 'NONE', #5364 ) ;
#137 = DIRECTION ( 'NONE',  ( 0.000000000000000000, 1.000000000000000000, -0.000000000000000000 ) ) ;
#138 = DIRECTION ( 'NONE',  ( 0.000000000000000000, 0.000000000000000000, 1.000000000000000000 ) ) ;
#139 = CARTESIAN_POINT ( 'NONE',  ( -13.76737551610424148, 35.53751450516924848, 35.99998749999998182 ) ) ;
#140 = LINE ( 'NONE', #2178, #3295 ) ;
#141 = ORIENTED_EDGE ( 'NONE', *, *, #6373, .F. ) ;
#142 = CYLINDRICAL_SURFACE ( 'NONE', #5252, 3.500000000000003109 ) ;
#143 = EDGE_LOOP ( 'NONE', ( #5122, #4929, #1266, #3869 ) ) ;
#144 = ORIENTED_EDGE ( 'NONE', *, *, #2325, .T. ) ;
#145 = ADVANCED_FACE ( 'NONE', ( #4364 ), #4860, .T. ) ;
#146 = CARTESIAN_POINT ( 'NONE',  ( -77.76737551610423793, 33.53751450516924137, -71.00001250000001107 ) ) ;
#147 = DIRECTION ( 'NONE',  ( 0.000000000000000000, 0.000000000000000000, 1.000000000000000000 ) ) ;
#148 = LINE ( 'NONE', #6269, #4677 ) ;
#149 = VERTEX_POINT ( 'NONE', #5394 ) ;
#150 = PLANE ( 'NONE',  #2632 ) ;
#151 = ADVANCED_FACE ( 'NONE', ( #421 ), #2891, .F. ) ;
#152 = CC_DESIGN_PERSON_AND_ORGANIZATION_ASSIGNMENT ( #1031, #428, ( #6229 ) ) ;
#153 = EDGE_CURVE ( 'NONE', #4557, #4080, #4429, .T. ) ;
#154 = CARTESIAN_POINT ( 'NONE',  ( -47.36737551610425356, 22.53751450516924848, -76.00001250000002528 ) ) ;
#155 = VERTEX_POINT ( 'NONE', #5935 ) ;
#156 = AXIS2_PLACEMENT_3D ( 'NONE', #4342, #4910, #330 ) ;
#157 = DIRECTION ( 'NONE',  ( 1.000000000000000000, 0.000000000000000000, 0.000000000000000000 ) ) ;
#158 = VERTEX_POINT ( 'NONE', #3526 ) ;
#159 = CIRCLE ( 'NONE', #4945, 1.899999999999999023 ) ;
#160 = DIRECTION ( 'NONE',  ( 0.000000000000000000, 0.000000000000000000, 1.000000000000000000 ) ) ;
#161 = CARTESIAN_POINT ( 'NONE',  ( -58.56737551610429193, 21.53751450516924848, 68.99998750000000314 ) ) ;
#162 = AXIS2_PLACEMENT_3D ( 'NONE', #3687, #5259, #6336 ) ;
#163 = VERTEX_POINT ( 'NONE', #5029 ) ;
#164 = CARTESIAN_POINT ( 'NONE',  ( -55.76737551610425214, 27.24714692436770136, 20.53955778290666956 ) ) ;
#165 = LINE ( 'NONE', #130, #4506 ) ;
#166 = ORIENTED_EDGE ( 'NONE', *, *, #2477, .F. ) ;
#167 = LINE ( 'NONE', #2207, #1985 ) ;
#168 = ORIENTED_EDGE ( 'NONE', *, *, #3434, .F. ) ;
#169 = ORIENTED_EDGE ( 'NONE', *, *, #2487, .T. ) ;
#170 = FACE_OUTER_BOUND ( 'NONE', #4162, .T. ) ;
#171 = CARTESIAN_POINT ( 'NONE',  ( 18.63262448389571446, 35.53751450516924848, -71.00001250000001107 ) ) ;
#172 = AXIS2_PLACEMENT_3D ( 'NONE', #2049, #2016, #3016 ) ;
#173 = AXIS2_PLACEMENT_3D ( 'NONE', #4021, #5965, #4424 ) ;
#174 = CARTESIAN_POINT ( 'NONE',  ( -1.367375516104260669, 14.59933898094340421, 34.23368438735381147 ) ) ;
#175 = LINE ( 'NONE', #2214, #4999 ) ;
#176 = ORIENTED_EDGE ( 'NONE', *, *, #4381, .T. ) ;
#177 = DIRECTION ( 'NONE',  ( 0.000000000000000000, 0.000000000000000000, -1.000000000000000000 ) ) ;
#178 = EDGE_CURVE ( 'NONE', #2055, #5173, #4963, .T. ) ;
#179 = ORIENTED_EDGE ( 'NONE', *, *, #5933, .F. ) ;
#180 =( BOUNDED_CURVE ( )  B_SPLINE_CURVE ( 3, ( #2750, #3843, #5442, #3911 ),
 .UNSPECIFIED., .F., .F. ) 
 B_SPLINE_CURVE_WITH_KNOTS ( ( 4, 4 ),
 ( 4.712388980384689674, 6.283185307179586232 ),
 .UNSPECIFIED. ) 
 CURVE ( )  GEOMETRIC_REPRESENTATION_ITEM ( )  RATIONAL_B_SPLINE_CURVE ( ( 1.000000000000000000, 0.8047378541243649375, 0.8047378541243649375, 1.000000000000000000 ) ) 
 REPRESENTATION_ITEM ( '' )  );
#181 = ORIENTED_EDGE ( 'NONE', *, *, #386, .T. ) ;
#182 = AXIS2_PLACEMENT_3D ( 'NONE', #5697, #3726, #5637 ) ;
#183 = CARTESIAN_POINT ( 'NONE',  ( -94.57999013744984040, 21.53751450516924848, 34.99998749999998182 ) ) ;
#184 = DIRECTION ( 'NONE',  ( -0.000000000000000000, 1.000000000000000000, -0.000000000000000000 ) ) ;
#185 = CARTESIAN_POINT ( 'NONE',  ( -67.61903415785202753, 31.81675817218730629, 26.22706656814354531 ) ) ;
#188 = ORIENTED_EDGE ( 'NONE', *, *, #1016, .F. ) ;
#187 = EDGE_CURVE ( 'NONE', #1417, #6092, #1790, .T. ) ;
#186 = CIRCLE ( 'NONE', #2639, 1.000000000000000888 ) ;
#189 = DIRECTION ( 'NONE',  ( -0.000000000000000000, 1.000000000000000000, -0.000000000000000000 ) ) ;
#190 = AXIS2_PLACEMENT_3D ( 'NONE', #114, #5729, #2620 ) ;
#191 = AXIS2_PLACEMENT_3D ( 'NONE', #451, #1420, #885 ) ;
#192 = CARTESIAN_POINT ( 'NONE',  ( -67.36737551610424646, 33.53751450516924137, 20.53955778290666956 ) ) ;
#193 = CARTESIAN_POINT ( 'NONE',  ( 8.232624483895724765, 34.70908738042304975, -70.17158537525382656 ) ) ;
#195 = EDGE_CURVE ( 'NONE', #2413, #408, #2637, .T. ) ;
#194 = ORIENTED_EDGE ( 'NONE', *, *, #1484, .F. ) ;
#196 = DIRECTION ( 'NONE',  ( 0.000000000000000000, 0.000000000000000000, -1.000000000000000000 ) ) ;
#197 = CARTESIAN_POINT ( 'NONE',  ( -94.57999013744984040, 22.53751450516924848, -71.00001250000001107 ) ) ;
#198 = ORIENTED_EDGE ( 'NONE', *, *, #5355, .F. ) ;
#199 = CARTESIAN_POINT ( 'NONE',  ( -57.76737551610425214, 35.53751450516924848, -69.00001250000001107 ) ) ;
#200 = EDGE_CURVE ( 'NONE', #4313, #3279, #4526, .T. ) ;
#201 = DIRECTION ( 'NONE',  ( -0.000000000000000000, -0.000000000000000000, -1.000000000000000000 ) ) ;
#202 = ADVANCED_FACE ( 'NONE', ( #1353 ), #4463, .T. ) ;
#203 = ORIENTED_EDGE ( 'NONE', *, *, #1383, .T. ) ;
#204 = CARTESIAN_POINT ( 'NONE',  ( 20.63262448389573223, 21.53751450516924848, 35.99998749999998182 ) ) ;
#205 = VERTEX_POINT ( 'NONE', #1892 ) ;
#206 = DIRECTION ( 'NONE',  ( 0.000000000000000000, 0.000000000000000000, -1.000000000000000000 ) ) ;
#207 = CARTESIAN_POINT ( 'NONE',  ( -28.57999013744984396, 26.53751450516924848, 69.99998750000000314 ) ) ;
#208 = DIRECTION ( 'NONE',  ( 0.000000000000000000, 0.000000000000000000, -1.000000000000000000 ) ) ;
#209 = DIRECTION ( 'NONE',  ( -0.000000000000000000, 1.000000000000000000, -0.000000000000000000 ) ) ;
#210 = ORIENTED_EDGE ( 'NONE', *, *, #6195, .F. ) ;
#211 = CARTESIAN_POINT ( 'NONE',  ( 30.42000986255016670, 21.53751450516924848, -84.75001250000001107 ) ) ;
#212 = ORIENTED_EDGE ( 'NONE', *, *, #3002, .F. ) ;
#213 = VERTEX_POINT ( 'NONE', #4928 ) ;
#214 = VERTEX_POINT ( 'NONE', #385 ) ;
#215 = LINE ( 'NONE', #1751, #4398 ) ;
#216 = EDGE_CURVE ( 'NONE', #635, #4557, #5923, .T. ) ;
#217 = CARTESIAN_POINT ( 'NONE',  ( 20.63262448389571801, 21.53751450516924848, -69.00001250000001107 ) ) ;
#218 = ORIENTED_EDGE ( 'NONE', *, *, #5524, .T. ) ;
#219 = CARTESIAN_POINT ( 'NONE',  ( -6.579990137449851062, 25.53751450516925203, 70.99998750000000314 ) ) ;
#220 = LINE ( 'NONE', #3231, #397 ) ;
#221 = CARTESIAN_POINT ( 'NONE',  ( 10.23262448389572477, 35.53751450516924848, -71.00001250000001107 ) ) ;
#222 = VERTEX_POINT ( 'NONE', #321 ) ;
#223 = CARTESIAN_POINT ( 'NONE',  ( -80.56737551610429193, 22.53751450516924848, -76.00001250000002528 ) ) ;
#224 = EDGE_CURVE ( 'NONE', #3693, #1269, #6507, .T. ) ;
#225 = LINE ( 'NONE', #1323, #6270 ) ;
#226 = ORIENTED_EDGE ( 'NONE', *, *, #1163, .T. ) ;
#227 = VECTOR ( 'NONE', #1804, 1000.000000000000000 ) ;
#228 = DIRECTION ( 'NONE',  ( 0.000000000000000000, 0.000000000000000000, 1.000000000000000000 ) ) ;
#229 = FACE_OUTER_BOUND ( 'NONE', #6494, .T. ) ;
#230 = ORIENTED_EDGE ( 'NONE', *, *, #6602, .T. ) ;
#231 = DIRECTION ( 'NONE',  ( -1.216803817915076692E-16, 0.8831515563230876165, -0.4690877621129207475 ) ) ;
#232 = EDGE_LOOP ( 'NONE', ( #3290, #4748, #6448, #2447, #6363, #1201, #879, #4842, #6415 ) ) ;
#233 = VECTOR ( 'NONE', #2195, 1000.000000000000000 ) ;
#234 = EDGE_CURVE ( 'NONE', #4260, #3979, #453, .T. ) ;
#235 = CARTESIAN_POINT ( 'NONE',  ( -72.57999013744984040, 25.53751450516925203, 70.99998750000000314 ) ) ;
#236 = CARTESIAN_POINT ( 'NONE',  ( 40.63262448389571801, 14.59933898094340243, 34.23368438735381147 ) ) ;
#237 = CARTESIAN_POINT ( 'NONE',  ( -74.57999013744984040, 23.53751450516924493, -82.50001250000001107 ) ) ;
#238 = CARTESIAN_POINT ( 'NONE',  ( 10.23262448389575319, 21.53751450516924848, 32.81307518293911585 ) ) ;
#239 = VERTEX_POINT ( 'NONE', #3929 ) ;
#240 = VECTOR ( 'NONE', #3286, 1000.000000000000000 ) ;
#241 = DIRECTION ( 'NONE',  ( -1.000000000000000000, 0.000000000000000000, -0.000000000000000000 ) ) ;
#242 = VERTEX_POINT ( 'NONE', #6072 ) ;
#243 = ORIENTED_EDGE ( 'NONE', *, *, #1591, .F. ) ;
#244 = EDGE_LOOP ( 'NONE', ( #5723, #3227, #868, #2708 ) ) ;
#245 = DIRECTION ( 'NONE',  ( 0.000000000000000000, -0.4690877621129215247, -0.8831515563230872834 ) ) ;
#246 = CARTESIAN_POINT ( 'NONE',  ( -44.56737551610429193, 27.53751450516924848, 34.99998749999998182 ) ) ;
#247 = DIRECTION ( 'NONE',  ( -0.000000000000000000, 1.000000000000000000, -0.000000000000000000 ) ) ;
#248 = EDGE_LOOP ( 'NONE', ( #1153, #5018, #1233, #4245 ) ) ;
#249 = FACE_BOUND ( 'NONE', #2942, .T. ) ;
#250 = DIRECTION ( 'NONE',  ( 0.000000000000000000, 0.000000000000000000, -1.000000000000000000 ) ) ;
#251 = DIRECTION ( 'NONE',  ( 1.000000000000000000, 0.000000000000000000, -1.224510688924804405E-15 ) ) ;
#252 = ORIENTED_EDGE ( 'NONE', *, *, #4868, .T. ) ;
#253 = EDGE_CURVE ( 'NONE', #5707, #4721, #2458, .T. ) ;
#254 = EDGE_CURVE ( 'NONE', #1007, #3145, #3964, .T. ) ;
#255 = DIRECTION ( 'NONE',  ( 0.000000000000000000, -0.000000000000000000, 1.000000000000000000 ) ) ;
#256 = CARTESIAN_POINT ( 'NONE',  ( -69.36737551610424646, 27.24714692436770136, 20.53955778290666956 ) ) ;
#257 = ORIENTED_EDGE ( 'NONE', *, *, #3483, .F. ) ;
#258 = DIRECTION ( 'NONE',  ( 0.000000000000000000, -1.000000000000000000, 0.000000000000000000 ) ) ;
#259 = CARTESIAN_POINT ( 'NONE',  ( -55.89973807905321479, 32.36351073365042907, 27.06282506210557770 ) ) ;
#260 = ORIENTED_EDGE ( 'NONE', *, *, #1107, .T. ) ;
#261 = EDGE_CURVE ( 'NONE', #131, #3240, #4237, .T. ) ;
#262 = CARTESIAN_POINT ( 'NONE',  ( -55.76737551610425214, 35.53751450516924848, -71.00001250000001107 ) ) ;
#263 = AXIS2_PLACEMENT_3D ( 'NONE', #1272, #3312, #5345 ) ;
#264 = ORIENTED_EDGE ( 'NONE', *, *, #889, .T. ) ;
#265 = CIRCLE ( 'NONE', #4318, 6.290367580801543568 ) ;
#266 = FACE_OUTER_BOUND ( 'NONE', #1382, .T. ) ;
#267 = DIRECTION ( 'NONE',  ( 0.000000000000000000, 0.000000000000000000, 1.000000000000000000 ) ) ;
#268 = PLANE ( 'NONE',  #4107 ) ;
#269 = DIRECTION ( 'NONE',  ( -0.000000000000000000, -0.000000000000000000, 1.000000000000000000 ) ) ;
#270 = ORIENTED_EDGE ( 'NONE', *, *, #6525, .T. ) ;
#271 = DIRECTION ( 'NONE',  ( 0.000000000000000000, 1.000000000000000000, 0.000000000000000000 ) ) ;
#272 = VECTOR ( 'NONE', #4813, 999.9999999999998863 ) ;
#273 = ORIENTED_EDGE ( 'NONE', *, *, #2765, .T. ) ;
#274 = EDGE_CURVE ( 'NONE', #1480, #1271, #5126, .T. ) ;
#275 = EDGE_CURVE ( 'NONE', #2907, #5772, #1358, .T. ) ;
#276 = VERTEX_POINT ( 'NONE', #46 ) ;
#277 = CARTESIAN_POINT ( 'NONE',  ( -45.36737551610425356, 21.53751450516924493, 30.54845821467287692 ) ) ;
#278 = VECTOR ( 'NONE', #5174, 1000.000000000000000 ) ;
#279 = CARTESIAN_POINT ( 'NONE',  ( 40.63262448389571801, 33.53751450516924137, 20.53955778290666956 ) ) ;
#280 = CARTESIAN_POINT ( 'NONE',  ( -57.76737551610425214, 21.53751450516924848, -69.00001250000001107 ) ) ;
#281 = PLANE ( 'NONE',  #5997 ) ;
#282 = EDGE_LOOP ( 'NONE', ( #4549, #2181, #4103, #2110 ) ) ;
#283 = VECTOR ( 'NONE', #2914, 1000.000000000000000 ) ;
#284 = CARTESIAN_POINT ( 'NONE',  ( -13.76737551610424148, 27.24714692436770136, 20.53955778290666956 ) ) ;
#285 = EDGE_CURVE ( 'NONE', #4781, #2900, #2592, .T. ) ;
#286 = VECTOR ( 'NONE', #4389, 1000.000000000000000 ) ;
#287 = CARTESIAN_POINT ( 'NONE',  ( -80.56737551610429193, 22.53751450516924848, -76.00001250000002528 ) ) ;
#288 = DIRECTION ( 'NONE',  ( -0.000000000000000000, 0.4690877621129207475, 0.8831515563230877275 ) ) ;
#289 = AXIS2_PLACEMENT_3D ( 'NONE', #3297, #5803, #5332 ) ;
#290 = ORIENTED_EDGE ( 'NONE', *, *, #5541, .F. ) ;
#291 = CARTESIAN_POINT ( 'NONE',  ( 29.43262448389566543, 21.53751450516924848, -76.00001250000002528 ) ) ;
#292 = VECTOR ( 'NONE', #6572, 1000.000000000000000 ) ;
#293 = VECTOR ( 'NONE', #4226, 1000.000000000000000 ) ;
#294 = DIRECTION ( 'NONE',  ( -0.000000000000000000, 1.000000000000000000, -0.000000000000000000 ) ) ;
#295 = ADVANCED_FACE ( 'NONE', ( #6103 ), #2090, .T. ) ;
#296 = VERTEX_POINT ( 'NONE', #545 ) ;
#297 = EDGE_CURVE ( 'NONE', #959, #276, #1256, .T. ) ;
#298 = DIRECTION ( 'NONE',  ( 0.000000000000000000, -1.000000000000000000, 0.000000000000000000 ) ) ;
#299 = CONICAL_SURFACE ( 'NONE', #2328, 1.899999999999999023, 1.029744258676653867 ) ;
#300 = DIRECTION ( 'NONE',  ( -0.000000000000000000, 0.000000000000000000, 1.000000000000000000 ) ) ;
#301 = ORIENTED_EDGE ( 'NONE', *, *, #4355, .F. ) ;
#302 = FACE_OUTER_BOUND ( 'NONE', #3818, .T. ) ;
#303 = VECTOR ( 'NONE', #3386, 1000.000000000000000 ) ;
#304 = CARTESIAN_POINT ( 'NONE',  ( 18.63262448389571446, 22.53751450516924848, -76.00001250000002528 ) ) ;
#305 = CARTESIAN_POINT ( 'NONE',  ( -74.57999013744984040, 23.53751450516924493, -84.75001250000001107 ) ) ;
#306 = DIRECTION ( 'NONE',  ( -0.000000000000000000, 1.000000000000000000, -0.000000000000000000 ) ) ;
#307 = CARTESIAN_POINT ( 'NONE',  ( 57.42010986255015581, 21.53751450516924848, 68.99998750000000314 ) ) ;
#308 = ORIENTED_EDGE ( 'NONE', *, *, #783, .T. ) ;
#309 = CARTESIAN_POINT ( 'NONE',  ( -4.579990137449835075, 23.53751450516924493, -82.50001250000001107 ) ) ;
#310 = EDGE_LOOP ( 'NONE', ( #3319, #4353, #5529, #5561, #4681, #1338 ) ) ;
#311 = ORIENTED_EDGE ( 'NONE', *, *, #5211, .F. ) ;
#312 = LINE ( 'NONE', #3920, #26 ) ;
#313 = EDGE_CURVE ( 'NONE', #6557, #5315, #1652, .T. ) ;
#314 = DIRECTION ( 'NONE',  ( -1.000000000000000000, -0.000000000000000000, -0.000000000000000000 ) ) ;
#315 = DIRECTION ( 'NONE',  ( -0.000000000000000000, -1.000000000000000000, -0.000000000000000000 ) ) ;
#316 = DIRECTION ( 'NONE',  ( -1.309225264888156377E-16, 0.000000000000000000, 1.000000000000000000 ) ) ;
#317 = ORIENTED_EDGE ( 'NONE', *, *, #4527, .F. ) ;
#318 = CARTESIAN_POINT ( 'NONE',  ( 57.42000986255003880, 22.53751450516924848, -76.00001250000002528 ) ) ;
#319 = ADVANCED_FACE ( 'NONE', ( #5155 ), #519, .T. ) ;
#320 = FACE_OUTER_BOUND ( 'NONE', #5662, .T. ) ;
#321 = CARTESIAN_POINT ( 'NONE',  ( -8.579990137449867049, 27.53751450516924848, 34.99998749999998182 ) ) ;
#322 = EDGE_LOOP ( 'NONE', ( #3380, #5680, #2494, #6174, #4205 ) ) ;
#323 = DIRECTION ( 'NONE',  ( -0.000000000000000000, 1.000000000000000000, -0.000000000000000000 ) ) ;
#324 = DIRECTION ( 'NONE',  ( -1.216803817915076692E-16, 0.8831515563230876165, -0.4690877621129207475 ) ) ;
#325 = ORIENTED_EDGE ( 'NONE', *, *, #4605, .T. ) ;
#326 = CYLINDRICAL_SURFACE ( 'NONE', #6429, 3.500000000000003109 ) ;
#327 = CARTESIAN_POINT ( 'NONE',  ( -56.41308611156294717, 32.30735151765449586, 26.97652389697437059 ) ) ;
#328 = ORIENTED_EDGE ( 'NONE', *, *, #6179, .T. ) ;
#329 = DIRECTION ( 'NONE',  ( -1.000000000000000000, -0.000000000000000000, 6.484947573745074586E-17 ) ) ;
#330 = DIRECTION ( 'NONE',  ( 0.000000000000000000, 0.000000000000000000, -1.000000000000000000 ) ) ;
#331 = AXIS2_PLACEMENT_3D ( 'NONE', #2638, #4674, #1635 ) ;
#332 = DIRECTION ( 'NONE',  ( 0.000000000000000000, 0.000000000000000000, -1.000000000000000000 ) ) ;
#333 = CARTESIAN_POINT ( 'NONE',  ( 57.42000986255003880, 21.53751450516924848, -88.00001250000001107 ) ) ;
#334 = ORIENTED_EDGE ( 'NONE', *, *, #1094, .T. ) ;
#335 = DIRECTION ( 'NONE',  ( 0.000000000000000000, 0.000000000000000000, 1.000000000000000000 ) ) ;
#336 = VERTEX_POINT ( 'NONE', #6607 ) ;
#337 = AXIS2_PLACEMENT_3D ( 'NONE', #2886, #345, #2386 ) ;
#338 = ADVANCED_FACE ( 'NONE', ( #2028 ), #578, .F. ) ;
#339 = VERTEX_POINT ( 'NONE', #4593 ) ;
#340 = CARTESIAN_POINT ( 'NONE',  ( -93.57999013744984040, 22.53751450516924848, -77.00001250000002528 ) ) ;
#341 = AXIS2_PLACEMENT_3D ( 'NONE', #1435, #6089, #1510 ) ;
#342 = CARTESIAN_POINT ( 'NONE',  ( -74.57999013744984040, 23.53751450516924493, -82.50001250000001107 ) ) ;
#343 = CARTESIAN_POINT ( 'NONE',  ( 20.63262448389573223, 31.25785105076080228, 25.38548150415243754 ) ) ;
#344 = VECTOR ( 'NONE', #3350, 1000.000000000000000 ) ;
#345 = DIRECTION ( 'NONE',  ( 1.000000000000000000, -0.000000000000000000, -1.296989514749014917E-16 ) ) ;
#346 = VERTEX_POINT ( 'NONE', #16 ) ;
#347 = FACE_OUTER_BOUND ( 'NONE', #3007, .T. ) ;
#348 = ADVANCED_FACE ( 'NONE', ( #4153 ), #4656, .T. ) ;
#349 = ORIENTED_EDGE ( 'NONE', *, *, #1538, .T. ) ;
#350 = CIRCLE ( 'NONE', #28, 0.5685764141195870369 ) ;
#351 = CARTESIAN_POINT ( 'NONE',  ( -45.36737551610425356, 21.53751450516924848, -69.00001250000001107 ) ) ;
#352 = CARTESIAN_POINT ( 'NONE',  ( -69.36737551610424646, 22.53751450516924848, -76.00001250000002528 ) ) ;
#353 = VERTEX_POINT ( 'NONE', #3593 ) ;
#354 = LINE ( 'NONE', #5001, #5303 ) ;
#355 = ADVANCED_FACE ( 'NONE', ( #6135 ), #1558, .F. ) ;
#356 = EDGE_CURVE ( 'NONE', #3240, #3096, #3655, .T. ) ;
#357 = APPROVAL_PERSON_ORGANIZATION ( #5612, #933, #2038 ) ;
#358 = DIRECTION ( 'NONE',  ( -0.000000000000000000, -0.000000000000000000, 1.000000000000000000 ) ) ;
#359 = ORIENTED_EDGE ( 'NONE', *, *, #3898, .F. ) ;
#360 = CARTESIAN_POINT ( 'NONE',  ( 18.63262448389571446, 35.53751450516924848, -71.00001250000001107 ) ) ;
#361 = LINE ( 'NONE', #4806, #4082 ) ;
#362 = EDGE_LOOP ( 'NONE', ( #5444, #3637, #5515, #1803 ) ) ;
#363 = CARTESIAN_POINT ( 'NONE',  ( -69.36737551610424646, 22.53751450516924848, -76.00001250000002528 ) ) ;
#364 = CARTESIAN_POINT ( 'NONE',  ( -94.57999013744984040, 27.53751450516924848, -71.00001250000001107 ) ) ;
#365 = PLANE ( 'NONE',  #6252 ) ;
#366 = ORIENTED_EDGE ( 'NONE', *, *, #2120, .T. ) ;
#367 = AXIS2_PLACEMENT_3D ( 'NONE', #4408, #1774, #2307 ) ;
#368 = CARTESIAN_POINT ( 'NONE',  ( -94.57999013744984040, 27.53751450516924848, 34.99998749999998182 ) ) ;
#369 = VERTEX_POINT ( 'NONE', #5189 ) ;
#370 = VECTOR ( 'NONE', #2772, 1000.000000000000000 ) ;
#371 = ORIENTED_EDGE ( 'NONE', *, *, #3034, .T. ) ;
#372 = EDGE_LOOP ( 'NONE', ( #4061, #6613, #1425, #4011 ) ) ;
#373 = DIRECTION ( 'NONE',  ( -0.000000000000000000, -0.000000000000000000, 1.000000000000000000 ) ) ;
#374 = EDGE_CURVE ( 'NONE', #3306, #2508, #615, .T. ) ;
#375 = VECTOR ( 'NONE', #6259, 1000.000000000000000 ) ;
#376 = CARTESIAN_POINT ( 'NONE',  ( 57.42010986255015581, 21.53751450516924848, 68.99998750000000314 ) ) ;
#377 = CARTESIAN_POINT ( 'NONE',  ( -69.36737551610424646, 35.53751450516924848, 20.53955778290666956 ) ) ;
#378 = EDGE_CURVE ( 'NONE', #222, #1509, #3259, .T. ) ;
#379 = DIRECTION ( 'NONE',  ( -0.000000000000000000, 1.000000000000000000, -0.000000000000000000 ) ) ;
#380 = ORIENTED_EDGE ( 'NONE', *, *, #1946, .F. ) ;
#381 = DIRECTION ( 'NONE',  ( 0.000000000000000000, 0.000000000000000000, -1.000000000000000000 ) ) ;
#382 = ORIENTED_EDGE ( 'NONE', *, *, #6197, .F. ) ;
#383 = AXIS2_PLACEMENT_3D ( 'NONE', #5579, #3603, #4471 ) ;
#384 = DIRECTION ( 'NONE',  ( 0.000000000000000000, 0.000000000000000000, 1.000000000000000000 ) ) ;
#385 = CARTESIAN_POINT ( 'NONE',  ( -4.579990137449835075, 23.53751450516924493, -79.00001250000001107 ) ) ;
#386 = EDGE_CURVE ( 'NONE', #4024, #959, #5294, .T. ) ;
#387 = VECTOR ( 'NONE', #3212, 1000.000000000000000 ) ;
#388 = VECTOR ( 'NONE', #2198, 1000.000000000000000 ) ;
#389 = ORIENTED_EDGE ( 'NONE', *, *, #1034, .T. ) ;
#390 = LINE ( 'NONE', #4466, #6265 ) ;
#391 = VECTOR ( 'NONE', #2092, 1000.000000000000000 ) ;
#392 = CARTESIAN_POINT ( 'NONE',  ( -94.57999013744984040, 27.53751450516924848, 68.99998750000000314 ) ) ;
#393 = VERTEX_POINT ( 'NONE', #2287 ) ;
#394 = DIRECTION ( 'NONE',  ( -1.000000000000000000, 0.000000000000000000, -0.000000000000000000 ) ) ;
#395 = PERSON_AND_ORGANIZATION_ROLE ( 'creator' ) ;
#396 = ORIENTED_EDGE ( 'NONE', *, *, #6311, .F. ) ;
#397 = VECTOR ( 'NONE', #3195, 1000.000000000000000 ) ;
#398 = FACE_OUTER_BOUND ( 'NONE', #3749, .T. ) ;
#399 = DIRECTION ( 'NONE',  ( 0.000000000000000000, -0.000000000000000000, 1.000000000000000000 ) ) ;
#400 = CARTESIAN_POINT ( 'NONE',  ( -94.57999013744984040, 27.53751450516924848, 68.99998750000000314 ) ) ;
#401 = VECTOR ( 'NONE', #6606, 1000.000000000000000 ) ;
#402 = ADVANCED_FACE ( 'NONE', ( #2691 ), #1218, .F. ) ;
#403 = EDGE_CURVE ( 'NONE', #1271, #393, #2546, .T. ) ;
#404 = DIRECTION ( 'NONE',  ( 0.000000000000000000, 0.000000000000000000, 1.000000000000000000 ) ) ;
#405 = VERTEX_POINT ( 'NONE', #2792 ) ;
#406 = LINE ( 'NONE', #3512, #2376 ) ;
#407 = VERTEX_POINT ( 'NONE', #6337 ) ;
#408 = VERTEX_POINT ( 'NONE', #5328 ) ;
#409 = ORIENTED_EDGE ( 'NONE', *, *, #1592, .T. ) ;
#410 = CARTESIAN_POINT ( 'NONE',  ( -69.36737551610424646, 32.36351073365042907, 27.06282506210557770 ) ) ;
#411 = VECTOR ( 'NONE', #1486, 1000.000000000000000 ) ;
#412 = CARTESIAN_POINT ( 'NONE',  ( -44.56737551610429193, 22.53751450516924848, -76.00001250000002528 ) ) ;
#413 = DIRECTION ( 'NONE',  ( 0.000000000000000000, -0.000000000000000000, 1.000000000000000000 ) ) ;
#414 = CARTESIAN_POINT ( 'NONE',  ( 56.23262448389579049, 32.36351073365042907, 27.06282506210558481 ) ) ;
#415 = VERTEX_POINT ( 'NONE', #280 ) ;
#416 = CARTESIAN_POINT ( 'NONE',  ( -14.56737551610430614, 27.53751450516924848, 68.99998750000000314 ) ) ;
#417 = ORIENTED_EDGE ( 'NONE', *, *, #2401, .T. ) ;
#418 = EDGE_CURVE ( 'NONE', #3822, #3917, #1753, .T. ) ;
#419 = DIRECTION ( 'NONE',  ( 0.000000000000000000, -0.000000000000000000, 1.000000000000000000 ) ) ;
#420 = CARTESIAN_POINT ( 'NONE',  ( -94.57999013744984040, 27.53751450516924493, -77.00001250000002528 ) ) ;
#421 = FACE_OUTER_BOUND ( 'NONE', #4156, .T. ) ;
#422 = VERTEX_POINT ( 'NONE', #4793 ) ;
#423 = DIRECTION ( 'NONE',  ( -0.000000000000000000, -0.000000000000000000, 1.000000000000000000 ) ) ;
#424 = EDGE_CURVE ( 'NONE', #916, #1103, #148, .T. ) ;
#425 = LINE ( 'NONE', #4401, #1791 ) ;
#426 = ORIENTED_EDGE ( 'NONE', *, *, #2796, .F. ) ;
#427 = DIRECTION ( 'NONE',  ( 0.000000000000000000, -0.000000000000000000, 1.000000000000000000 ) ) ;
#428 = PERSON_AND_ORGANIZATION_ROLE ( 'creator' ) ;
#429 = ORIENTED_EDGE ( 'NONE', *, *, #3991, .F. ) ;
#430 = DIRECTION ( 'NONE',  ( 0.000000000000000000, 1.000000000000000000, -0.000000000000000000 ) ) ;
#431 = CARTESIAN_POINT ( 'NONE',  ( -45.36737551610425356, 33.53751450516924137, 35.99998749999998182 ) ) ;
#432 = DIRECTION ( 'NONE',  ( 0.000000000000000000, 0.000000000000000000, 1.000000000000000000 ) ) ;
#433 = DIRECTION ( 'NONE',  ( -1.000000000000000000, -0.000000000000000000, 8.163404592832028049E-16 ) ) ;
#434 = VERTEX_POINT ( 'NONE', #217 ) ;
#435 = CARTESIAN_POINT ( 'NONE',  ( -79.36708209551143511, 31.93975109016796665, 26.41421418141600697 ) ) ;
#436 = ORIENTED_EDGE ( 'NONE', *, *, #5250, .T. ) ;
#437 = EDGE_CURVE ( 'NONE', #629, #916, #1572, .T. ) ;
#438 = VERTEX_POINT ( 'NONE', #2254 ) ;
#439 = ORIENTED_EDGE ( 'NONE', *, *, #2234, .F. ) ;
#440 = EDGE_CURVE ( 'NONE', #163, #5959, #2290, .T. ) ;
#441 = DIRECTION ( 'NONE',  ( 0.000000000000000000, 0.000000000000000000, -1.000000000000000000 ) ) ;
#442 = CARTESIAN_POINT ( 'NONE',  ( 10.23262448389572477, 35.53751450516924848, -69.00001250000001107 ) ) ;
#443 = DIRECTION ( 'NONE',  ( -0.000000000000000000, 0.4690877621129207475, 0.8831515563230877275 ) ) ;
#444 = VECTOR ( 'NONE', #930, 1000.000000000000000 ) ;
#445 = DIRECTION ( 'NONE',  ( -0.000000000000000000, -0.000000000000000000, -1.000000000000000000 ) ) ;
#446 = ORIENTED_EDGE ( 'NONE', *, *, #2272, .F. ) ;
#447 = CARTESIAN_POINT ( 'NONE',  ( 8.232624483895722989, 35.53751450516924848, -71.00001250000001107 ) ) ;
#448 = ORIENTED_EDGE ( 'NONE', *, *, #6188, .T. ) ;
#449 = VECTOR ( 'NONE', #3601, 1000.000000000000000 ) ;
#450 = FACE_OUTER_BOUND ( 'NONE', #3527, .T. ) ;
#451 = CARTESIAN_POINT ( 'NONE',  ( -94.57999013744984040, 27.53751450516924848, -71.00001250000001107 ) ) ;
#452 = AXIS2_PLACEMENT_3D ( 'NONE', #4088, #517, #2590 ) ;
#453 = LINE ( 'NONE', #3959, #4343 ) ;
#454 = ORIENTED_EDGE ( 'NONE', *, *, #4033, .T. ) ;
#455 = AXIS2_PLACEMENT_3D ( 'NONE', #6191, #5321, #1747 ) ;
#456 = DIRECTION ( 'NONE',  ( 1.000000000000000000, 0.000000000000000000, -0.000000000000000000 ) ) ;
#457 = FACE_OUTER_BOUND ( 'NONE', #2574, .T. ) ;
#458 = EDGE_LOOP ( 'NONE', ( #3643, #1878, #3721, #6541, #3543 ) ) ;
#459 = CYLINDRICAL_SURFACE ( 'NONE', #5409, 2.250000000000001776 ) ;
#460 = EDGE_CURVE ( 'NONE', #810, #5919, #2322, .T. ) ;
#461 = DIRECTION ( 'NONE',  ( -0.000000000000000000, -1.000000000000000000, -0.000000000000000000 ) ) ;
#462 =( NAMED_UNIT ( * ) PLANE_ANGLE_UNIT ( ) SI_UNIT ( $, .RADIAN. ) );
#463 = CARTESIAN_POINT ( 'NONE',  ( -28.57999013744986883, 27.53751450516924848, -71.00001250000001107 ) ) ;
#464 = LOCAL_TIME ( 19, 18, 41.00000000000000000, #4603 ) ;
#465 = CARTESIAN_POINT ( 'NONE',  ( 37.42000986255013117, 26.53751450516924848, 69.99998750000000314 ) ) ;
#466 = CARTESIAN_POINT ( 'NONE',  ( -1.367375516104260669, 21.53751450516924848, 35.99998749999998182 ) ) ;
#467 = CARTESIAN_POINT ( 'NONE',  ( 57.42000986255003880, 22.53751450516924848, -71.00001250000001107 ) ) ;
#468 = ADVANCED_FACE ( 'NONE', ( #6303 ), #1251, .T. ) ;
#469 = ORIENTED_EDGE ( 'NONE', *, *, #1544, .T. ) ;
#470 = CARTESIAN_POINT ( 'NONE',  ( -30.57999013744984396, 27.53751450516924848, 70.99998750000000314 ) ) ;
#471 = EDGE_LOOP ( 'NONE', ( #1685, #1817, #794, #3545 ) ) ;
#472 = ORIENTED_EDGE ( 'NONE', *, *, #4437, .T. ) ;
#473 = ORIENTED_EDGE ( 'NONE', *, *, #4333, .F. ) ;
#474 = CARTESIAN_POINT ( 'NONE',  ( 57.42010986255015581, 21.53751450516924848, 68.99998750000000314 ) ) ;
#475 = DIRECTION ( 'NONE',  ( 1.000000000000000000, -0.000000000000000000, 1.309225264888156377E-16 ) ) ;
#476 = DIRECTION ( 'NONE',  ( 1.296989514749014917E-16, 0.000000000000000000, 1.000000000000000000 ) ) ;
#477 = EDGE_CURVE ( 'NONE', #944, #493, #6371, .T. ) ;
#478 = CARTESIAN_POINT ( 'NONE',  ( -1.367375516104255340, 31.40297912031132910, 25.60237436091055940 ) ) ;
#479 = VERTEX_POINT ( 'NONE', #5867 ) ;
#480 = DIRECTION ( 'NONE',  ( 0.000000000000000000, 0.000000000000000000, 1.000000000000000000 ) ) ;
#481 = VERTEX_POINT ( 'NONE', #1283 ) ;
#482 = CARTESIAN_POINT ( 'NONE',  ( -94.57999013744984040, 27.53751450516924848, 34.99998749999998182 ) ) ;
#483 = VECTOR ( 'NONE', #4890, 1000.000000000000000 ) ;
#484 = DIRECTION ( 'NONE',  ( 0.000000000000000000, 1.000000000000000000, 0.000000000000000000 ) ) ;
#485 = CARTESIAN_POINT ( 'NONE',  ( -47.10487636959869207, 32.35639025246002376, 27.05187548765925243 ) ) ;
#486 = EDGE_CURVE ( 'NONE', #5351, #6321, #3323, .T. ) ;
#487 = ORIENTED_EDGE ( 'NONE', *, *, #3239, .T. ) ;
#488 = CARTESIAN_POINT ( 'NONE',  ( -94.57999013744984040, 27.53751450516924848, -71.00001250000001107 ) ) ;
#489 = VECTOR ( 'NONE', #107, 1000.000000000000000 ) ;
#490 = AXIS2_PLACEMENT_3D ( 'NONE', #2581, #3644, #4175 ) ;
#491 = DIRECTION ( 'NONE',  ( 1.000000000000000000, 0.000000000000000000, -6.484947573745074586E-17 ) ) ;
#492 = CIRCLE ( 'NONE', #2524, 1.000000000000000888 ) ;
#493 = VERTEX_POINT ( 'NONE', #3446 ) ;
#494 = CARTESIAN_POINT ( 'NONE',  ( -13.76737551610426458, 34.70908738042304975, -70.17158537525382656 ) ) ;
#495 = CARTESIAN_POINT ( 'NONE',  ( -93.57999013744984040, 26.53751450516924493, -77.00001250000002528 ) ) ;
#496 = COORDINATED_UNIVERSAL_TIME_OFFSET ( 8, 0, .AHEAD. ) ;
#497 = DIRECTION ( 'NONE',  ( -1.000000000000000000, 0.000000000000000000, -0.000000000000000000 ) ) ;
#498 = VECTOR ( 'NONE', #1540, 1000.000000000000000 ) ;
#499 = EDGE_CURVE ( 'NONE', #2148, #5351, #5485, .T. ) ;
#500 = ADVANCED_FACE ( 'NONE', ( #5387 ), #6466, .T. ) ;
#501 = DIRECTION ( 'NONE',  ( -0.000000000000000000, 1.000000000000000000, -0.000000000000000000 ) ) ;
#502 = LINE ( 'NONE', #2938, #5201 ) ;
#503 = DIRECTION ( 'NONE',  ( 0.000000000000000000, 0.000000000000000000, 1.000000000000000000 ) ) ;
#504 = VECTOR ( 'NONE', #5158, 1000.000000000000000 ) ;
#505 = CARTESIAN_POINT ( 'NONE',  ( -79.76737551610423793, 31.25785105076080939, 25.38548150415243043 ) ) ;
#506 = ORIENTED_EDGE ( 'NONE', *, *, #1263, .F. ) ;
#507 = ORIENTED_EDGE ( 'NONE', *, *, #4772, .F. ) ;
#508 = VECTOR ( 'NONE', #4059, 1000.000000000000000 ) ;
#509 = ORIENTED_EDGE ( 'NONE', *, *, #6344, .F. ) ;
#510 = AXIS2_PLACEMENT_3D ( 'NONE', #4428, #5902, #2425 ) ;
#511 = FACE_OUTER_BOUND ( 'NONE', #5030, .T. ) ;
#512 = DIRECTION ( 'NONE',  ( 0.000000000000000000, 0.000000000000000000, 1.000000000000000000 ) ) ;
#513 = LINE ( 'NONE', #2553, #833 ) ;
#514 = CARTESIAN_POINT ( 'NONE',  ( -30.57999013744984396, 25.53751450516925203, 70.99998750000000314 ) ) ;
#515 = ORIENTED_EDGE ( 'NONE', *, *, #4346, .F. ) ;
#516 = ORIENTED_EDGE ( 'NONE', *, *, #633, .T. ) ;
#517 = DIRECTION ( 'NONE',  ( 1.000000000000000000, 0.000000000000000000, -2.593979029498029835E-16 ) ) ;
#518 = LINE ( 'NONE', #3247, #2112 ) ;
#519 = PLANE ( 'NONE',  #1686 ) ;
#520 = VERTEX_POINT ( 'NONE', #949 ) ;
#521 = DIRECTION ( 'NONE',  ( -1.000000000000000000, 0.000000000000000000, 1.296989514749014917E-16 ) ) ;
#522 = EDGE_CURVE ( 'NONE', #4582, #3789, #3414, .T. ) ;
#523 = DIRECTION ( 'NONE',  ( -0.000000000000000000, 1.000000000000000000, -0.000000000000000000 ) ) ;
#524 = ORIENTED_EDGE ( 'NONE', *, *, #4120, .T. ) ;
#525 = PLANE ( 'NONE',  #1465 ) ;
#526 = CARTESIAN_POINT ( 'NONE',  ( 7.432624483895685863, 22.53751450516924848, -76.00001250000002528 ) ) ;
#527 = APPLICATION_PROTOCOL_DEFINITION ( 'international standard', 'config_control_design', 1994, #574 ) ;
#528 = LINE ( 'NONE', #2470, #6369 ) ;
#529 = CARTESIAN_POINT ( 'NONE',  ( -94.16577657507674814, 21.95172806754234429, -88.00001250000001107 ) ) ;
#530 = ORIENTED_EDGE ( 'NONE', *, *, #4605, .F. ) ;
#531 = CARTESIAN_POINT ( 'NONE',  ( 57.42000986255003880, 21.53751450516924848, -76.00001250000002528 ) ) ;
#532 = DIRECTION ( 'NONE',  ( 0.000000000000000000, -1.103098318941648654E-15, 1.000000000000000000 ) ) ;
#533 = VERTEX_POINT ( 'NONE', #876 ) ;
#534 = ORIENTED_EDGE ( 'NONE', *, *, #522, .T. ) ;
#535 = ORIENTED_EDGE ( 'NONE', *, *, #4373, .F. ) ;
#536 = CARTESIAN_POINT ( 'NONE',  ( 15.42000986255014006, 25.53751450516925203, 70.99998750000000314 ) ) ;
#537 = DIRECTION ( 'NONE',  ( 1.000000000000000000, 0.000000000000000000, 0.000000000000000000 ) ) ;
#538 = LINE ( 'NONE', #3646, #1588 ) ;
#539 = FACE_OUTER_BOUND ( 'NONE', #1867, .T. ) ;
#540 = EDGE_CURVE ( 'NONE', #1103, #2961, #772, .T. ) ;
#541 = ORIENTED_EDGE ( 'NONE', *, *, #663, .F. ) ;
#542 = VERTEX_POINT ( 'NONE', #814 ) ;
#543 = CARTESIAN_POINT ( 'NONE',  ( -94.57999013744984040, 27.53751450516924848, 34.99998749999998182 ) ) ;
#544 = AXIS2_PLACEMENT_3D ( 'NONE', #3540, #1476, #404 ) ;
#545 = CARTESIAN_POINT ( 'NONE',  ( -47.36737551610425356, 22.53751450516924848, -71.00001250000001107 ) ) ;
#547 = EDGE_CURVE ( 'NONE', #3838, #158, #5962, .T. ) ;
#546 = EDGE_LOOP ( 'NONE', ( #5117, #5873, #3410, #4078 ) ) ;
#548 = DIRECTION ( 'NONE',  ( 1.000000000000000000, 0.000000000000000000, -6.546126324440781884E-17 ) ) ;
#549 = VECTOR ( 'NONE', #624, 1000.000000000000000 ) ;
#550 = LINE ( 'NONE', #1531, #5306 ) ;
#551 = VERTEX_POINT ( 'NONE', #377 ) ;
#552 = CIRCLE ( 'NONE', #6110, 2.000000000000001776 ) ;
#553 = CARTESIAN_POINT ( 'NONE',  ( 37.42000986255013117, 25.53751450516925203, 69.99998750000000314 ) ) ;
#554 = DIRECTION ( 'NONE',  ( 0.000000000000000000, -0.000000000000000000, 1.000000000000000000 ) ) ;
#555 = EDGE_CURVE ( 'NONE', #2282, #2907, #4385, .T. ) ;
#556 = EDGE_CURVE ( 'NONE', #438, #4481, #6501, .T. ) ;
#557 = CARTESIAN_POINT ( 'NONE',  ( 37.42000986255010275, 21.53751450516924848, 34.99998749999998182 ) ) ;
#558 = DIRECTION ( 'NONE',  ( -1.000000000000000000, 0.000000000000000000, 0.000000000000000000 ) ) ;
#559 = ORIENTED_EDGE ( 'NONE', *, *, #2935, .T. ) ;
#560 = DIRECTION ( 'NONE',  ( -0.000000000000000000, -0.000000000000000000, 1.000000000000000000 ) ) ;
#561 = DIRECTION ( 'NONE',  ( -1.309225264888156377E-16, 0.000000000000000000, 1.000000000000000000 ) ) ;
#562 = ADVANCED_FACE ( 'NONE', ( #1945 ), #5422, .F. ) ;
#563 = ORIENTED_EDGE ( 'NONE', *, *, #5821, .F. ) ;
#564 = ORIENTED_EDGE ( 'NONE', *, *, #3358, .T. ) ;
#565 = ORIENTED_EDGE ( 'NONE', *, *, #5280, .F. ) ;
#566 = DIRECTION ( 'NONE',  ( 1.000000000000000000, -0.000000000000000000, -1.296989514749014917E-16 ) ) ;
#567 =( GEOMETRIC_REPRESENTATION_CONTEXT ( 3 ) GLOBAL_UNCERTAINTY_ASSIGNED_CONTEXT ( ( #865 ) ) GLOBAL_UNIT_ASSIGNED_CONTEXT ( ( #3069, #462, #5544 ) ) REPRESENTATION_CONTEXT ( 'NONE', 'WORKASPACE' ) );
#568 = DIRECTION ( 'NONE',  ( 0.000000000000000000, -1.000000000000000000, 0.000000000000000000 ) ) ;
#569 = FACE_OUTER_BOUND ( 'NONE', #1555, .T. ) ;
#570 = ADVANCED_FACE ( 'NONE', ( #2353 ), #4518, .F. ) ;
#571 = CARTESIAN_POINT ( 'NONE',  ( -74.57999013744984040, 23.53751450516924493, -86.00001250000001107 ) ) ;
#572 = ORIENTED_EDGE ( 'NONE', *, *, #4076, .F. ) ;
#573 = VERTEX_POINT ( 'NONE', #1849 ) ;
#574 = APPLICATION_CONTEXT ( 'configuration controlled 3d designs of mechanical parts and assemblies' ) ;
#575 = DIRECTION ( 'NONE',  ( 8.163404592832029035E-16, 0.000000000000000000, 1.000000000000000000 ) ) ;
#576 = ADVANCED_FACE ( 'NONE', ( #3886 ), #5928, .T. ) ;
#577 = EDGE_CURVE ( 'NONE', #3138, #408, #2385, .T. ) ;
#578 = CYLINDRICAL_SURFACE ( 'NONE', #190, 2.250000000000001776 ) ;
#579 = ORIENTED_EDGE ( 'NONE', *, *, #5077, .T. ) ;
#580 = VECTOR ( 'NONE', #5010, 1000.000000000000000 ) ;
#581 = DIRECTION ( 'NONE',  ( -1.296989514749014917E-16, 0.000000000000000000, -1.000000000000000000 ) ) ;
#582 = ADVANCED_FACE ( 'NONE', ( #6025 ), #3984, .T. ) ;
#583 = VECTOR ( 'NONE', #1571, 1000.000000000000000 ) ;
#584 = CARTESIAN_POINT ( 'NONE',  ( 29.43262448389566543, 22.53751450516924848, -71.00001250000001107 ) ) ;
#585 = ORIENTED_EDGE ( 'NONE', *, *, #6306, .F. ) ;
#586 = FACE_OUTER_BOUND ( 'NONE', #5833, .T. ) ;
#587 = VECTOR ( 'NONE', #1274, 1000.000000000000000 ) ;
#588 = DIRECTION ( 'NONE',  ( -1.000000000000000000, -0.000000000000000000, -0.000000000000000000 ) ) ;
#589 = ORIENTED_EDGE ( 'NONE', *, *, #2771, .F. ) ;
#590 = DIRECTION ( 'NONE',  ( 0.000000000000000000, 0.000000000000000000, 1.000000000000000000 ) ) ;
#591 = CIRCLE ( 'NONE', #2201, 1.899999999999999023 ) ;
#592 = DIRECTION ( 'NONE',  ( 0.000000000000000000, 0.000000000000000000, 1.000000000000000000 ) ) ;
#593 = ORIENTED_EDGE ( 'NONE', *, *, #5032, .F. ) ;
#594 = DIRECTION ( 'NONE',  ( 0.000000000000000000, -1.000000000000000000, -0.000000000000000000 ) ) ;
#595 = VECTOR ( 'NONE', #4917, 1000.000000000000000 ) ;
#596 = DIRECTION ( 'NONE',  ( 0.000000000000000000, 0.000000000000000000, 1.000000000000000000 ) ) ;
#597 = VERTEX_POINT ( 'NONE', #2084 ) ;
#598 = VECTOR ( 'NONE', #4857, 1000.000000000000000 ) ;
#599 = DIRECTION ( 'NONE',  ( 1.000000000000000000, 0.000000000000000000, 0.000000000000000000 ) ) ;
#600 = ORIENTED_EDGE ( 'NONE', *, *, #4739, .T. ) ;
#601 = ORIENTED_EDGE ( 'NONE', *, *, #100, .T. ) ;
#602 = EDGE_CURVE ( 'NONE', #4614, #3275, #4053, .T. ) ;
#603 = DIRECTION ( 'NONE',  ( 0.000000000000000000, 1.000000000000000000, 0.000000000000000000 ) ) ;
#604 = AXIS2_PLACEMENT_3D ( 'NONE', #2158, #491, #5606 ) ;
#605 = CYLINDRICAL_SURFACE ( 'NONE', #5610, 2.000000000000001776 ) ;
#606 = LINE ( 'NONE', #2651, #2767 ) ;
#607 = LINE ( 'NONE', #4686, #5143 ) ;
#608 = VECTOR ( 'NONE', #3161, 1000.000000000000000 ) ;
#609 = ORIENTED_EDGE ( 'NONE', *, *, #275, .T. ) ;
#610 = VECTOR ( 'NONE', #2769, 1000.000000000000000 ) ;
#611 = AXIS2_PLACEMENT_3D ( 'NONE', #6386, #4835, #1829 ) ;
#612 = ORIENTED_EDGE ( 'NONE', *, *, #3423, .T. ) ;
#613 = DIRECTION ( 'NONE',  ( 0.000000000000000000, -0.4690877621129208586, -0.8831515563230876165 ) ) ;
#614 = DIRECTION ( 'NONE',  ( -0.000000000000000000, 1.000000000000000000, -0.000000000000000000 ) ) ;
#615 = LINE ( 'NONE', #2659, #4571 ) ;
#616 = AXIS2_PLACEMENT_3D ( 'NONE', #3281, #332, #4308 ) ;
#617 = ORIENTED_EDGE ( 'NONE', *, *, #5895, .F. ) ;
#618 = FACE_OUTER_BOUND ( 'NONE', #2636, .T. ) ;
#619 = ADVANCED_FACE ( 'NONE', ( #569 ), #2144, .F. ) ;
#620 = CARTESIAN_POINT ( 'NONE',  ( 35.42000986255013117, 26.53751450516924848, 70.99998750000000314 ) ) ;
#621 = AXIS2_PLACEMENT_3D ( 'NONE', #6434, #4989, #413 ) ;
#622 = VERTEX_POINT ( 'NONE', #1517 ) ;
#623 = DIRECTION ( 'NONE',  ( 0.000000000000000000, 0.000000000000000000, -1.000000000000000000 ) ) ;
#624 = DIRECTION ( 'NONE',  ( -1.000000000000000000, 0.000000000000000000, -0.000000000000000000 ) ) ;
#625 = VERTEX_POINT ( 'NONE', #3584 ) ;
#626 = EDGE_CURVE ( 'NONE', #5245, #2288, #5148, .T. ) ;
#627 = CARTESIAN_POINT ( 'NONE',  ( -0.5673755161043070316, 21.53751450516924848, 34.99998749999998182 ) ) ;
#628 = DIRECTION ( 'NONE',  ( -1.296989514749014917E-16, 0.000000000000000000, -1.000000000000000000 ) ) ;
#629 = VERTEX_POINT ( 'NONE', #5559 ) ;
#630 = CARTESIAN_POINT ( 'NONE',  ( -44.56737551610429193, 22.53751450516924848, -76.00001250000002528 ) ) ;
#631 = CARTESIAN_POINT ( 'NONE',  ( 47.42000986255016670, 22.33751450516924564, -80.60001250000000539 ) ) ;
#632 = ORIENTED_EDGE ( 'NONE', *, *, #4155, .T. ) ;
#633 = EDGE_CURVE ( 'NONE', #339, #68, #3085, .T. ) ;
#634 = CARTESIAN_POINT ( 'NONE',  ( 13.42000986255015249, 26.53751450516924848, 70.99998750000000314 ) ) ;
#635 = VERTEX_POINT ( 'NONE', #1047 ) ;
#636 = EDGE_LOOP ( 'NONE', ( #2179, #3116, #4779, #841 ) ) ;
#637 = LINE ( 'NONE', #6255, #6152 ) ;
#638 = CARTESIAN_POINT ( 'NONE',  ( -93.57999013744984040, 0.000000000000000000, -88.00001250000001107 ) ) ;
#639 = CARTESIAN_POINT ( 'NONE',  ( -13.76737551610426813, 33.53751450516924137, -69.00001250000001107 ) ) ;
#640 = CARTESIAN_POINT ( 'NONE',  ( -28.57999013744984396, 26.53751450516924848, 69.99998750000000314 ) ) ;
#641 = VERTEX_POINT ( 'NONE', #5687 ) ;
#642 = DIRECTION ( 'NONE',  ( -0.000000000000000000, 1.000000000000000000, -0.000000000000000000 ) ) ;
#643 = VERTEX_POINT ( 'NONE', #2051 ) ;
#644 = EDGE_CURVE ( 'NONE', #4216, #336, #1106, .T. ) ;
#645 =( BOUNDED_CURVE ( )  B_SPLINE_CURVE ( 3, ( #3408, #5921, #6364, #1339 ),
 .UNSPECIFIED., .F., .F. ) 
 B_SPLINE_CURVE_WITH_KNOTS ( ( 4, 4 ),
 ( 1.570796326794896558, 3.141592653589793116 ),
 .UNSPECIFIED. ) 
 CURVE ( )  GEOMETRIC_REPRESENTATION_ITEM ( )  RATIONAL_B_SPLINE_CURVE ( ( 1.000000000000000000, 0.8047378541243649375, 0.8047378541243649375, 1.000000000000000000 ) ) 
 REPRESENTATION_ITEM ( '' )  );
#646 = ADVANCED_FACE ( 'NONE', ( #981 ), #89, .T. ) ;
#647 = ORIENTED_EDGE ( 'NONE', *, *, #3296, .F. ) ;
#648 = CARTESIAN_POINT ( 'NONE',  ( 37.42000986255013117, 27.53751450516924848, 68.99998749999988945 ) ) ;
#649 = CARTESIAN_POINT ( 'NONE',  ( -55.76737551610425214, 27.24714692436770136, 20.53955778290666956 ) ) ;
#650 = CARTESIAN_POINT ( 'NONE',  ( -69.36737551610424646, 32.36351073365042907, 27.06282506210558481 ) ) ;
#651 = ORIENTED_EDGE ( 'NONE', *, *, #4821, .T. ) ;
#652 = CARTESIAN_POINT ( 'NONE',  ( -28.57999013744984396, 25.53751450516925203, 68.99998750000000314 ) ) ;
#653 = CIRCLE ( 'NONE', #4496, 1.000000000000000888 ) ;
#654 = CARTESIAN_POINT ( 'NONE',  ( -28.57999013744984396, 25.53751450516925203, 68.99998750000000314 ) ) ;
#655 = ORIENTED_EDGE ( 'NONE', *, *, #3128, .T. ) ;
#656 = LINE ( 'NONE', #3631, #4391 ) ;
#657 = ORIENTED_EDGE ( 'NONE', *, *, #4381, .F. ) ;
#658 = AXIS2_PLACEMENT_3D ( 'NONE', #6248, #5238, #6285 ) ;
#659 = APPROVAL_DATE_TIME ( #6146, #4689 ) ;
#660 = CARTESIAN_POINT ( 'NONE',  ( -94.57999013744984040, 27.53751450516924848, -71.00001250000001107 ) ) ;
#661 = CARTESIAN_POINT ( 'NONE',  ( 40.63262448389571801, 35.53751450516924848, 20.53955778290666956 ) ) ;
#662 = VECTOR ( 'NONE', #109, 1000.000000000000000 ) ;
#663 = EDGE_CURVE ( 'NONE', #625, #3883, #1551, .T. ) ;
#664 = ORIENTED_EDGE ( 'NONE', *, *, #2118, .F. ) ;
#665 = VECTOR ( 'NONE', #1311, 1000.000000000000000 ) ;
#666 = CARTESIAN_POINT ( 'NONE',  ( -4.579990137449835075, 21.53751450516924848, -84.75001250000001107 ) ) ;
#667 = CARTESIAN_POINT ( 'NONE',  ( 57.42000986255015249, 21.53751450516924848, 68.99998750000000314 ) ) ;
#668 = ORIENTED_EDGE ( 'NONE', *, *, #4588, .T. ) ;
#669 = DIRECTION ( 'NONE',  ( -0.000000000000000000, 0.000000000000000000, 1.000000000000000000 ) ) ;
#670 = VECTOR ( 'NONE', #902, 1000.000000000000000 ) ;
#671 = ORIENTED_EDGE ( 'NONE', *, *, #4949, .T. ) ;
#672 =( BOUNDED_CURVE ( )  B_SPLINE_CURVE ( 3, ( #4631, #2098, #3630, #5669 ),
 .UNSPECIFIED., .F., .F. ) 
 B_SPLINE_CURVE_WITH_KNOTS ( ( 4, 4 ),
 ( 4.712388980384689674, 6.283185307179586232 ),
 .UNSPECIFIED. ) 
 CURVE ( )  GEOMETRIC_REPRESENTATION_ITEM ( )  RATIONAL_B_SPLINE_CURVE ( ( 1.000000000000000000, 0.8047378541243649375, 0.8047378541243649375, 1.000000000000000000 ) ) 
 REPRESENTATION_ITEM ( '' )  );
#673 = EDGE_LOOP ( 'NONE', ( #1067, #3720, #1554, #2206, #4590, #6228, #4 ) ) ;
#674 = DIRECTION ( 'NONE',  ( 0.000000000000000000, 0.000000000000000000, 1.000000000000000000 ) ) ;
#675 = LINE ( 'NONE', #2680, #1794 ) ;
#676 = EDGE_CURVE ( 'NONE', #4283, #3318, #2518, .T. ) ;
#677 = LINE ( 'NONE', #5758, #3685 ) ;
#678 = CYLINDRICAL_SURFACE ( 'NONE', #1157, 1.000000000000000888 ) ;
#679 = ORIENTED_EDGE ( 'NONE', *, *, #6244, .T. ) ;
#680 = CARTESIAN_POINT ( 'NONE',  ( -94.57999013744984040, 27.53751450516924848, 68.99998750000000314 ) ) ;
#681 = ORIENTED_EDGE ( 'NONE', *, *, #3179, .T. ) ;
#682 = ORIENTED_EDGE ( 'NONE', *, *, #6244, .F. ) ;
#683 = LOCAL_TIME ( 19, 18, 41.00000000000000000, #5040 ) ;
#684 = VECTOR ( 'NONE', #5291, 1000.000000000000000 ) ;
#685 = EDGE_CURVE ( 'NONE', #5226, #973, #5595, .T. ) ;
#686 = DIRECTION ( 'NONE',  ( -0.000000000000000000, 0.000000000000000000, 1.000000000000000000 ) ) ;
#687 = CARTESIAN_POINT ( 'NONE',  ( -69.10487636959865654, 32.35639025246001665, 27.05187548765924888 ) ) ;
#688 = ORIENTED_EDGE ( 'NONE', *, *, #5981, .F. ) ;
#689 = DIRECTION ( 'NONE',  ( -0.000000000000000000, -1.000000000000000000, -0.000000000000000000 ) ) ;
#690 = ADVANCED_FACE ( 'NONE', ( #74 ), #4115, .T. ) ;
#691 = CARTESIAN_POINT ( 'NONE',  ( -50.57999013744984751, 27.53751450516924848, 70.99998750000000314 ) ) ;
#692 = EDGE_CURVE ( 'NONE', #5714, #5389, #538, .T. ) ;
#693 = CARTESIAN_POINT ( 'NONE',  ( 13.42000986255015249, 26.53751450516924848, 69.99998750000000314 ) ) ;
#694 = VECTOR ( 'NONE', #1837, 1000.000000000000000 ) ;
#695 = CARTESIAN_POINT ( 'NONE',  ( -55.76737551610424504, 33.53751450516924137, 20.53955778290666956 ) ) ;
#696 = ORIENTED_EDGE ( 'NONE', *, *, #4601, .T. ) ;
#697 = CIRCLE ( 'NONE', #5385, 1.899999999999999023 ) ;
#698 = CARTESIAN_POINT ( 'NONE',  ( -87.57999013744984040, 27.53751450516924493, -82.50001250000001107 ) ) ;
#699 = CARTESIAN_POINT ( 'NONE',  ( 42.63262448389571091, 35.53751450516924848, -69.00001250000001107 ) ) ;
#700 = AXIS2_PLACEMENT_3D ( 'NONE', #5617, #433, #4610 ) ;
#701 = ORIENTED_EDGE ( 'NONE', *, *, #2993, .T. ) ;
#702 = DIRECTION ( 'NONE',  ( 0.000000000000000000, 0.000000000000000000, 1.000000000000000000 ) ) ;
#703 = DIRECTION ( 'NONE',  ( -1.000000000000000000, -0.000000000000000000, -0.000000000000000000 ) ) ;
#704 = ORIENTED_EDGE ( 'NONE', *, *, #1739, .F. ) ;
#705 = CARTESIAN_POINT ( 'NONE',  ( -6.579990137449851062, 21.53751450516924848, 68.99998749999993208 ) ) ;
#706 = VECTOR ( 'NONE', #2404, 1000.000000000000000 ) ;
#707 = EDGE_CURVE ( 'NONE', #30, #1614, #6604, .T. ) ;
#708 = ORIENTED_EDGE ( 'NONE', *, *, #6408, .T. ) ;
#709 = CARTESIAN_POINT ( 'NONE',  ( -94.57999013744984040, 21.53751450516924848, 34.99998749999998182 ) ) ;
#710 = FACE_OUTER_BOUND ( 'NONE', #322, .T. ) ;
#711 = AXIS2_PLACEMENT_3D ( 'NONE', #2971, #5043, #5546 ) ;
#712 = DIRECTION ( 'NONE',  ( -2.593979029498029835E-16, 0.000000000000000000, -1.000000000000000000 ) ) ;
#713 = LINE ( 'NONE', #1779, #4464 ) ;
#714 = ORIENTED_EDGE ( 'NONE', *, *, #1459, .T. ) ;
#715 = LINE ( 'NONE', #2755, #874 ) ;
#716 = ORIENTED_EDGE ( 'NONE', *, *, #1285, .T. ) ;
#717 = ORIENTED_EDGE ( 'NONE', *, *, #4023, .T. ) ;
#718 = CARTESIAN_POINT ( 'NONE',  ( -78.93894839135805341, 35.53751450516924848, -71.00001250000001107 ) ) ;
#719 = CARTESIAN_POINT ( 'NONE',  ( -4.579990137449835075, 27.53751450516924493, -82.50001250000001107 ) ) ;
#721 = EDGE_LOOP ( 'NONE', ( #2474, #121, #176, #5878, #5309, #5448 ) ) ;
#720 = AXIS2_PLACEMENT_3D ( 'NONE', #3264, #250, #3728 ) ;
#722 = DIRECTION ( 'NONE',  ( -1.000000000000000000, 0.000000000000000000, -0.000000000000000000 ) ) ;
#723 = VECTOR ( 'NONE', #2176, 1000.000000000000000 ) ;
#724 = CARTESIAN_POINT ( 'NONE',  ( -13.76737551610424148, 33.53751450516924137, 35.99998749999998182 ) ) ;
#725 = DIRECTION ( 'NONE',  ( -0.000000000000000000, -1.000000000000000000, -0.000000000000000000 ) ) ;
#726 = VERTEX_POINT ( 'NONE', #2115 ) ;
#727 = EDGE_CURVE ( 'NONE', #3316, #6193, #606, .T. ) ;
#728 = LINE ( 'NONE', #2802, #2793 ) ;
#729 = VERTEX_POINT ( 'NONE', #1584 ) ;
#730 = CARTESIAN_POINT ( 'NONE',  ( 20.63262448389571801, 33.53751450516924137, -69.00001250000001107 ) ) ;
#731 = DIRECTION ( 'NONE',  ( -0.000000000000000000, -0.000000000000000000, -1.000000000000000000 ) ) ;
#732 = ORIENTED_EDGE ( 'NONE', *, *, #923, .T. ) ;
#733 = DIRECTION ( 'NONE',  ( -6.084019089575384694E-17, 0.8831515563230876165, -0.4690877621129207475 ) ) ;
#734 = ORIENTED_EDGE ( 'NONE', *, *, #6001, .F. ) ;
#735 = PLANE ( 'NONE',  #1434 ) ;
#736 = CYLINDRICAL_SURFACE ( 'NONE', #3497, 1.999999999999998446 ) ;
#737 = DIRECTION ( 'NONE',  ( -0.000000000000000000, -1.000000000000000000, -0.000000000000000000 ) ) ;
#738 = CARTESIAN_POINT ( 'NONE',  ( 56.23262448389579049, 32.36351073365042907, 27.06282506210558481 ) ) ;
#739 = EDGE_LOOP ( 'NONE', ( #3087, #3251, #4763, #3382 ) ) ;
#740 = FACE_OUTER_BOUND ( 'NONE', #6010, .T. ) ;
#741 = ORIENTED_EDGE ( 'NONE', *, *, #2732, .T. ) ;
#742 = ORIENTED_EDGE ( 'NONE', *, *, #5088, .F. ) ;
#743 = ORIENTED_EDGE ( 'NONE', *, *, #555, .T. ) ;
#744 = CARTESIAN_POINT ( 'NONE',  ( -50.57999013744984751, 27.53751450516924848, 70.99998750000000314 ) ) ;
#745 = EDGE_CURVE ( 'NONE', #810, #2336, #3050, .T. ) ;
#746 = PLANE ( 'NONE',  #6356 ) ;
#747 = DIRECTION ( 'NONE',  ( 2.593979029498029835E-16, 0.000000000000000000, 1.000000000000000000 ) ) ;
#748 = EDGE_CURVE ( 'NONE', #3541, #4481, #513, .T. ) ;
#749 = VERTEX_POINT ( 'NONE', #41 ) ;
#750 = LINE ( 'NONE', #2795, #286 ) ;
#751 = LINE ( 'NONE', #5363, #820 ) ;
#752 = CARTESIAN_POINT ( 'NONE',  ( -66.56737551610427772, 27.53751450516924848, 34.99998749999998182 ) ) ;
#753 = EDGE_CURVE ( 'NONE', #1880, #2789, #3617, .T. ) ;
#754 = VERTEX_POINT ( 'NONE', #4177 ) ;
#755 = CARTESIAN_POINT ( 'NONE',  ( -13.51571687435646574, 31.81675817218728497, 26.22706656814353110 ) ) ;
#756 = CARTESIAN_POINT ( 'NONE',  ( -6.579990137449851062, 27.53751450516924848, 70.99998750000000314 ) ) ;
#757 = ORIENTED_EDGE ( 'NONE', *, *, #4278, .T. ) ;
#758 = TOROIDAL_SURFACE ( 'NONE', #3538, 6.290367580801543568, 2.000000000000000000 ) ;
#759 = APPROVAL ( #3503, '未' ) ;
#760 = CARTESIAN_POINT ( 'NONE',  ( 40.63262448389571091, 22.53751450516924848, -76.00001250000002528 ) ) ;
#761 = EDGE_CURVE ( 'NONE', #2170, #3494, #713, .T. ) ;
#762 = CYLINDRICAL_SURFACE ( 'NONE', #3233, 8.290367580801545344 ) ;
#763 = ORIENTED_EDGE ( 'NONE', *, *, #1410, .T. ) ;
#764 = LINE ( 'NONE', #2808, #1772 ) ;
#765 = ORIENTED_EDGE ( 'NONE', *, *, #1209, .T. ) ;
#766 = VECTOR ( 'NONE', #6502, 1000.000000000000000 ) ;
#767 = DIRECTION ( 'NONE',  ( 1.309225264888156377E-16, -0.000000000000000000, 1.000000000000000000 ) ) ;
#768 = DIRECTION ( 'NONE',  ( 0.000000000000000000, 0.000000000000000000, -1.000000000000000000 ) ) ;
#769 = EDGE_CURVE ( 'NONE', #1061, #479, #6224, .T. ) ;
#770 = FACE_OUTER_BOUND ( 'NONE', #4349, .T. ) ;
#771 = DIRECTION ( 'NONE',  ( -0.000000000000000000, -0.000000000000000000, 1.000000000000000000 ) ) ;
#772 = B_SPLINE_CURVE_WITH_KNOTS ( 'NONE', 3,
 ( #4455, #2982, #5453, #3352, #911, #1347, #1884, #6562, #1413, #2916, #2484, #3922, #2885, #343 ),
 .UNSPECIFIED., .F., .F.,
 ( 4, 2, 2, 2, 2, 2, 4 ),
 ( 0.000000000000000000, 0.0003914435603716412328, 0.0007828871207432824657, 0.001174330681114923699, 0.001565774241486564931, 0.002348661362229847397, 0.003131548482973129863 ),
 .UNSPECIFIED. ) ;
#773 = ORIENTED_EDGE ( 'NONE', *, *, #931, .F. ) ;
#774 = VECTOR ( 'NONE', #4241, 1000.000000000000000 ) ;
#775 = FACE_OUTER_BOUND ( 'NONE', #2125, .T. ) ;
#776 = EDGE_LOOP ( 'NONE', ( #4109, #3781, #5285, #5966 ) ) ;
#777 = ORIENTED_EDGE ( 'NONE', *, *, #4362, .T. ) ;
#778 = DIRECTION ( 'NONE',  ( 1.000000000000000000, -0.000000000000000000, -0.000000000000000000 ) ) ;
#779 = LINE ( 'NONE', #6433, #1864 ) ;
#780 = DIRECTION ( 'NONE',  ( -1.000000000000000000, -0.000000000000000000, -0.000000000000000000 ) ) ;
#781 = ORIENTED_EDGE ( 'NONE', *, *, #2526, .F. ) ;
#782 = FACE_OUTER_BOUND ( 'NONE', #4200, .T. ) ;
#783 = EDGE_CURVE ( 'NONE', #6557, #2718, #140, .T. ) ;
#784 = ADVANCED_FACE ( 'NONE', ( #2753 ), #3183, .F. ) ;
#785 = DIRECTION ( 'NONE',  ( -0.000000000000000000, -0.000000000000000000, 1.000000000000000000 ) ) ;
#786 = DIRECTION ( 'NONE',  ( 1.296989514749014917E-16, 0.000000000000000000, 1.000000000000000000 ) ) ;
#787 = ORIENTED_EDGE ( 'NONE', *, *, #6401, .F. ) ;
#788 = DIRECTION ( 'NONE',  ( 1.000000000000000000, 0.000000000000000000, -0.000000000000000000 ) ) ;
#789 = ADVANCED_FACE ( 'NONE', ( #1176 ), #1644, .F. ) ;
#790 = CARTESIAN_POINT ( 'NONE',  ( 37.42000986255010275, 27.53751450516924848, 34.99998749999998182 ) ) ;
#791 = VERTEX_POINT ( 'NONE', #1715 ) ;
#792 = CARTESIAN_POINT ( 'NONE',  ( 20.63262448389573223, 35.53751450516924848, 35.99998749999998182 ) ) ;
#793 = DIRECTION ( 'NONE',  ( -1.000000000000000000, 0.000000000000000000, 0.000000000000000000 ) ) ;
#794 = ORIENTED_EDGE ( 'NONE', *, *, #6498, .F. ) ;
#795 = CARTESIAN_POINT ( 'NONE',  ( -87.57999013744984040, 27.53751450516924493, -82.50001250000001107 ) ) ;
#796 = EDGE_CURVE ( 'NONE', #353, #3196, #175, .T. ) ;
#797 = VERTEX_POINT ( 'NONE', #1681 ) ;
#798 = AXIS2_PLACEMENT_3D ( 'NONE', #4233, #5774, #1632 ) ;
#799 = DIRECTION ( 'NONE',  ( -0.000000000000000000, -0.000000000000000000, -1.000000000000000000 ) ) ;
#800 = LINE ( 'NONE', #1839, #1475 ) ;
#801 = CIRCLE ( 'NONE', #4537, 8.290367580801545344 ) ;
#802 = PLANE ( 'NONE',  #4539 ) ;
#803 = CARTESIAN_POINT ( 'NONE',  ( -30.57999013744984396, 27.53751450516924848, 68.99998749999998893 ) ) ;
#804 = VERTEX_POINT ( 'NONE', #2246 ) ;
#805 = LINE ( 'NONE', #368, #5581 ) ;
#806 = ORIENTED_EDGE ( 'NONE', *, *, #1547, .T. ) ;
#807 = ADVANCED_FACE ( 'NONE', ( #3250 ), #5284, .F. ) ;
#808 = VERTEX_POINT ( 'NONE', #6361 ) ;
#809 = ADVANCED_FACE ( 'NONE', ( #2784 ), #3215, .F. ) ;
#810 = VERTEX_POINT ( 'NONE', #5858 ) ;
#811 = CARTESIAN_POINT ( 'NONE',  ( 32.23262448389571944, 35.53751450516924848, -71.00001250000001107 ) ) ;
#812 = AXIS2_PLACEMENT_3D ( 'NONE', #2779, #669, #599 ) ;
#813 = CARTESIAN_POINT ( 'NONE',  ( 40.63262448389571091, 22.53751450516924848, -76.00001250000002528 ) ) ;
#814 = CARTESIAN_POINT ( 'NONE',  ( 37.42000986255013117, 27.53751450516924848, 70.99998750000000314 ) ) ;
#815 = CARTESIAN_POINT ( 'NONE',  ( -74.57999013744984040, 23.53751450516924493, -79.00001250000001107 ) ) ;
#816 = ORIENTED_EDGE ( 'NONE', *, *, #2272, .T. ) ;
#817 = CARTESIAN_POINT ( 'NONE',  ( -50.57999013744984751, 27.53751450516924848, 70.99998750000000314 ) ) ;
#818 = DIRECTION ( 'NONE',  ( 0.000000000000000000, -0.000000000000000000, 1.000000000000000000 ) ) ;
#819 = FACE_OUTER_BOUND ( 'NONE', #2536, .T. ) ;
#820 = VECTOR ( 'NONE', #3327, 1000.000000000000000 ) ;
#821 = VERTEX_POINT ( 'NONE', #5759 ) ;
#822 = AXIS2_PLACEMENT_3D ( 'NONE', #5249, #3776, #4785 ) ;
#823 = CARTESIAN_POINT ( 'NONE',  ( -13.36708209551144400, 31.93975109016790981, 26.41421418141602118 ) ) ;
#824 = AXIS2_PLACEMENT_3D ( 'NONE', #6540, #3894, #4998 ) ;
#825 = CIRCLE ( 'NONE', #3388, 2.000000000000001776 ) ;
#826 = DIRECTION ( 'NONE',  ( -1.309225264888156377E-16, 0.000000000000000000, -1.000000000000000000 ) ) ;
#827 = ORIENTED_EDGE ( 'NONE', *, *, #4660, .T. ) ;
#828 = ADVANCED_FACE ( 'NONE', ( #2816 ), #3746, .T. ) ;
#829 = CARTESIAN_POINT ( 'NONE',  ( -14.56737551610430614, 21.53751450516924848, -76.00001250000002528 ) ) ;
#830 = CARTESIAN_POINT ( 'NONE',  ( 56.23262448389579049, 27.24714692436770136, 20.53955778290666956 ) ) ;
#831 = ORIENTED_EDGE ( 'NONE', *, *, #1827, .F. ) ;
#832 = DIRECTION ( 'NONE',  ( 0.000000000000000000, 1.000000000000000000, 0.000000000000000000 ) ) ;
#833 = VECTOR ( 'NONE', #108, 1000.000000000000000 ) ;
#834 = DIRECTION ( 'NONE',  ( 0.000000000000000000, -1.103098318941648654E-15, 1.000000000000000000 ) ) ;
#835 = FACE_OUTER_BOUND ( 'NONE', #4047, .T. ) ;
#836 = DIRECTION ( 'NONE',  ( -0.000000000000000000, -0.000000000000000000, -1.000000000000000000 ) ) ;
#837 = ADVANCED_FACE ( 'NONE', ( #3813 ), #5788, .F. ) ;
#838 = ORIENTED_EDGE ( 'NONE', *, *, #6602, .F. ) ;
#839 = DIRECTION ( 'NONE',  ( -1.000000000000000000, 0.000000000000000000, 0.000000000000000000 ) ) ;
#840 = ORIENTED_EDGE ( 'NONE', *, *, #5426, .T. ) ;
#841 = ORIENTED_EDGE ( 'NONE', *, *, #6320, .T. ) ;
#842 = PLANE ( 'NONE',  #2309 ) ;
#843 = CARTESIAN_POINT ( 'NONE',  ( -28.57999013744984396, 27.53751450516924848, 68.99998749999998893 ) ) ;
#844 = CARTESIAN_POINT ( 'NONE',  ( 10.23262448389575319, 14.59933898094339888, 34.23368438735381147 ) ) ;
#845 = ADVANCED_FACE ( 'NONE', ( #1142 ), #678, .T. ) ;
#846 = DIRECTION ( 'NONE',  ( 0.000000000000000000, 0.000000000000000000, -1.000000000000000000 ) ) ;
#847 = EDGE_CURVE ( 'NONE', #5482, #4490, #4771, .T. ) ;
#848 = EDGE_LOOP ( 'NONE', ( #1309, #37, #3668, #2705 ) ) ;
#849 = DIRECTION ( 'NONE',  ( -0.000000000000000000, -1.000000000000000000, -0.000000000000000000 ) ) ;
#850 = LINE ( 'NONE', #5493, #5735 ) ;
#851 = DIRECTION ( 'NONE',  ( 0.000000000000000000, 1.000000000000000000, 0.000000000000000000 ) ) ;
#852 = VERTEX_POINT ( 'NONE', #6326 ) ;
#853 =( BOUNDED_CURVE ( )  B_SPLINE_CURVE ( 3, ( #1913, #3322, #3950, #1848 ),
 .UNSPECIFIED., .F., .F. ) 
 B_SPLINE_CURVE_WITH_KNOTS ( ( 4, 4 ),
 ( 1.570796326794896558, 3.141592653589793116 ),
 .UNSPECIFIED. ) 
 CURVE ( )  GEOMETRIC_REPRESENTATION_ITEM ( )  RATIONAL_B_SPLINE_CURVE ( ( 1.000000000000000000, 0.8047378541243649375, 0.8047378541243649375, 1.000000000000000000 ) ) 
 REPRESENTATION_ITEM ( '' )  );
#854 = CARTESIAN_POINT ( 'NONE',  ( 57.42000986255003880, 21.53751450516924848, -87.00001250000001107 ) ) ;
#855 = ORIENTED_EDGE ( 'NONE', *, *, #3740, .T. ) ;
#856 = CARTESIAN_POINT ( 'NONE',  ( 42.63262448389572512, 21.53751450516924848, 30.54845821467287692 ) ) ;
#857 = DIRECTION ( 'NONE',  ( 0.000000000000000000, 0.000000000000000000, 1.000000000000000000 ) ) ;
#858 = ORIENTED_EDGE ( 'NONE', *, *, #3073, .F. ) ;
#859 = CARTESIAN_POINT ( 'NONE',  ( -94.57999013744984040, 27.53751450516924848, -71.00001250000001107 ) ) ;
#860 = EDGE_CURVE ( 'NONE', #959, #975, #5319, .T. ) ;
#861 = DIRECTION ( 'NONE',  ( -0.000000000000000000, 1.000000000000000000, -0.000000000000000000 ) ) ;
#862 = AXIS2_PLACEMENT_3D ( 'NONE', #5140, #2168, #702 ) ;
#863 = CARTESIAN_POINT ( 'NONE',  ( -55.76737551610425214, 21.53751450516924848, 32.81307518293911585 ) ) ;
#864 = DIRECTION ( 'NONE',  ( 1.000000000000000000, 0.000000000000000000, -0.000000000000000000 ) ) ;
#865 = UNCERTAINTY_MEASURE_WITH_UNIT (LENGTH_MEASURE( 1.000000000000000082E-05 ), #3069, 'distance_accuracy_value', 'NONE');
#866 = VERTEX_POINT ( 'NONE', #3460 ) ;
#867 = CARTESIAN_POINT ( 'NONE',  ( -94.57999013744984040, 27.53751450516924848, 68.99998750000000314 ) ) ;
#868 = ORIENTED_EDGE ( 'NONE', *, *, #5753, .T. ) ;
#869 = AXIS2_PLACEMENT_3D ( 'NONE', #6096, #6162, #6598 ) ;
#870 = ORIENTED_EDGE ( 'NONE', *, *, #1567, .T. ) ;
#871 = ORIENTED_EDGE ( 'NONE', *, *, #5836, .F. ) ;
#872 = ADVANCED_FACE ( 'NONE', ( #5608 ), #1029, .F. ) ;
#873 = CARTESIAN_POINT ( 'NONE',  ( -52.57999013744984751, 25.53751450516925203, 68.99998750000000314 ) ) ;
#874 = VECTOR ( 'NONE', #3779, 1000.000000000000000 ) ;
#875 = DIRECTION ( 'NONE',  ( -1.982541115402065110E-16, 0.000000000000000000, -1.000000000000000000 ) ) ;
#876 = CARTESIAN_POINT ( 'NONE',  ( 35.42000986255013117, 25.53751450516925203, 69.99998750000000314 ) ) ;
#877 = CIRCLE ( 'NONE', #6257, 2.250000000000001776 ) ;
#878 = CARTESIAN_POINT ( 'NONE',  ( -39.57999013744984040, 23.53751450516924493, -84.75001250000001107 ) ) ;
#879 = ORIENTED_EDGE ( 'NONE', *, *, #3094, .T. ) ;
#880 = LINE ( 'NONE', #4993, #3582 ) ;
#881 = EDGE_LOOP ( 'NONE', ( #6535, #664, #2787, #3846 ) ) ;
#882 = AXIS2_PLACEMENT_3D ( 'NONE', #4870, #1866, #3369 ) ;
#883 = ADVANCED_FACE ( 'NONE', ( #5379 ), #2034, .T. ) ;
#884 =( BOUNDED_CURVE ( )  B_SPLINE_CURVE ( 3, ( #277, #1818, #2882, #1881 ),
 .UNSPECIFIED., .F., .F. ) 
 B_SPLINE_CURVE_WITH_KNOTS ( ( 4, 4 ),
 ( 4.712388980384689674, 6.283185307179586232 ),
 .UNSPECIFIED. ) 
 CURVE ( )  GEOMETRIC_REPRESENTATION_ITEM ( )  RATIONAL_B_SPLINE_CURVE ( ( 1.000000000000000000, 0.8047378541243649375, 0.8047378541243649375, 1.000000000000000000 ) ) 
 REPRESENTATION_ITEM ( '' )  );
#885 = DIRECTION ( 'NONE',  ( -1.000000000000000000, 0.000000000000000000, -0.000000000000000000 ) ) ;
#886 = ORIENTED_EDGE ( 'NONE', *, *, #5406, .T. ) ;
#887 = CARTESIAN_POINT ( 'NONE',  ( 10.23262448389572477, 21.53751450516924848, -69.00001250000001107 ) ) ;
#888 = ADVANCED_FACE ( 'NONE', ( #3879 ), #4066, .T. ) ;
#889 = EDGE_CURVE ( 'NONE', #4871, #2282, #6611, .T. ) ;
#890 = DIRECTION ( 'NONE',  ( 0.000000000000000000, 1.000000000000000000, 0.000000000000000000 ) ) ;
#891 = EDGE_LOOP ( 'NONE', ( #3634, #1704, #1039, #5085 ) ) ;
#892 = CARTESIAN_POINT ( 'NONE',  ( -94.57999013744984040, 27.53751450516924848, 68.99998750000000314 ) ) ;
#893 =( BOUNDED_CURVE ( )  B_SPLINE_CURVE ( 3, ( #854, #2895, #4434, #3934 ),
 .UNSPECIFIED., .F., .F. ) 
 B_SPLINE_CURVE_WITH_KNOTS ( ( 4, 4 ),
 ( 3.141592653589793116, 4.712388980384689674 ),
 .UNSPECIFIED. ) 
 CURVE ( )  GEOMETRIC_REPRESENTATION_ITEM ( )  RATIONAL_B_SPLINE_CURVE ( ( 1.000000000000000000, 0.8047378541243649375, 0.8047378541243649375, 1.000000000000000000 ) ) 
 REPRESENTATION_ITEM ( '' )  );
#894 = APPROVAL_DATE_TIME ( #1395, #933 ) ;
#895 = ORIENTED_EDGE ( 'NONE', *, *, #1507, .T. ) ;
#896 = CARTESIAN_POINT ( 'NONE',  ( -47.36737551610426067, 21.53751450516924848, 32.81307518293911585 ) ) ;
#897 = DIRECTION ( 'NONE',  ( 8.163404592832029035E-16, 0.000000000000000000, 1.000000000000000000 ) ) ;
#898 = CARTESIAN_POINT ( 'NONE',  ( -72.57999013744984040, 25.53751450516925203, 68.99998750000000314 ) ) ;
#899 = CYLINDRICAL_SURFACE ( 'NONE', #544, 8.290367580801545344 ) ;
#900 = EDGE_LOOP ( 'NONE', ( #4973, #3484, #4626, #62, #3612 ) ) ;
#901 = AXIS2_PLACEMENT_3D ( 'NONE', #2372, #2875, #3246 ) ;
#902 = DIRECTION ( 'NONE',  ( 1.296989514749014917E-16, -0.000000000000000000, 1.000000000000000000 ) ) ;
#904 = EDGE_CURVE ( 'NONE', #2048, #3789, #2537, .T. ) ;
#903 = ORIENTED_EDGE ( 'NONE', *, *, #3562, .F. ) ;
#905 = CIRCLE ( 'NONE', #1117, 1.000000000000000888 ) ;
#906 = ORIENTED_EDGE ( 'NONE', *, *, #2461, .T. ) ;
#907 = ORIENTED_EDGE ( 'NONE', *, *, #1647, .T. ) ;
#908 = CARTESIAN_POINT ( 'NONE',  ( 10.23262448389572477, 22.53751450516924848, -76.00001250000002528 ) ) ;
#909 = VECTOR ( 'NONE', #4517, 1000.000000000000000 ) ;
#910 = CARTESIAN_POINT ( 'NONE',  ( -74.57999013744984040, 23.53751450516924493, -82.50001250000001107 ) ) ;
#911 = CARTESIAN_POINT ( 'NONE',  ( 19.27833507935443436, 32.30735151765449586, 26.97652389697437414 ) ) ;
#912 = CARTESIAN_POINT ( 'NONE',  ( -3.367375516104262445, 27.24714692436770136, 20.53955778290666956 ) ) ;
#913 = EDGE_CURVE ( 'NONE', #5245, #3789, #1841, .T. ) ;
#914 = ORIENTED_EDGE ( 'NONE', *, *, #547, .F. ) ;
#915 = DIRECTION ( 'NONE',  ( 0.000000000000000000, -1.000000000000000000, 0.000000000000000000 ) ) ;
#916 = VERTEX_POINT ( 'NONE', #4573 ) ;
#917 = VECTOR ( 'NONE', #4142, 1000.000000000000000 ) ;
#918 = FACE_OUTER_BOUND ( 'NONE', #5205, .T. ) ;
#919 = CARTESIAN_POINT ( 'NONE',  ( -94.57999013744984040, 27.53751450516924848, 34.99998749999998182 ) ) ;
#920 = CARTESIAN_POINT ( 'NONE',  ( 8.232624483895749634, 31.40297912029626204, 25.60237436092063845 ) ) ;
#921 = AXIS2_PLACEMENT_3D ( 'NONE', #4750, #1075, #2210 ) ;
#923 = EDGE_CURVE ( 'NONE', #5740, #3196, #3999, .T. ) ;
#922 = ORIENTED_EDGE ( 'NONE', *, *, #5853, .T. ) ;
#924 = CARTESIAN_POINT ( 'NONE',  ( 40.63262448389571801, 21.53751450516924848, 32.81307518293911585 ) ) ;
#925 = AXIS2_PLACEMENT_3D ( 'NONE', #5157, #581, #2622 ) ;
#926 = DIRECTION ( 'NONE',  ( 1.000000000000000000, -0.000000000000000000, 0.000000000000000000 ) ) ;
#927 = EDGE_LOOP ( 'NONE', ( #2615, #5059, #257, #682 ) ) ;
#928 = DIRECTION ( 'NONE',  ( 0.000000000000000000, 0.000000000000000000, -1.000000000000000000 ) ) ;
#929 = VECTOR ( 'NONE', #6079, 1000.000000000000000 ) ;
#930 = DIRECTION ( 'NONE',  ( 0.000000000000000000, -1.000000000000000000, 0.000000000000000000 ) ) ;
#931 = EDGE_CURVE ( 'NONE', #3476, #1615, #3067, .T. ) ;
#932 = CIRCLE ( 'NONE', #2323, 2.000000000000001776 ) ;
#933 = APPROVAL ( #25, '未' ) ;
#934 = EDGE_CURVE ( 'NONE', #4024, #4851, #5575, .T. ) ;
#935 = ORIENTED_EDGE ( 'NONE', *, *, #5773, .F. ) ;
#936 = VECTOR ( 'NONE', #3734, 1000.000000000000000 ) ;
#937 = FACE_OUTER_BOUND ( 'NONE', #1009, .T. ) ;
#938 = DIRECTION ( 'NONE',  ( -1.000000000000000000, 0.000000000000000000, 0.000000000000000000 ) ) ;
#939 = CARTESIAN_POINT ( 'NONE',  ( -11.76737551610423971, 21.53751450516924493, 32.81307518293911585 ) ) ;
#940 = VECTOR ( 'NONE', #5967, 1000.000000000000000 ) ;
#941 = DIRECTION ( 'NONE',  ( 1.000000000000000000, -0.000000000000000000, -0.000000000000000000 ) ) ;
#942 = EDGE_LOOP ( 'NONE', ( #5555, #6157, #2022, #389 ) ) ;
#943 = CARTESIAN_POINT ( 'NONE',  ( -78.65546373321896567, 32.25219289250073729, 26.89187534081955278 ) ) ;
#944 = VERTEX_POINT ( 'NONE', #1533 ) ;
#945 = ORIENTED_EDGE ( 'NONE', *, *, #5773, .T. ) ;
#946 = ORIENTED_EDGE ( 'NONE', *, *, #6277, .F. ) ;
#947 = LINE ( 'NONE', #1977, #283 ) ;
#948 = FACE_OUTER_BOUND ( 'NONE', #4183, .T. ) ;
#949 = CARTESIAN_POINT ( 'NONE',  ( -77.76737551610423793, 22.53751450516924848, -76.00001250000002528 ) ) ;
#950 = LINE ( 'NONE', #3519, #662 ) ;
#951 = ORIENTED_EDGE ( 'NONE', *, *, #2150, .F. ) ;
#952 = DIRECTION ( 'NONE',  ( 1.000000000000000000, 0.000000000000000000, 0.000000000000000000 ) ) ;
#953 = ORIENTED_EDGE ( 'NONE', *, *, #5757, .F. ) ;
#954 = CARTESIAN_POINT ( 'NONE',  ( 40.63262448389571801, 27.24714692436770136, 20.53955778290666956 ) ) ;
#955 = EDGE_CURVE ( 'NONE', #2828, #5892, #4026, .T. ) ;
#956 = EDGE_CURVE ( 'NONE', #3014, #643, #6397, .T. ) ;
#957 = DIRECTION ( 'NONE',  ( 1.000000000000000000, 0.000000000000000000, -2.593979029498029835E-16 ) ) ;
#958 = DIRECTION ( 'NONE',  ( 0.000000000000000000, 1.000000000000000000, 0.000000000000000000 ) ) ;
#959 = VERTEX_POINT ( 'NONE', #3845 ) ;
#960 = CARTESIAN_POINT ( 'NONE',  ( 40.63262448389571091, 21.53751450516924848, -69.00001250000001107 ) ) ;
#961 = EDGE_CURVE ( 'NONE', #3682, #5000, #5887, .T. ) ;
#962 = CYLINDRICAL_SURFACE ( 'NONE', #3486, 2.000000000000001776 ) ;
#963 = ORIENTED_EDGE ( 'NONE', *, *, #1209, .F. ) ;
#964 = CARTESIAN_POINT ( 'NONE',  ( 10.23262448389572477, 22.53751450516924848, -76.00001250000002528 ) ) ;
#965 = CARTESIAN_POINT ( 'NONE',  ( -28.57999013744985817, 22.53751450516924848, -76.00001250000002528 ) ) ;
#966 = DATE_TIME_ROLE ( 'creation_date' ) ;
#967 = ORIENTED_EDGE ( 'NONE', *, *, #1749, .T. ) ;
#968 = DIRECTION ( 'NONE',  ( -2.092456648115339212E-16, 0.000000000000000000, -1.000000000000000000 ) ) ;
#969 = ADVANCED_FACE ( 'NONE', ( #1306 ), #459, .F. ) ;
#970 = CARTESIAN_POINT ( 'NONE',  ( 7.432624483895685863, 21.53751450516924848, -76.00001250000002528 ) ) ;
#971 = DIRECTION ( 'NONE',  ( -2.092456648115339212E-16, 0.000000000000000000, -1.000000000000000000 ) ) ;
#972 = CARTESIAN_POINT ( 'NONE',  ( 30.42000986255016670, 23.53751450516924493, -82.50001250000001107 ) ) ;
#973 = VERTEX_POINT ( 'NONE', #4037 ) ;
#974 = CARTESIAN_POINT ( 'NONE',  ( -0.5673755161042931539, 27.53751450516924848, -71.00001250000001107 ) ) ;
#975 = VERTEX_POINT ( 'NONE', #3345 ) ;
#976 = ORIENTED_EDGE ( 'NONE', *, *, #3695, .F. ) ;
#977 = ORIENTED_EDGE ( 'NONE', *, *, #4173, .T. ) ;
#978 = CARTESIAN_POINT ( 'NONE',  ( -39.57999013744984040, 23.53751450516924493, -86.00001250000001107 ) ) ;
#979 = EDGE_CURVE ( 'NONE', #6452, #5262, #2345, .T. ) ;
#980 = DIRECTION ( 'NONE',  ( 6.084019089575383461E-17, -0.8831515563230876165, 0.4690877621129207475 ) ) ;
#981 = FACE_OUTER_BOUND ( 'NONE', #6109, .T. ) ;
#982 = VECTOR ( 'NONE', #4167, 1000.000000000000000 ) ;
#983 = DIRECTION ( 'NONE',  ( 1.000000000000000000, -0.000000000000000000, -0.000000000000000000 ) ) ;
#984 = ORIENTED_EDGE ( 'NONE', *, *, #3265, .F. ) ;
#985 = DIRECTION ( 'NONE',  ( 0.000000000000000000, 0.000000000000000000, -1.000000000000000000 ) ) ;
#986 = EDGE_LOOP ( 'NONE', ( #328, #701 ) ) ;
#987 = AXIS2_PLACEMENT_3D ( 'NONE', #4000, #6043, #6008 ) ;
#988 = DIRECTION ( 'NONE',  ( 0.000000000000000000, 0.000000000000000000, 1.000000000000000000 ) ) ;
#989 = CARTESIAN_POINT ( 'NONE',  ( 35.42000986255013117, 25.53751450516925203, 68.99998750000000314 ) ) ;
#990 = CIRCLE ( 'NONE', #3546, 1.000000000000000888 ) ;
#991 = CARTESIAN_POINT ( 'NONE',  ( 8.632917904488554228, 31.93975109016790981, 26.41421418141602118 ) ) ;
#992 = ORIENTED_EDGE ( 'NONE', *, *, #1180, .F. ) ;
#993 = VECTOR ( 'NONE', #1308, 999.9999999999998863 ) ;
#994 = DIRECTION ( 'NONE',  ( 0.000000000000000000, 0.000000000000000000, -1.000000000000000000 ) ) ;
#995 = EDGE_CURVE ( 'NONE', #1649, #973, #4377, .T. ) ;
#996 = DIRECTION ( 'NONE',  ( -0.000000000000000000, -0.000000000000000000, 1.000000000000000000 ) ) ;
#997 = VERTEX_POINT ( 'NONE', #998 ) ;
#998 = CARTESIAN_POINT ( 'NONE',  ( -52.57999013744984751, 27.53751450516924848, 34.99998749999998182 ) ) ;
#999 = DIRECTION ( 'NONE',  ( 0.000000000000000000, 0.000000000000000000, 1.000000000000000000 ) ) ;
#1000 = DATE_AND_TIME ( #6515, #464 ) ;
#1001 = EDGE_CURVE ( 'NONE', #5353, #3335, #672, .T. ) ;
#1002 = CARTESIAN_POINT ( 'NONE',  ( -11.76737551610426635, 22.53751450516924848, -76.00001250000002528 ) ) ;
#1003 = CARTESIAN_POINT ( 'NONE',  ( -45.36737551610425356, 21.53751450516924493, 30.54845821467287692 ) ) ;
#1004 = CARTESIAN_POINT ( 'NONE',  ( 57.42000986255003880, 27.53751450516924493, -77.00001250000002528 ) ) ;
#1005 = DIRECTION ( 'NONE',  ( 2.040851148208007012E-16, -0.000000000000000000, 1.000000000000000000 ) ) ;
#1006 = CARTESIAN_POINT ( 'NONE',  ( -78.77039256090188246, 32.21842978543092073, 26.84009736096993493 ) ) ;
#1007 = VERTEX_POINT ( 'NONE', #6423 ) ;
#1008 = EDGE_CURVE ( 'NONE', #1573, #6424, #3125, .T. ) ;
#1009 = EDGE_LOOP ( 'NONE', ( #951, #1750, #4951, #4230 ) ) ;
#1010 = EDGE_LOOP ( 'NONE', ( #4901, #6123, #308, #194, #5007, #5554 ) ) ;
#1011 = CARTESIAN_POINT ( 'NONE',  ( -72.57999013744984040, 27.53751450516924848, 68.99998750000000314 ) ) ;
#1012 = DIRECTION ( 'NONE',  ( -0.000000000000000000, 1.000000000000000000, -0.000000000000000000 ) ) ;
#1013 = CARTESIAN_POINT ( 'NONE',  ( -3.235012953155297577, 32.36351073365042907, 27.06282506210558481 ) ) ;
#1014 = CIRCLE ( 'NONE', #5605, 2.000000000000001776 ) ;
#1015 = ORIENTED_EDGE ( 'NONE', *, *, #115, .F. ) ;
#1016 = EDGE_CURVE ( 'NONE', #3275, #3052, #4129, .T. ) ;
#1017 = ORIENTED_EDGE ( 'NONE', *, *, #1460, .F. ) ;
#1018 = CARTESIAN_POINT ( 'NONE',  ( 57.42000986255015249, 26.53751450516924848, 69.99998750000000314 ) ) ;
#1019 = AXIS2_PLACEMENT_3D ( 'NONE', #1162, #3237, #3202 ) ;
#1020 = DIRECTION ( 'NONE',  ( -1.000000000000000000, -0.000000000000000000, -0.000000000000000000 ) ) ;
#1021 = CARTESIAN_POINT ( 'NONE',  ( -94.57999013744984040, 27.53751450516924848, 68.99998750000000314 ) ) ;
#1022 = ORIENTED_EDGE ( 'NONE', *, *, #6450, .F. ) ;
#1023 = CARTESIAN_POINT ( 'NONE',  ( 57.42000986255003880, 21.53751450516924848, -76.00001250000002528 ) ) ;
#1024 = VECTOR ( 'NONE', #1046, 1000.000000000000000 ) ;
#1025 = AXIS2_PLACEMENT_3D ( 'NONE', #2761, #5865, #2790 ) ;
#1026 = LINE ( 'NONE', #4664, #6484 ) ;
#1027 = VECTOR ( 'NONE', #1448, 999.9999999999998863 ) ;
#1028 = EDGE_LOOP ( 'NONE', ( #2849, #3980, #3293, #111 ) ) ;
#1029 = PLANE ( 'NONE',  #6590 ) ;
#1030 = DIRECTION ( 'NONE',  ( -1.000000000000000000, 0.000000000000000000, -0.000000000000000000 ) ) ;
#1031 = PERSON_AND_ORGANIZATION ( #4488, #3878 ) ;
#1032 = CARTESIAN_POINT ( 'NONE',  ( 41.27833507935443436, 32.30735151765450297, 26.97652389697438124 ) ) ;
#1033 = VECTOR ( 'NONE', #1506, 1000.000000000000000 ) ;
#1034 = EDGE_CURVE ( 'NONE', #5824, #3306, #1159, .T. ) ;
#1035 = CARTESIAN_POINT ( 'NONE',  ( 32.23262448389574786, 33.53751450516924137, 20.53955778290666956 ) ) ;
#1036 = LINE ( 'NONE', #2575, #3642 ) ;
#1037 = VECTOR ( 'NONE', #358, 1000.000000000000000 ) ;
#1038 = FACE_OUTER_BOUND ( 'NONE', #4959, .T. ) ;
#1039 = ORIENTED_EDGE ( 'NONE', *, *, #769, .F. ) ;
#1040 = VERTEX_POINT ( 'NONE', #23 ) ;
#1041 = VECTOR ( 'NONE', #1727, 1000.000000000000000 ) ;
#1042 = ORIENTED_EDGE ( 'NONE', *, *, #3200, .F. ) ;
#1043 = VECTOR ( 'NONE', #1678, 1000.000000000000000 ) ;
#1044 = LINE ( 'NONE', #4207, #3157 ) ;
#1045 = EDGE_CURVE ( 'NONE', #5464, #3735, #5198, .T. ) ;
#1046 = DIRECTION ( 'NONE',  ( 0.000000000000000000, -1.000000000000000000, 0.000000000000000000 ) ) ;
#1047 = CARTESIAN_POINT ( 'NONE',  ( -45.36737551610425356, 33.53751450516924137, -69.00001250000001107 ) ) ;
#1048 = CARTESIAN_POINT ( 'NONE',  ( 31.34453626678100591, 32.25219289250071597, 26.89187534081956699 ) ) ;
#1049 = ORIENTED_EDGE ( 'NONE', *, *, #3433, .F. ) ;
#1050 = ORIENTED_EDGE ( 'NONE', *, *, #5510, .T. ) ;
#1051 = AXIS2_PLACEMENT_3D ( 'NONE', #5989, #2948, #4891 ) ;
#1052 = LINE ( 'NONE', #3591, #3013 ) ;
#1053 = ADVANCED_FACE ( 'NONE', ( #6204 ), #525, .F. ) ;
#1054 = ADVANCED_FACE ( 'NONE', ( #3197, #3696, #1091, #2567, #5161, #3662, #586 ), #2628, .F. ) ;
#1055 = CARTESIAN_POINT ( 'NONE',  ( 47.42000986255016670, 27.53751450516924493, -82.50001250000001107 ) ) ;
#1056 = EDGE_CURVE ( 'NONE', #4638, #6459, #1787, .T. ) ;
#1057 = ORIENTED_EDGE ( 'NONE', *, *, #955, .F. ) ;
#1058 = DIRECTION ( 'NONE',  ( 1.000000000000000000, -0.000000000000000000, -0.000000000000000000 ) ) ;
#1059 = DIRECTION ( 'NONE',  ( 0.000000000000000000, 0.000000000000000000, 1.000000000000000000 ) ) ;
#1060 = EDGE_CURVE ( 'NONE', #6352, #5464, #2068, .T. ) ;
#1061 = VERTEX_POINT ( 'NONE', #4195 ) ;
#1062 = CARTESIAN_POINT ( 'NONE',  ( 30.42000986255016670, 23.53751450516924493, -82.50001250000001107 ) ) ;
#1063 = CARTESIAN_POINT ( 'NONE',  ( -67.36737551610424646, 14.59933898094340421, 34.23368438735381147 ) ) ;
#1064 = CARTESIAN_POINT ( 'NONE',  ( -72.57999013744984040, 26.53751450516924848, 70.99998750000000314 ) ) ;
#1065 = CIRCLE ( 'NONE', #6273, 8.290367580801545344 ) ;
#1066 = DIRECTION ( 'NONE',  ( 1.000000000000000000, 0.000000000000000000, 0.000000000000000000 ) ) ;
#1067 = ORIENTED_EDGE ( 'NONE', *, *, #2357, .T. ) ;
#1068 = DIRECTION ( 'NONE',  ( -1.000000000000000000, -0.000000000000000000, -0.000000000000000000 ) ) ;
#1069 = LINE ( 'NONE', #5049, #4827 ) ;
#1070 = ORIENTED_EDGE ( 'NONE', *, *, #5426, .F. ) ;
#1071 = EDGE_CURVE ( 'NONE', #1718, #821, #3168, .T. ) ;
#1072 = ADVANCED_FACE ( 'NONE', ( #3097 ), #1660, .T. ) ;
#1073 = EDGE_LOOP ( 'NONE', ( #1773, #2630, #1042, #5658 ) ) ;
#1074 = ORIENTED_EDGE ( 'NONE', *, *, #6332, .F. ) ;
#1075 = DIRECTION ( 'NONE',  ( -1.000000000000000000, 0.000000000000000000, -0.000000000000000000 ) ) ;
#1076 = CARTESIAN_POINT ( 'NONE',  ( 30.23262448389571588, 35.53751450516924848, -69.00001250000001107 ) ) ;
#1077 = DIRECTION ( 'NONE',  ( -0.000000000000000000, 1.000000000000000000, -0.000000000000000000 ) ) ;
#1078 = CARTESIAN_POINT ( 'NONE',  ( 8.232624483895751411, 33.53751450516924137, 35.99998749999998182 ) ) ;
#1079 = ORIENTED_EDGE ( 'NONE', *, *, #4628, .T. ) ;
#1080 = EDGE_CURVE ( 'NONE', #3822, #4417, #4875, .T. ) ;
#1081 = VERTEX_POINT ( 'NONE', #553 ) ;
#1082 = CARTESIAN_POINT ( 'NONE',  ( -94.57999013744984040, 26.53751450516924493, -87.00001250000001107 ) ) ;
#1083 = CIRCLE ( 'NONE', #6207, 2.000000000000001776 ) ;
#1084 = CARTESIAN_POINT ( 'NONE',  ( -47.36737551610426067, 32.36351073365042907, 27.06282506210558481 ) ) ;
#1085 = ORIENTED_EDGE ( 'NONE', *, *, #3549, .T. ) ;
#1086 = CARTESIAN_POINT ( 'NONE',  ( -94.57999013744984040, 21.53751450516924848, 34.99998749999998182 ) ) ;
#1087 = ADVANCED_FACE ( 'NONE', ( #450 ), #6331, .F. ) ;
#1088 = VECTOR ( 'NONE', #120, 1000.000000000000000 ) ;
#1089 = CARTESIAN_POINT ( 'NONE',  ( -80.56737551610429193, 22.53751450516924848, -76.00001250000002528 ) ) ;
#1090 = VERTEX_POINT ( 'NONE', #1919 ) ;
#1091 = FACE_BOUND ( 'NONE', #2381, .T. ) ;
#1092 = LINE ( 'NONE', #526, #1088 ) ;
#1093 = ORIENTED_EDGE ( 'NONE', *, *, #761, .T. ) ;
#1094 = EDGE_CURVE ( 'NONE', #213, #5243, #2026, .T. ) ;
#1095 = LINE ( 'NONE', #660, #3784 ) ;
#1096 = LINE ( 'NONE', #29, #1442 ) ;
#1097 = ORIENTED_EDGE ( 'NONE', *, *, #6022, .F. ) ;
#1098 = DIRECTION ( 'NONE',  ( 0.000000000000000000, 1.000000000000000000, -0.000000000000000000 ) ) ;
#1099 = CARTESIAN_POINT ( 'NONE',  ( -94.57999013744984040, 21.53751450516924848, 34.99998749999998182 ) ) ;
#1100 = EDGE_LOOP ( 'NONE', ( #1858, #2355, #6522, #3459 ) ) ;
#1101 = CYLINDRICAL_SURFACE ( 'NONE', #1451, 1.000000000000000888 ) ;
#1102 = ORIENTED_EDGE ( 'NONE', *, *, #3374, .F. ) ;
#1103 = VERTEX_POINT ( 'NONE', #5491 ) ;
#1104 = CARTESIAN_POINT ( 'NONE',  ( 30.23262448389574075, 21.53751450516924848, 30.54845821467287337 ) ) ;
#1105 = LINE ( 'NONE', #3109, #3262 ) ;
#1106 = LINE ( 'NONE', #3020, #5743 ) ;
#1107 = EDGE_CURVE ( 'NONE', #4290, #3000, #6212, .T. ) ;
#1108 = DIRECTION ( 'NONE',  ( 0.000000000000000000, 1.000000000000000000, -0.000000000000000000 ) ) ;
#1109 = VERTEX_POINT ( 'NONE', #4591 ) ;
#1110 = ORIENTED_EDGE ( 'NONE', *, *, #3777, .T. ) ;
#1111 = CARTESIAN_POINT ( 'NONE',  ( -79.76737551610423793, 33.53751450516924137, -69.00001250000001107 ) ) ;
#1112 = ADVANCED_FACE ( 'NONE', ( #5532 ), #4025, .F. ) ;
#1113 = CARTESIAN_POINT ( 'NONE',  ( 8.232624483895751411, 21.53751450516924848, 30.54845821467287692 ) ) ;
#1114 = DIRECTION ( 'NONE',  ( -0.000000000000000000, 1.000000000000000000, -0.000000000000000000 ) ) ;
#1115 = ORIENTED_EDGE ( 'NONE', *, *, #1786, .T. ) ;
#1116 = DIRECTION ( 'NONE',  ( 0.000000000000000000, 0.000000000000000000, 1.000000000000000000 ) ) ;
#1117 = AXIS2_PLACEMENT_3D ( 'NONE', #2333, #4397, #4833 ) ;
#1118 = CARTESIAN_POINT ( 'NONE',  ( -28.57999013744986883, 27.53751450516924848, -71.00001250000001107 ) ) ;
#1119 = ORIENTED_EDGE ( 'NONE', *, *, #1749, .F. ) ;
#1120 = CARTESIAN_POINT ( 'NONE',  ( 30.23262448389574075, 27.24714692436770136, 20.53955778290666956 ) ) ;
#1121 = VECTOR ( 'NONE', #4249, 1000.000000000000000 ) ;
#1122 = CARTESIAN_POINT ( 'NONE',  ( 21.43262448389567254, 22.53751450516924848, -76.00001250000002528 ) ) ;
#1123 = ORIENTED_EDGE ( 'NONE', *, *, #4120, .F. ) ;
#1124 = PERSON_AND_ORGANIZATION ( #4488, #3878 ) ;
#1125 = LINE ( 'NONE', #3164, #3258 ) ;
#1126 = CIRCLE ( 'NONE', #5619, 6.290367580801543568 ) ;
#1127 = CARTESIAN_POINT ( 'NONE',  ( -94.57999013744984040, 21.53751450516924848, -87.00001250000001107 ) ) ;
#1128 = ORIENTED_EDGE ( 'NONE', *, *, #2597, .T. ) ;
#1129 = ADVANCED_FACE ( 'NONE', ( #918 ), #1952, .F. ) ;
#1130 = DIRECTION ( 'NONE',  ( 0.000000000000000000, -1.000000000000000000, 0.000000000000000000 ) ) ;
#1131 = EDGE_CURVE ( 'NONE', #1889, #6437, #1052, .T. ) ;
#1132 = CARTESIAN_POINT ( 'NONE',  ( 18.63262448389571446, 35.53751450516924848, -71.00001250000001107 ) ) ;
#1133 = ORIENTED_EDGE ( 'NONE', *, *, #5154, .T. ) ;
#1134 = VECTOR ( 'NONE', #1724, 1000.000000000000000 ) ;
#1135 = PLANE ( 'NONE',  #60 ) ;
#1136 = ORIENTED_EDGE ( 'NONE', *, *, #5499, .F. ) ;
#1137 = VERTEX_POINT ( 'NONE', #2988 ) ;
#1138 = CARTESIAN_POINT ( 'NONE',  ( -74.57999013744984040, 27.53751450516924848, 34.99998749999998182 ) ) ;
#1139 = DIRECTION ( 'NONE',  ( 0.000000000000000000, 1.000000000000000000, -0.000000000000000000 ) ) ;
#1140 = VECTOR ( 'NONE', #1189, 1000.000000000000000 ) ;
#1141 = CARTESIAN_POINT ( 'NONE',  ( -0.5673755161043070316, 27.53751450516924848, 34.99998749999998182 ) ) ;
#1142 = FACE_OUTER_BOUND ( 'NONE', #4311, .T. ) ;
#1143 = ORIENTED_EDGE ( 'NONE', *, *, #6438, .F. ) ;
#1144 = DIRECTION ( 'NONE',  ( 0.000000000000000000, 0.000000000000000000, 1.000000000000000000 ) ) ;
#1145 = VECTOR ( 'NONE', #5107, 1000.000000000000000 ) ;
#1146 = ORIENTED_EDGE ( 'NONE', *, *, #6197, .T. ) ;
#1147 = CIRCLE ( 'NONE', #3809, 6.290367580801543568 ) ;
#1148 = AXIS2_PLACEMENT_3D ( 'NONE', #6421, #3342, #5856 ) ;
#1149 = ORIENTED_EDGE ( 'NONE', *, *, #913, .F. ) ;
#1150 = CARTESIAN_POINT ( 'NONE',  ( 29.43262448389566543, 27.53751450516924848, 34.99998749999998182 ) ) ;
#1151 = DIRECTION ( 'NONE',  ( 0.000000000000000000, 0.000000000000000000, 1.000000000000000000 ) ) ;
#1152 = AXIS2_PLACEMENT_3D ( 'NONE', #4442, #2543, #971 ) ;
#1153 = ORIENTED_EDGE ( 'NONE', *, *, #6195, .T. ) ;
#1154 = CARTESIAN_POINT ( 'NONE',  ( -94.57999013744984040, 27.53751450516924848, -71.00001250000001107 ) ) ;
#1155 = ADVANCED_FACE ( 'NONE', ( #4524 ), #3957, .F. ) ;
#1156 = LINE ( 'NONE', #2291, #3597 ) ;
#1157 = AXIS2_PLACEMENT_3D ( 'NONE', #640, #2682, #4717 ) ;
#1158 = ORIENTED_EDGE ( 'NONE', *, *, #178, .F. ) ;
#1159 = LINE ( 'NONE', #119, #608 ) ;
#1160 = CARTESIAN_POINT ( 'NONE',  ( 30.42000986255016670, 23.53751450516924493, -86.00001250000001107 ) ) ;
#1161 = ORIENTED_EDGE ( 'NONE', *, *, #769, .T. ) ;
#1162 = CARTESIAN_POINT ( 'NONE',  ( 10.23262448389572477, 33.53751450516924137, -71.00001250000001107 ) ) ;
#1163 = EDGE_CURVE ( 'NONE', #2135, #3052, #1988, .T. ) ;
#1164 = DIRECTION ( 'NONE',  ( -1.000000000000000000, 0.000000000000000000, 0.000000000000000000 ) ) ;
#1165 = ORIENTED_EDGE ( 'NONE', *, *, #5809, .T. ) ;
#1166 = CARTESIAN_POINT ( 'NONE',  ( -77.76737551610423793, 22.53751450516924848, -71.00001250000001107 ) ) ;
#1167 = CARTESIAN_POINT ( 'NONE',  ( -74.57999013744984040, 27.53751450516924848, 68.99998750000000314 ) ) ;
#1168 = ORIENTED_EDGE ( 'NONE', *, *, #2667, .T. ) ;
#1169 = CARTESIAN_POINT ( 'NONE',  ( -44.56737551610429193, 22.53751450516924848, -71.00001250000001107 ) ) ;
#1170 = EDGE_CURVE ( 'NONE', #4729, #4080, #2725, .T. ) ;
#1171 = ORIENTED_EDGE ( 'NONE', *, *, #4154, .F. ) ;
#1172 = EDGE_LOOP ( 'NONE', ( #3207, #5602, #4907, #3032, #4246, #472, #2785 ) ) ;
#1173 = CARTESIAN_POINT ( 'NONE',  ( 30.23262448389574075, 21.53751450516924493, 31.87504012110299811 ) ) ;
#1174 = CARTESIAN_POINT ( 'NONE',  ( 15.42000986255011341, 21.53751450516924848, 34.99998749999998182 ) ) ;
#1175 = LINE ( 'NONE', #1643, #2298 ) ;
#1176 = FACE_OUTER_BOUND ( 'NONE', #2778, .T. ) ;
#1177 = ORIENTED_EDGE ( 'NONE', *, *, #2182, .F. ) ;
#1178 = DIRECTION ( 'NONE',  ( 0.000000000000000000, 0.000000000000000000, 1.000000000000000000 ) ) ;
#1179 = ORIENTED_EDGE ( 'NONE', *, *, #6100, .T. ) ;
#1180 = EDGE_CURVE ( 'NONE', #4368, #2148, #4615, .T. ) ;
#1181 = EDGE_LOOP ( 'NONE', ( #6226, #4734, #3816, #4002 ) ) ;
#1182 = EDGE_CURVE ( 'NONE', #5036, #3450, #6447, .T. ) ;
#1183 = CARTESIAN_POINT ( 'NONE',  ( -3.367375516104276212, 35.53751450516924848, -71.00001250000001107 ) ) ;
#1184 = PLANE ( 'NONE',  #162 ) ;
#1185 = CARTESIAN_POINT ( 'NONE',  ( -67.76766893669704928, 31.93975109016790270, 26.41421418141601052 ) ) ;
#1186 = ORIENTED_EDGE ( 'NONE', *, *, #499, .F. ) ;
#1187 = CARTESIAN_POINT ( 'NONE',  ( 57.42000986255015249, 27.53751450516924848, 68.99998750000000314 ) ) ;
#1188 = CIRCLE ( 'NONE', #3106, 2.250000000000001776 ) ;
#1189 = DIRECTION ( 'NONE',  ( 1.000000000000000000, 0.000000000000000000, 0.000000000000000000 ) ) ;
#1190 = LINE ( 'NONE', #5770, #610 ) ;
#1191 = DIRECTION ( 'NONE',  ( 1.046228324057669360E-16, 0.000000000000000000, 1.000000000000000000 ) ) ;
#1192 = ADVANCED_FACE ( 'NONE', ( #2954 ), #4995, .F. ) ;
#1193 = ORIENTED_EDGE ( 'NONE', *, *, #4419, .T. ) ;
#1194 = AXIS2_PLACEMENT_3D ( 'NONE', #680, #6262, #1144 ) ;
#1195 = DIRECTION ( 'NONE',  ( -0.000000000000000000, -0.000000000000000000, -1.000000000000000000 ) ) ;
#1196 = CARTESIAN_POINT ( 'NONE',  ( -94.57999013744984040, 21.53751450516924848, 34.99998749999998182 ) ) ;
#1197 = AXIS2_PLACEMENT_3D ( 'NONE', #2707, #5141, #101 ) ;
#1198 = ORIENTED_EDGE ( 'NONE', *, *, #261, .F. ) ;
#1199 = FACE_OUTER_BOUND ( 'NONE', #5677, .T. ) ;
#1200 = DIRECTION ( 'NONE',  ( 1.000000000000000000, 0.000000000000000000, 0.000000000000000000 ) ) ;
#1201 = ORIENTED_EDGE ( 'NONE', *, *, #2966, .F. ) ;
#1202 = CARTESIAN_POINT ( 'NONE',  ( -79.76737551610423793, 35.53751450516924848, -71.00001250000001107 ) ) ;
#1203 = AXIS2_PLACEMENT_3D ( 'NONE', #2205, #6287, #1364 ) ;
#1204 = ORIENTED_EDGE ( 'NONE', *, *, #3060, .F. ) ;
#1205 = ORIENTED_EDGE ( 'NONE', *, *, #5957, .T. ) ;
#1206 = FACE_OUTER_BOUND ( 'NONE', #4815, .T. ) ;
#1207 = CARTESIAN_POINT ( 'NONE',  ( -11.76737551610423971, 21.53751450516924493, 32.81307518293911585 ) ) ;
#1208 = CARTESIAN_POINT ( 'NONE',  ( 20.63262448389573223, 14.59933898094340421, 34.23368438735381147 ) ) ;
#1209 = EDGE_CURVE ( 'NONE', #6261, #4313, #6133, .T. ) ;
#1210 = ORIENTED_EDGE ( 'NONE', *, *, #6202, .F. ) ;
#1211 = CARTESIAN_POINT ( 'NONE',  ( -30.57999013744987238, 21.53751450516924848, -76.00001250000002528 ) ) ;
#1212 = ORIENTED_EDGE ( 'NONE', *, *, #3640, .T. ) ;
#1213 = ORIENTED_EDGE ( 'NONE', *, *, #67, .T. ) ;
#1214 = SECURITY_CLASSIFICATION ( '', '', #4972 ) ;
#1215 = ORIENTED_EDGE ( 'NONE', *, *, #3763, .T. ) ;
#1216 = DIRECTION ( 'NONE',  ( 0.000000000000000000, 1.000000000000000000, 0.000000000000000000 ) ) ;
#1217 = DIRECTION ( 'NONE',  ( 0.000000000000000000, 1.000000000000000000, -0.000000000000000000 ) ) ;
#1218 = CYLINDRICAL_SURFACE ( 'NONE', #2331, 2.250000000000001776 ) ;
#1219 = EDGE_CURVE ( 'NONE', #5, #3555, #990, .T. ) ;
#1220 = EDGE_CURVE ( 'NONE', #5537, #3752, #1556, .T. ) ;
#1221 = VERTEX_POINT ( 'NONE', #4491 ) ;
#1222 = DIRECTION ( 'NONE',  ( 0.000000000000000000, -0.000000000000000000, 1.000000000000000000 ) ) ;
#1223 = LINE ( 'NONE', #1757, #2318 ) ;
#1224 = LINE ( 'NONE', #2827, #1895 ) ;
#1225 = ORIENTED_EDGE ( 'NONE', *, *, #3787, .F. ) ;
#1226 = AXIS2_PLACEMENT_3D ( 'NONE', #3632, #2165, #2631 ) ;
#1227 = DIRECTION ( 'NONE',  ( -1.000000000000000000, 0.000000000000000000, -0.000000000000000000 ) ) ;
#1228 = DIRECTION ( 'NONE',  ( -0.000000000000000000, -0.000000000000000000, 1.000000000000000000 ) ) ;
#1229 = AXIS2_PLACEMENT_3D ( 'NONE', #4146, #2611, #2650 ) ;
#1230 = ORIENTED_EDGE ( 'NONE', *, *, #6348, .F. ) ;
#1231 = DIRECTION ( 'NONE',  ( 1.296989514749014917E-16, 0.000000000000000000, 1.000000000000000000 ) ) ;
#1232 = CARTESIAN_POINT ( 'NONE',  ( 21.43262448389567254, 21.53751450516924848, -76.00001250000002528 ) ) ;
#1233 = ORIENTED_EDGE ( 'NONE', *, *, #3788, .F. ) ;
#1234 = CARTESIAN_POINT ( 'NONE',  ( -30.57999013744987238, 27.53751450516924848, -71.00001250000001107 ) ) ;
#1235 = VECTOR ( 'NONE', #3209, 1000.000000000000000 ) ;
#1236 = EDGE_LOOP ( 'NONE', ( #1894, #2128, #366, #2558 ) ) ;
#1237 = ADVANCED_FACE ( 'NONE', ( #3990 ), #6031, .F. ) ;
#1238 = FACE_OUTER_BOUND ( 'NONE', #244, .T. ) ;
#1239 = DIRECTION ( 'NONE',  ( -1.000000000000000000, 0.000000000000000000, 0.000000000000000000 ) ) ;
#1240 = CIRCLE ( 'NONE', #5080, 1.000000000000000888 ) ;
#1241 = AXIS2_PLACEMENT_3D ( 'NONE', #4737, #5202, #160 ) ;
#1242 = DIRECTION ( 'NONE',  ( -0.000000000000000000, 1.000000000000000000, -0.000000000000000000 ) ) ;
#1243 = DIRECTION ( 'NONE',  ( 1.000000000000000000, 0.000000000000000000, -0.000000000000000000 ) ) ;
#1244 = ORIENTED_EDGE ( 'NONE', *, *, #555, .F. ) ;
#1245 = CARTESIAN_POINT ( 'NONE',  ( -47.36737551610425356, 22.53751450516924848, -76.00001250000002528 ) ) ;
#1246 = ORIENTED_EDGE ( 'NONE', *, *, #2530, .F. ) ;
#1247 = EDGE_LOOP ( 'NONE', ( #4630, #2141 ) ) ;
#1248 = AXIS2_PLACEMENT_3D ( 'NONE', #1154, #1655, #3228 ) ;
#1249 = CARTESIAN_POINT ( 'NONE',  ( -93.57999013744984040, 26.53751450516924493, -76.00001250000002528 ) ) ;
#1250 = FACE_OUTER_BOUND ( 'NONE', #3579, .T. ) ;
#1251 = CYLINDRICAL_SURFACE ( 'NONE', #1483, 2.000000000000001776 ) ;
#1253 = ORIENTED_EDGE ( 'NONE', *, *, #1671, .T. ) ;
#1252 = VECTOR ( 'NONE', #523, 1000.000000000000000 ) ;
#1254 = CARTESIAN_POINT ( 'NONE',  ( 40.63262448389571091, 22.53751450516924848, -71.00001250000001107 ) ) ;
#1255 = ADVANCED_FACE ( 'NONE', ( #3147 ), #45, .T. ) ;
#1256 = B_SPLINE_CURVE_WITH_KNOTS ( 'NONE', 3,
 ( #1084, #3624, #485, #6232, #4694, #3119, #6168, #2529, #3058, #3688, #5632, #6198, #4625, #4122 ),
 .UNSPECIFIED., .F., .F.,
 ( 4, 2, 2, 2, 2, 2, 4 ),
 ( 0.000000000000000000, 0.0003914435603716340771, 0.0007828871207432681542, 0.001174330681114902231, 0.001565774241486536308, 0.002348661362229827448, 0.003131548482973118587 ),
 .UNSPECIFIED. ) ;
#1257 = ADVANCED_FACE ( 'NONE', ( #2149 ), #5692, .F. ) ;
#1258 = AXIS2_PLACEMENT_3D ( 'NONE', #5885, #6395, #6324 ) ;
#1259 = DIRECTION ( 'NONE',  ( 0.000000000000000000, 0.000000000000000000, -1.000000000000000000 ) ) ;
#1260 = LINE ( 'NONE', #1288, #2758 ) ;
#1261 = EDGE_LOOP ( 'NONE', ( #105, #2587, #2621, #4306 ) ) ;
#1262 = CARTESIAN_POINT ( 'NONE',  ( -28.57999013744984396, 25.53751450516925203, 70.99998750000000314 ) ) ;
#1263 = EDGE_CURVE ( 'NONE', #2249, #4371, #5447, .T. ) ;
#1264 = AXIS2_PLACEMENT_3D ( 'NONE', #3677, #3716, #4210 ) ;
#1265 = LINE ( 'NONE', #6414, #2212 ) ;
#1266 = ORIENTED_EDGE ( 'NONE', *, *, #5973, .F. ) ;
#1267 = LINE ( 'NONE', #5310, #5777 ) ;
#1268 = PLANE ( 'NONE',  #4935 ) ;
#1269 = VERTEX_POINT ( 'NONE', #1689 ) ;
#1270 = CARTESIAN_POINT ( 'NONE',  ( -57.76737551610424504, 33.53751450516924137, 35.99998749999998182 ) ) ;
#1271 = VERTEX_POINT ( 'NONE', #6194 ) ;
#1272 = CARTESIAN_POINT ( 'NONE',  ( -4.579990137449835075, 23.53751450516924493, -82.50001250000001107 ) ) ;
#1273 = DIRECTION ( 'NONE',  ( 0.000000000000000000, 0.000000000000000000, -1.000000000000000000 ) ) ;
#1274 = DIRECTION ( 'NONE',  ( -0.000000000000000000, 1.000000000000000000, -0.000000000000000000 ) ) ;
#1275 = DIRECTION ( 'NONE',  ( 0.000000000000000000, 0.000000000000000000, -1.000000000000000000 ) ) ;
#1276 = ORIENTED_EDGE ( 'NONE', *, *, #2229, .F. ) ;
#1277 = CARTESIAN_POINT ( 'NONE',  ( -52.57999013744984751, 26.53751450516924848, 70.99998750000000314 ) ) ;
#1278 = EDGE_CURVE ( 'NONE', #1090, #1559, #4121, .T. ) ;
#1280 = EDGE_CURVE ( 'NONE', #2423, #4781, #6167, .T. ) ;
#1279 = ORIENTED_EDGE ( 'NONE', *, *, #2889, .F. ) ;
#1281 = EDGE_LOOP ( 'NONE', ( #3401, #5066, #4786, #3187, #4616 ) ) ;
#1282 = CARTESIAN_POINT ( 'NONE',  ( -30.57999013744984396, 25.53751450516925203, 69.99998750000000314 ) ) ;
#1283 = CARTESIAN_POINT ( 'NONE',  ( -79.76737551610423793, 31.25785105076080939, 25.38548150415243043 ) ) ;
#1285 = EDGE_CURVE ( 'NONE', #422, #296, #2123, .T. ) ;
#1284 = ORIENTED_EDGE ( 'NONE', *, *, #1056, .T. ) ;
#1286 = FACE_BOUND ( 'NONE', #5607, .T. ) ;
#1287 = CARTESIAN_POINT ( 'NONE',  ( 37.42000986255010275, 27.53751450516924848, 34.99998749999998182 ) ) ;
#1288 = CARTESIAN_POINT ( 'NONE',  ( -72.57999013744984040, 27.53751450516924848, 68.99998750000000314 ) ) ;
#1290 = EDGE_CURVE ( 'NONE', #6492, #3611, #6301, .T. ) ;
#1289 = VERTEX_POINT ( 'NONE', #4725 ) ;
#1291 = CARTESIAN_POINT ( 'NONE',  ( -87.57999013744984040, 22.33751450516924564, -82.50001250000001107 ) ) ;
#1292 = DIRECTION ( 'NONE',  ( 2.593979029498029835E-16, -0.000000000000000000, 1.000000000000000000 ) ) ;
#1293 = ORIENTED_EDGE ( 'NONE', *, *, #5261, .T. ) ;
#1294 = VECTOR ( 'NONE', #5879, 1000.000000000000000 ) ;
#1295 = CARTESIAN_POINT ( 'NONE',  ( -50.57999013744984751, 25.53751450516925203, 70.99998750000000314 ) ) ;
#1296 = EDGE_CURVE ( 'NONE', #30, #5956, #4759, .T. ) ;
#1297 = LINE ( 'NONE', #5370, #3988 ) ;
#1298 = ORIENTED_EDGE ( 'NONE', *, *, #313, .F. ) ;
#1299 = CARTESIAN_POINT ( 'NONE',  ( 56.42000986255003880, 21.53751450516924848, -77.00001250000002528 ) ) ;
#1300 = ORIENTED_EDGE ( 'NONE', *, *, #3015, .T. ) ;
#1301 = VECTOR ( 'NONE', #6563, 1000.000000000000000 ) ;
#1302 = CARTESIAN_POINT ( 'NONE',  ( -47.36737551610425356, 35.53751450516924848, -71.00001250000001107 ) ) ;
#1303 = CIRCLE ( 'NONE', #5041, 3.500000000000003109 ) ;
#1304 = DIRECTION ( 'NONE',  ( -1.000000000000000000, -0.000000000000000000, 1.982541115402065110E-16 ) ) ;
#1305 = FACE_OUTER_BOUND ( 'NONE', #3880, .T. ) ;
#1306 = FACE_OUTER_BOUND ( 'NONE', #1627, .T. ) ;
#1307 = ORIENTED_EDGE ( 'NONE', *, *, #5703, .T. ) ;
#1308 = DIRECTION ( 'NONE',  ( -0.000000000000000000, -0.8831515563230876165, 0.4690877621129207475 ) ) ;
#1309 = ORIENTED_EDGE ( 'NONE', *, *, #748, .T. ) ;
#1310 = ORIENTED_EDGE ( 'NONE', *, *, #1460, .T. ) ;
#1311 = DIRECTION ( 'NONE',  ( -0.000000000000000000, -0.000000000000000000, -1.000000000000000000 ) ) ;
#1312 = EDGE_CURVE ( 'NONE', #5545, #6411, #4152, .T. ) ;
#1313 = DIRECTION ( 'NONE',  ( 1.000000000000000000, 0.000000000000000000, -1.982541115402065110E-16 ) ) ;
#1314 = CARTESIAN_POINT ( 'NONE',  ( 7.432624483895685863, 27.53751450516924848, 34.99998749999998182 ) ) ;
#1315 = DIRECTION ( 'NONE',  ( -0.000000000000000000, -0.000000000000000000, -1.000000000000000000 ) ) ;
#1316 = ORIENTED_EDGE ( 'NONE', *, *, #1410, .F. ) ;
#1317 = DIRECTION ( 'NONE',  ( 0.000000000000000000, 0.000000000000000000, -1.000000000000000000 ) ) ;
#1318 = ADVANCED_FACE ( 'NONE', ( #5798 ), #5660, .T. ) ;
#1319 = CARTESIAN_POINT ( 'NONE',  ( 35.42000986255013117, 21.53751450516924848, 68.99998749999988945 ) ) ;
#1320 = ORIENTED_EDGE ( 'NONE', *, *, #1691, .F. ) ;
#1321 = CARTESIAN_POINT ( 'NONE',  ( -58.56737551610429193, 27.53751450516924848, 68.99998750000000314 ) ) ;
#1322 = EDGE_CURVE ( 'NONE', #2078, #4283, #6230, .T. ) ;
#1323 = CARTESIAN_POINT ( 'NONE',  ( 13.42000986255015249, 27.53751450516924848, 68.99998750000000314 ) ) ;
#1324 = AXIS2_PLACEMENT_3D ( 'NONE', #3467, #5582, #2972 ) ;
#1325 = VERTEX_POINT ( 'NONE', #1082 ) ;
#1326 = FACE_OUTER_BOUND ( 'NONE', #143, .T. ) ;
#1327 = CARTESIAN_POINT ( 'NONE',  ( -56.28587955490987582, 32.32848277886302668, 27.00898926833108860 ) ) ;
#1328 = ORIENTED_EDGE ( 'NONE', *, *, #2191, .T. ) ;
#1329 = FACE_OUTER_BOUND ( 'NONE', #3944, .T. ) ;
#1330 = AXIS2_PLACEMENT_3D ( 'NONE', #3445, #5452, #3885 ) ;
#1331 = EDGE_CURVE ( 'NONE', #3370, #369, #1303, .T. ) ;
#1332 = CARTESIAN_POINT ( 'NONE',  ( 37.42000986255013117, 27.53751450516924848, 68.99998750000000314 ) ) ;
#1333 = EDGE_CURVE ( 'NONE', #4581, #3656, #5153, .T. ) ;
#1334 = LINE ( 'NONE', #5915, #6595 ) ;
#1335 = EDGE_CURVE ( 'NONE', #2678, #542, #3190, .T. ) ;
#1336 = CARTESIAN_POINT ( 'NONE',  ( 56.42000986255003880, 27.53751450516924493, -76.00001250000002528 ) ) ;
#1337 = CARTESIAN_POINT ( 'NONE',  ( -52.57999013744984751, 27.53751450516924848, 68.99998750000000314 ) ) ;
#1338 = ORIENTED_EDGE ( 'NONE', *, *, #2765, .F. ) ;
#1339 = CARTESIAN_POINT ( 'NONE',  ( 56.42000986255003880, 27.53751450516924493, -88.00001250000001107 ) ) ;
#1340 = CIRCLE ( 'NONE', #700, 1.000000000000000888 ) ;
#1341 = ORIENTED_EDGE ( 'NONE', *, *, #1437, .T. ) ;
#1342 = VERTEX_POINT ( 'NONE', #2618 ) ;
#1343 = CIRCLE ( 'NONE', #5936, 3.500000000000003109 ) ;
#1344 = DIRECTION ( 'NONE',  ( -0.000000000000000000, 1.000000000000000000, -0.000000000000000000 ) ) ;
#1345 = CIRCLE ( 'NONE', #3155, 2.250000000000001776 ) ;
#1346 = FACE_OUTER_BOUND ( 'NONE', #471, .T. ) ;
#1347 = CARTESIAN_POINT ( 'NONE',  ( 19.52071270101046707, 32.25219289250070176, 26.89187534081955988 ) ) ;
#1348 = DIRECTION ( 'NONE',  ( -1.296989514749014917E-16, 0.000000000000000000, -1.000000000000000000 ) ) ;
#1349 = VERTEX_POINT ( 'NONE', #1183 ) ;
#1350 = CARTESIAN_POINT ( 'NONE',  ( -39.57999013744984040, 21.53751450516924848, -82.50001250000001107 ) ) ;
#1351 = VECTOR ( 'NONE', #4092, 999.9999999999998863 ) ;
#1352 = FACE_OUTER_BOUND ( 'NONE', #2547, .T. ) ;
#1353 = FACE_OUTER_BOUND ( 'NONE', #5218, .T. ) ;
#1354 = CIRCLE ( 'NONE', #1461, 1.000000000000000888 ) ;
#1355 = EDGE_LOOP ( 'NONE', ( #4380, #5016, #3599, #1676 ) ) ;
#1356 = ADVANCED_FACE ( 'NONE', ( #3223 ), #1720, .T. ) ;
#1357 = CARTESIAN_POINT ( 'NONE',  ( -12.28587955490987227, 32.32848277886302668, 27.00898926833108149 ) ) ;
#1358 = CIRCLE ( 'NONE', #2856, 2.000000000000000000 ) ;
#1359 = CIRCLE ( 'NONE', #5633, 2.250000000000001776 ) ;
#1360 = B_SPLINE_CURVE_WITH_KNOTS ( 'NONE', 3,
 ( #2554, #1013, #5121, #6130, #4019, #4054, #4650, #4085, #1519, #5150, #3553, #5058, #478, #3086 ),
 .UNSPECIFIED., .F., .F.,
 ( 4, 2, 2, 2, 2, 2, 4 ),
 ( 0.000000000000000000, 0.0003914435603716398234, 0.0007828871207432796468, 0.001174330681114919362, 0.001565774241486559294, 0.002348661362229846963, 0.003131548482973135067 ),
 .UNSPECIFIED. ) ;
#1361 = CYLINDRICAL_SURFACE ( 'NONE', #6164, 1.999999999999998446 ) ;
#1362 = VERTEX_POINT ( 'NONE', #2220 ) ;
#1363 = LINE ( 'NONE', #3902, #1513 ) ;
#1364 = DIRECTION ( 'NONE',  ( 0.000000000000000000, 0.000000000000000000, -1.000000000000000000 ) ) ;
#1365 = VERTEX_POINT ( 'NONE', #1282 ) ;
#1366 = EDGE_CURVE ( 'NONE', #1081, #1653, #5960, .T. ) ;
#1367 = DIRECTION ( 'NONE',  ( -0.000000000000000000, 1.000000000000000000, -0.000000000000000000 ) ) ;
#1368 = AXIS2_PLACEMENT_3D ( 'NONE', #5022, #443, #4084 ) ;
#1369 = DIRECTION ( 'NONE',  ( -0.000000000000000000, -1.000000000000000000, -0.000000000000000000 ) ) ;
#1370 = CARTESIAN_POINT ( 'NONE',  ( -87.57999013744984040, 21.53751450516924848, -81.93143608588042071 ) ) ;
#1371 = CARTESIAN_POINT ( 'NONE',  ( -8.579990137449838628, 21.53751450516924848, 68.99998750000000314 ) ) ;
#1372 = EDGE_LOOP ( 'NONE', ( #4992, #1225 ) ) ;
#1373 = LINE ( 'NONE', #3881, #993 ) ;
#1374 = VERTEX_POINT ( 'NONE', #3412 ) ;
#1375 = EDGE_CURVE ( 'NONE', #2170, #5540, #5354, .T. ) ;
#1376 = ORIENTED_EDGE ( 'NONE', *, *, #3827, .T. ) ;
#1377 = ORIENTED_EDGE ( 'NONE', *, *, #386, .F. ) ;
#1378 = DIRECTION ( 'NONE',  ( -0.000000000000000000, -0.000000000000000000, 1.000000000000000000 ) ) ;
#1379 = DIRECTION ( 'NONE',  ( 0.000000000000000000, 0.000000000000000000, 1.000000000000000000 ) ) ;
#1380 = DIRECTION ( 'NONE',  ( 1.000000000000000000, 0.000000000000000000, 0.000000000000000000 ) ) ;
#1381 = CARTESIAN_POINT ( 'NONE',  ( 56.42000986255003880, 26.53751450516924493, -88.00001250000001107 ) ) ;
#1382 = EDGE_LOOP ( 'NONE', ( #1433, #6600, #5373, #967 ) ) ;
#1383 = EDGE_CURVE ( 'NONE', #5000, #6020, #215, .T. ) ;
#1384 = DIRECTION ( 'NONE',  ( 0.000000000000000000, 1.000000000000000000, -0.000000000000000000 ) ) ;
#1385 = EDGE_CURVE ( 'NONE', #1374, #5228, #3782, .T. ) ;
#1386 = ORIENTED_EDGE ( 'NONE', *, *, #2237, .F. ) ;
#1387 = LINE ( 'NONE', #420, #3172 ) ;
#1388 = CARTESIAN_POINT ( 'NONE',  ( -57.76737551610425214, 35.53751450516924848, -71.00001250000001107 ) ) ;
#1389 = ORIENTED_EDGE ( 'NONE', *, *, #1385, .T. ) ;
#1390 = PLANE ( 'NONE',  #3594 ) ;
#1391 = DIRECTION ( 'NONE',  ( -8.163404592832028049E-16, 0.000000000000000000, -1.000000000000000000 ) ) ;
#1392 = VERTEX_POINT ( 'NONE', #6335 ) ;
#1393 = EDGE_CURVE ( 'NONE', #6241, #2608, #6463, .T. ) ;
#1394 = DIRECTION ( 'NONE',  ( 1.000000000000000000, 0.000000000000000000, -0.000000000000000000 ) ) ;
#1395 = DATE_AND_TIME ( #4535, #683 ) ;
#1396 = ORIENTED_EDGE ( 'NONE', *, *, #5278, .T. ) ;
#1397 = DIRECTION ( 'NONE',  ( -0.000000000000000000, 0.4690877621129207475, 0.8831515563230877275 ) ) ;
#1398 = CARTESIAN_POINT ( 'NONE',  ( -94.57999013744984040, 27.53751450516924848, 34.99998749999998182 ) ) ;
#1399 = VECTOR ( 'NONE', #33, 1000.000000000000000 ) ;
#1400 = CARTESIAN_POINT ( 'NONE',  ( -13.76737551610424148, 21.53751450516924493, 30.54845821467287692 ) ) ;
#1401 = PLANE ( 'NONE',  #6315 ) ;
#1402 = DESIGN_CONTEXT ( 'detailed design', #1986, 'design' ) ;
#1403 = ORIENTED_EDGE ( 'NONE', *, *, #5510, .F. ) ;
#1404 = DIRECTION ( 'NONE',  ( 1.000000000000000000, 0.000000000000000000, 0.000000000000000000 ) ) ;
#1405 = ORIENTED_EDGE ( 'NONE', *, *, #3665, .F. ) ;
#1406 = VECTOR ( 'NONE', #4486, 1000.000000000000000 ) ;
#1407 = ORIENTED_EDGE ( 'NONE', *, *, #6428, .T. ) ;
#1408 = ORIENTED_EDGE ( 'NONE', *, *, #3615, .T. ) ;
#1409 = CARTESIAN_POINT ( 'NONE',  ( -11.76737551610426635, 21.53751450516924848, -69.00001250000001107 ) ) ;
#1410 = EDGE_CURVE ( 'NONE', #6092, #797, #2383, .T. ) ;
#1411 = AXIS2_PLACEMENT_3D ( 'NONE', #3648, #1108, #4787 ) ;
#1412 = LINE ( 'NONE', #376, #3362 ) ;
#1413 = CARTESIAN_POINT ( 'NONE',  ( 19.95594058518827651, 32.09212492622222612, 26.64678608497180434 ) ) ;
#1414 = DIRECTION ( 'NONE',  ( -8.163404592832028049E-16, 0.000000000000000000, -1.000000000000000000 ) ) ;
#1415 = ORIENTED_EDGE ( 'NONE', *, *, #6372, .T. ) ;
#1416 = CARTESIAN_POINT ( 'NONE',  ( 7.432624483895685863, 22.53751450516924848, -71.00001250000001107 ) ) ;
#1417 = VERTEX_POINT ( 'NONE', #6368 ) ;
#1418 = CARTESIAN_POINT ( 'NONE',  ( -57.76737551610425214, 34.70908738042305686, -70.17158537525382656 ) ) ;
#1419 = EDGE_CURVE ( 'NONE', #3981, #3054, #4418, .T. ) ;
#1420 = DIRECTION ( 'NONE',  ( 0.000000000000000000, 0.000000000000000000, -1.000000000000000000 ) ) ;
#1421 = CARTESIAN_POINT ( 'NONE',  ( 9.229607439098090893, 32.21842978543089231, 26.84009736096994203 ) ) ;
#1422 = ORIENTED_EDGE ( 'NONE', *, *, #4772, .T. ) ;
#1423 = DIRECTION ( 'NONE',  ( 0.000000000000000000, 0.000000000000000000, 1.000000000000000000 ) ) ;
#1424 = CARTESIAN_POINT ( 'NONE',  ( -30.57999013744984396, 26.53751450516924848, 69.99998750000000314 ) ) ;
#1425 = ORIENTED_EDGE ( 'NONE', *, *, #5916, .F. ) ;
#1426 = CARTESIAN_POINT ( 'NONE',  ( 43.43262448389566543, 21.53751450516924848, 68.99998750000004577 ) ) ;
#1427 = LINE ( 'NONE', #3430, #5804 ) ;
#1428 = ORIENTED_EDGE ( 'NONE', *, *, #1280, .T. ) ;
#1429 = DIRECTION ( 'NONE',  ( 1.000000000000000000, 0.000000000000000000, -2.593979029498029835E-16 ) ) ;
#1430 = DIRECTION ( 'NONE',  ( -0.000000000000000000, -0.000000000000000000, 1.000000000000000000 ) ) ;
#1431 = CARTESIAN_POINT ( 'NONE',  ( 32.23262448389571944, 21.53751450516924848, -76.00001250000002528 ) ) ;
#1432 = LINE ( 'NONE', #5513, #5891 ) ;
#1433 = ORIENTED_EDGE ( 'NONE', *, *, #274, .F. ) ;
#1434 = AXIS2_PLACEMENT_3D ( 'NONE', #235, #6550, #399 ) ;
#1435 = CARTESIAN_POINT ( 'NONE',  ( 0.000000000000000000, 23.53751450516924493, 0.000000000000000000 ) ) ;
#1436 = ORIENTED_EDGE ( 'NONE', *, *, #3296, .T. ) ;
#1437 = EDGE_CURVE ( 'NONE', #2062, #4024, #884, .T. ) ;
#1438 = VECTOR ( 'NONE', #5905, 1000.000000000000000 ) ;
#1439 = EDGE_CURVE ( 'NONE', #1614, #6067, #312, .T. ) ;
#1440 = ORIENTED_EDGE ( 'NONE', *, *, #6013, .F. ) ;
#1441 = EDGE_LOOP ( 'NONE', ( #2847, #5888, #2930, #2076, #1845, #946, #2046, #5139, #4166 ) ) ;
#1442 = VECTOR ( 'NONE', #3701, 1000.000000000000000 ) ;
#1443 = CARTESIAN_POINT ( 'NONE',  ( -14.56737551610430614, 27.53751450516924848, 34.99998749999998182 ) ) ;
#1444 = CARTESIAN_POINT ( 'NONE',  ( -74.57999013744985461, 27.53751450516924848, 70.99998750000000314 ) ) ;
#1445 = CARTESIAN_POINT ( 'NONE',  ( 40.63262448389571091, 35.53751450516924848, -71.00001250000001107 ) ) ;
#1446 = LINE ( 'NONE', #3482, #5894 ) ;
#1447 = ORIENTED_EDGE ( 'NONE', *, *, #2868, .F. ) ;
#1448 = DIRECTION ( 'NONE',  ( -0.000000000000000000, -0.8831515563230876165, 0.4690877621129207475 ) ) ;
#1449 = EDGE_CURVE ( 'NONE', #5236, #3253, #877, .T. ) ;
#1450 = ORIENTED_EDGE ( 'NONE', *, *, #4996, .T. ) ;
#1451 = AXIS2_PLACEMENT_3D ( 'NONE', #132, #3277, #2747 ) ;
#1452 = DIRECTION ( 'NONE',  ( -0.000000000000000000, -0.000000000000000000, 1.000000000000000000 ) ) ;
#1453 = CARTESIAN_POINT ( 'NONE',  ( 15.42000986255014006, 27.53751450516924848, 68.99998749999991787 ) ) ;
#1454 = CARTESIAN_POINT ( 'NONE',  ( 8.484283125643532486, 31.81675817218730629, 26.22706656814354886 ) ) ;
#1455 = CIRCLE ( 'NONE', #1562, 2.000000000000001776 ) ;
#1457 = ORIENTED_EDGE ( 'NONE', *, *, #4189, .T. ) ;
#1456 = VECTOR ( 'NONE', #3975, 1000.000000000000000 ) ;
#1458 = LINE ( 'NONE', #6509, #1888 ) ;
#1459 = EDGE_CURVE ( 'NONE', #5714, #339, #3819, .T. ) ;
#1460 = EDGE_CURVE ( 'NONE', #3418, #4477, #3371, .T. ) ;
#1461 = AXIS2_PLACEMENT_3D ( 'NONE', #6141, #3598, #1059 ) ;
#1462 = PLANE ( 'NONE',  #5730 ) ;
#1463 = ORIENTED_EDGE ( 'NONE', *, *, #1220, .T. ) ;
#1464 = CARTESIAN_POINT ( 'NONE',  ( 56.23262448389579049, 21.53751450516924848, 32.81307518293911585 ) ) ;
#1465 = AXIS2_PLACEMENT_3D ( 'NONE', #2129, #5641, #5700 ) ;
#1466 = CARTESIAN_POINT ( 'NONE',  ( 7.432624483895685863, 22.53751450516924848, -76.00001250000002528 ) ) ;
#1467 = CALENDAR_DATE ( 2025, 8, 12 ) ;
#1468 = VECTOR ( 'NONE', #5463, 1000.000000000000000 ) ;
#1469 = ORIENTED_EDGE ( 'NONE', *, *, #995, .F. ) ;
#1470 = VECTOR ( 'NONE', #5871, 1000.000000000000000 ) ;
#1471 = DIRECTION ( 'NONE',  ( 0.000000000000000000, 0.000000000000000000, 1.000000000000000000 ) ) ;
#1472 = EDGE_CURVE ( 'NONE', #4048, #1477, #4790, .T. ) ;
#1473 = CARTESIAN_POINT ( 'NONE',  ( -4.579990137449835075, 13.53751450516924493, -84.75001250000001107 ) ) ;
#1474 = CARTESIAN_POINT ( 'NONE',  ( -55.76737551610425214, 35.53751450516924848, -71.00001250000001107 ) ) ;
#1475 = VECTOR ( 'NONE', #5951, 1000.000000000000000 ) ;
#1476 = DIRECTION ( 'NONE',  ( -1.000000000000000000, -0.000000000000000000, -0.000000000000000000 ) ) ;
#1477 = VERTEX_POINT ( 'NONE', #6402 ) ;
#1478 = CARTESIAN_POINT ( 'NONE',  ( -67.36737551610424646, 27.24714692436770136, 20.53955778290666956 ) ) ;
#1479 = ORIENTED_EDGE ( 'NONE', *, *, #796, .F. ) ;
#1480 = VERTEX_POINT ( 'NONE', #3852 ) ;
#1481 = ORIENTED_EDGE ( 'NONE', *, *, #5489, .T. ) ;
#1482 = CARTESIAN_POINT ( 'NONE',  ( -0.5673755161043070316, 21.53751450516924848, 68.99998750000001735 ) ) ;
#1483 = AXIS2_PLACEMENT_3D ( 'NONE', #3292, #747, #4824 ) ;
#1484 = EDGE_CURVE ( 'NONE', #5262, #2718, #4286, .T. ) ;
#1485 = DIRECTION ( 'NONE',  ( -0.000000000000000000, 1.000000000000000000, -0.000000000000000000 ) ) ;
#1486 = DIRECTION ( 'NONE',  ( 1.224510688924804405E-15, -0.000000000000000000, 1.000000000000000000 ) ) ;
#1487 = EDGE_CURVE ( 'NONE', #4622, #726, #1240, .T. ) ;
#1488 = CARTESIAN_POINT ( 'NONE',  ( 56.23262448389579049, 15.53751450516924493, 35.99998749999998182 ) ) ;
#1489 = VERTEX_POINT ( 'NONE', #1249 ) ;
#1490 = FACE_OUTER_BOUND ( 'NONE', #4609, .T. ) ;
#1491 = VERTEX_POINT ( 'NONE', #4820 ) ;
#1492 = DIRECTION ( 'NONE',  ( -1.000000000000000000, 0.000000000000000000, 1.296989514749014917E-16 ) ) ;
#1493 = DIRECTION ( 'NONE',  ( -1.309225264888156377E-16, 0.000000000000000000, 1.000000000000000000 ) ) ;
#1494 = CARTESIAN_POINT ( 'NONE',  ( 8.909308382603207122, 32.09212492622220481, 26.64678608497182566 ) ) ;
#1495 = ADVANCED_FACE ( 'NONE', ( #5893 ), #4383, .T. ) ;
#1496 = ORIENTED_EDGE ( 'NONE', *, *, #3060, .T. ) ;
#1497 = CARTESIAN_POINT ( 'NONE',  ( 8.232624483895751411, 33.53751450516924137, 20.53955778290666956 ) ) ;
#1498 = DIRECTION ( 'NONE',  ( 1.000000000000000000, 0.000000000000000000, 0.000000000000000000 ) ) ;
#1499 = VERTEX_POINT ( 'NONE', #3884 ) ;
#1500 = ADVANCED_FACE ( 'NONE', ( #5925 ), #842, .F. ) ;
#1501 = DIRECTION ( 'NONE',  ( 0.000000000000000000, -1.000000000000000000, 0.000000000000000000 ) ) ;
#1502 = LINE ( 'NONE', #6514, #2047 ) ;
#1503 = APPROVAL_DATE_TIME ( #1000, #759 ) ;
#1504 = CARTESIAN_POINT ( 'NONE',  ( 40.63262448389571801, 32.36351073365042907, 27.06282506210558481 ) ) ;
#1505 = CARTESIAN_POINT ( 'NONE',  ( 8.232624483895722989, 35.53751450516924848, -71.00001250000001107 ) ) ;
#1506 = DIRECTION ( 'NONE',  ( 1.000000000000000000, 0.000000000000000000, 0.000000000000000000 ) ) ;
#1507 = EDGE_CURVE ( 'NONE', #3505, #2748, #4330, .T. ) ;
#1508 = FACE_OUTER_BOUND ( 'NONE', #3925, .T. ) ;
#1509 = VERTEX_POINT ( 'NONE', #1443 ) ;
#1510 = DIRECTION ( 'NONE',  ( 0.000000000000000000, 0.000000000000000000, 1.000000000000000000 ) ) ;
#1511 = ORIENTED_EDGE ( 'NONE', *, *, #5002, .T. ) ;
#1512 = ORIENTED_EDGE ( 'NONE', *, *, #5916, .T. ) ;
#1513 = VECTOR ( 'NONE', #2337, 1000.000000000000000 ) ;
#1514 = VERTEX_POINT ( 'NONE', #873 ) ;
#1515 = CARTESIAN_POINT ( 'NONE',  ( 56.42000986255003880, 22.53751450516924848, -77.00001250000002528 ) ) ;
#1516 = CARTESIAN_POINT ( 'NONE',  ( 15.42000986255014006, 25.53751450516925203, 68.99998750000000314 ) ) ;
#1517 = CARTESIAN_POINT ( 'NONE',  ( 43.43262448389566543, 27.53751450516924848, 34.99998749999998182 ) ) ;
#1518 = AXIS2_PLACEMENT_3D ( 'NONE', #6145, #1568, #5642 ) ;
#1519 = CARTESIAN_POINT ( 'NONE',  ( -2.044059414811715047, 32.09212492622222612, 26.64678608497179013 ) ) ;
#1520 = ORIENTED_EDGE ( 'NONE', *, *, #2647, .F. ) ;
#1521 = ORIENTED_EDGE ( 'NONE', *, *, #3623, .F. ) ;
#1522 = VECTOR ( 'NONE', #4735, 999.9999999999998863 ) ;
#1523 = DIRECTION ( 'NONE',  ( 1.000000000000000000, 0.000000000000000000, -0.000000000000000000 ) ) ;
#1524 = DIRECTION ( 'NONE',  ( -1.000000000000000000, 0.000000000000000000, -0.000000000000000000 ) ) ;
#1525 = AXIS2_PLACEMENT_3D ( 'NONE', #3488, #1617, #82 ) ;
#1526 = DIRECTION ( 'NONE',  ( 1.000000000000000000, 0.000000000000000000, -1.224510688924804405E-15 ) ) ;
#1527 = ORIENTED_EDGE ( 'NONE', *, *, #5077, .F. ) ;
#1528 = AXIS2_PLACEMENT_3D ( 'NONE', #4105, #4476, #2977 ) ;
#1529 = DIRECTION ( 'NONE',  ( -1.000000000000000000, 0.000000000000000000, 1.296989514749014917E-16 ) ) ;
#1530 = ADVANCED_FACE ( 'NONE', ( #4516 ), #6559, .F. ) ;
#1531 = CARTESIAN_POINT ( 'NONE',  ( -3.367375516104276212, 22.53751450516924848, -76.00001250000002528 ) ) ;
#1532 = ORIENTED_EDGE ( 'NONE', *, *, #3933, .F. ) ;
#1533 = CARTESIAN_POINT ( 'NONE',  ( -50.57999013744984751, 25.53751450516925203, 68.99998750000000314 ) ) ;
#1534 = DIRECTION ( 'NONE',  ( -0.000000000000000000, -0.000000000000000000, -1.000000000000000000 ) ) ;
#1535 = PERSON_AND_ORGANIZATION ( #4488, #3878 ) ;
#1536 = CYLINDRICAL_SURFACE ( 'NONE', #1564, 3.500000000000003109 ) ;
#1537 = CC_DESIGN_APPROVAL ( #759, ( #5795 ) ) ;
#1538 = EDGE_CURVE ( 'NONE', #6526, #4581, #947, .T. ) ;
#1539 = CARTESIAN_POINT ( 'NONE',  ( -47.36737551610426067, 27.24714692436770136, 20.53955778290666956 ) ) ;
#1540 = DIRECTION ( 'NONE',  ( 1.000000000000000000, 0.000000000000000000, 0.000000000000000000 ) ) ;
#1541 = CARTESIAN_POINT ( 'NONE',  ( -47.36737551610425356, 22.53751450516924848, -76.00001250000002528 ) ) ;
#1542 = CARTESIAN_POINT ( 'NONE',  ( 8.232624483895751411, 31.42533520942458836, 25.29652194945940380 ) ) ;
#1543 = EDGE_LOOP ( 'NONE', ( #2455, #5446, #5176, #1230 ) ) ;
#1544 = EDGE_CURVE ( 'NONE', #1362, #339, #1455, .T. ) ;
#1545 = EDGE_LOOP ( 'NONE', ( #325, #317, #2365, #4775 ) ) ;
#1546 = ORIENTED_EDGE ( 'NONE', *, *, #6525, .F. ) ;
#1547 = EDGE_CURVE ( 'NONE', #1700, #2215, #3444, .T. ) ;
#1548 = DIRECTION ( 'NONE',  ( 0.000000000000000000, -0.000000000000000000, 1.000000000000000000 ) ) ;
#1549 = AXIS2_PLACEMENT_3D ( 'NONE', #3973, #2937, #5511 ) ;
#1550 = CARTESIAN_POINT ( 'NONE',  ( 32.23262448389571944, 35.53751450516924848, -69.00001250000001107 ) ) ;
#1551 = LINE ( 'NONE', #2612, #2334 ) ;
#1552 = CARTESIAN_POINT ( 'NONE',  ( -67.36737551610424646, 31.25785105076080228, 25.38548150415243754 ) ) ;
#1553 = CIRCLE ( 'NONE', #5279, 2.000000000000001776 ) ;
#1554 = ORIENTED_EDGE ( 'NONE', *, *, #1816, .F. ) ;
#1555 = EDGE_LOOP ( 'NONE', ( #4548, #5106, #2255, #2111 ) ) ;
#1556 = LINE ( 'NONE', #5630, #128 ) ;
#1557 = AXIS2_PLACEMENT_3D ( 'NONE', #4543, #2043, #2544 ) ;
#1558 = CYLINDRICAL_SURFACE ( 'NONE', #2226, 1.899999999999999023 ) ;
#1559 = VERTEX_POINT ( 'NONE', #6528 ) ;
#1560 = PLANE ( 'NONE',  #5840 ) ;
#1561 = AXIS2_PLACEMENT_3D ( 'NONE', #416, #3987, #6601 ) ;
#1562 = AXIS2_PLACEMENT_3D ( 'NONE', #1409, #4987, #4952 ) ;
#1563 = LINE ( 'NONE', #6612, #6051 ) ;
#1564 = AXIS2_PLACEMENT_3D ( 'NONE', #2541, #2070, #1471 ) ;
#1565 = ORIENTED_EDGE ( 'NONE', *, *, #3364, .T. ) ;
#1566 = CARTESIAN_POINT ( 'NONE',  ( 40.63262448389571091, 35.53751450516924848, -69.00001250000001107 ) ) ;
#1567 = EDGE_CURVE ( 'NONE', #2215, #3916, #1942, .T. ) ;
#1568 = DIRECTION ( 'NONE',  ( 0.000000000000000000, -1.000000000000000000, -0.000000000000000000 ) ) ;
#1569 = LINE ( 'NONE', #6115, #2410 ) ;
#1570 = VECTOR ( 'NONE', #4432, 1000.000000000000000 ) ;
#1571 = DIRECTION ( 'NONE',  ( 0.000000000000000000, 0.000000000000000000, 1.000000000000000000 ) ) ;
#1572 =( BOUNDED_CURVE ( )  B_SPLINE_CURVE ( 3, ( #3226, #5225, #1820, #2823 ),
 .UNSPECIFIED., .F., .F. ) 
 B_SPLINE_CURVE_WITH_KNOTS ( ( 4, 4 ),
 ( 4.712388980384689674, 6.283185307179586232 ),
 .UNSPECIFIED. ) 
 CURVE ( )  GEOMETRIC_REPRESENTATION_ITEM ( )  RATIONAL_B_SPLINE_CURVE ( ( 1.000000000000000000, 0.8047378541243649375, 0.8047378541243649375, 1.000000000000000000 ) ) 
 REPRESENTATION_ITEM ( '' )  );
#1573 = VERTEX_POINT ( 'NONE', #6093 ) ;
#1574 = CARTESIAN_POINT ( 'NONE',  ( -74.57999013744985461, 25.53751450516925203, 70.99998750000000314 ) ) ;
#1576 = EDGE_CURVE ( 'NONE', #866, #163, #4015, .T. ) ;
#1575 = VECTOR ( 'NONE', #294, 1000.000000000000000 ) ;
#1577 = LINE ( 'NONE', #4611, #5901 ) ;
#1578 = ORIENTED_EDGE ( 'NONE', *, *, #3179, .F. ) ;
#1579 = ORIENTED_EDGE ( 'NONE', *, *, #5821, .T. ) ;
#1580 = VERTEX_POINT ( 'NONE', #4483 ) ;
#1581 = VECTOR ( 'NONE', #2923, 1000.000000000000000 ) ;
#1582 = CARTESIAN_POINT ( 'NONE',  ( -50.57999013744984751, 27.53751450516924848, 68.99998749999998893 ) ) ;
#1583 = CARTESIAN_POINT ( 'NONE',  ( -52.57999013744984751, 21.53751450516924848, 68.99998750000000314 ) ) ;
#1584 = CARTESIAN_POINT ( 'NONE',  ( -8.579990137449867049, 21.53751450516924848, 34.99998749999998182 ) ) ;
#1585 = CARTESIAN_POINT ( 'NONE',  ( 31.22960743909808912, 32.21842978543089941, 26.84009736096994914 ) ) ;
#1586 = ORIENTED_EDGE ( 'NONE', *, *, #3695, .T. ) ;
#1587 = ORIENTED_EDGE ( 'NONE', *, *, #4965, .F. ) ;
#1588 = VECTOR ( 'NONE', #2583, 1000.000000000000000 ) ;
#1589 = CARTESIAN_POINT ( 'NONE',  ( -79.76737551610423793, 34.70908738042305686, -70.17158537525382656 ) ) ;
#1590 = DIRECTION ( 'NONE',  ( 1.309225264888156377E-16, 0.000000000000000000, -1.000000000000000000 ) ) ;
#1591 = EDGE_CURVE ( 'NONE', #2729, #3199, #3982, .T. ) ;
#1592 = EDGE_CURVE ( 'NONE', #3693, #4271, #6061, .T. ) ;
#1593 = ORIENTED_EDGE ( 'NONE', *, *, #1487, .F. ) ;
#1594 = FACE_OUTER_BOUND ( 'NONE', #3589, .T. ) ;
#1595 = LINE ( 'NONE', #4094, #5405 ) ;
#1596 = ORIENTED_EDGE ( 'NONE', *, *, #1060, .F. ) ;
#1597 = DIRECTION ( 'NONE',  ( -0.000000000000000000, -1.000000000000000000, -0.000000000000000000 ) ) ;
#1598 = DIRECTION ( 'NONE',  ( 1.296989514749014917E-16, -0.000000000000000000, 1.000000000000000000 ) ) ;
#1599 = COORDINATED_UNIVERSAL_TIME_OFFSET ( 8, 0, .AHEAD. ) ;
#1600 = CYLINDRICAL_SURFACE ( 'NONE', #1226, 1.899999999999999023 ) ;
#1601 = EDGE_CURVE ( 'NONE', #4757, #5930, #4081, .T. ) ;
#1602 = CARTESIAN_POINT ( 'NONE',  ( 18.63262448389571446, 21.53751450516924848, -76.00001250000002528 ) ) ;
#1603 = VERTEX_POINT ( 'NONE', #5591 ) ;
#1604 = CARTESIAN_POINT ( 'NONE',  ( -4.579990137449835075, 23.53751450516924493, -82.50001250000001107 ) ) ;
#1605 = LINE ( 'NONE', #631, #2161 ) ;
#1606 = EDGE_LOOP ( 'NONE', ( #134, #5985 ) ) ;
#1607 = LINE ( 'NONE', #3671, #6471 ) ;
#1608 = ORIENTED_EDGE ( 'NONE', *, *, #2199, .F. ) ;
#1609 = EDGE_CURVE ( 'NONE', #4468, #3981, #2252, .T. ) ;
#1610 = VERTEX_POINT ( 'NONE', #6 ) ;
#1611 = CARTESIAN_POINT ( 'NONE',  ( -69.36737551610424646, 35.53751450516924848, -71.00001250000001107 ) ) ;
#1612 = CARTESIAN_POINT ( 'NONE',  ( -28.57999013744984396, 21.53751450516924848, 68.99998749999998893 ) ) ;
#1613 = CARTESIAN_POINT ( 'NONE',  ( 7.432624483895685863, 22.53751450516924848, -76.00001250000002528 ) ) ;
#1614 = VERTEX_POINT ( 'NONE', #978 ) ;
#1615 = VERTEX_POINT ( 'NONE', #5557 ) ;
#1616 = ADVANCED_FACE ( 'NONE', ( #5987 ), #3047, .T. ) ;
#1617 = DIRECTION ( 'NONE',  ( 0.000000000000000000, -1.000000000000000000, -0.000000000000000000 ) ) ;
#1618 = VECTOR ( 'NONE', #4937, 1000.000000000000000 ) ;
#1619 = CARTESIAN_POINT ( 'NONE',  ( -39.57999013744984040, 27.53751450516924493, -82.50001250000001107 ) ) ;
#1620 = DIRECTION ( 'NONE',  ( 0.000000000000000000, 0.000000000000000000, 1.000000000000000000 ) ) ;
#1621 = ORIENTED_EDGE ( 'NONE', *, *, #2037, .F. ) ;
#1622 = CARTESIAN_POINT ( 'NONE',  ( -79.76737551610423793, 21.53751450516924848, -69.00001250000001107 ) ) ;
#1623 = AXIS2_PLACEMENT_3D ( 'NONE', #1381, #3416, #5455 ) ;
#1624 = ADVANCED_FACE ( 'NONE', ( #5054 ), #2514, .F. ) ;
#1625 = ADVANCED_FACE ( 'NONE', ( #511 ), #2551, .F. ) ;
#1626 = CARTESIAN_POINT ( 'NONE',  ( 43.43262448389569386, 27.53751450516924848, -71.00001250000001107 ) ) ;
#1627 = EDGE_LOOP ( 'NONE', ( #5232, #4653, #5295, #3901 ) ) ;
#1628 = VECTOR ( 'NONE', #5709, 1000.000000000000000 ) ;
#1629 = DIRECTION ( 'NONE',  ( -1.000000000000000000, -0.000000000000000000, 2.593979029498029835E-16 ) ) ;
#1630 = DIRECTION ( 'NONE',  ( 1.000000000000000000, 0.000000000000000000, -1.982541115402065110E-16 ) ) ;
#1631 = EDGE_LOOP ( 'NONE', ( #3664, #1300, #2479, #679 ) ) ;
#1632 = DIRECTION ( 'NONE',  ( 1.000000000000000000, 0.000000000000000000, 0.000000000000000000 ) ) ;
#1633 = FACE_OUTER_BOUND ( 'NONE', #5598, .T. ) ;
#1634 = ORIENTED_EDGE ( 'NONE', *, *, #5990, .F. ) ;
#1635 = DIRECTION ( 'NONE',  ( 0.000000000000000000, 0.000000000000000000, 1.000000000000000000 ) ) ;
#1636 = CARTESIAN_POINT ( 'NONE',  ( -0.5673755161043070316, 27.53751450516924848, 68.99998750000001735 ) ) ;
#1637 = ORIENTED_EDGE ( 'NONE', *, *, #2441, .F. ) ;
#1638 = CARTESIAN_POINT ( 'NONE',  ( -47.36737551610425356, 35.53751450516924848, -71.00001250000001107 ) ) ;
#1639 = ORIENTED_EDGE ( 'NONE', *, *, #5051, .T. ) ;
#1640 = VERTEX_POINT ( 'NONE', #5754 ) ;
#1641 = CARTESIAN_POINT ( 'NONE',  ( -39.57999013744984040, 21.53751450516924848, -84.75001250000001107 ) ) ;
#1642 = LINE ( 'NONE', #3558, #6274 ) ;
#1643 = CARTESIAN_POINT ( 'NONE',  ( 15.42000986255014006, 25.53751450516925203, 68.99998750000000314 ) ) ;
#1644 = PLANE ( 'NONE',  #1264 ) ;
#1645 = ORIENTED_EDGE ( 'NONE', *, *, #663, .T. ) ;
#1646 = PLANE ( 'NONE',  #3334 ) ;
#1647 = EDGE_CURVE ( 'NONE', #6261, #2580, #4974, .T. ) ;
#1648 = VERTEX_POINT ( 'NONE', #3674 ) ;
#1649 = VERTEX_POINT ( 'NONE', #1611 ) ;
#1650 = DIRECTION ( 'NONE',  ( 0.000000000000000000, 0.000000000000000000, 1.000000000000000000 ) ) ;
#1651 = CARTESIAN_POINT ( 'NONE',  ( -74.57999013744984040, 13.53751450516924493, -82.50001250000001107 ) ) ;
#1652 = LINE ( 'NONE', #5661, #4564 ) ;
#1654 = EDGE_CURVE ( 'NONE', #1916, #6424, #5423, .T. ) ;
#1653 = VERTEX_POINT ( 'NONE', #5685 ) ;
#1655 = DIRECTION ( 'NONE',  ( 0.000000000000000000, 0.000000000000000000, -1.000000000000000000 ) ) ;
#1656 = VECTOR ( 'NONE', #3921, 1000.000000000000000 ) ;
#1657 = CIRCLE ( 'NONE', #1702, 1.000000000000000888 ) ;
#1658 = PLANE ( 'NONE',  #4234 ) ;
#1659 = CARTESIAN_POINT ( 'NONE',  ( -39.57999013744984040, 23.53751450516924493, -79.00001250000001107 ) ) ;
#1660 = CYLINDRICAL_SURFACE ( 'NONE', #5733, 2.000000000000001776 ) ;
#1661 = VECTOR ( 'NONE', #4880, 1000.000000000000000 ) ;
#1662 = DIRECTION ( 'NONE',  ( -0.000000000000000000, -1.000000000000000000, -0.000000000000000000 ) ) ;
#1664 = EDGE_CURVE ( 'NONE', #5695, #597, #5246, .T. ) ;
#1663 = ORIENTED_EDGE ( 'NONE', *, *, #2810, .F. ) ;
#1665 = PLANE ( 'NONE',  #3144 ) ;
#1666 = VECTOR ( 'NONE', #6216, 1000.000000000000000 ) ;
#1667 = CARTESIAN_POINT ( 'NONE',  ( -47.36737551610425356, 21.53751450516924848, -76.00001250000002528 ) ) ;
#1668 = ORIENTED_EDGE ( 'NONE', *, *, #1439, .F. ) ;
#1669 = CARTESIAN_POINT ( 'NONE',  ( 7.432624483895685863, 27.53751450516924848, 68.99998750000000314 ) ) ;
#1670 = FACE_OUTER_BOUND ( 'NONE', #2403, .T. ) ;
#1671 = EDGE_CURVE ( 'NONE', #5389, #3802, #2142, .T. ) ;
#1672 = VERTEX_POINT ( 'NONE', #1138 ) ;
#1673 = AXIS2_PLACEMENT_3D ( 'NONE', #887, #5466, #1423 ) ;
#1674 = FACE_OUTER_BOUND ( 'NONE', #2684, .T. ) ;
#1675 = ORIENTED_EDGE ( 'NONE', *, *, #2265, .F. ) ;
#1676 = ORIENTED_EDGE ( 'NONE', *, *, #4362, .F. ) ;
#1677 = CARTESIAN_POINT ( 'NONE',  ( 43.43262448389566543, 27.53751450516924848, 34.99998749999998182 ) ) ;
#1678 = DIRECTION ( 'NONE',  ( -1.000000000000000000, 0.000000000000000000, 0.000000000000000000 ) ) ;
#1679 = AXIS2_PLACEMENT_3D ( 'NONE', #2364, #2463, #2929 ) ;
#1680 = FACE_OUTER_BOUND ( 'NONE', #2233, .T. ) ;
#1681 = CARTESIAN_POINT ( 'NONE',  ( 30.42000986255016670, 23.53751450516924493, -84.75001250000001107 ) ) ;
#1682 = ORIENTED_EDGE ( 'NONE', *, *, #477, .T. ) ;
#1683 = CARTESIAN_POINT ( 'NONE',  ( -39.57999013744984040, 23.53751450516924493, -82.50001250000001107 ) ) ;
#1684 = VECTOR ( 'NONE', #1812, 1000.000000000000000 ) ;
#1685 = ORIENTED_EDGE ( 'NONE', *, *, #81, .T. ) ;
#1686 = AXIS2_PLACEMENT_3D ( 'NONE', #4565, #2561, #1590 ) ;
#1687 = AXIS2_PLACEMENT_3D ( 'NONE', #4878, #1775, #1273 ) ;
#1688 = ORIENTED_EDGE ( 'NONE', *, *, #5060, .T. ) ;
#1689 = CARTESIAN_POINT ( 'NONE',  ( -3.367375516104276212, 21.53751450516924848, -76.00001250000002528 ) ) ;
#1690 = ADVANCED_FACE ( 'NONE', ( #170 ), #5178, .F. ) ;
#1691 = EDGE_CURVE ( 'NONE', #6020, #3306, #1044, .T. ) ;
#1692 = CARTESIAN_POINT ( 'NONE',  ( -93.57999013744984040, 0.000000000000000000, -87.00001250000001107 ) ) ;
#1693 = CARTESIAN_POINT ( 'NONE',  ( -68.84887147729861567, 32.32848277886301247, 27.00898926833109215 ) ) ;
#1694 = ORIENTED_EDGE ( 'NONE', *, *, #92, .F. ) ;
#1695 = CARTESIAN_POINT ( 'NONE',  ( -0.5673755161042931539, 22.53751450516924848, -71.00001250000001107 ) ) ;
#1696 = VECTOR ( 'NONE', #4220, 999.9999999999998863 ) ;
#1697 = FACE_OUTER_BOUND ( 'NONE', #3515, .T. ) ;
#1698 = CARTESIAN_POINT ( 'NONE',  ( -45.36737551610425356, 35.53751450516924848, -69.00001250000001107 ) ) ;
#1699 = DIRECTION ( 'NONE',  ( -0.000000000000000000, 1.000000000000000000, -0.000000000000000000 ) ) ;
#1700 = VERTEX_POINT ( 'NONE', #3083 ) ;
#1701 = FACE_OUTER_BOUND ( 'NONE', #5657, .T. ) ;
#1702 = AXIS2_PLACEMENT_3D ( 'NONE', #5646, #3131, #1066 ) ;
#1703 = DIRECTION ( 'NONE',  ( -0.000000000000000000, -0.000000000000000000, 1.000000000000000000 ) ) ;
#1704 = ORIENTED_EDGE ( 'NONE', *, *, #5397, .F. ) ;
#1705 = CARTESIAN_POINT ( 'NONE',  ( 18.63262448389571446, 22.53751450516924848, -76.00001250000002528 ) ) ;
#1706 = CARTESIAN_POINT ( 'NONE',  ( 30.23262448389574075, 21.53751450516924848, 30.54845821467287337 ) ) ;
#1707 = EDGE_LOOP ( 'NONE', ( #371, #4403, #98, #218, #102, #6052 ) ) ;
#1708 = LINE ( 'NONE', #1234, #3691 ) ;
#1709 = EDGE_LOOP ( 'NONE', ( #1851, #3046 ) ) ;
#1710 = ORIENTED_EDGE ( 'NONE', *, *, #2911, .T. ) ;
#1711 = EDGE_CURVE ( 'NONE', #6411, #5746, #5653, .T. ) ;
#1712 = DIRECTION ( 'NONE',  ( 1.000000000000000000, -0.000000000000000000, -0.000000000000000000 ) ) ;
#1713 = CARTESIAN_POINT ( 'NONE',  ( 30.42000986255016670, 13.53751450516924493, -80.25001250000001107 ) ) ;
#1714 = CARTESIAN_POINT ( 'NONE',  ( -8.579990137449838628, 27.53751450516924848, 68.99998750000000314 ) ) ;
#1715 = CARTESIAN_POINT ( 'NONE',  ( -28.57999013744985817, 21.53751450516924848, -76.00001250000002528 ) ) ;
#1716 = ORIENTED_EDGE ( 'NONE', *, *, #1008, .T. ) ;
#1717 = CARTESIAN_POINT ( 'NONE',  ( -3.367375516104276212, 35.53751450516924848, -71.00001250000001107 ) ) ;
#1718 = VERTEX_POINT ( 'NONE', #1641 ) ;
#1719 = ORIENTED_EDGE ( 'NONE', *, *, #2487, .F. ) ;
#1720 = SPHERICAL_SURFACE ( 'NONE', #6435, 1.000000000000000000 ) ;
#1721 = DIRECTION ( 'NONE',  ( 0.000000000000000000, 0.000000000000000000, 1.000000000000000000 ) ) ;
#1722 = CARTESIAN_POINT ( 'NONE',  ( -94.57999013744984040, 27.53751450516924848, 34.99998749999998182 ) ) ;
#1723 = ORIENTED_EDGE ( 'NONE', *, *, #1182, .F. ) ;
#1724 = DIRECTION ( 'NONE',  ( 0.000000000000000000, -1.000000000000000000, 0.000000000000000000 ) ) ;
#1725 = VECTOR ( 'NONE', #5112, 1000.000000000000000 ) ;
#1726 = DIRECTION ( 'NONE',  ( -0.000000000000000000, 1.000000000000000000, -0.000000000000000000 ) ) ;
#1727 = DIRECTION ( 'NONE',  ( -1.000000000000000000, -0.000000000000000000, -0.000000000000000000 ) ) ;
#1728 = ORIENTED_EDGE ( 'NONE', *, *, #4828, .T. ) ;
#1729 = AXIS2_PLACEMENT_3D ( 'NONE', #2857, #4358, #4422 ) ;
#1730 = EDGE_CURVE ( 'NONE', #3611, #2428, #4683, .T. ) ;
#1731 = CARTESIAN_POINT ( 'NONE',  ( -55.76737551610425214, 35.53751450516924848, 20.53955778290666956 ) ) ;
#1732 = LINE ( 'NONE', #5808, #3811 ) ;
#1733 = VECTOR ( 'NONE', #6249, 1000.000000000000000 ) ;
#1734 = ORIENTED_EDGE ( 'NONE', *, *, #633, .F. ) ;
#1735 = AXIS2_PLACEMENT_3D ( 'NONE', #482, #419, #1523 ) ;
#1736 = CARTESIAN_POINT ( 'NONE',  ( -93.57999013744984040, 21.53751450516924848, -77.00001250000002528 ) ) ;
#1737 = LINE ( 'NONE', #5274, #774 ) ;
#1738 = ORIENTED_EDGE ( 'NONE', *, *, #6450, .T. ) ;
#1739 = EDGE_CURVE ( 'NONE', #131, #5145, #637, .T. ) ;
#1740 = CARTESIAN_POINT ( 'NONE',  ( 30.23262448389574075, 31.42533520942458836, 25.29652194945940380 ) ) ;
#1741 = ORIENTED_EDGE ( 'NONE', *, *, #1263, .T. ) ;
#1742 = CARTESIAN_POINT ( 'NONE',  ( -50.57999013744984751, 25.53751450516925203, 70.99998750000000314 ) ) ;
#1743 = CARTESIAN_POINT ( 'NONE',  ( -77.76737551610423793, 21.53751450516924848, 32.81307518293911585 ) ) ;
#1744 = CYLINDRICAL_SURFACE ( 'NONE', #2936, 2.000000000000001776 ) ;
#1745 = CARTESIAN_POINT ( 'NONE',  ( 9.061051608641943034, 21.53751450516925203, 32.81307518293911585 ) ) ;
#1746 = VERTEX_POINT ( 'NONE', #2679 ) ;
#1747 = DIRECTION ( 'NONE',  ( 1.000000000000000000, 0.000000000000000000, -0.000000000000000000 ) ) ;
#1748 = EDGE_LOOP ( 'NONE', ( #2230, #5751, #6097, #5862 ) ) ;
#1749 = EDGE_CURVE ( 'NONE', #393, #1271, #1343, .T. ) ;
#1750 = ORIENTED_EDGE ( 'NONE', *, *, #3263, .F. ) ;
#1751 = CARTESIAN_POINT ( 'NONE',  ( 10.23262448389572477, 22.53751450516924848, -76.00001250000002528 ) ) ;
#1752 = CARTESIAN_POINT ( 'NONE',  ( -30.57999013744984396, 26.53751450516924848, 70.99998750000000314 ) ) ;
#1753 = LINE ( 'NONE', #5260, #3507 ) ;
#1754 = ORIENTED_EDGE ( 'NONE', *, *, #4051, .F. ) ;
#1755 = CARTESIAN_POINT ( 'NONE',  ( -55.76737551610425214, 33.53751450516924137, -71.00001250000001107 ) ) ;
#1756 = EDGE_CURVE ( 'NONE', #622, #2078, #2714, .T. ) ;
#1757 = CARTESIAN_POINT ( 'NONE',  ( -94.57999013744984040, 27.53751450516924848, 34.99998749999998182 ) ) ;
#1758 = DIRECTION ( 'NONE',  ( 1.000000000000000000, 0.000000000000000000, 0.000000000000000000 ) ) ;
#1759 = VECTOR ( 'NONE', #938, 1000.000000000000000 ) ;
#1760 = ORIENTED_EDGE ( 'NONE', *, *, #3658, .F. ) ;
#1761 = AXIS2_PLACEMENT_3D ( 'NONE', #3831, #255, #788 ) ;
#1762 = FACE_OUTER_BOUND ( 'NONE', #4221, .T. ) ;
#1763 = DIRECTION ( 'NONE',  ( -0.000000000000000000, 1.000000000000000000, -0.000000000000000000 ) ) ;
#1764 = ADVANCED_FACE ( 'NONE', ( #39 ), #2080, .T. ) ;
#1765 = VECTOR ( 'NONE', #6561, 1000.000000000000000 ) ;
#1766 = ORIENTED_EDGE ( 'NONE', *, *, #1045, .T. ) ;
#1767 = ADVANCED_FACE ( 'NONE', ( #4112 ), #6158, .F. ) ;
#1768 = DIRECTION ( 'NONE',  ( 1.000000000000000000, 0.000000000000000000, -2.593979029498029835E-16 ) ) ;
#1769 = PLANE ( 'NONE',  #5055 ) ;
#1770 = ORIENTED_EDGE ( 'NONE', *, *, #5397, .T. ) ;
#1771 = DIRECTION ( 'NONE',  ( -0.000000000000000000, -1.000000000000000000, -0.000000000000000000 ) ) ;
#1772 = VECTOR ( 'NONE', #4840, 1000.000000000000000 ) ;
#1773 = ORIENTED_EDGE ( 'NONE', *, *, #52, .F. ) ;
#1774 = DIRECTION ( 'NONE',  ( -0.000000000000000000, 1.000000000000000000, -0.000000000000000000 ) ) ;
#1775 = DIRECTION ( 'NONE',  ( 0.000000000000000000, -1.000000000000000000, -0.000000000000000000 ) ) ;
#1776 = EDGE_CURVE ( 'NONE', #5458, #2961, #4652, .T. ) ;
#1777 = VECTOR ( 'NONE', #6222, 1000.000000000000000 ) ;
#1778 = DIRECTION ( 'NONE',  ( 0.000000000000000000, 1.000000000000000000, -0.000000000000000000 ) ) ;
#1779 = CARTESIAN_POINT ( 'NONE',  ( -0.5673755161043068096, 22.53751450516924848, -76.00001250000002528 ) ) ;
#1780 = ORIENTED_EDGE ( 'NONE', *, *, #1926, .F. ) ;
#1781 = CARTESIAN_POINT ( 'NONE',  ( 47.42000986255016670, 27.53751450516924493, -82.50001250000001107 ) ) ;
#1782 = EDGE_LOOP ( 'NONE', ( #858, #4658, #1898, #5092 ) ) ;
#1783 = ORIENTED_EDGE ( 'NONE', *, *, #3011, .F. ) ;
#1784 = AXIS2_PLACEMENT_3D ( 'NONE', #5900, #1317, #722 ) ;
#1785 = CARTESIAN_POINT ( 'NONE',  ( -4.579990137449835075, 21.53751450516924848, -82.50001250000001107 ) ) ;
#1786 = EDGE_CURVE ( 'NONE', #149, #5183, #4646, .T. ) ;
#1787 = CIRCLE ( 'NONE', #2017, 6.290367580801543568 ) ;
#1788 = DIRECTION ( 'NONE',  ( -8.163404592832028049E-16, 0.000000000000000000, -1.000000000000000000 ) ) ;
#1789 = DIRECTION ( 'NONE',  ( -1.000000000000000000, 0.000000000000000000, 0.000000000000000000 ) ) ;
#1790 = CIRCLE ( 'NONE', #5520, 2.250000000000001776 ) ;
#1792 = ORIENTED_EDGE ( 'NONE', *, *, #3381, .T. ) ;
#1791 = VECTOR ( 'NONE', #6446, 1000.000000000000000 ) ;
#1793 = DIRECTION ( 'NONE',  ( 1.000000000000000000, -0.000000000000000000, -0.000000000000000000 ) ) ;
#1794 = VECTOR ( 'NONE', #5566, 1000.000000000000000 ) ;
#1795 = EDGE_CURVE ( 'NONE', #3917, #2742, #6137, .T. ) ;
#1796 = CARTESIAN_POINT ( 'NONE',  ( -74.57999013744984040, 23.53751450516924493, -86.00001250000001107 ) ) ;
#1797 = CARTESIAN_POINT ( 'NONE',  ( 32.23262448389571944, 22.53751450516924848, -76.00001250000002528 ) ) ;
#1798 = EDGE_LOOP ( 'NONE', ( #6558, #417, #179 ) ) ;
#1799 = CARTESIAN_POINT ( 'NONE',  ( -74.57999013744984040, 23.53751450516924493, -79.00001250000001107 ) ) ;
#1800 =( BOUNDED_CURVE ( )  B_SPLINE_CURVE ( 3, ( #6534, #3926, #4522, #4923 ),
 .UNSPECIFIED., .F., .F. ) 
 B_SPLINE_CURVE_WITH_KNOTS ( ( 4, 4 ),
 ( 1.570796326794896558, 3.141592653589793116 ),
 .UNSPECIFIED. ) 
 CURVE ( )  GEOMETRIC_REPRESENTATION_ITEM ( )  RATIONAL_B_SPLINE_CURVE ( ( 1.000000000000000000, 0.8047378541243649375, 0.8047378541243649375, 1.000000000000000000 ) ) 
 REPRESENTATION_ITEM ( '' )  );
#1801 = VECTOR ( 'NONE', #780, 1000.000000000000000 ) ;
#1802 = CARTESIAN_POINT ( 'NONE',  ( 8.232624483895751411, 21.53751450516924848, 35.99998749999998182 ) ) ;
#1803 = ORIENTED_EDGE ( 'NONE', *, *, #1795, .T. ) ;
#1804 = DIRECTION ( 'NONE',  ( 1.000000000000000000, -0.000000000000000000, -0.000000000000000000 ) ) ;
#1805 = DIRECTION ( 'NONE',  ( 1.000000000000000000, -0.000000000000000000, -0.000000000000000000 ) ) ;
#1806 = ORIENTED_EDGE ( 'NONE', *, *, #3910, .T. ) ;
#1807 = CARTESIAN_POINT ( 'NONE',  ( -72.57999013744984040, 25.53751450516925203, 69.99998750000000314 ) ) ;
#1808 = EDGE_CURVE ( 'NONE', #6036, #5213, #2842, .T. ) ;
#1809 = ORIENTED_EDGE ( 'NONE', *, *, #2109, .T. ) ;
#1810 = DIRECTION ( 'NONE',  ( -0.000000000000000000, -1.000000000000000000, -0.000000000000000000 ) ) ;
#1811 = LINE ( 'NONE', #2906, #1661 ) ;
#1812 = DIRECTION ( 'NONE',  ( -1.000000000000000000, -0.000000000000000000, -0.000000000000000000 ) ) ;
#1813 = ORIENTED_EDGE ( 'NONE', *, *, #4333, .T. ) ;
#1814 = DIRECTION ( 'NONE',  ( 0.000000000000000000, 0.000000000000000000, 1.000000000000000000 ) ) ;
#1815 = ORIENTED_EDGE ( 'NONE', *, *, #2643, .T. ) ;
#1816 = EDGE_CURVE ( 'NONE', #1653, #3318, #3743, .T. ) ;
#1817 = ORIENTED_EDGE ( 'NONE', *, *, #1601, .F. ) ;
#1818 = CARTESIAN_POINT ( 'NONE',  ( -45.36737551610426067, 21.53751450516924137, 31.87504012110299811 ) ) ;
#1819 = CARTESIAN_POINT ( 'NONE',  ( 21.43262448389567254, 27.53751450516924848, 34.99998749999998182 ) ) ;
#1820 = CARTESIAN_POINT ( 'NONE',  ( 19.80419735914954416, 21.53751450516925203, 32.81307518293911585 ) ) ;
#1821 = CARTESIAN_POINT ( 'NONE',  ( 57.42010986255015581, 21.53751450516924848, 68.99998750000000314 ) ) ;
#1822 = ORIENTED_EDGE ( 'NONE', *, *, #1333, .T. ) ;
#1823 = DIRECTION ( 'NONE',  ( -0.000000000000000000, -1.000000000000000000, -0.000000000000000000 ) ) ;
#1824 = EDGE_CURVE ( 'NONE', #6492, #242, #6454, .T. ) ;
#1825 = CARTESIAN_POINT ( 'NONE',  ( -77.76737551610423793, 35.53751450516924848, -71.00001250000001107 ) ) ;
#1826 = ORIENTED_EDGE ( 'NONE', *, *, #4296, .T. ) ;
#1827 = EDGE_CURVE ( 'NONE', #997, #5401, #5884, .T. ) ;
#1828 = EDGE_CURVE ( 'NONE', #5994, #276, #3458, .T. ) ;
#1829 = DIRECTION ( 'NONE',  ( 1.000000000000000000, 0.000000000000000000, -0.000000000000000000 ) ) ;
#1830 = EDGE_LOOP ( 'NONE', ( #2774, #741, #3629, #1922 ) ) ;
#1831 = CIRCLE ( 'NONE', #331, 2.250000000000001776 ) ;
#1832 = FACE_OUTER_BOUND ( 'NONE', #3176, .T. ) ;
#1833 = DIRECTION ( 'NONE',  ( -0.000000000000000000, -1.000000000000000000, -0.000000000000000000 ) ) ;
#1834 = ORIENTED_EDGE ( 'NONE', *, *, #3417, .F. ) ;
#1835 = LINE ( 'NONE', #3874, #2736 ) ;
#1836 = VECTOR ( 'NONE', #1348, 1000.000000000000000 ) ;
#1837 = DIRECTION ( 'NONE',  ( -1.000000000000000000, 0.000000000000000000, 0.000000000000000000 ) ) ;
#1838 = VECTOR ( 'NONE', #4654, 1000.000000000000000 ) ;
#1839 = CARTESIAN_POINT ( 'NONE',  ( 57.42000986255003880, 21.53751450516924848, -76.00001250000002528 ) ) ;
#1840 = DIRECTION ( 'NONE',  ( -1.000000000000000000, 0.000000000000000000, 0.000000000000000000 ) ) ;
#1841 = LINE ( 'NONE', #6042, #3806 ) ;
#1842 = ORIENTED_EDGE ( 'NONE', *, *, #6498, .T. ) ;
#1843 = AXIS2_PLACEMENT_3D ( 'NONE', #309, #5350, #335 ) ;
#1844 = ORIENTED_EDGE ( 'NONE', *, *, #1322, .F. ) ;
#1845 = ORIENTED_EDGE ( 'NONE', *, *, #979, .T. ) ;
#1846 = DIRECTION ( 'NONE',  ( 0.000000000000000000, -0.8831515563230877275, 0.4690877621129207475 ) ) ;
#1847 = EDGE_CURVE ( 'NONE', #5746, #407, #3256, .T. ) ;
#1848 = CARTESIAN_POINT ( 'NONE',  ( -3.367375516104276212, 35.53751450516924848, -71.00001250000001107 ) ) ;
#1849 = CARTESIAN_POINT ( 'NONE',  ( 57.42000986255003880, 26.53751450516924493, -87.00001250000001107 ) ) ;
#1850 = DIRECTION ( 'NONE',  ( 0.000000000000000000, 0.000000000000000000, -1.000000000000000000 ) ) ;
#1851 = ORIENTED_EDGE ( 'NONE', *, *, #5853, .F. ) ;
#1852 = LINE ( 'NONE', #817, #3913 ) ;
#1853 = LOCAL_TIME ( 19, 18, 41.00000000000000000, #1929 ) ;
#1854 = AXIS2_PLACEMENT_3D ( 'NONE', #6506, #4562, #13 ) ;
#1855 = DIRECTION ( 'NONE',  ( 0.000000000000000000, 0.000000000000000000, -1.000000000000000000 ) ) ;
#1856 = CARTESIAN_POINT ( 'NONE',  ( -74.57999013744984040, 21.53751450516924848, -82.50001250000001107 ) ) ;
#1857 = EDGE_CURVE ( 'NONE', #641, #5320, #5281, .T. ) ;
#1858 = ORIENTED_EDGE ( 'NONE', *, *, #216, .T. ) ;
#1859 = DIRECTION ( 'NONE',  ( -0.000000000000000000, 0.000000000000000000, 1.000000000000000000 ) ) ;
#1860 = LINE ( 'NONE', #1897, #2852 ) ;
#1861 = VECTOR ( 'NONE', #6519, 1000.000000000000000 ) ;
#1862 = VERTEX_POINT ( 'NONE', #4307 ) ;
#1863 = ADVANCED_FACE ( 'NONE', ( #5410 ), #2811, .F. ) ;
#1864 = VECTOR ( 'NONE', #2286, 1000.000000000000000 ) ;
#1865 = LINE ( 'NONE', #4269, #227 ) ;
#1866 = DIRECTION ( 'NONE',  ( 1.000000000000000000, 0.000000000000000000, -2.593979029498029835E-16 ) ) ;
#1867 = EDGE_LOOP ( 'NONE', ( #5552, #1586, #2817, #6508 ) ) ;
#1868 = CARTESIAN_POINT ( 'NONE',  ( 42.63262448389571091, 34.70908738042305686, -70.17158537525382656 ) ) ;
#1869 = AXIS2_PLACEMENT_3D ( 'NONE', #4083, #475, #4553 ) ;
#1870 = DIRECTION ( 'NONE',  ( -1.000000000000000000, 0.000000000000000000, -0.000000000000000000 ) ) ;
#1871 = DIRECTION ( 'NONE',  ( 0.000000000000000000, -0.4690877621129208586, -0.8831515563230876165 ) ) ;
#1872 = ADVANCED_FACE ( 'NONE', ( #3280 ), #6357, .F. ) ;
#1873 = ADVANCED_FACE ( 'NONE', ( #266 ), #4810, .F. ) ;
#1874 = DIRECTION ( 'NONE',  ( -1.000000000000000000, 0.000000000000000000, 0.000000000000000000 ) ) ;
#1875 = ORIENTED_EDGE ( 'NONE', *, *, #2094, .T. ) ;
#1876 = CARTESIAN_POINT ( 'NONE',  ( 30.42000986255016670, 13.53751450516924493, -82.50001250000001107 ) ) ;
#1877 = VECTOR ( 'NONE', #1485, 1000.000000000000000 ) ;
#1878 = ORIENTED_EDGE ( 'NONE', *, *, #4897, .F. ) ;
#1879 = VERTEX_POINT ( 'NONE', #5785 ) ;
#1880 = VERTEX_POINT ( 'NONE', #2749 ) ;
#1881 = CARTESIAN_POINT ( 'NONE',  ( -47.36737551610426067, 21.53751450516924848, 32.81307518293911585 ) ) ;
#1882 = VECTOR ( 'NONE', #5210, 1000.000000000000000 ) ;
#1883 = CARTESIAN_POINT ( 'NONE',  ( 18.63262448389572867, 33.53751450516924137, 20.53955778290666956 ) ) ;
#1884 = CARTESIAN_POINT ( 'NONE',  ( 19.63564152869339452, 32.21842978543091363, 26.84009736096994203 ) ) ;
#1885 = DIRECTION ( 'NONE',  ( 1.000000000000000000, 0.000000000000000000, 0.000000000000000000 ) ) ;
#1886 = ORIENTED_EDGE ( 'NONE', *, *, #5696, .F. ) ;
#1887 = CARTESIAN_POINT ( 'NONE',  ( -77.76737551610423793, 15.53751450516923960, 35.99998749999998182 ) ) ;
#1888 = VECTOR ( 'NONE', #3496, 1000.000000000000000 ) ;
#1889 = VERTEX_POINT ( 'NONE', #4782 ) ;
#1890 = ADVANCED_FACE ( 'NONE', ( #1206 ), #4843, .F. ) ;
#1891 = DIRECTION ( 'NONE',  ( 0.000000000000000000, 0.000000000000000000, -1.000000000000000000 ) ) ;
#1892 = CARTESIAN_POINT ( 'NONE',  ( 57.42000986255003880, 26.53751450516924493, -77.00001250000002528 ) ) ;
#1893 = VECTOR ( 'NONE', #4830, 1000.000000000000000 ) ;
#1894 = ORIENTED_EDGE ( 'NONE', *, *, #5335, .F. ) ;
#1895 = VECTOR ( 'NONE', #4831, 1000.000000000000000 ) ;
#1896 = AXIS2_PLACEMENT_3D ( 'NONE', #6101, #2027, #5247 ) ;
#1897 = CARTESIAN_POINT ( 'NONE',  ( -94.57999013744984040, 27.53751450516924848, -71.00001250000001107 ) ) ;
#1898 = ORIENTED_EDGE ( 'NONE', *, *, #440, .F. ) ;
#1899 = FACE_OUTER_BOUND ( 'NONE', #95, .T. ) ;
#1900 = CARTESIAN_POINT ( 'NONE',  ( -56.02987466260982075, 32.35639025246003797, 27.05187548765923466 ) ) ;
#1901 = VERTEX_POINT ( 'NONE', #4275 ) ;
#1902 = DIRECTION ( 'NONE',  ( -1.000000000000000000, 0.000000000000000000, -0.000000000000000000 ) ) ;
#1903 = LINE ( 'NONE', #1473, #4634 ) ;
#1904 = CARTESIAN_POINT ( 'NONE',  ( -4.579990137449835075, 21.53751450516924848, -80.25001250000001107 ) ) ;
#1905 = FACE_BOUND ( 'NONE', #3689, .T. ) ;
#1906 = ORIENTED_EDGE ( 'NONE', *, *, #5299, .T. ) ;
#1907 = LINE ( 'NONE', #5861, #2482 ) ;
#1908 = VERTEX_POINT ( 'NONE', #2342 ) ;
#1909 = EDGE_CURVE ( 'NONE', #3979, #4557, #3841, .T. ) ;
#1910 = VERTEX_POINT ( 'NONE', #3341 ) ;
#1911 = ORIENTED_EDGE ( 'NONE', *, *, #5194, .T. ) ;
#1912 = DIRECTION ( 'NONE',  ( -1.000000000000000000, -0.000000000000000000, -0.000000000000000000 ) ) ;
#1913 = CARTESIAN_POINT ( 'NONE',  ( -1.367375516104274435, 33.53751450516924137, -69.00001250000001107 ) ) ;
#1914 = CARTESIAN_POINT ( 'NONE',  ( 40.63262448389571091, 21.53751450516924848, -76.00001250000002528 ) ) ;
#1915 = CYLINDRICAL_SURFACE ( 'NONE', #1623, 1.000000000000000888 ) ;
#1916 = VERTEX_POINT ( 'NONE', #5819 ) ;
#1917 = FACE_BOUND ( 'NONE', #1247, .T. ) ;
#1918 = ORIENTED_EDGE ( 'NONE', *, *, #5239, .F. ) ;
#1919 = CARTESIAN_POINT ( 'NONE',  ( -94.57999013744984040, 25.53751450516925203, 68.99998750000000314 ) ) ;
#1920 = DIRECTION ( 'NONE',  ( 1.000000000000000000, 0.000000000000000000, -0.000000000000000000 ) ) ;
#1921 = DIRECTION ( 'NONE',  ( 0.000000000000000000, 1.000000000000000000, -0.000000000000000000 ) ) ;
#1922 = ORIENTED_EDGE ( 'NONE', *, *, #727, .F. ) ;
#1923 = DIRECTION ( 'NONE',  ( 1.296989514749014917E-16, 0.000000000000000000, 1.000000000000000000 ) ) ;
#1924 = FACE_OUTER_BOUND ( 'NONE', #3625, .T. ) ;
#1925 = ORIENTED_EDGE ( 'NONE', *, *, #6610, .T. ) ;
#1926 = EDGE_CURVE ( 'NONE', #3418, #944, #5375, .T. ) ;
#1927 = LINE ( 'NONE', #3501, #5034 ) ;
#1928 = EDGE_CURVE ( 'NONE', #1672, #5797, #4374, .T. ) ;
#1929 = COORDINATED_UNIVERSAL_TIME_OFFSET ( 8, 0, .AHEAD. ) ;
#1930 = ORIENTED_EDGE ( 'NONE', *, *, #5659, .T. ) ;
#1931 = CARTESIAN_POINT ( 'NONE',  ( 42.38096584214794404, 31.81675817218733471, 26.22706656814352044 ) ) ;
#1932 = CARTESIAN_POINT ( 'NONE',  ( -28.57999013744985817, 22.53751450516924848, -76.00001250000002528 ) ) ;
#1933 = VECTOR ( 'NONE', #3399, 1000.000000000000000 ) ;
#1934 = DIRECTION ( 'NONE',  ( -1.296989514749014917E-16, 0.000000000000000000, -1.000000000000000000 ) ) ;
#1935 = CARTESIAN_POINT ( 'NONE',  ( 32.23262448389574786, 15.53751450516924493, 35.99998749999998182 ) ) ;
#1936 = ADVANCED_FACE ( 'NONE', ( #1238 ), #735, .F. ) ;
#1937 = EDGE_LOOP ( 'NONE', ( #69, #1186, #2869, #6132 ) ) ;
#1938 = PLANE ( 'NONE',  #6542 ) ;
#1939 = ORIENTED_EDGE ( 'NONE', *, *, #4073, .F. ) ;
#1940 = ORIENTED_EDGE ( 'NONE', *, *, #745, .F. ) ;
#1941 = ORIENTED_EDGE ( 'NONE', *, *, #1060, .T. ) ;
#1942 = LINE ( 'NONE', #2481, #5296 ) ;
#1943 = AXIS2_PLACEMENT_3D ( 'NONE', #1613, #4755, #177 ) ;
#1944 = DIRECTION ( 'NONE',  ( 0.000000000000000000, 0.000000000000000000, -1.000000000000000000 ) ) ;
#1945 = FACE_OUTER_BOUND ( 'NONE', #4849, .T. ) ;
#1946 = EDGE_CURVE ( 'NONE', #2980, #3814, #6487, .T. ) ;
#1947 = CARTESIAN_POINT ( 'NONE',  ( -3.367375516104262445, 35.53751450516924848, 20.53955778290666956 ) ) ;
#1948 = EDGE_CURVE ( 'NONE', #5236, #4819, #1903, .T. ) ;
#1949 = ORIENTED_EDGE ( 'NONE', *, *, #3304, .F. ) ;
#1950 = CARTESIAN_POINT ( 'NONE',  ( 35.42000986255013117, 27.53751450516924848, 70.99998750000000314 ) ) ;
#1951 = ORIENTED_EDGE ( 'NONE', *, *, #234, .T. ) ;
#1952 = PLANE ( 'NONE',  #5467 ) ;
#1953 = CARTESIAN_POINT ( 'NONE',  ( -94.57999013744984040, 27.53751450516924848, 68.99998750000000314 ) ) ;
#1954 = DIRECTION ( 'NONE',  ( 1.000000000000000000, 0.000000000000000000, 0.000000000000000000 ) ) ;
#1955 = EDGE_CURVE ( 'NONE', #4856, #551, #6048, .T. ) ;
#1956 = ORIENTED_EDGE ( 'NONE', *, *, #1278, .T. ) ;
#1957 = CARTESIAN_POINT ( 'NONE',  ( -50.57999013744984751, 25.53751450516925203, 69.99998750000000314 ) ) ;
#1958 = DIRECTION ( 'NONE',  ( 1.000000000000000000, 0.000000000000000000, -8.163404592832028049E-16 ) ) ;
#1959 = ORIENTED_EDGE ( 'NONE', *, *, #313, .T. ) ;
#1960 = CARTESIAN_POINT ( 'NONE',  ( -11.76737551610426635, 35.53751450516924848, -71.00001250000001107 ) ) ;
#1961 = PLANE ( 'NONE',  #987 ) ;
#1962 = PERSON_AND_ORGANIZATION ( #4488, #3878 ) ;
#1963 = ORIENTED_EDGE ( 'NONE', *, *, #1847, .F. ) ;
#1964 = CARTESIAN_POINT ( 'NONE',  ( 42.57989413341090312, 31.55064183141509915, 25.82452422435026662 ) ) ;
#1965 = ADVANCED_FACE ( 'NONE', ( #4507 ), #5920, .T. ) ;
#1966 = EDGE_CURVE ( 'NONE', #791, #5537, #2005, .T. ) ;
#1967 = DIRECTION ( 'NONE',  ( 0.000000000000000000, 0.000000000000000000, 1.000000000000000000 ) ) ;
#1968 = CARTESIAN_POINT ( 'NONE',  ( 21.43262448389569741, 22.53751450516924848, -71.00001250000001107 ) ) ;
#1969 = FACE_OUTER_BOUND ( 'NONE', #5568, .T. ) ;
#1970 = ORIENTED_EDGE ( 'NONE', *, *, #3041, .T. ) ;
#1971 = DIRECTION ( 'NONE',  ( 0.000000000000000000, 0.000000000000000000, 1.000000000000000000 ) ) ;
#1972 = ORIENTED_EDGE ( 'NONE', *, *, #2960, .T. ) ;
#1973 = VECTOR ( 'NONE', #6231, 1000.000000000000000 ) ;
#1974 = ORIENTED_EDGE ( 'NONE', *, *, #3850, .T. ) ;
#1975 = EDGE_LOOP ( 'NONE', ( #1956, #54, #734, #2067 ) ) ;
#1976 = ADVANCED_FACE ( 'NONE', ( #4042 ), #4441, .F. ) ;
#1977 = CARTESIAN_POINT ( 'NONE',  ( 56.42000986255003880, 27.53751450516924493, -88.00001250000001107 ) ) ;
#1978 = VECTOR ( 'NONE', #503, 1000.000000000000000 ) ;
#1979 = CARTESIAN_POINT ( 'NONE',  ( -94.57999013744984040, 25.53751450516925203, 70.99998750000000314 ) ) ;
#1980 = DIRECTION ( 'NONE',  ( -1.296989514749014917E-16, 0.000000000000000000, -1.000000000000000000 ) ) ;
#1981 = DIRECTION ( 'NONE',  ( -1.000000000000000000, 0.000000000000000000, 0.000000000000000000 ) ) ;
#1982 = EDGE_LOOP ( 'NONE', ( #6142, #688, #1723, #2940 ) ) ;
#1983 = DIRECTION ( 'NONE',  ( 0.000000000000000000, 1.000000000000000000, 0.000000000000000000 ) ) ;
#1984 = ORIENTED_EDGE ( 'NONE', *, *, #5290, .T. ) ;
#1985 = VECTOR ( 'NONE', #6289, 1000.000000000000000 ) ;
#1987 = ADVANCED_FACE ( 'NONE', ( #6085 ), #3537, .F. ) ;
#1986 = APPLICATION_CONTEXT ( 'configuration controlled 3d designs of mechanical parts and assemblies' ) ;
#1988 = LINE ( 'NONE', #5998, #5593 ) ;
#1989 = LINE ( 'NONE', #2560, #1043 ) ;
#1990 = CARTESIAN_POINT ( 'NONE',  ( -87.57999013744984040, 22.33751450516924564, -82.50001250000001107 ) ) ;
#1992 = VERTEX_POINT ( 'NONE', #5949 ) ;
#1991 = AXIS2_PLACEMENT_3D ( 'NONE', #6565, #1983, #3419 ) ;
#1993 = LINE ( 'NONE', #4032, #6380 ) ;
#1994 = EDGE_CURVE ( 'NONE', #2423, #3711, #6014, .T. ) ;
#1995 = VECTOR ( 'NONE', #3396, 1000.000000000000000 ) ;
#1996 = FACE_OUTER_BOUND ( 'NONE', #5304, .T. ) ;
#1997 = ORIENTED_EDGE ( 'NONE', *, *, #1163, .F. ) ;
#1998 = DIRECTION ( 'NONE',  ( -0.000000000000000000, 1.000000000000000000, -0.000000000000000000 ) ) ;
#1999 = VECTOR ( 'NONE', #6578, 1000.000000000000000 ) ;
#2000 = DIRECTION ( 'NONE',  ( -2.593979029498029835E-16, 0.000000000000000000, -1.000000000000000000 ) ) ;
#2001 = PERSON_AND_ORGANIZATION ( #4488, #3878 ) ;
#2002 = VECTOR ( 'NONE', #3762, 1000.000000000000000 ) ;
#2003 = VECTOR ( 'NONE', #4277, 1000.000000000000000 ) ;
#2004 = CARTESIAN_POINT ( 'NONE',  ( 42.23233106330289388, 31.93975109016794534, 26.41421418141601052 ) ) ;
#2005 = LINE ( 'NONE', #1932, #2610 ) ;
#2006 = LINE ( 'NONE', #1474, #5741 ) ;
#2007 = AXIS2_PLACEMENT_3D ( 'NONE', #5078, #6584, #5046 ) ;
#2008 = DIRECTION ( 'NONE',  ( -1.000000000000000000, 0.000000000000000000, -0.000000000000000000 ) ) ;
#2009 = ORIENTED_EDGE ( 'NONE', *, *, #4501, .F. ) ;
#2010 = DIRECTION ( 'NONE',  ( 0.000000000000000000, -1.000000000000000000, 0.000000000000000000 ) ) ;
#2011 = VECTOR ( 'NONE', #5057, 1000.000000000000000 ) ;
#2013 = EDGE_CURVE ( 'NONE', #635, #5994, #3435, .T. ) ;
#2012 = ORIENTED_EDGE ( 'NONE', *, *, #3939, .T. ) ;
#2014 = ORIENTED_EDGE ( 'NONE', *, *, #2935, .F. ) ;
#2015 = ORIENTED_EDGE ( 'NONE', *, *, #4023, .F. ) ;
#2016 = DIRECTION ( 'NONE',  ( -0.000000000000000000, 0.000000000000000000, 1.000000000000000000 ) ) ;
#2017 = AXIS2_PLACEMENT_3D ( 'NONE', #1120, #1629, #623 ) ;
#2018 = DIRECTION ( 'NONE',  ( -1.000000000000000000, 0.000000000000000000, 0.000000000000000000 ) ) ;
#2019 = CARTESIAN_POINT ( 'NONE',  ( 13.42000986255015249, 21.53751450516924848, 68.99998749999986103 ) ) ;
#2020 = DIRECTION ( 'NONE',  ( 1.000000000000000000, -0.000000000000000000, -0.000000000000000000 ) ) ;
#2021 = EDGE_CURVE ( 'NONE', #2224, #2117, #2542, .T. ) ;
#2022 = ORIENTED_EDGE ( 'NONE', *, *, #5278, .F. ) ;
#2023 = CARTESIAN_POINT ( 'NONE',  ( 30.42000986255016670, 23.53751450516924493, -79.00001250000001107 ) ) ;
#2024 = VECTOR ( 'NONE', #1164, 1000.000000000000000 ) ;
#2025 = ORIENTED_EDGE ( 'NONE', *, *, #5239, .T. ) ;
#2026 = LINE ( 'NONE', #3025, #2157 ) ;
#2027 = DIRECTION ( 'NONE',  ( 0.000000000000000000, 1.000000000000000000, -0.000000000000000000 ) ) ;
#2028 = FACE_OUTER_BOUND ( 'NONE', #4789, .T. ) ;
#2030 = EDGE_CURVE ( 'NONE', #2508, #434, #6354, .T. ) ;
#2029 = ORIENTED_EDGE ( 'NONE', *, *, #2949, .T. ) ;
#2031 = LINE ( 'NONE', #4062, #1570 ) ;
#2032 = CARTESIAN_POINT ( 'NONE',  ( -8.579990137449838628, 26.53751450516924848, 70.99998750000000314 ) ) ;
#2033 = ORIENTED_EDGE ( 'NONE', *, *, #2244, .T. ) ;
#2034 = CYLINDRICAL_SURFACE ( 'NONE', #6382, 8.290367580801545344 ) ;
#2035 = DIRECTION ( 'NONE',  ( 0.000000000000000000, 0.000000000000000000, 1.000000000000000000 ) ) ;
#2036 = B_SPLINE_CURVE_WITH_KNOTS ( 'NONE', 3,
 ( #5939, #4366, #3395, #1357, #2867, #2831, #5433, #4800, #5398, #823, #755, #4864, #2801, #4902 ),
 .UNSPECIFIED., .F., .F.,
 ( 4, 2, 2, 2, 2, 2, 4 ),
 ( 0.000000000000000000, 0.0003914435603716416665, 0.0007828871207432833330, 0.001174330681114925000, 0.001565774241486566666, 0.002348661362229853035, 0.003131548482973138970 ),
 .UNSPECIFIED. ) ;
#2037 = EDGE_CURVE ( 'NONE', #997, #641, #4976, .T. ) ;
#2038 = APPROVAL_ROLE ( '' ) ;
#2039 = EDGE_CURVE ( 'NONE', #1573, #6241, #3037, .T. ) ;
#2040 = DIRECTION ( 'NONE',  ( 0.000000000000000000, 0.000000000000000000, 1.000000000000000000 ) ) ;
#2041 = CARTESIAN_POINT ( 'NONE',  ( -6.579990137449851062, 25.53751450516925203, 70.99998750000000314 ) ) ;
#2042 = DIRECTION ( 'NONE',  ( 6.484947573745074586E-17, 0.000000000000000000, 1.000000000000000000 ) ) ;
#2043 = DIRECTION ( 'NONE',  ( 6.084019089575384694E-17, -0.8831515563230877275, 0.4690877621129207475 ) ) ;
#2044 = CARTESIAN_POINT ( 'NONE',  ( 10.23262448389572477, 21.53751450516924848, -71.00001250000001107 ) ) ;
#2045 = ORIENTED_EDGE ( 'NONE', *, *, #2159, .T. ) ;
#2046 = ORIENTED_EDGE ( 'NONE', *, *, #2505, .T. ) ;
#2047 = VECTOR ( 'NONE', #4534, 1000.000000000000000 ) ;
#2048 = VERTEX_POINT ( 'NONE', #970 ) ;
#2049 = CARTESIAN_POINT ( 'NONE',  ( -94.57999013744984040, 25.53751450516925203, 70.99998750000000314 ) ) ;
#2050 = DIRECTION ( 'NONE',  ( -0.000000000000000000, 1.000000000000000000, -0.000000000000000000 ) ) ;
#2051 = CARTESIAN_POINT ( 'NONE',  ( 15.42000986255014006, 21.53751450516924848, 68.99998750000000314 ) ) ;
#2052 = AXIS2_PLACEMENT_3D ( 'NONE', #5039, #461, #2035 ) ;
#2053 = CARTESIAN_POINT ( 'NONE',  ( 30.23262448389574075, 31.25785105076080228, 25.38548150415243754 ) ) ;
#2054 = ORIENTED_EDGE ( 'NONE', *, *, #2557, .F. ) ;
#2055 = VERTEX_POINT ( 'NONE', #363 ) ;
#2056 = VECTOR ( 'NONE', #3737, 1000.000000000000000 ) ;
#2057 = DIRECTION ( 'NONE',  ( -0.000000000000000000, -1.000000000000000000, -0.000000000000000000 ) ) ;
#2058 = ADVANCED_FACE ( 'NONE', ( #3003 ), #5045, .T. ) ;
#2059 = CARTESIAN_POINT ( 'NONE',  ( 43.43262448389569386, 27.53751450516924848, -71.00001250000001107 ) ) ;
#2060 = AXIS2_PLACEMENT_3D ( 'NONE', #3557, #3451, #2525 ) ;
#2061 = DIRECTION ( 'NONE',  ( 0.000000000000000000, 0.000000000000000000, 1.000000000000000000 ) ) ;
#2062 = VERTEX_POINT ( 'NONE', #1003 ) ;
#2063 = TOROIDAL_SURFACE ( 'NONE', #882, 6.290367580801543568, 2.000000000000000000 ) ;
#2064 = CARTESIAN_POINT ( 'NONE',  ( -11.76737551610423971, 15.53751450516924493, 35.99998749999998182 ) ) ;
#2065 = EDGE_CURVE ( 'NONE', #4143, #68, #2504, .T. ) ;
#2066 = DIRECTION ( 'NONE',  ( 0.000000000000000000, -1.000000000000000000, 0.000000000000000000 ) ) ;
#2067 = ORIENTED_EDGE ( 'NONE', *, *, #4803, .F. ) ;
#2068 = LINE ( 'NONE', #2664, #5842 ) ;
#2069 = LINE ( 'NONE', #2599, #449 ) ;
#2070 = DIRECTION ( 'NONE',  ( -0.000000000000000000, 1.000000000000000000, -0.000000000000000000 ) ) ;
#2071 = EDGE_CURVE ( 'NONE', #3914, #3199, #6583, .T. ) ;
#2072 = CARTESIAN_POINT ( 'NONE',  ( -69.36737551610424646, 21.53751450516924848, -69.00001250000001107 ) ) ;
#2073 = ORIENTED_EDGE ( 'NONE', *, *, #5009, .T. ) ;
#2074 = LINE ( 'NONE', #3205, #5991 ) ;
#2075 = DIRECTION ( 'NONE',  ( -0.000000000000000000, 1.000000000000000000, -0.000000000000000000 ) ) ;
#2076 = ORIENTED_EDGE ( 'NONE', *, *, #3908, .F. ) ;
#2077 = VERTEX_POINT ( 'NONE', #2903 ) ;
#2078 = VERTEX_POINT ( 'NONE', #2405 ) ;
#2079 = ADVANCED_FACE ( 'NONE', ( #3633 ), #2573, .T. ) ;
#2080 = CYLINDRICAL_SURFACE ( 'NONE', #921, 1.000000000000000888 ) ;
#2081 = EDGE_CURVE ( 'NONE', #1700, #3757, #5675, .T. ) ;
#2082 = AXIS2_PLACEMENT_3D ( 'NONE', #5547, #5441, #1967 ) ;
#2083 = LINE ( 'NONE', #1444, #1877 ) ;
#2084 = CARTESIAN_POINT ( 'NONE',  ( 57.42000986255003880, 21.53751450516924848, -87.00001250000001107 ) ) ;
#2085 = DIRECTION ( 'NONE',  ( -0.000000000000000000, 0.4690877621129207475, 0.8831515563230877275 ) ) ;
#2086 = AXIS2_PLACEMENT_3D ( 'NONE', #1262, #1859, #3897 ) ;
#2087 = ORIENTED_EDGE ( 'NONE', *, *, #5330, .T. ) ;
#2088 = ORIENTED_EDGE ( 'NONE', *, *, #3967, .T. ) ;
#2089 = DIRECTION ( 'NONE',  ( 0.000000000000000000, 0.000000000000000000, 1.000000000000000000 ) ) ;
#2090 = PLANE ( 'NONE',  #3705 ) ;
#2091 = ORIENTED_EDGE ( 'NONE', *, *, #1449, .T. ) ;
#2092 = DIRECTION ( 'NONE',  ( 1.000000000000000000, -0.000000000000000000, 0.000000000000000000 ) ) ;
#2093 = VECTOR ( 'NONE', #1771, 1000.000000000000000 ) ;
#2094 = EDGE_CURVE ( 'NONE', #1614, #30, #2617, .T. ) ;
#2095 = VECTOR ( 'NONE', #6292, 1000.000000000000000 ) ;
#2096 = DIRECTION ( 'NONE',  ( -2.593979029498029835E-16, 0.000000000000000000, -1.000000000000000000 ) ) ;
#2097 = ORIENTED_EDGE ( 'NONE', *, *, #4739, .F. ) ;
#2098 = CARTESIAN_POINT ( 'NONE',  ( 42.63262448389573223, 21.53751450516925203, 31.87504012110299811 ) ) ;
#2099 = LINE ( 'NONE', #4131, #549 ) ;
#2100 = DIRECTION ( 'NONE',  ( -1.000000000000000000, -0.000000000000000000, -0.000000000000000000 ) ) ;
#2101 = VECTOR ( 'NONE', #3030, 1000.000000000000000 ) ;
#2102 = CARTESIAN_POINT ( 'NONE',  ( 15.42000986255011341, 27.53751450516924848, 34.99998749999998182 ) ) ;
#2103 = ORIENTED_EDGE ( 'NONE', *, *, #2229, .T. ) ;
#2104 = TOROIDAL_SURFACE ( 'NONE', #5844, 6.290367580801543568, 2.000000000000000000 ) ;
#2105 = DIRECTION ( 'NONE',  ( -0.000000000000000000, -0.000000000000000000, -1.000000000000000000 ) ) ;
#2106 = VECTOR ( 'NONE', #996, 1000.000000000000000 ) ;
#2107 = LINE ( 'NONE', #1099, #4930 ) ;
#2108 = VERTEX_POINT ( 'NONE', #6149 ) ;
#2109 = EDGE_CURVE ( 'NONE', #641, #4757, #4672, .T. ) ;
#2110 = ORIENTED_EDGE ( 'NONE', *, *, #5580, .T. ) ;
#2111 = ORIENTED_EDGE ( 'NONE', *, *, #6618, .T. ) ;
#2112 = VECTOR ( 'NONE', #5282, 1000.000000000000000 ) ;
#2113 = DIRECTION ( 'NONE',  ( 1.000000000000000000, -0.000000000000000000, -0.000000000000000000 ) ) ;
#2114 = DIRECTION ( 'NONE',  ( 1.000000000000000000, 0.000000000000000000, 0.000000000000000000 ) ) ;
#2115 = CARTESIAN_POINT ( 'NONE',  ( -94.57999013744984040, 22.53751450516924848, -77.00001250000002528 ) ) ;
#2116 = PLANE ( 'NONE',  #1194 ) ;
#2117 = VERTEX_POINT ( 'NONE', #6209 ) ;
#2118 = EDGE_CURVE ( 'NONE', #1109, #3935, #1096, .T. ) ;
#2119 = CC_DESIGN_PERSON_AND_ORGANIZATION_ASSIGNMENT ( #2001, #395, ( #5795 ) ) ;
#2120 = EDGE_CURVE ( 'NONE', #1615, #3838, #3604, .T. ) ;
#2121 = ORIENTED_EDGE ( 'NONE', *, *, #5324, .F. ) ;
#2122 = ADVANCED_FACE ( 'NONE', ( #1633 ), #3572, .T. ) ;
#2123 = LINE ( 'NONE', #5223, #2710 ) ;
#2124 = DIRECTION ( 'NONE',  ( -0.000000000000000000, 1.000000000000000000, -0.000000000000000000 ) ) ;
#2125 = EDGE_LOOP ( 'NONE', ( #2819, #3222, #4124, #696 ) ) ;
#2126 = DIRECTION ( 'NONE',  ( -1.309225264888156377E-16, 0.000000000000000000, -1.000000000000000000 ) ) ;
#2127 = LINE ( 'NONE', #3158, #1252 ) ;
#2128 = ORIENTED_EDGE ( 'NONE', *, *, #931, .T. ) ;
#2129 = CARTESIAN_POINT ( 'NONE',  ( -13.76737551610426813, 35.53751450516924848, -71.00001250000001107 ) ) ;
#2130 = CARTESIAN_POINT ( 'NONE',  ( -57.76737551610424504, 21.53751450516924848, 35.99998749999998182 ) ) ;
#2131 = ORIENTED_EDGE ( 'NONE', *, *, #5811, .F. ) ;
#2132 = DIRECTION ( 'NONE',  ( -0.000000000000000000, 1.000000000000000000, -0.000000000000000000 ) ) ;
#2133 = DIRECTION ( 'NONE',  ( 0.000000000000000000, 1.000000000000000000, -0.000000000000000000 ) ) ;
#2134 = EDGE_CURVE ( 'NONE', #959, #3979, #801, .T. ) ;
#2135 = VERTEX_POINT ( 'NONE', #2102 ) ;
#2136 = CARTESIAN_POINT ( 'NONE',  ( 8.232624483895722989, 35.53751450516924848, -69.00001250000001107 ) ) ;
#2137 = DIRECTION ( 'NONE',  ( -3.042009544787691730E-17, 0.8831515563230876165, -0.4690877621129207475 ) ) ;
#2138 = EDGE_LOOP ( 'NONE', ( #230, #2834, #2411, #1093 ) ) ;
#2139 = LINE ( 'NONE', #3710, #5082 ) ;
#2140 = ORIENTED_EDGE ( 'NONE', *, *, #5710, .T. ) ;
#2141 = ORIENTED_EDGE ( 'NONE', *, *, #3993, .F. ) ;
#2142 = LINE ( 'NONE', #4247, #1777 ) ;
#2143 = LINE ( 'NONE', #1612, #375 ) ;
#2144 = PLANE ( 'NONE',  #5208 ) ;
#2145 = ORIENTED_EDGE ( 'NONE', *, *, #3135, .T. ) ;
#2146 = DIRECTION ( 'NONE',  ( 7.930164461608260440E-16, 0.000000000000000000, 1.000000000000000000 ) ) ;
#2147 = ORIENTED_EDGE ( 'NONE', *, *, #5169, .T. ) ;
#2148 = VERTEX_POINT ( 'NONE', #661 ) ;
#2149 = FACE_OUTER_BOUND ( 'NONE', #4365, .T. ) ;
#2150 = EDGE_CURVE ( 'NONE', #1342, #2893, #1657, .T. ) ;
#2151 = AXIS2_PLACEMENT_3D ( 'NONE', #6579, #4574, #6615 ) ;
#2152 = CARTESIAN_POINT ( 'NONE',  ( -45.36737551610425356, 21.53751450516924848, 35.99998749999998182 ) ) ;
#2153 = CARTESIAN_POINT ( 'NONE',  ( -94.57999013744984040, 21.53751450516924848, 34.99998749999998182 ) ) ;
#2154 = VERTEX_POINT ( 'NONE', #4165 ) ;
#2155 = CYLINDRICAL_SURFACE ( 'NONE', #6377, 1.999999999999998446 ) ;
#2156 = AXIS2_PLACEMENT_3D ( 'NONE', #5486, #5929, #1850 ) ;
#2157 = VECTOR ( 'NONE', #5095, 1000.000000000000000 ) ;
#2158 = CARTESIAN_POINT ( 'NONE',  ( -57.76737551610424504, 35.53751450516924848, 35.99998749999998182 ) ) ;
#2159 = EDGE_CURVE ( 'NONE', #1700, #4687, #4136, .T. ) ;
#2160 = CARTESIAN_POINT ( 'NONE',  ( -47.36737551610426067, 14.59933898094340421, 34.23368438735381147 ) ) ;
#2161 = VECTOR ( 'NONE', #3636, 1000.000000000000000 ) ;
#2162 = DIRECTION ( 'NONE',  ( 1.000000000000000000, -0.000000000000000000, 0.000000000000000000 ) ) ;
#2163 = CARTESIAN_POINT ( 'NONE',  ( 40.63262448389571091, 22.53751450516924848, -76.00001250000002528 ) ) ;
#2164 = ORIENTED_EDGE ( 'NONE', *, *, #2172, .T. ) ;
#2165 = DIRECTION ( 'NONE',  ( -0.000000000000000000, 1.000000000000000000, -0.000000000000000000 ) ) ;
#2166 = CARTESIAN_POINT ( 'NONE',  ( -44.56737551610429193, 22.53751450516924848, -76.00001250000002528 ) ) ;
#2167 = ORIENTED_EDGE ( 'NONE', *, *, #1909, .T. ) ;
#2168 = DIRECTION ( 'NONE',  ( 0.000000000000000000, 1.000000000000000000, 0.000000000000000000 ) ) ;
#2169 = CARTESIAN_POINT ( 'NONE',  ( -69.36737551610424646, 21.53751450516924848, -76.00001250000002528 ) ) ;
#2170 = VERTEX_POINT ( 'NONE', #125 ) ;
#2171 = DIRECTION ( 'NONE',  ( -0.000000000000000000, -1.000000000000000000, -0.000000000000000000 ) ) ;
#2172 = EDGE_CURVE ( 'NONE', #4922, #3883, #3724, .T. ) ;
#2173 = ORIENTED_EDGE ( 'NONE', *, *, #4130, .F. ) ;
#2174 = ORIENTED_EDGE ( 'NONE', *, *, #2258, .T. ) ;
#2175 = DIRECTION ( 'NONE',  ( -0.000000000000000000, -1.000000000000000000, -0.000000000000000000 ) ) ;
#2176 = DIRECTION ( 'NONE',  ( -0.000000000000000000, 1.000000000000000000, -0.000000000000000000 ) ) ;
#2177 = DIRECTION ( 'NONE',  ( 0.000000000000000000, -1.000000000000000000, 0.000000000000000000 ) ) ;
#2178 = CARTESIAN_POINT ( 'NONE',  ( -50.57999013744984751, 27.53751450516924848, 68.99998749999998893 ) ) ;
#2179 = ORIENTED_EDGE ( 'NONE', *, *, #6393, .F. ) ;
#2180 = CARTESIAN_POINT ( 'NONE',  ( -94.57999013744984040, 26.53751450516924493, -87.00001250000001107 ) ) ;
#2181 = ORIENTED_EDGE ( 'NONE', *, *, #4669, .T. ) ;
#2182 = EDGE_CURVE ( 'NONE', #622, #2678, #2601, .T. ) ;
#2183 = ORIENTED_EDGE ( 'NONE', *, *, #3059, .T. ) ;
#2184 = ADVANCED_BREP_SHAPE_REPRESENTATION ( '2', ( #3836, #2493 ), #567 ) ;
#2185 = DIRECTION ( 'NONE',  ( 1.000000000000000000, 0.000000000000000000, -0.000000000000000000 ) ) ;
#2186 = VECTOR ( 'NONE', #3038, 1000.000000000000000 ) ;
#2187 = FACE_OUTER_BOUND ( 'NONE', #4950, .T. ) ;
#2188 = DIRECTION ( 'NONE',  ( 0.000000000000000000, -1.000000000000000000, 0.000000000000000000 ) ) ;
#2189 = ORIENTED_EDGE ( 'NONE', *, *, #5993, .T. ) ;
#2190 = LINE ( 'NONE', #1086, #6582 ) ;
#2191 = EDGE_CURVE ( 'NONE', #4477, #4458, #61, .T. ) ;
#2192 = AXIS2_PLACEMENT_3D ( 'NONE', #1291, #323, #2361 ) ;
#2193 = DIRECTION ( 'NONE',  ( 0.000000000000000000, -1.000000000000000000, -0.000000000000000000 ) ) ;
#2194 = LINE ( 'NONE', #1797, #5950 ) ;
#2195 = DIRECTION ( 'NONE',  ( 6.484947573745074586E-17, -0.000000000000000000, 1.000000000000000000 ) ) ;
#2196 = ORIENTED_EDGE ( 'NONE', *, *, #6065, .T. ) ;
#2197 = EDGE_CURVE ( 'NONE', #5026, #2508, #5615, .T. ) ;
#2198 = DIRECTION ( 'NONE',  ( 1.000000000000000000, -0.000000000000000000, 0.000000000000000000 ) ) ;
#2199 = EDGE_CURVE ( 'NONE', #5695, #1648, #6313, .T. ) ;
#2200 = AXIS2_PLACEMENT_3D ( 'NONE', #536, #603, #5623 ) ;
#2201 = AXIS2_PLACEMENT_3D ( 'NONE', #795, #3372, #4908 ) ;
#2202 = LINE ( 'NONE', #1196, #5845 ) ;
#2203 = ORIENTED_EDGE ( 'NONE', *, *, #6218, .F. ) ;
#2204 = CARTESIAN_POINT ( 'NONE',  ( 56.23262448389579049, 35.53751450516924848, 20.53955778290666956 ) ) ;
#2205 = CARTESIAN_POINT ( 'NONE',  ( -69.36737551610424646, 35.53751450516924848, -69.00001250000001107 ) ) ;
#2206 = ORIENTED_EDGE ( 'NONE', *, *, #1366, .F. ) ;
#2207 = CARTESIAN_POINT ( 'NONE',  ( -77.76737551610423793, 35.53751450516924848, -71.00001250000001107 ) ) ;
#2208 = ORIENTED_EDGE ( 'NONE', *, *, #4747, .F. ) ;
#2209 = EDGE_LOOP ( 'NONE', ( #1428, #2419, #3986, #5972 ) ) ;
#2210 = DIRECTION ( 'NONE',  ( 0.000000000000000000, 0.000000000000000000, 1.000000000000000000 ) ) ;
#2211 = DIRECTION ( 'NONE',  ( -0.000000000000000000, -0.000000000000000000, -1.000000000000000000 ) ) ;
#2212 = VECTOR ( 'NONE', #3365, 1000.000000000000000 ) ;
#2213 = CARTESIAN_POINT ( 'NONE',  ( -77.76737551610423793, 35.53751450516924848, 20.53955778290666956 ) ) ;
#2214 = CARTESIAN_POINT ( 'NONE',  ( 21.43262448389569741, 27.53751450516924848, -71.00001250000001107 ) ) ;
#2215 = VERTEX_POINT ( 'NONE', #1667 ) ;
#2216 = CARTESIAN_POINT ( 'NONE',  ( -94.16577657507674814, 27.53751450516924493, -88.00001250000001107 ) ) ;
#2217 = ORIENTED_EDGE ( 'NONE', *, *, #5330, .F. ) ;
#2218 = AXIS2_PLACEMENT_3D ( 'NONE', #287, #2193, #1259 ) ;
#2219 = ORIENTED_EDGE ( 'NONE', *, *, #860, .T. ) ;
#2220 = CARTESIAN_POINT ( 'NONE',  ( -13.76737551610426813, 21.53751450516924848, -69.00001250000001107 ) ) ;
#2221 = ADVANCED_FACE ( 'NONE', ( #5204 ), #4607, .T. ) ;
#2222 = CYLINDRICAL_SURFACE ( 'NONE', #2614, 1.000000000000000888 ) ;
#2223 = CARTESIAN_POINT ( 'NONE',  ( -67.36737551610424646, 31.25785105076080228, 25.38548150415243754 ) ) ;
#2224 = VERTEX_POINT ( 'NONE', #3100 ) ;
#2225 = CARTESIAN_POINT ( 'NONE',  ( 40.63262448389571801, 32.36351073365042907, 27.06282506210557770 ) ) ;
#2226 = AXIS2_PLACEMENT_3D ( 'NONE', #1055, #2124, #1620 ) ;
#2227 = DIRECTION ( 'NONE',  ( -1.000000000000000000, 0.000000000000000000, 0.000000000000000000 ) ) ;
#2228 = DIRECTION ( 'NONE',  ( -0.000000000000000000, -0.000000000000000000, 1.000000000000000000 ) ) ;
#2229 = EDGE_CURVE ( 'NONE', #5, #346, #728, .T. ) ;
#2230 = ORIENTED_EDGE ( 'NONE', *, *, #3059, .F. ) ;
#2231 = CARTESIAN_POINT ( 'NONE',  ( 13.42000986255011163, 27.53751450516924848, 34.99998749999998182 ) ) ;
#2232 = CARTESIAN_POINT ( 'NONE',  ( -8.579990137449838628, 25.53751450516925203, 68.99998750000000314 ) ) ;
#2233 = EDGE_LOOP ( 'NONE', ( #21, #3431, #1741, #4567, #589 ) ) ;
#2234 = EDGE_CURVE ( 'NONE', #5892, #2828, #5098, .T. ) ;
#2235 = PRODUCT_RELATED_PRODUCT_CATEGORY ( 'detail', '', ( #4675 ) ) ;
#2236 = DIRECTION ( 'NONE',  ( 1.000000000000000000, -0.000000000000000000, -0.000000000000000000 ) ) ;
#2237 = EDGE_CURVE ( 'NONE', #163, #551, #1065, .T. ) ;
#2238 = LINE ( 'NONE', #1636, #2589 ) ;
#2239 = ORIENTED_EDGE ( 'NONE', *, *, #4660, .F. ) ;
#2240 = CARTESIAN_POINT ( 'NONE',  ( 29.43262448389566543, 22.53751450516924848, -76.00001250000002528 ) ) ;
#2241 = ORIENTED_EDGE ( 'NONE', *, *, #6536, .T. ) ;
#2242 = DIRECTION ( 'NONE',  ( 0.000000000000000000, -1.000000000000000000, -0.000000000000000000 ) ) ;
#2243 = CARTESIAN_POINT ( 'NONE',  ( -77.76737551610423793, 21.53751450516924848, 32.81307518293911585 ) ) ;
#2244 = EDGE_CURVE ( 'NONE', #422, #4080, #2832, .T. ) ;
#2245 = CARTESIAN_POINT ( 'NONE',  ( 43.43262448389566543, 27.53751450516924848, 68.99998750000004577 ) ) ;
#2246 = CARTESIAN_POINT ( 'NONE',  ( -79.76737551610423793, 21.53751450516925203, 30.54845821467284850 ) ) ;
#2247 = ORIENTED_EDGE ( 'NONE', *, *, #6610, .F. ) ;
#2248 = DIRECTION ( 'NONE',  ( -0.000000000000000000, -0.000000000000000000, 1.000000000000000000 ) ) ;
#2249 = VERTEX_POINT ( 'NONE', #4801 ) ;
#2250 = VERTEX_POINT ( 'NONE', #2232 ) ;
#2251 = CARTESIAN_POINT ( 'NONE',  ( 7.432624483895685863, 22.53751450516924848, -76.00001250000002528 ) ) ;
#2252 =( BOUNDED_CURVE ( )  B_SPLINE_CURVE ( 3, ( #3516, #3949, #6023, #6126 ),
 .UNSPECIFIED., .F., .F. ) 
 B_SPLINE_CURVE_WITH_KNOTS ( ( 4, 4 ),
 ( 4.712388980384689674, 6.283185307179586232 ),
 .UNSPECIFIED. ) 
 CURVE ( )  GEOMETRIC_REPRESENTATION_ITEM ( )  RATIONAL_B_SPLINE_CURVE ( ( 1.000000000000000000, 0.8047378541243649375, 0.8047378541243649375, 1.000000000000000000 ) ) 
 REPRESENTATION_ITEM ( '' )  );
#2253 = DIRECTION ( 'NONE',  ( 0.000000000000000000, 0.000000000000000000, 1.000000000000000000 ) ) ;
#2254 = CARTESIAN_POINT ( 'NONE',  ( 40.63262448389571091, 21.53751450516924848, -76.00001250000002528 ) ) ;
#2255 = ORIENTED_EDGE ( 'NONE', *, *, #1730, .F. ) ;
#2256 = CARTESIAN_POINT ( 'NONE',  ( 10.23262448389572477, 21.53751450516924848, -76.00001250000002528 ) ) ;
#2257 = EDGE_CURVE ( 'NONE', #158, #2288, #225, .T. ) ;
#2258 = EDGE_CURVE ( 'NONE', #2428, #4721, #3798, .T. ) ;
#2259 = VECTOR ( 'NONE', #1068, 1000.000000000000000 ) ;
#2260 = DIRECTION ( 'NONE',  ( 0.000000000000000000, 0.000000000000000000, 1.000000000000000000 ) ) ;
#2261 = CARTESIAN_POINT ( 'NONE',  ( -3.367375516104262445, 27.24714692436770136, 20.53955778290666956 ) ) ;
#2262 = VERTEX_POINT ( 'NONE', #197 ) ;
#2263 = AXIS2_PLACEMENT_3D ( 'NONE', #695, #2950, #1885 ) ;
#2264 = DIRECTION ( 'NONE',  ( -0.000000000000000000, -0.000000000000000000, 1.000000000000000000 ) ) ;
#2265 = EDGE_CURVE ( 'NONE', #434, #5469, #2335, .T. ) ;
#2266 = FACE_OUTER_BOUND ( 'NONE', #721, .T. ) ;
#2267 = CIRCLE ( 'NONE', #1843, 3.500000000000003109 ) ;
#2268 = ORIENTED_EDGE ( 'NONE', *, *, #3374, .T. ) ;
#2269 = CARTESIAN_POINT ( 'NONE',  ( -72.57999013744984040, 26.53751450516924848, 69.99998750000000314 ) ) ;
#2270 = VERTEX_POINT ( 'NONE', #4235 ) ;
#2271 = LINE ( 'NONE', #3175, #1666 ) ;
#2272 = EDGE_CURVE ( 'NONE', #3747, #5320, #4267, .T. ) ;
#2273 = ORIENTED_EDGE ( 'NONE', *, *, #2300, .F. ) ;
#2274 = DIRECTION ( 'NONE',  ( 0.000000000000000000, 0.000000000000000000, 1.000000000000000000 ) ) ;
#2275 = CARTESIAN_POINT ( 'NONE',  ( 8.232624483895751411, 31.25785105076080228, 25.38548150415243754 ) ) ;
#2276 = DIRECTION ( 'NONE',  ( -1.000000000000000000, 0.000000000000000000, 0.000000000000000000 ) ) ;
#2277 = DIRECTION ( 'NONE',  ( -1.000000000000000000, -0.000000000000000000, -0.000000000000000000 ) ) ;
#2278 = EDGE_LOOP ( 'NONE', ( #5752, #2663, #1587, #3409 ) ) ;
#2279 = CARTESIAN_POINT ( 'NONE',  ( 47.42000986255016670, 21.53751450516924848, -83.06858891411960144 ) ) ;
#2280 = ORIENTED_EDGE ( 'NONE', *, *, #4154, .T. ) ;
#2281 = EDGE_CURVE ( 'NONE', #1109, #4523, #5846, .T. ) ;
#2282 = VERTEX_POINT ( 'NONE', #6312 ) ;
#2283 = LOCAL_TIME ( 19, 18, 41.00000000000000000, #1599 ) ;
#2284 = ORIENTED_EDGE ( 'NONE', *, *, #1472, .F. ) ;
#2285 = DIRECTION ( 'NONE',  ( 1.000000000000000000, 0.000000000000000000, 0.000000000000000000 ) ) ;
#2286 = DIRECTION ( 'NONE',  ( -1.296989514749014917E-16, 0.000000000000000000, -1.000000000000000000 ) ) ;
#2287 = CARTESIAN_POINT ( 'NONE',  ( -4.579990137449835075, 27.53751450516924493, -79.00001250000001107 ) ) ;
#2288 = VERTEX_POINT ( 'NONE', #4367 ) ;
#2289 = LINE ( 'NONE', #4291, #1134 ) ;
#2290 = B_SPLINE_CURVE_WITH_KNOTS ( 'NONE', 3,
 ( #650, #4728, #687, #1693, #3854, #4855, #3723, #5766, #4289, #1185, #185, #2728, #4762, #2223 ),
 .UNSPECIFIED., .F., .F.,
 ( 4, 2, 2, 2, 2, 2, 4 ),
 ( 0.000000000000000000, 0.0003914435603716449733, 0.0007828871207432899467, 0.001174330681114934974, 0.001565774241486579893, 0.002348661362229848264, 0.003131548482973117286 ),
 .UNSPECIFIED. ) ;
#2291 = CARTESIAN_POINT ( 'NONE',  ( -94.57999013744984040, 21.53751450516924848, 34.99998749999998182 ) ) ;
#2292 = EDGE_CURVE ( 'NONE', #3862, #6587, #5877, .T. ) ;
#2293 = ORIENTED_EDGE ( 'NONE', *, *, #4834, .T. ) ;
#2294 = VECTOR ( 'NONE', #3151, 999.9999999999998863 ) ;
#2295 = DIRECTION ( 'NONE',  ( 6.546126324440781884E-17, 0.000000000000000000, 1.000000000000000000 ) ) ;
#2296 = AXIS2_PLACEMENT_3D ( 'NONE', #4199, #628, #2704 ) ;
#2297 = CARTESIAN_POINT ( 'NONE',  ( -80.56737551610427772, 27.53751450516924848, 68.99998750000000314 ) ) ;
#2298 = VECTOR ( 'NONE', #3214, 1000.000000000000000 ) ;
#2299 = EDGE_LOOP ( 'NONE', ( #5414, #2671, #1213, #6183 ) ) ;
#2300 = EDGE_CURVE ( 'NONE', #1879, #520, #1265, .T. ) ;
#2301 = CARTESIAN_POINT ( 'NONE',  ( -58.56737551610429193, 27.53751450516924848, 34.99998749999998182 ) ) ;
#2302 = DIRECTION ( 'NONE',  ( 1.000000000000000000, 0.000000000000000000, -0.000000000000000000 ) ) ;
#2303 = EDGE_LOOP ( 'NONE', ( #44, #1822, #3080, #1970 ) ) ;
#2304 = CARTESIAN_POINT ( 'NONE',  ( -3.367375516104276212, 22.53751450516924848, -76.00001250000002528 ) ) ;
#2305 = VECTOR ( 'NONE', #2888, 1000.000000000000000 ) ;
#2306 = ORIENTED_EDGE ( 'NONE', *, *, #1647, .F. ) ;
#2307 = DIRECTION ( 'NONE',  ( 0.000000000000000000, 0.000000000000000000, 1.000000000000000000 ) ) ;
#2308 = CARTESIAN_POINT ( 'NONE',  ( -78.93894839135806762, 21.53751450516924848, 32.81307518293911585 ) ) ;
#2309 = AXIS2_PLACEMENT_3D ( 'NONE', #908, #4050, #441 ) ;
#2310 = LINE ( 'NONE', #4347, #4756 ) ;
#2311 = DIRECTION ( 'NONE',  ( -1.000000000000000000, 0.000000000000000000, 0.000000000000000000 ) ) ;
#2313 = ADVANCED_FACE ( 'NONE', ( #2266 ), #6346, .T. ) ;
#2312 = AXIS2_PLACEMENT_3D ( 'NONE', #5128, #521, #1116 ) ;
#2314 = ORIENTED_EDGE ( 'NONE', *, *, #2150, .T. ) ;
#2315 = DIRECTION ( 'NONE',  ( 0.000000000000000000, -0.000000000000000000, 1.000000000000000000 ) ) ;
#2316 = ORIENTED_EDGE ( 'NONE', *, *, #6188, .F. ) ;
#2317 = ORIENTED_EDGE ( 'NONE', *, *, #5590, .F. ) ;
#2318 = VECTOR ( 'NONE', #2227, 1000.000000000000000 ) ;
#2319 = DIRECTION ( 'NONE',  ( 0.000000000000000000, 0.000000000000000000, 1.000000000000000000 ) ) ;
#2320 = VECTOR ( 'NONE', #2277, 1000.000000000000000 ) ;
#2321 = DIRECTION ( 'NONE',  ( 1.000000000000000000, 0.000000000000000000, -8.163404592832028049E-16 ) ) ;
#2322 = LINE ( 'NONE', #5832, #6281 ) ;
#2323 = AXIS2_PLACEMENT_3D ( 'NONE', #4227, #3729, #1758 ) ;
#2324 = CARTESIAN_POINT ( 'NONE',  ( -74.57999013744985461, 27.53751450516924848, 70.99998750000000314 ) ) ;
#2325 = EDGE_CURVE ( 'NONE', #520, #5226, #1732, .T. ) ;
#2326 = ORIENTED_EDGE ( 'NONE', *, *, #3562, .T. ) ;
#2327 = LINE ( 'NONE', #2225, #4016 ) ;
#2328 = AXIS2_PLACEMENT_3D ( 'NONE', #6489, #5512, #2406 ) ;
#2329 = CARTESIAN_POINT ( 'NONE',  ( 56.42000986255003880, 22.53751450516924848, -76.00001250000002528 ) ) ;
#2330 = DIRECTION ( 'NONE',  ( 0.000000000000000000, 0.000000000000000000, -1.000000000000000000 ) ) ;
#2331 = AXIS2_PLACEMENT_3D ( 'NONE', #3756, #6404, #5800 ) ;
#2332 = ORIENTED_EDGE ( 'NONE', *, *, #934, .F. ) ;
#2333 = CARTESIAN_POINT ( 'NONE',  ( -6.579990137449851062, 26.53751450516924848, 69.99998750000000314 ) ) ;
#2334 = VECTOR ( 'NONE', #4586, 1000.000000000000000 ) ;
#2335 = LINE ( 'NONE', #5337, #936 ) ;
#2336 = VERTEX_POINT ( 'NONE', #756 ) ;
#2337 = DIRECTION ( 'NONE',  ( -0.000000000000000000, -0.000000000000000000, 1.000000000000000000 ) ) ;
#2338 = CARTESIAN_POINT ( 'NONE',  ( -57.09069161739681419, 32.09212492622223323, 26.64678608497180434 ) ) ;
#2339 = ORIENTED_EDGE ( 'NONE', *, *, #2378, .T. ) ;
#2340 = DIRECTION ( 'NONE',  ( 0.000000000000000000, 1.000000000000000000, -0.000000000000000000 ) ) ;
#2341 = ADVANCED_FACE ( 'NONE', ( #4866 ), #3238, .F. ) ;
#2342 = CARTESIAN_POINT ( 'NONE',  ( 47.42000986255016670, 27.53751450516924493, -84.40001250000001676 ) ) ;
#2343 = CARTESIAN_POINT ( 'NONE',  ( -56.93894839135805341, 21.53751450516924493, 32.81307518293911585 ) ) ;
#2344 = LINE ( 'NONE', #5857, #3900 ) ;
#2345 = LINE ( 'NONE', #803, #929 ) ;
#2346 = ORIENTED_EDGE ( 'NONE', *, *, #4108, .F. ) ;
#2347 = DIRECTION ( 'NONE',  ( 0.000000000000000000, 1.000000000000000000, 0.000000000000000000 ) ) ;
#2348 = ORIENTED_EDGE ( 'NONE', *, *, #626, .T. ) ;
#2349 = ORIENTED_EDGE ( 'NONE', *, *, #115, .T. ) ;
#2350 = EDGE_CURVE ( 'NONE', #852, #4490, #3305, .T. ) ;
#2351 = DIRECTION ( 'NONE',  ( 0.000000000000000000, 1.000000000000000000, 0.000000000000000000 ) ) ;
#2352 = DIRECTION ( 'NONE',  ( -0.000000000000000000, 1.000000000000000000, -0.000000000000000000 ) ) ;
#2353 = FACE_OUTER_BOUND ( 'NONE', #6554, .T. ) ;
#2354 = FACE_OUTER_BOUND ( 'NONE', #900, .T. ) ;
#2355 = ORIENTED_EDGE ( 'NONE', *, *, #1909, .F. ) ;
#2356 = DIRECTION ( 'NONE',  ( 8.163404592832028049E-16, -0.000000000000000000, 1.000000000000000000 ) ) ;
#2357 = EDGE_CURVE ( 'NONE', #2678, #4283, #3333, .T. ) ;
#2358 = FACE_OUTER_BOUND ( 'NONE', #3012, .T. ) ;
#2359 = DIRECTION ( 'NONE',  ( 0.000000000000000000, 0.000000000000000000, 1.000000000000000000 ) ) ;
#2360 = ORIENTED_EDGE ( 'NONE', *, *, #4688, .T. ) ;
#2361 = DIRECTION ( 'NONE',  ( 0.000000000000000000, 0.000000000000000000, 1.000000000000000000 ) ) ;
#2362 = VECTOR ( 'NONE', #4336, 1000.000000000000000 ) ;
#2363 = EDGE_CURVE ( 'NONE', #4271, #5919, #2202, .T. ) ;
#2364 = CARTESIAN_POINT ( 'NONE',  ( 42.63262448389572512, 35.53751450516924848, 35.99998749999998182 ) ) ;
#2365 = ORIENTED_EDGE ( 'NONE', *, *, #5645, .F. ) ;
#2366 = CIRCLE ( 'NONE', #2263, 2.000000000000001776 ) ;
#2367 = DIRECTION ( 'NONE',  ( -1.000000000000000000, 0.000000000000000000, 1.296989514749014917E-16 ) ) ;
#2368 = FACE_OUTER_BOUND ( 'NONE', #2369, .T. ) ;
#2369 = EDGE_LOOP ( 'NONE', ( #609, #1405, #535, #2173 ) ) ;
#2370 = LINE ( 'NONE', #2901, #2093 ) ;
#2371 = CIRCLE ( 'NONE', #5257, 6.290367580801543568 ) ;
#2372 = CARTESIAN_POINT ( 'NONE',  ( -3.367375516104276212, 21.53751450516924848, -69.00001250000001107 ) ) ;
#2373 = AXIS2_PLACEMENT_3D ( 'NONE', #1062, #2598, #5132 ) ;
#2374 = CARTESIAN_POINT ( 'NONE',  ( -87.57999013744984040, 27.53751450516924493, -84.40001250000001676 ) ) ;
#2375 = ORIENTED_EDGE ( 'NONE', *, *, #5667, .F. ) ;
#2376 = VECTOR ( 'NONE', #5618, 1000.000000000000000 ) ;
#2377 = CYLINDRICAL_SURFACE ( 'NONE', #6003, 2.250000000000001776 ) ;
#2378 = EDGE_CURVE ( 'NONE', #5036, #2270, #5907, .T. ) ;
#2380 = ADVANCED_FACE ( 'NONE', ( #1924 ), #962, .T. ) ;
#2379 = ORIENTED_EDGE ( 'NONE', *, *, #418, .F. ) ;
#2381 = EDGE_LOOP ( 'NONE', ( #2532, #6170 ) ) ;
#2382 = EDGE_LOOP ( 'NONE', ( #2720, #1479, #5586, #600 ) ) ;
#2383 = LINE ( 'NONE', #5326, #344 ) ;
#2384 = DIRECTION ( 'NONE',  ( 0.000000000000000000, 1.000000000000000000, -0.000000000000000000 ) ) ;
#2385 = LINE ( 'NONE', #4421, #4251 ) ;
#2386 = DIRECTION ( 'NONE',  ( 1.378872898677060817E-16, -1.103098318941648654E-15, 1.000000000000000000 ) ) ;
#2387 = EDGE_LOOP ( 'NONE', ( #1193, #141, #2239, #4651 ) ) ;
#2388 = DIRECTION ( 'NONE',  ( 0.000000000000000000, 1.000000000000000000, 0.000000000000000000 ) ) ;
#2389 = ORIENTED_EDGE ( 'NONE', *, *, #2109, .F. ) ;
#2390 = DIRECTION ( 'NONE',  ( -2.593979029498029835E-16, 0.000000000000000000, -1.000000000000000000 ) ) ;
#2391 = B_SPLINE_CURVE_WITH_KNOTS ( 'NONE', 3,
 ( #5091, #5596, #3051, #5023, #5627, #1048, #1585, #2586, #4620, #6064, #2983, #4587, #3618, #2053 ),
 .UNSPECIFIED., .F., .F.,
 ( 4, 2, 2, 2, 2, 2, 4 ),
 ( 0.000000000000000000, 0.0003914435603716393897, 0.0007828871207432787794, 0.001174330681114918278, 0.001565774241486557559, 0.002348661362229835688, 0.003131548482973113817 ),
 .UNSPECIFIED. ) ;
#2392 = DIRECTION ( 'NONE',  ( 0.000000000000000000, 0.000000000000000000, 1.000000000000000000 ) ) ;
#2394 = EDGE_CURVE ( 'NONE', #3316, #1610, #6385, .T. ) ;
#2393 = ORIENTED_EDGE ( 'NONE', *, *, #5355, .T. ) ;
#2395 = DIRECTION ( 'NONE',  ( -1.000000000000000000, 0.000000000000000000, 0.000000000000000000 ) ) ;
#2396 = CARTESIAN_POINT ( 'NONE',  ( -30.57999013744984396, 27.53751450516924848, 68.99998750000000314 ) ) ;
#2397 = VECTOR ( 'NONE', #861, 1000.000000000000000 ) ;
#2398 = ORIENTED_EDGE ( 'NONE', *, *, #1654, .T. ) ;
#2399 = CIRCLE ( 'NONE', #2511, 3.500000000000003109 ) ;
#2400 = LINE ( 'NONE', #1426, #5352 ) ;
#2401 = EDGE_CURVE ( 'NONE', #4521, #205, #186, .T. ) ;
#2402 = FACE_OUTER_BOUND ( 'NONE', #848, .T. ) ;
#2403 = EDGE_LOOP ( 'NONE', ( #2978, #210, #5371, #2208, #2925, #4712 ) ) ;
#2404 = DIRECTION ( 'NONE',  ( -6.484947573745074586E-17, -0.000000000000000000, -1.000000000000000000 ) ) ;
#2405 = CARTESIAN_POINT ( 'NONE',  ( 43.43262448389566543, 21.53751450516924848, 34.99998749999998182 ) ) ;
#2406 = DIRECTION ( 'NONE',  ( 0.000000000000000000, 0.000000000000000000, 1.000000000000000000 ) ) ;
#2407 = CARTESIAN_POINT ( 'NONE',  ( -94.57999013744984040, 21.53751450516924848, -87.00001250000001107 ) ) ;
#2408 = ORIENTED_EDGE ( 'NONE', *, *, #3248, .F. ) ;
#2409 = CYLINDRICAL_SURFACE ( 'NONE', #3018, 1.000000000000000888 ) ;
#2410 = VECTOR ( 'NONE', #6581, 1000.000000000000000 ) ;
#2411 = ORIENTED_EDGE ( 'NONE', *, *, #1375, .F. ) ;
#2412 = ORIENTED_EDGE ( 'NONE', *, *, #1711, .T. ) ;
#2413 = VERTEX_POINT ( 'NONE', #6575 ) ;
#2414 = VECTOR ( 'NONE', #1912, 1000.000000000000000 ) ;
#2415 = CARTESIAN_POINT ( 'NONE',  ( 13.42000986255015249, 27.53751450516924848, 68.99998749999986103 ) ) ;
#2416 = CIRCLE ( 'NONE', #1241, 3.500000000000003109 ) ;
#2417 = CARTESIAN_POINT ( 'NONE',  ( -11.76737551610426635, 35.53751450516924848, -71.00001250000001107 ) ) ;
#2418 = LINE ( 'NONE', #514, #2478 ) ;
#2419 = ORIENTED_EDGE ( 'NONE', *, *, #285, .T. ) ;
#2420 = B_SPLINE_CURVE_WITH_KNOTS ( 'NONE', 3,
 ( #3542, #6588, #3471, #5585, #5516, #943, #1006, #5015, #6053, #435, #2475, #4512, #5081, #505 ),
 .UNSPECIFIED., .F., .F.,
 ( 4, 2, 2, 2, 2, 2, 4 ),
 ( 0.000000000000000000, 0.0003914435603716354866, 0.0007828871207432709731, 0.001174330681114906568, 0.001565774241486541946, 0.002348661362229819208, 0.003131548482973096469 ),
 .UNSPECIFIED. ) ;
#2421 = PLANE ( 'NONE',  #4010 ) ;
#2422 = TOROIDAL_SURFACE ( 'NONE', #5399, 6.290367580801543568, 2.000000000000000000 ) ;
#2423 = VERTEX_POINT ( 'NONE', #6077 ) ;
#2424 = ADVANCED_FACE ( 'NONE', ( #5003 ), #5035, .T. ) ;
#2425 = DIRECTION ( 'NONE',  ( 0.000000000000000000, 0.000000000000000000, -1.000000000000000000 ) ) ;
#2426 = CARTESIAN_POINT ( 'NONE',  ( -45.36737551610425356, 34.70908738042305686, -70.17158537525382656 ) ) ;
#2427 = VECTOR ( 'NONE', #4299, 1000.000000000000000 ) ;
#2428 = VERTEX_POINT ( 'NONE', #5501 ) ;
#2429 = CARTESIAN_POINT ( 'NONE',  ( -13.76737551610424148, 21.53751450516924493, 30.54845821467287692 ) ) ;
#2430 = AXIS2_PLACEMENT_3D ( 'NONE', #3992, #2457, #2491 ) ;
#2431 = ADVANCED_FACE ( 'NONE', ( #457 ), #1462, .F. ) ;
#2432 = CARTESIAN_POINT ( 'NONE',  ( -13.76737551610424148, 31.42533520942458836, 25.29652194945940380 ) ) ;
#2433 = ORIENTED_EDGE ( 'NONE', *, *, #5948, .F. ) ;
#2434 = LINE ( 'NONE', #4469, #6537 ) ;
#2435 = ORIENTED_EDGE ( 'NONE', *, *, #1170, .F. ) ;
#2436 = CARTESIAN_POINT ( 'NONE',  ( -80.56737551610427772, 27.53751450516924848, 34.99998749999998182 ) ) ;
#2437 = AXIS2_PLACEMENT_3D ( 'NONE', #4649, #3552, #476 ) ;
#2438 = ADVANCED_FACE ( 'NONE', ( #1996 ), #6479, .F. ) ;
#2439 = CARTESIAN_POINT ( 'NONE',  ( 56.23262448389579049, 35.53751450516924848, 20.53955778290666956 ) ) ;
#2440 = CC_DESIGN_DATE_AND_TIME_ASSIGNMENT ( #2467, #4069, ( #1214 ) ) ;
#2441 = EDGE_CURVE ( 'NONE', #3389, #1746, #3530, .T. ) ;
#2442 = CARTESIAN_POINT ( 'NONE',  ( 18.63262448389571446, 22.53751450516924848, -71.00001250000001107 ) ) ;
#2443 = LINE ( 'NONE', #1935, #4172 ) ;
#2444 = ORIENTED_EDGE ( 'NONE', *, *, #4373, .T. ) ;
#2445 = LINE ( 'NONE', #3978, #2803 ) ;
#2446 = ORIENTED_EDGE ( 'NONE', *, *, #3034, .F. ) ;
#2447 = ORIENTED_EDGE ( 'NONE', *, *, #4829, .T. ) ;
#2448 = ORIENTED_EDGE ( 'NONE', *, *, #6551, .T. ) ;
#2449 = EDGE_CURVE ( 'NONE', #4368, #3000, #425, .T. ) ;
#2450 = CYLINDRICAL_SURFACE ( 'NONE', #5713, 2.000000000000001776 ) ;
#2451 = DIRECTION ( 'NONE',  ( -1.216803817915076939E-16, 0.8831515563230877275, -0.4690877621129207475 ) ) ;
#2452 = CARTESIAN_POINT ( 'NONE',  ( 37.42000986255013117, 27.53751450516924848, 68.99998749999988945 ) ) ;
#2453 = ORIENTED_EDGE ( 'NONE', *, *, #2281, .F. ) ;
#2454 = CARTESIAN_POINT ( 'NONE',  ( 10.23262448389572477, 35.53751450516924848, -71.00001250000001107 ) ) ;
#2455 = ORIENTED_EDGE ( 'NONE', *, *, #847, .F. ) ;
#2456 = CARTESIAN_POINT ( 'NONE',  ( -55.76737551610425214, 35.53751450516924848, -71.00001250000001107 ) ) ;
#2457 = DIRECTION ( 'NONE',  ( 1.000000000000000000, -0.000000000000000000, 0.000000000000000000 ) ) ;
#2458 = LINE ( 'NONE', #4029, #1468 ) ;
#2459 = ORIENTED_EDGE ( 'NONE', *, *, #3961, .F. ) ;
#2460 = CARTESIAN_POINT ( 'NONE',  ( -77.76737551610423793, 21.53751450516924848, -71.00001250000001107 ) ) ;
#2461 = EDGE_CURVE ( 'NONE', #1879, #3397, #5941, .T. ) ;
#2462 = EDGE_CURVE ( 'NONE', #1109, #6452, #1860, .T. ) ;
#2463 = DIRECTION ( 'NONE',  ( -1.000000000000000000, 0.000000000000000000, 1.296989514749014917E-16 ) ) ;
#2464 = ORIENTED_EDGE ( 'NONE', *, *, #6616, .T. ) ;
#2465 = DIRECTION ( 'NONE',  ( 0.000000000000000000, 0.000000000000000000, -1.000000000000000000 ) ) ;
#2466 = CARTESIAN_POINT ( 'NONE',  ( -3.367375516104276212, 22.53751450516924848, -76.00001250000002528 ) ) ;
#2467 = DATE_AND_TIME ( #2969, #1853 ) ;
#2468 = ORIENTED_EDGE ( 'NONE', *, *, #2071, .T. ) ;
#2469 = ADVANCED_FACE ( 'NONE', ( #3899 ), #1361, .T. ) ;
#2470 = CARTESIAN_POINT ( 'NONE',  ( 15.42000986255014006, 25.53751450516925203, 69.99998750000000314 ) ) ;
#2471 = CARTESIAN_POINT ( 'NONE',  ( 35.42000986255013117, 27.53751450516924848, 68.99998749999988945 ) ) ;
#2472 = CIRCLE ( 'NONE', #5672, 8.290367580801543568 ) ;
#2473 = DIRECTION ( 'NONE',  ( 0.000000000000000000, -1.000000000000000000, 0.000000000000000000 ) ) ;
#2474 = ORIENTED_EDGE ( 'NONE', *, *, #1808, .F. ) ;
#2475 = CARTESIAN_POINT ( 'NONE',  ( -79.51571687435644264, 31.81675817218734181, 26.22706656814352755 ) ) ;
#2476 = ORIENTED_EDGE ( 'NONE', *, *, #4624, .F. ) ;
#2477 = EDGE_CURVE ( 'NONE', #3340, #3873, #6006, .T. ) ;
#2478 = VECTOR ( 'NONE', #445, 1000.000000000000000 ) ;
#2479 = ORIENTED_EDGE ( 'NONE', *, *, #1366, .T. ) ;
#2480 = ORIENTED_EDGE ( 'NONE', *, *, #5222, .F. ) ;
#2481 = CARTESIAN_POINT ( 'NONE',  ( -47.36737551610425356, 21.53751450516924848, -76.00001250000002528 ) ) ;
#2482 = VECTOR ( 'NONE', #1404, 1000.000000000000000 ) ;
#2483 = CARTESIAN_POINT ( 'NONE',  ( 37.42000986255013117, 26.53751450516924848, 70.99998750000000314 ) ) ;
#2484 = CARTESIAN_POINT ( 'NONE',  ( 20.38096584214795470, 31.81675817218732760, 26.22706656814351689 ) ) ;
#2485 = LINE ( 'NONE', #3585, #6210 ) ;
#2486 = ORIENTED_EDGE ( 'NONE', *, *, #6393, .T. ) ;
#2487 = EDGE_CURVE ( 'NONE', #597, #3656, #893, .T. ) ;
#2488 = CARTESIAN_POINT ( 'NONE',  ( -55.76737551610425214, 22.53751450516924848, -76.00001250000002528 ) ) ;
#2489 = ORIENTED_EDGE ( 'NONE', *, *, #5524, .F. ) ;
#2490 = DIRECTION ( 'NONE',  ( 1.000000000000000000, -0.000000000000000000, 0.000000000000000000 ) ) ;
#2491 = DIRECTION ( 'NONE',  ( 0.000000000000000000, 0.000000000000000000, -1.000000000000000000 ) ) ;
#2492 = CARTESIAN_POINT ( 'NONE',  ( -94.57999013744984040, 27.53751450516924848, 68.99998750000000314 ) ) ;
#2493 = AXIS2_PLACEMENT_3D ( 'NONE', #5471, #5073, #4575 ) ;
#2494 = ORIENTED_EDGE ( 'NONE', *, *, #2557, .T. ) ;
#2495 = LINE ( 'NONE', #488, #4446 ) ;
#2496 = CARTESIAN_POINT ( 'NONE',  ( -11.76737551610426635, 22.53751450516924848, -76.00001250000002528 ) ) ;
#2497 = ORIENTED_EDGE ( 'NONE', *, *, #5033, .T. ) ;
#2498 = ADVANCED_FACE ( 'NONE', ( #5434 ), #3498, .T. ) ;
#2499 = CARTESIAN_POINT ( 'NONE',  ( -39.57999013744984040, 13.53751450516924493, -82.50001250000001107 ) ) ;
#2500 = LINE ( 'NONE', #6080, #3224 ) ;
#2501 = PERSON_AND_ORGANIZATION ( #4488, #3878 ) ;
#2502 = DIRECTION ( 'NONE',  ( -0.000000000000000000, 1.000000000000000000, -0.000000000000000000 ) ) ;
#2503 = VECTOR ( 'NONE', #206, 1000.000000000000000 ) ;
#2504 = LINE ( 'NONE', #4541, #2186 ) ;
#2505 = EDGE_CURVE ( 'NONE', #4458, #1365, #3282, .T. ) ;
#2506 = CARTESIAN_POINT ( 'NONE',  ( 13.42000986255015249, 27.53751450516924848, 70.99998750000000314 ) ) ;
#2507 = LINE ( 'NONE', #5584, #4386 ) ;
#2508 = VERTEX_POINT ( 'NONE', #6201 ) ;
#2509 = DIRECTION ( 'NONE',  ( 1.000000000000000000, -0.000000000000000000, -0.000000000000000000 ) ) ;
#2510 = EDGE_LOOP ( 'NONE', ( #169, #4171, #1210, #5650 ) ) ;
#2511 = AXIS2_PLACEMENT_3D ( 'NONE', #1619, #1217, #3755 ) ;
#2512 = ORIENTED_EDGE ( 'NONE', *, *, #1439, .T. ) ;
#2513 = ORIENTED_EDGE ( 'NONE', *, *, #602, .T. ) ;
#2514 = PLANE ( 'NONE',  #4118 ) ;
#2515 = ADVANCED_FACE ( 'NONE', ( #5698 ), #1658, .F. ) ;
#2516 = VECTOR ( 'NONE', #5886, 1000.000000000000000 ) ;
#2517 = LINE ( 'NONE', #1011, #909 ) ;
#2518 = LINE ( 'NONE', #4554, #5639 ) ;
#2519 = LINE ( 'NONE', #4519, #3331 ) ;
#2520 = ORIENTED_EDGE ( 'NONE', *, *, #3974, .T. ) ;
#2521 = PLANE ( 'NONE',  #5724 ) ;
#2522 = VECTOR ( 'NONE', #1712, 1000.000000000000000 ) ;
#2523 = ORIENTED_EDGE ( 'NONE', *, *, #5002, .F. ) ;
#2524 = AXIS2_PLACEMENT_3D ( 'NONE', #5712, #2642, #5681 ) ;
#2525 = DIRECTION ( 'NONE',  ( 1.000000000000000000, 0.000000000000000000, 0.000000000000000000 ) ) ;
#2526 = EDGE_CURVE ( 'NONE', #1477, #4169, #6108, .T. ) ;
#2527 = CARTESIAN_POINT ( 'NONE',  ( -28.57999013744984396, 25.53751450516925203, 70.99998750000000314 ) ) ;
#2528 = EDGE_CURVE ( 'NONE', #2423, #4436, #4127, .T. ) ;
#2529 = CARTESIAN_POINT ( 'NONE',  ( -46.14690326367369266, 32.13859167208715206, 26.71785088692840660 ) ) ;
#2530 = EDGE_CURVE ( 'NONE', #5695, #1559, #3064, .T. ) ;
#2532 = ORIENTED_EDGE ( 'NONE', *, *, #1795, .F. ) ;
#2531 = VECTOR ( 'NONE', #423, 1000.000000000000000 ) ;
#2533 = CARTESIAN_POINT ( 'NONE',  ( -4.579990137449835075, 23.53751450516924493, -80.25001250000001107 ) ) ;
#2534 = CIRCLE ( 'NONE', #5190, 3.500000000000003109 ) ;
#2535 = CARTESIAN_POINT ( 'NONE',  ( -80.56737551610427772, 27.53751450516924848, 68.99998750000000314 ) ) ;
#2536 = EDGE_LOOP ( 'NONE', ( #3324, #4514, #1205, #80 ) ) ;
#2537 = LINE ( 'NONE', #4500, #1145 ) ;
#2538 = FACE_OUTER_BOUND ( 'NONE', #927, .T. ) ;
#2539 = AXIS2_PLACEMENT_3D ( 'NONE', #1021, #4090, #2061 ) ;
#2540 = AXIS2_PLACEMENT_3D ( 'NONE', #4927, #4962, #384 ) ;
#2541 = CARTESIAN_POINT ( 'NONE',  ( -4.579990137449835075, 23.53751450516924493, -82.50001250000001107 ) ) ;
#2542 = LINE ( 'NONE', #1398, #1759 ) ;
#2543 = DIRECTION ( 'NONE',  ( 1.000000000000000000, 0.000000000000000000, -2.593979029498029835E-16 ) ) ;
#2544 = DIRECTION ( 'NONE',  ( 0.000000000000000000, -0.4690877621129208586, -0.8831515563230876165 ) ) ;
#2545 = LINE ( 'NONE', #1132, #6217 ) ;
#2546 = CIRCLE ( 'NONE', #3079, 3.500000000000003109 ) ;
#2547 = EDGE_LOOP ( 'NONE', ( #2314, #1815, #6468 ) ) ;
#2548 = EDGE_CURVE ( 'NONE', #336, #1509, #2565, .T. ) ;
#2549 = EDGE_LOOP ( 'NONE', ( #6381, #1198, #3427, #579 ) ) ;
#2550 = EDGE_LOOP ( 'NONE', ( #3348, #2646, #6186, #6271 ) ) ;
#2551 = PLANE ( 'NONE',  #490 ) ;
#2552 = LINE ( 'NONE', #6062, #1024 ) ;
#2553 = CARTESIAN_POINT ( 'NONE',  ( 40.63262448389571091, 22.53751450516924848, -71.00001250000001107 ) ) ;
#2554 = CARTESIAN_POINT ( 'NONE',  ( -3.367375516104262445, 32.36351073365042907, 27.06282506210558481 ) ) ;
#2555 = VERTEX_POINT ( 'NONE', #584 ) ;
#2556 = VECTOR ( 'NONE', #6178, 1000.000000000000000 ) ;
#2557 = EDGE_CURVE ( 'NONE', #407, #2794, #1026, .T. ) ;
#2558 = ORIENTED_EDGE ( 'NONE', *, *, #547, .T. ) ;
#2559 = CARTESIAN_POINT ( 'NONE',  ( -52.57999013744984751, 27.53751450516924848, 70.99998750000000314 ) ) ;
#2560 = CARTESIAN_POINT ( 'NONE',  ( 57.42000986255003880, 21.53751450516924848, -76.00001250000002528 ) ) ;
#2561 = DIRECTION ( 'NONE',  ( 1.000000000000000000, -0.000000000000000000, 1.309225264888156377E-16 ) ) ;
#2562 = ORIENTED_EDGE ( 'NONE', *, *, #1828, .T. ) ;
#2563 = DIRECTION ( 'NONE',  ( 1.000000000000000000, -0.000000000000000000, -0.000000000000000000 ) ) ;
#2564 = ADVANCED_FACE ( 'NONE', ( #88 ), #5069, .F. ) ;
#2565 = LINE ( 'NONE', #3095, #5522 ) ;
#2566 = ORIENTED_EDGE ( 'NONE', *, *, #3639, .F. ) ;
#2567 = FACE_BOUND ( 'NONE', #5200, .T. ) ;
#2568 = LINE ( 'NONE', #4229, #5783 ) ;
#2569 = APPLICATION_PROTOCOL_DEFINITION ( 'international standard', 'config_control_design', 1994, #1986 ) ;
#2570 = EDGE_CURVE ( 'NONE', #4216, #213, #4192, .T. ) ;
#2571 = CARTESIAN_POINT ( 'NONE',  ( 41.15112852270134169, 32.32848277886303379, 27.00898926833108860 ) ) ;
#2572 = EDGE_CURVE ( 'NONE', #214, #393, #2127, .T. ) ;
#2573 = CYLINDRICAL_SURFACE ( 'NONE', #2296, 2.000000000000001776 ) ;
#2574 = EDGE_LOOP ( 'NONE', ( #516, #2764, #5241, #714 ) ) ;
#2575 = CARTESIAN_POINT ( 'NONE',  ( -6.579990137449851062, 27.53751450516924848, 70.99998750000000314 ) ) ;
#2576 = CARTESIAN_POINT ( 'NONE',  ( 32.23262448389571944, 35.53751450516924848, -71.00001250000001107 ) ) ;
#2577 = ORIENTED_EDGE ( 'NONE', *, *, #1567, .F. ) ;
#2578 = EDGE_LOOP ( 'NONE', ( #243, #1146, #1918, #1596, #1407, #2754, #4621, #1694 ) ) ;
#2579 = VECTOR ( 'NONE', #560, 1000.000000000000000 ) ;
#2580 = VERTEX_POINT ( 'NONE', #4570 ) ;
#2581 = CARTESIAN_POINT ( 'NONE',  ( 21.43262448389565833, 27.53751450516924848, 68.99998750000003156 ) ) ;
#2582 = FACE_OUTER_BOUND ( 'NONE', #5163, .T. ) ;
#2583 = DIRECTION ( 'NONE',  ( -1.000000000000000000, 0.000000000000000000, 0.000000000000000000 ) ) ;
#2584 = EDGE_CURVE ( 'NONE', #3335, #1916, #1563, .T. ) ;
#2585 = VECTOR ( 'NONE', #983, 1000.000000000000000 ) ;
#2586 = CARTESIAN_POINT ( 'NONE',  ( 31.01215223146519051, 32.13859167208715917, 26.71785088692841015 ) ) ;
#2587 = ORIENTED_EDGE ( 'NONE', *, *, #4812, .F. ) ;
#2588 = ORIENTED_EDGE ( 'NONE', *, *, #4949, .F. ) ;
#2589 = VECTOR ( 'NONE', #561, 1000.000000000000000 ) ;
#2590 = DIRECTION ( 'NONE',  ( 0.000000000000000000, 0.000000000000000000, -1.000000000000000000 ) ) ;
#2591 = AXIS2_PLACEMENT_3D ( 'NONE', #543, #4057, #6538 ) ;
#2592 = LINE ( 'NONE', #2153, #6593 ) ;
#2593 = ORIENTED_EDGE ( 'NONE', *, *, #6408, .F. ) ;
#2594 = CARTESIAN_POINT ( 'NONE',  ( 32.23262448389574786, 14.59933898094340066, 34.23368438735381147 ) ) ;
#2595 = DIRECTION ( 'NONE',  ( 0.000000000000000000, -1.000000000000000000, 0.000000000000000000 ) ) ;
#2596 = ORIENTED_EDGE ( 'NONE', *, *, #753, .T. ) ;
#2597 = EDGE_CURVE ( 'NONE', #6225, #1901, #4597, .T. ) ;
#2598 = DIRECTION ( 'NONE',  ( 0.000000000000000000, 1.000000000000000000, -0.000000000000000000 ) ) ;
#2599 = CARTESIAN_POINT ( 'NONE',  ( -6.579990137449851062, 27.53751450516924848, 68.99998750000000314 ) ) ;
#2600 = CYLINDRICAL_SURFACE ( 'NONE', #798, 2.000000000000000000 ) ;
#2601 = LINE ( 'NONE', #97, #2024 ) ;
#2602 = ORIENTED_EDGE ( 'NONE', *, *, #3623, .T. ) ;
#2603 = EDGE_CURVE ( 'NONE', #4174, #6036, #5196, .T. ) ;
#2604 = LINE ( 'NONE', #5778, #982 ) ;
#2605 = CYLINDRICAL_SURFACE ( 'NONE', #5044, 8.290367580801545344 ) ;
#2606 = VERTEX_POINT ( 'NONE', #1626 ) ;
#2607 = ORIENTED_EDGE ( 'NONE', *, *, #2244, .F. ) ;
#2608 = VERTEX_POINT ( 'NONE', #4063 ) ;
#2609 = DIRECTION ( 'NONE',  ( 0.000000000000000000, -1.103098318941648654E-15, 1.000000000000000000 ) ) ;
#2610 = VECTOR ( 'NONE', #4577, 1000.000000000000000 ) ;
#2611 = DIRECTION ( 'NONE',  ( 1.000000000000000000, 0.000000000000000000, -8.163404592832028049E-16 ) ) ;
#2612 = CARTESIAN_POINT ( 'NONE',  ( -67.36737551610424646, 21.53751450516924848, 35.99998749999998182 ) ) ;
#2613 = DIRECTION ( 'NONE',  ( -0.000000000000000000, 1.000000000000000000, -0.000000000000000000 ) ) ;
#2614 = AXIS2_PLACEMENT_3D ( 'NONE', #1692, #4185, #1721 ) ;
#2615 = ORIENTED_EDGE ( 'NONE', *, *, #1816, .T. ) ;
#2616 = ORIENTED_EDGE ( 'NONE', *, *, #6039, .T. ) ;
#2617 = CIRCLE ( 'NONE', #6359, 3.500000000000003109 ) ;
#2618 = CARTESIAN_POINT ( 'NONE',  ( -93.57999013744984040, 27.53751450516924493, -77.00001250000002528 ) ) ;
#2619 = VECTOR ( 'NONE', #5654, 999.9999999999998863 ) ;
#2620 = DIRECTION ( 'NONE',  ( 0.000000000000000000, 0.000000000000000000, 1.000000000000000000 ) ) ;
#2621 = ORIENTED_EDGE ( 'NONE', *, *, #540, .F. ) ;
#2622 = DIRECTION ( 'NONE',  ( -1.000000000000000000, 0.000000000000000000, 0.000000000000000000 ) ) ;
#2623 = VECTOR ( 'NONE', #6453, 1000.000000000000000 ) ;
#2624 = EDGE_CURVE ( 'NONE', #5545, #1269, #550, .T. ) ;
#2625 = VECTOR ( 'NONE', #2113, 1000.000000000000000 ) ;
#2626 = ORIENTED_EDGE ( 'NONE', *, *, #437, .T. ) ;
#2627 = VECTOR ( 'NONE', #3626, 1000.000000000000000 ) ;
#2628 = PLANE ( 'NONE',  #6056 ) ;
#2629 = DIRECTION ( 'NONE',  ( -0.000000000000000000, -1.000000000000000000, -0.000000000000000000 ) ) ;
#2630 = ORIENTED_EDGE ( 'NONE', *, *, #3564, .F. ) ;
#2631 = DIRECTION ( 'NONE',  ( 0.000000000000000000, 0.000000000000000000, 1.000000000000000000 ) ) ;
#2633 = EDGE_CURVE ( 'NONE', #808, #6589, #3565, .T. ) ;
#2632 = AXIS2_PLACEMENT_3D ( 'NONE', #117, #3690, #2126 ) ;
#2634 = DIRECTION ( 'NONE',  ( -0.000000000000000000, 1.000000000000000000, -0.000000000000000000 ) ) ;
#2635 = AXIS2_PLACEMENT_3D ( 'NONE', #4280, #3315, #4846 ) ;
#2636 = EDGE_LOOP ( 'NONE', ( #2686, #3948, #5881, #2694 ) ) ;
#2637 = CIRCLE ( 'NONE', #4877, 1.899999999999999023 ) ;
#2638 = CARTESIAN_POINT ( 'NONE',  ( -4.579990137449835075, 21.53751450516924848, -82.50001250000001107 ) ) ;
#2639 = AXIS2_PLACEMENT_3D ( 'NONE', #5468, #890, #4934 ) ;
#2640 = LINE ( 'NONE', #4742, #2902 ) ;
#2641 = ORIENTED_EDGE ( 'NONE', *, *, #4472, .T. ) ;
#2642 = DIRECTION ( 'NONE',  ( -1.000000000000000000, -0.000000000000000000, 8.163404592832028049E-16 ) ) ;
#2643 = EDGE_CURVE ( 'NONE', #2893, #1489, #1354, .T. ) ;
#2644 = ORIENTED_EDGE ( 'NONE', *, *, #2172, .F. ) ;
#2645 = CC_DESIGN_PERSON_AND_ORGANIZATION_ASSIGNMENT ( #2501, #3534, ( #6229 ) ) ;
#2646 = ORIENTED_EDGE ( 'NONE', *, *, #274, .T. ) ;
#2647 = EDGE_CURVE ( 'NONE', #2428, #3747, #1595, .T. ) ;
#2648 = CIRCLE ( 'NONE', #3288, 1.899999999999999023 ) ;
#2649 = DIRECTION ( 'NONE',  ( 0.000000000000000000, 0.000000000000000000, -1.000000000000000000 ) ) ;
#2650 = DIRECTION ( 'NONE',  ( 0.000000000000000000, 0.000000000000000000, -1.000000000000000000 ) ) ;
#2651 = CARTESIAN_POINT ( 'NONE',  ( 47.42000986255016670, 27.53751450516924493, -80.60001250000000539 ) ) ;
#2652 = DIRECTION ( 'NONE',  ( 0.000000000000000000, 0.000000000000000000, 1.000000000000000000 ) ) ;
#2653 = ORIENTED_EDGE ( 'NONE', *, *, #1296, .F. ) ;
#2654 = ORIENTED_EDGE ( 'NONE', *, *, #3017, .F. ) ;
#2655 = EDGE_CURVE ( 'NONE', #2742, #3917, #2534, .T. ) ;
#2656 = VECTOR ( 'NONE', #1980, 1000.000000000000000 ) ;
#2657 = CARTESIAN_POINT ( 'NONE',  ( -66.56737551610427772, 22.53751450516924848, -76.00001250000002528 ) ) ;
#2658 = CARTESIAN_POINT ( 'NONE',  ( 20.63262448389571801, 33.53751450516924137, -69.00001250000001107 ) ) ;
#2659 = CARTESIAN_POINT ( 'NONE',  ( 18.63262448389571446, 22.53751450516924848, -71.00001250000001107 ) ) ;
#2660 = ORIENTED_EDGE ( 'NONE', *, *, #4828, .F. ) ;
#2661 = CARTESIAN_POINT ( 'NONE',  ( -30.57999013744987238, 22.53751450516924848, -71.00001250000001107 ) ) ;
#2662 = CARTESIAN_POINT ( 'NONE',  ( -94.57999013744984040, 27.53751450516924848, 34.99998749999998182 ) ) ;
#2663 = ORIENTED_EDGE ( 'NONE', *, *, #6438, .T. ) ;
#2664 = CARTESIAN_POINT ( 'NONE',  ( -94.57999013744984040, 27.53751450516924848, -71.00001250000001107 ) ) ;
#2665 = EDGE_CURVE ( 'NONE', #4479, #810, #3123, .T. ) ;
#2666 = CARTESIAN_POINT ( 'NONE',  ( -66.56737551610429193, 22.53751450516924848, -71.00001250000001107 ) ) ;
#2667 = EDGE_CURVE ( 'NONE', #1672, #4169, #1223, .T. ) ;
#2668 = ORIENTED_EDGE ( 'NONE', *, *, #1544, .F. ) ;
#2669 = CARTESIAN_POINT ( 'NONE',  ( 21.43262448389567254, 22.53751450516924848, -76.00001250000002528 ) ) ;
#2670 = CARTESIAN_POINT ( 'NONE',  ( -11.76737551610423971, 14.59933898094339710, 34.23368438735381147 ) ) ;
#2671 = ORIENTED_EDGE ( 'NONE', *, *, #2633, .T. ) ;
#2672 = DIRECTION ( 'NONE',  ( -0.000000000000000000, -0.000000000000000000, 1.000000000000000000 ) ) ;
#2673 = EDGE_CURVE ( 'NONE', #2580, #1514, #751, .T. ) ;
#2674 = PLANE ( 'NONE',  #5790 ) ;
#2675 = EDGE_LOOP ( 'NONE', ( #4982, #2841, #6163, #6304, #3670, #2408, #4583 ) ) ;
#2676 = CARTESIAN_POINT ( 'NONE',  ( -3.367375516104262445, 32.36351073365042907, 27.06282506210557770 ) ) ;
#2677 = ORIENTED_EDGE ( 'NONE', *, *, #1591, .T. ) ;
#2678 = VERTEX_POINT ( 'NONE', #1287 ) ;
#2679 = CARTESIAN_POINT ( 'NONE',  ( -13.76737551610424148, 31.25785105076080228, 25.38548150415243754 ) ) ;
#2680 = CARTESIAN_POINT ( 'NONE',  ( -52.57999013744984751, 27.53751450516924848, 68.99998750000000314 ) ) ;
#2681 = DIRECTION ( 'NONE',  ( 1.000000000000000000, -0.000000000000000000, -0.000000000000000000 ) ) ;
#2682 = DIRECTION ( 'NONE',  ( -1.000000000000000000, 0.000000000000000000, -0.000000000000000000 ) ) ;
#2683 = ADVANCED_FACE ( 'NONE', ( #5736 ), #5946, .T. ) ;
#2684 = EDGE_LOOP ( 'NONE', ( #3679, #6314, #765, #4895 ) ) ;
#2685 = LINE ( 'NONE', #3252, #4395 ) ;
#2686 = ORIENTED_EDGE ( 'NONE', *, *, #1654, .F. ) ;
#2687 = ORIENTED_EDGE ( 'NONE', *, *, #224, .T. ) ;
#2688 = CARTESIAN_POINT ( 'NONE',  ( 8.232624483895722989, 35.53751450516924848, -71.00001250000001107 ) ) ;
#2689 = AXIS2_PLACEMENT_3D ( 'NONE', #5505, #2898, #6547 ) ;
#2690 = CARTESIAN_POINT ( 'NONE',  ( -79.76737551610423793, 31.42533520942458836, 25.29652194945940380 ) ) ;
#2691 = FACE_OUTER_BOUND ( 'NONE', #1028, .T. ) ;
#2692 = ADVANCED_FACE ( 'NONE', ( #1697 ), #4262, .T. ) ;
#2693 = EDGE_CURVE ( 'NONE', #1374, #5213, #1156, .T. ) ;
#2694 = ORIENTED_EDGE ( 'NONE', *, *, #3863, .F. ) ;
#2695 = CARTESIAN_POINT ( 'NONE',  ( 47.42000986255016670, 27.53751450516924493, -82.50001250000001107 ) ) ;
#2696 = VECTOR ( 'NONE', #316, 1000.000000000000000 ) ;
#2697 = VECTOR ( 'NONE', #5725, 1000.000000000000000 ) ;
#2698 = LINE ( 'NONE', #154, #293 ) ;
#2699 = ORIENTED_EDGE ( 'NONE', *, *, #4527, .T. ) ;
#2700 = VECTOR ( 'NONE', #6425, 1000.000000000000000 ) ;
#2701 = CARTESIAN_POINT ( 'NONE',  ( -72.57999013744984040, 25.53751450516925203, 70.99998750000000314 ) ) ;
#2702 = ORIENTED_EDGE ( 'NONE', *, *, #378, .F. ) ;
#2703 = CARTESIAN_POINT ( 'NONE',  ( -79.76737551610423793, 27.24714692436770136, 20.53955778290666956 ) ) ;
#2704 = DIRECTION ( 'NONE',  ( -1.000000000000000000, 0.000000000000000000, 0.000000000000000000 ) ) ;
#2705 = ORIENTED_EDGE ( 'NONE', *, *, #2712, .T. ) ;
#2706 = DIRECTION ( 'NONE',  ( 2.593979029498029835E-16, 0.000000000000000000, 1.000000000000000000 ) ) ;
#2707 = CARTESIAN_POINT ( 'NONE',  ( -4.579990137449835075, 13.53751450516924493, -82.50001250000001107 ) ) ;
#2708 = ORIENTED_EDGE ( 'NONE', *, *, #3302, .T. ) ;
#2709 = CARTESIAN_POINT ( 'NONE',  ( 57.42000986255003880, 27.53751450516924848, -71.00001250000001107 ) ) ;
#2710 = VECTOR ( 'NONE', #6266, 1000.000000000000000 ) ;
#2711 = EDGE_LOOP ( 'NONE', ( #5854, #2203 ) ) ;
#2712 = EDGE_CURVE ( 'NONE', #4598, #3541, #6307, .T. ) ;
#2713 = ORIENTED_EDGE ( 'NONE', *, *, #4065, .F. ) ;
#2714 = LINE ( 'NONE', #1677, #5834 ) ;
#2715 = LINE ( 'NONE', #4058, #3602 ) ;
#2716 = DIRECTION ( 'NONE',  ( 0.000000000000000000, 0.000000000000000000, -1.000000000000000000 ) ) ;
#2717 = CARTESIAN_POINT ( 'NONE',  ( -55.76737551610425214, 22.53751450516924848, -76.00001250000002528 ) ) ;
#2718 = VERTEX_POINT ( 'NONE', #691 ) ;
#2719 = PLANE ( 'NONE',  #1943 ) ;
#2720 = ORIENTED_EDGE ( 'NONE', *, *, #5362, .F. ) ;
#2721 = ORIENTED_EDGE ( 'NONE', *, *, #234, .F. ) ;
#2722 = ADVANCED_FACE ( 'NONE', ( #6378 ), #2797, .T. ) ;
#2723 = DIRECTION ( 'NONE',  ( 1.000000000000000000, 0.000000000000000000, 0.000000000000000000 ) ) ;
#2724 = AXIS2_PLACEMENT_3D ( 'NONE', #3909, #1369, #4005 ) ;
#2725 =( BOUNDED_CURVE ( )  B_SPLINE_CURVE ( 3, ( #5565, #1418, #5063, #2456 ),
 .UNSPECIFIED., .F., .F. ) 
 B_SPLINE_CURVE_WITH_KNOTS ( ( 4, 4 ),
 ( 1.570796326794896558, 3.141592653589793116 ),
 .UNSPECIFIED. ) 
 CURVE ( )  GEOMETRIC_REPRESENTATION_ITEM ( )  RATIONAL_B_SPLINE_CURVE ( ( 1.000000000000000000, 0.8047378541243649375, 0.8047378541243649375, 1.000000000000000000 ) ) 
 REPRESENTATION_ITEM ( '' )  );
#2726 = AXIS2_PLACEMENT_3D ( 'NONE', #5896, #3385, #5421 ) ;
#2727 = DIRECTION ( 'NONE',  ( -1.000000000000000000, -0.000000000000000000, -0.000000000000000000 ) ) ;
#2728 = CARTESIAN_POINT ( 'NONE',  ( -67.42010586658904003, 31.55064183141505296, 25.82452422435028794 ) ) ;
#2729 = VERTEX_POINT ( 'NONE', #2826 ) ;
#2730 = LINE ( 'NONE', #318, #598 ) ;
#2731 = AXIS2_PLACEMENT_3D ( 'NONE', #4752, #5216, #2114 ) ;
#2732 = EDGE_CURVE ( 'NONE', #1610, #1908, #220, .T. ) ;
#2733 = EDGE_CURVE ( 'NONE', #3473, #2250, #2734, .T. ) ;
#2734 = LINE ( 'NONE', #654, #1140 ) ;
#2735 = DIRECTION ( 'NONE',  ( 0.000000000000000000, -1.103098318941648654E-15, 1.000000000000000000 ) ) ;
#2736 = VECTOR ( 'NONE', #5913, 1000.000000000000000 ) ;
#2737 = FACE_OUTER_BOUND ( 'NONE', #673, .T. ) ;
#2738 = ORIENTED_EDGE ( 'NONE', *, *, #4821, .F. ) ;
#2739 = DIRECTION ( 'NONE',  ( 0.000000000000000000, -0.000000000000000000, 1.000000000000000000 ) ) ;
#2740 = VECTOR ( 'NONE', #5450, 1000.000000000000000 ) ;
#2741 = DIRECTION ( 'NONE',  ( 1.000000000000000000, 0.000000000000000000, -1.309225264888156377E-16 ) ) ;
#2742 = VERTEX_POINT ( 'NONE', #4859 ) ;
#2743 = LINE ( 'NONE', #2136, #5134 ) ;
#2744 = CARTESIAN_POINT ( 'NONE',  ( -6.579990137449851062, 21.53751450516924848, 68.99998750000000314 ) ) ;
#2745 = EDGE_LOOP ( 'NONE', ( #1710, #2189, #1298, #1136 ) ) ;
#2746 = VECTOR ( 'NONE', #5569, 1000.000000000000000 ) ;
#2747 = DIRECTION ( 'NONE',  ( 0.000000000000000000, 0.000000000000000000, 1.000000000000000000 ) ) ;
#2748 = VERTEX_POINT ( 'NONE', #2329 ) ;
#2749 = CARTESIAN_POINT ( 'NONE',  ( -67.36737551610424646, 33.53751450516924137, -69.00001250000001107 ) ) ;
#2750 = CARTESIAN_POINT ( 'NONE',  ( -67.36737551610424646, 21.53751450516924493, 30.54845821467287692 ) ) ;
#2751 = VECTOR ( 'NONE', #20, 1000.000000000000000 ) ;
#2752 = PLANE ( 'NONE',  #4858 ) ;
#2753 = FACE_OUTER_BOUND ( 'NONE', #6603, .T. ) ;
#2754 = ORIENTED_EDGE ( 'NONE', *, *, #2665, .T. ) ;
#2755 = CARTESIAN_POINT ( 'NONE',  ( 13.42000986255015249, 26.53751450516924848, 70.99998750000000314 ) ) ;
#2756 = ADVANCED_FACE ( 'NONE', ( #3792 ), #5837, .F. ) ;
#2757 = VERTEX_POINT ( 'NONE', #1796 ) ;
#2758 = VECTOR ( 'NONE', #725, 1000.000000000000000 ) ;
#2759 = VECTOR ( 'NONE', #4796, 1000.000000000000000 ) ;
#2760 = ORIENTED_EDGE ( 'NONE', *, *, #2350, .T. ) ;
#2761 = CARTESIAN_POINT ( 'NONE',  ( -50.57999013744984751, 26.53751450516924848, 69.99998750000000314 ) ) ;
#2762 = LINE ( 'NONE', #3225, #3044 ) ;
#2763 = DIRECTION ( 'NONE',  ( 0.000000000000000000, 1.000000000000000000, -0.000000000000000000 ) ) ;
#2765 = EDGE_CURVE ( 'NONE', #4643, #2108, #5301, .T. ) ;
#2764 = ORIENTED_EDGE ( 'NONE', *, *, #2065, .F. ) ;
#2766 = LINE ( 'NONE', #5931, #3694 ) ;
#2767 = VECTOR ( 'NONE', #1012, 1000.000000000000000 ) ;
#2768 = CARTESIAN_POINT ( 'NONE',  ( -1.367375516104274435, 33.53751450516924137, -69.00001250000001107 ) ) ;
#2769 = DIRECTION ( 'NONE',  ( -0.000000000000000000, 1.000000000000000000, -0.000000000000000000 ) ) ;
#2771 = EDGE_CURVE ( 'NONE', #3397, #5226, #4766, .T. ) ;
#2770 = ORIENTED_EDGE ( 'NONE', *, *, #1170, .T. ) ;
#2772 = DIRECTION ( 'NONE',  ( -0.000000000000000000, 1.000000000000000000, -0.000000000000000000 ) ) ;
#2773 = DIRECTION ( 'NONE',  ( -0.000000000000000000, 1.000000000000000000, -0.000000000000000000 ) ) ;
#2774 = ORIENTED_EDGE ( 'NONE', *, *, #2987, .F. ) ;
#2775 = CARTESIAN_POINT ( 'NONE',  ( 7.432624483895685863, 27.53751450516924848, -71.00001250000001107 ) ) ;
#2776 = EDGE_CURVE ( 'NONE', #1901, #4643, #5264, .T. ) ;
#2777 = CARTESIAN_POINT ( 'NONE',  ( -57.76737551610425925, 31.40297912030382577, 25.60237436091556873 ) ) ;
#2778 = EDGE_LOOP ( 'NONE', ( #2317, #1450, #4612, #3092 ) ) ;
#2779 = CARTESIAN_POINT ( 'NONE',  ( -72.57999013744984040, 25.53751450516925203, 70.99998750000000314 ) ) ;
#2780 = ORIENTED_EDGE ( 'NONE', *, *, #124, .F. ) ;
#2781 = DIRECTION ( 'NONE',  ( 0.000000000000000000, 1.000000000000000000, -0.000000000000000000 ) ) ;
#2782 = CARTESIAN_POINT ( 'NONE',  ( -79.76737551610425214, 21.53751450516924848, 31.87504012110298390 ) ) ;
#2783 = CARTESIAN_POINT ( 'NONE',  ( 10.23262448389575319, 15.53751450516924493, 35.99998749999998182 ) ) ;
#2784 = FACE_OUTER_BOUND ( 'NONE', #3043, .T. ) ;
#2785 = ORIENTED_EDGE ( 'NONE', *, *, #3607, .T. ) ;
#2786 = CARTESIAN_POINT ( 'NONE',  ( -93.57999013744984040, 27.53751450516924493, -88.00001250000001107 ) ) ;
#2787 = ORIENTED_EDGE ( 'NONE', *, *, #2462, .T. ) ;
#2788 = ORIENTED_EDGE ( 'NONE', *, *, #6081, .T. ) ;
#2789 = VERTEX_POINT ( 'NONE', #192 ) ;
#2790 = DIRECTION ( 'NONE',  ( 0.000000000000000000, 0.000000000000000000, -1.000000000000000000 ) ) ;
#2791 = CARTESIAN_POINT ( 'NONE',  ( 15.42000986255014006, 27.53751450516924848, 68.99998750000000314 ) ) ;
#2792 = CARTESIAN_POINT ( 'NONE',  ( -47.36737551610425356, 22.53751450516924848, -76.00001250000002528 ) ) ;
#2793 = VECTOR ( 'NONE', #1763, 1000.000000000000000 ) ;
#2794 = VERTEX_POINT ( 'NONE', #2768 ) ;
#2795 = CARTESIAN_POINT ( 'NONE',  ( 15.42000986255014006, 25.53751450516925203, 70.99998750000000314 ) ) ;
#2796 = EDGE_CURVE ( 'NONE', #405, #296, #2698, .T. ) ;
#2797 = PLANE ( 'NONE',  #720 ) ;
#2798 = CARTESIAN_POINT ( 'NONE',  ( 31.06105160864191106, 35.53751450516924848, -71.00001250000001107 ) ) ;
#2799 = EDGE_LOOP ( 'NONE', ( #2668, #5749, #264, #3441, #1734 ) ) ;
#2800 = AXIS2_PLACEMENT_3D ( 'NONE', #892, #2932, #394 ) ;
#2801 = CARTESIAN_POINT ( 'NONE',  ( -13.76737551610425037, 31.40297912029795668, 25.60237436091949803 ) ) ;
#2802 = CARTESIAN_POINT ( 'NONE',  ( 57.42000986255015249, 27.53751450516924848, 70.99998750000000314 ) ) ;
#2803 = VECTOR ( 'NONE', #5649, 1000.000000000000000 ) ;
#2804 = ORIENTED_EDGE ( 'NONE', *, *, #2647, .T. ) ;
#2805 = DIRECTION ( 'NONE',  ( 1.000000000000000000, 0.000000000000000000, -2.593979029498029835E-16 ) ) ;
#2806 = CARTESIAN_POINT ( 'NONE',  ( -57.36708209551144222, 31.93975109016793823, 26.41421418141601052 ) ) ;
#2807 = EDGE_LOOP ( 'NONE', ( #2360, #2912, #3966, #4513, #1276, #4817, #4334, #4924, #1049, #2073, #12 ) ) ;
#2808 = CARTESIAN_POINT ( 'NONE',  ( 56.23262448389579049, 32.36351073365042907, 27.06282506210558481 ) ) ;
#2809 = EDGE_LOOP ( 'NONE', ( #359, #2970, #5904, #4020 ) ) ;
#2810 = EDGE_CURVE ( 'NONE', #5772, #4871, #6275, .T. ) ;
#2811 = PLANE ( 'NONE',  #156 ) ;
#2812 = ADVANCED_FACE ( 'NONE', ( #4293 ), #6341, .T. ) ;
#2813 = CARTESIAN_POINT ( 'NONE',  ( -87.57999013744984040, 21.53751450516924848, -82.50001250000001107 ) ) ;
#2814 = ADVANCED_FACE ( 'NONE', ( #6570 ), #5429, .F. ) ;
#2815 = DIRECTION ( 'NONE',  ( -2.618450529776312753E-16, 0.000000000000000000, 1.000000000000000000 ) ) ;
#2816 = FACE_OUTER_BOUND ( 'NONE', #1100, .T. ) ;
#2817 = ORIENTED_EDGE ( 'NONE', *, *, #2449, .T. ) ;
#2818 = CARTESIAN_POINT ( 'NONE',  ( -50.57999013744984751, 25.53751450516925203, 70.99998750000000314 ) ) ;
#2819 = ORIENTED_EDGE ( 'NONE', *, *, #5909, .F. ) ;
#2820 = ORIENTED_EDGE ( 'NONE', *, *, #6536, .F. ) ;
#2821 = CARTESIAN_POINT ( 'NONE',  ( 56.23262448389579049, 21.53751450516924848, 32.81307518293911585 ) ) ;
#2822 = LINE ( 'NONE', #4953, #1656 ) ;
#2823 = CARTESIAN_POINT ( 'NONE',  ( 18.63262448389572867, 21.53751450516924848, 32.81307518293911585 ) ) ;
#2824 = EDGE_LOOP ( 'NONE', ( #5976, #3330, #5479, #5496 ) ) ;
#2825 = FACE_OUTER_BOUND ( 'NONE', #5102, .T. ) ;
#2826 = CARTESIAN_POINT ( 'NONE',  ( 13.42000986255011163, 27.53751450516924848, 34.99998749999998182 ) ) ;
#2827 = CARTESIAN_POINT ( 'NONE',  ( -13.76737551610426813, 35.53751450516924848, -71.00001250000001107 ) ) ;
#2828 = VERTEX_POINT ( 'NONE', #2989 ) ;
#2829 = ADVANCED_FACE ( 'NONE', ( #320 ), #5028, .F. ) ;
#2830 = AXIS2_PLACEMENT_3D ( 'NONE', #1651, #184, #147 ) ;
#2831 = CARTESIAN_POINT ( 'NONE',  ( -12.65546373321897811, 32.25219289250070176, 26.89187534081956343 ) ) ;
#2832 = LINE ( 'NONE', #5367, #5408 ) ;
#2833 = VECTOR ( 'NONE', #4618, 1000.000000000000000 ) ;
#2834 = ORIENTED_EDGE ( 'NONE', *, *, #5659, .F. ) ;
#2835 = CARTESIAN_POINT ( 'NONE',  ( 10.23262448389575319, 27.24714692436770136, 20.53955778290666956 ) ) ;
#2836 = DIRECTION ( 'NONE',  ( 0.000000000000000000, 0.000000000000000000, 1.000000000000000000 ) ) ;
#2837 = ORIENTED_EDGE ( 'NONE', *, *, #153, .T. ) ;
#2838 = EDGE_CURVE ( 'NONE', #4781, #3014, #6473, .T. ) ;
#2839 = CARTESIAN_POINT ( 'NONE',  ( -3.367375516104262445, 21.53751450516924848, 32.81307518293911585 ) ) ;
#2840 = AXIS2_PLACEMENT_3D ( 'NONE', #6485, #6353, #6419 ) ;
#2841 = ORIENTED_EDGE ( 'NONE', *, *, #5099, .T. ) ;
#2842 = LINE ( 'NONE', #6323, #3783 ) ;
#2843 = PLANE ( 'NONE',  #1687 ) ;
#2844 = CARTESIAN_POINT ( 'NONE',  ( -94.57999013744984040, 27.53751450516924848, 34.99998749999998182 ) ) ;
#2845 = CARTESIAN_POINT ( 'NONE',  ( -69.36737551610424646, 35.53751450516924848, -71.00001250000001107 ) ) ;
#2846 = VECTOR ( 'NONE', #1934, 1000.000000000000000 ) ;
#2847 = ORIENTED_EDGE ( 'NONE', *, *, #3423, .F. ) ;
#2848 = DIRECTION ( 'NONE',  ( 0.000000000000000000, 0.000000000000000000, -1.000000000000000000 ) ) ;
#2849 = ORIENTED_EDGE ( 'NONE', *, *, #1449, .F. ) ;
#2850 = EDGE_CURVE ( 'NONE', #551, #1649, #850, .T. ) ;
#2851 = EDGE_LOOP ( 'NONE', ( #1984, #2760, #3104, #2280, #5256 ) ) ;
#2852 = VECTOR ( 'NONE', #926, 1000.000000000000000 ) ;
#2853 = CARTESIAN_POINT ( 'NONE',  ( -74.57999013744984040, 21.53751450516924848, 68.99998750000000314 ) ) ;
#2854 = CARTESIAN_POINT ( 'NONE',  ( -50.57999013744984751, 25.53751450516925203, 68.99998750000000314 ) ) ;
#2855 = CARTESIAN_POINT ( 'NONE',  ( -6.579990137449851062, 25.53751450516925203, 68.99998750000000314 ) ) ;
#2856 = AXIS2_PLACEMENT_3D ( 'NONE', #3091, #3559, #3152 ) ;
#2857 = CARTESIAN_POINT ( 'NONE',  ( -74.57999013744984040, 27.53751450516924493, -82.50001250000001107 ) ) ;
#2859 = ORIENTED_EDGE ( 'NONE', *, *, #1182, .T. ) ;
#2858 = VECTOR ( 'NONE', #1239, 1000.000000000000000 ) ;
#2860 = DIRECTION ( 'NONE',  ( -2.757745797354121634E-16, 0.000000000000000000, -1.000000000000000000 ) ) ;
#2861 = ADVANCED_FACE ( 'NONE', ( #2358 ), #5533, .T. ) ;
#2862 = VECTOR ( 'NONE', #432, 1000.000000000000000 ) ;
#2863 = PLANE ( 'NONE',  #3924 ) ;
#2864 = CARTESIAN_POINT ( 'NONE',  ( 9.061051608641914612, 35.53751450516924848, -71.00001250000001107 ) ) ;
#2865 = AXIS2_PLACEMENT_3D ( 'NONE', #5120, #4147, #3142 ) ;
#2866 = ORIENTED_EDGE ( 'NONE', *, *, #6012, .T. ) ;
#2867 = CARTESIAN_POINT ( 'NONE',  ( -12.41308611156294184, 32.30735151765448876, 26.97652389697436703 ) ) ;
#2868 = EDGE_CURVE ( 'NONE', #5540, #2048, #4462, .T. ) ;
#2869 = ORIENTED_EDGE ( 'NONE', *, *, #4628, .F. ) ;
#2870 = ADVANCED_FACE ( 'NONE', ( #3958 ), #6441, .F. ) ;
#2871 = DIRECTION ( 'NONE',  ( -2.593979029498029835E-16, 0.000000000000000000, -1.000000000000000000 ) ) ;
#2872 = AXIS2_PLACEMENT_3D ( 'NONE', #6282, #5308, #4738 ) ;
#2873 = ORIENTED_EDGE ( 'NONE', *, *, #3257, .T. ) ;
#2874 = LINE ( 'NONE', #4407, #2623 ) ;
#2875 = DIRECTION ( 'NONE',  ( -0.000000000000000000, -1.000000000000000000, -0.000000000000000000 ) ) ;
#2876 = LINE ( 'NONE', #6455, #2003 ) ;
#2877 = LINE ( 'NONE', #6396, #6464 ) ;
#2878 = ORIENTED_EDGE ( 'NONE', *, *, #923, .F. ) ;
#2879 = DIRECTION ( 'NONE',  ( 0.000000000000000000, 0.000000000000000000, 1.000000000000000000 ) ) ;
#2880 = ORIENTED_EDGE ( 'NONE', *, *, #486, .T. ) ;
#2881 = ORIENTED_EDGE ( 'NONE', *, *, #5169, .F. ) ;
#2882 = CARTESIAN_POINT ( 'NONE',  ( -46.19580264085045940, 21.53751450516924137, 32.81307518293911585 ) ) ;
#2883 = ADVANCED_FACE ( 'NONE', ( #2890 ), #2863, .F. ) ;
#2884 = CARTESIAN_POINT ( 'NONE',  ( 30.23262448389574075, 31.25785105076080228, 25.38548150415243754 ) ) ;
#2885 = CARTESIAN_POINT ( 'NONE',  ( 20.63262448389573933, 31.40297912031135041, 25.60237436091054519 ) ) ;
#2886 = CARTESIAN_POINT ( 'NONE',  ( -1.367375516104260669, 27.24714692436770136, 20.53955778290666956 ) ) ;
#2887 = EDGE_LOOP ( 'NONE', ( #5365, #5942, #2103, #977 ) ) ;
#2888 = DIRECTION ( 'NONE',  ( 1.049727191138618326E-16, 0.5150380749100547106, -0.8571673007021120005 ) ) ;
#2889 = EDGE_CURVE ( 'NONE', #4856, #1221, #5528, .T. ) ;
#2890 = FACE_OUTER_BOUND ( 'NONE', #5323, .T. ) ;
#2891 = PLANE ( 'NONE',  #824 ) ;
#2892 = EDGE_CURVE ( 'NONE', #726, #2893, #1387, .T. ) ;
#2893 = VERTEX_POINT ( 'NONE', #4492 ) ;
#2894 = VECTOR ( 'NONE', #2236, 1000.000000000000000 ) ;
#2895 = CARTESIAN_POINT ( 'NONE',  ( 57.42000986255003880, 21.53751450516925203, -87.58579893762691881 ) ) ;
#2896 = EDGE_LOOP ( 'NONE', ( #2644, #507, #1469, #4794, #3767 ) ) ;
#2897 = VECTOR ( 'NONE', #1534, 1000.000000000000000 ) ;
#2898 = DIRECTION ( 'NONE',  ( -0.000000000000000000, 0.000000000000000000, 1.000000000000000000 ) ) ;
#2899 = PLANE ( 'NONE',  #6116 ) ;
#2900 = VERTEX_POINT ( 'NONE', #3421 ) ;
#2901 = CARTESIAN_POINT ( 'NONE',  ( -28.57999013744984396, 27.53751450516924848, 68.99998750000000314 ) ) ;
#2902 = VECTOR ( 'NONE', #2137, 999.9999999999998863 ) ;
#2903 = CARTESIAN_POINT ( 'NONE',  ( -57.76737551610424504, 21.53751450516924848, 30.54845821467287337 ) ) ;
#2904 = VECTOR ( 'NONE', #575, 1000.000000000000000 ) ;
#2905 = DIRECTION ( 'NONE',  ( 6.084019089575384694E-17, -0.8831515563230877275, 0.4690877621129207475 ) ) ;
#2906 = CARTESIAN_POINT ( 'NONE',  ( -72.57999013744984040, 27.53751450516924848, 34.99998749999998182 ) ) ;
#2907 = VERTEX_POINT ( 'NONE', #6033 ) ;
#2908 = VECTOR ( 'NONE', #1833, 1000.000000000000000 ) ;
#2909 = DIRECTION ( 'NONE',  ( -0.000000000000000000, 1.000000000000000000, -0.000000000000000000 ) ) ;
#2910 = ORIENTED_EDGE ( 'NONE', *, *, #5836, .T. ) ;
#2911 = EDGE_CURVE ( 'NONE', #4523, #3757, #4525, .T. ) ;
#2912 = ORIENTED_EDGE ( 'NONE', *, *, #3658, .T. ) ;
#2913 = VERTEX_POINT ( 'NONE', #6539 ) ;
#2914 = DIRECTION ( 'NONE',  ( -0.000000000000000000, -0.000000000000000000, -1.000000000000000000 ) ) ;
#2915 = CARTESIAN_POINT ( 'NONE',  ( 56.42000986255003880, 26.53751450516924493, -76.00001250000002528 ) ) ;
#2916 = CARTESIAN_POINT ( 'NONE',  ( 20.23233106330292230, 31.93975109016795244, 26.41421418141600341 ) ) ;
#2917 = LINE ( 'NONE', #4956, #5356 ) ;
#2918 = EDGE_LOOP ( 'NONE', ( #4799, #1447, #1930, #5288, #2025, #534 ) ) ;
#2919 = DIRECTION ( 'NONE',  ( 0.000000000000000000, -1.000000000000000000, -0.000000000000000000 ) ) ;
#2920 = CC_DESIGN_APPROVAL ( #4689, ( #1214 ) ) ;
#2921 = EDGE_CURVE ( 'NONE', #68, #6411, #5393, .T. ) ;
#2922 = EDGE_LOOP ( 'NONE', ( #4682, #1663, #3475, #1244 ) ) ;
#2923 = DIRECTION ( 'NONE',  ( 1.000000000000000000, -0.000000000000000000, -0.000000000000000000 ) ) ;
#2924 = CARTESIAN_POINT ( 'NONE',  ( 10.23262448389575319, 32.36351073365042907, 27.06282506210558481 ) ) ;
#2925 = ORIENTED_EDGE ( 'NONE', *, *, #4274, .T. ) ;
#2926 = CARTESIAN_POINT ( 'NONE',  ( 0.000000000000000000, 0.000000000000000000, -88.00001250000001107 ) ) ;
#2927 = ADVANCED_FACE ( 'NONE', ( #1352 ), #3490, .T. ) ;
#2928 = EDGE_CURVE ( 'NONE', #2135, #1992, #5999, .T. ) ;
#2929 = DIRECTION ( 'NONE',  ( 1.296989514749014917E-16, 0.000000000000000000, 1.000000000000000000 ) ) ;
#2930 = ORIENTED_EDGE ( 'NONE', *, *, #1131, .T. ) ;
#2931 = VECTOR ( 'NONE', #5843, 1000.000000000000000 ) ;
#2932 = DIRECTION ( 'NONE',  ( 0.000000000000000000, 0.000000000000000000, -1.000000000000000000 ) ) ;
#2933 = VERTEX_POINT ( 'NONE', #351 ) ;
#2934 = CARTESIAN_POINT ( 'NONE',  ( 41.80419735914951929, 35.53751450516924848, -71.00001250000001107 ) ) ;
#2935 = EDGE_CURVE ( 'NONE', #997, #4313, #675, .T. ) ;
#2936 = AXIS2_PLACEMENT_3D ( 'NONE', #4209, #3645, #2716 ) ;
#2937 = DIRECTION ( 'NONE',  ( 0.000000000000000000, -1.000000000000000000, 0.000000000000000000 ) ) ;
#2938 = CARTESIAN_POINT ( 'NONE',  ( -3.367375516104276212, 21.53751450516924848, -76.00001250000002528 ) ) ;
#2939 = FACE_OUTER_BOUND ( 'NONE', #4939, .T. ) ;
#2940 = ORIENTED_EDGE ( 'NONE', *, *, #4550, .F. ) ;
#2941 = DIRECTION ( 'NONE',  ( -0.000000000000000000, 1.000000000000000000, -0.000000000000000000 ) ) ;
#2942 = EDGE_LOOP ( 'NONE', ( #5084, #3895 ) ) ;
#2943 = ORIENTED_EDGE ( 'NONE', *, *, #1824, .F. ) ;
#2944 = VERTEX_POINT ( 'NONE', #989 ) ;
#2945 = DIRECTION ( 'NONE',  ( 0.000000000000000000, 0.000000000000000000, 1.000000000000000000 ) ) ;
#2946 = EDGE_CURVE ( 'NONE', #4243, #4048, #1642, .T. ) ;
#2947 = CARTESIAN_POINT ( 'NONE',  ( -11.76737551610426635, 22.53751450516924848, -76.00001250000002528 ) ) ;
#2948 = DIRECTION ( 'NONE',  ( -0.000000000000000000, 1.000000000000000000, -0.000000000000000000 ) ) ;
#2949 = EDGE_CURVE ( 'NONE', #791, #6057, #1989, .T. ) ;
#2950 = DIRECTION ( 'NONE',  ( 0.000000000000000000, -0.000000000000000000, 1.000000000000000000 ) ) ;
#2951 = ORIENTED_EDGE ( 'NONE', *, *, #4561, .T. ) ;
#2952 = VECTOR ( 'NONE', #1058, 1000.000000000000000 ) ;
#2953 = ORIENTED_EDGE ( 'NONE', *, *, #3504, .T. ) ;
#2954 = FACE_OUTER_BOUND ( 'NONE', #2278, .T. ) ;
#2955 = VECTOR ( 'NONE', #1501, 1000.000000000000000 ) ;
#2956 = CARTESIAN_POINT ( 'NONE',  ( 30.23262448389574075, 35.53751450516924848, 35.99998749999998182 ) ) ;
#2957 = VECTOR ( 'NONE', #4294, 1000.000000000000000 ) ;
#2958 = DIRECTION ( 'NONE',  ( -0.000000000000000000, 1.000000000000000000, -0.000000000000000000 ) ) ;
#2960 = EDGE_CURVE ( 'NONE', #1901, #5349, #4777, .T. ) ;
#2959 = AXIS2_PLACEMENT_3D ( 'NONE', #2964, #4968, #4034 ) ;
#2961 = VERTEX_POINT ( 'NONE', #4783 ) ;
#2962 = DIRECTION ( 'NONE',  ( -0.000000000000000000, -1.000000000000000000, -0.000000000000000000 ) ) ;
#2963 = AXIS2_PLACEMENT_3D ( 'NONE', #3860, #4997, #3452 ) ;
#2964 = CARTESIAN_POINT ( 'NONE',  ( 47.42000986255016670, 22.33751450516924564, -82.50001250000001107 ) ) ;
#2965 = EDGE_LOOP ( 'NONE', ( #1959, #1911, #3245, #1780, #1310, #1521, #3045 ) ) ;
#2966 = EDGE_CURVE ( 'NONE', #4087, #3473, #5097, .T. ) ;
#2967 = CARTESIAN_POINT ( 'NONE',  ( 32.23262448389571944, 22.53751450516924848, -76.00001250000002528 ) ) ;
#2968 = DIRECTION ( 'NONE',  ( -2.618450529776312753E-16, 0.000000000000000000, 1.000000000000000000 ) ) ;
#2969 = CALENDAR_DATE ( 2025, 8, 12 ) ;
#2970 = ORIENTED_EDGE ( 'NONE', *, *, #4111, .F. ) ;
#2971 = CARTESIAN_POINT ( 'NONE',  ( -93.57999013744984040, 26.53751450516924493, -88.00001250000001107 ) ) ;
#2972 = DIRECTION ( 'NONE',  ( 0.000000000000000000, 0.000000000000000000, 1.000000000000000000 ) ) ;
#2973 = CARTESIAN_POINT ( 'NONE',  ( -74.57999013744984040, 21.53751450516924848, -84.75001250000001107 ) ) ;
#2974 = EDGE_CURVE ( 'NONE', #5994, #3979, #85, .T. ) ;
#2975 = CARTESIAN_POINT ( 'NONE',  ( -80.56737551610427772, 21.53751450516924848, 34.99998749999998182 ) ) ;
#2976 = ORIENTED_EDGE ( 'NONE', *, *, #4540, .F. ) ;
#2977 = DIRECTION ( 'NONE',  ( -1.000000000000000000, 0.000000000000000000, -0.000000000000000000 ) ) ;
#2978 = ORIENTED_EDGE ( 'NONE', *, *, #1385, .F. ) ;
#2979 = ORIENTED_EDGE ( 'NONE', *, *, #3639, .T. ) ;
#2980 = VERTEX_POINT ( 'NONE', #171 ) ;
#2981 = PLANE ( 'NONE',  #1869 ) ;
#2982 = CARTESIAN_POINT ( 'NONE',  ( 18.76498704684468777, 32.36351073365042907, 27.06282506210558481 ) ) ;
#2983 = CARTESIAN_POINT ( 'NONE',  ( 30.48428312564352183, 31.81675817218728497, 26.22706656814354531 ) ) ;
#2984 = ORIENTED_EDGE ( 'NONE', *, *, #1437, .F. ) ;
#2985 = FACE_OUTER_BOUND ( 'NONE', #6220, .T. ) ;
#2986 = ORIENTED_EDGE ( 'NONE', *, *, #3015, .F. ) ;
#2987 = EDGE_CURVE ( 'NONE', #1610, #3316, #2648, .T. ) ;
#2988 = CARTESIAN_POINT ( 'NONE',  ( 42.63262448389572512, 33.53751450516924137, 20.53955778290666956 ) ) ;
#2989 = CARTESIAN_POINT ( 'NONE',  ( -39.57999013744984040, 23.53751450516924493, -80.25001250000001107 ) ) ;
#2990 = DIRECTION ( 'NONE',  ( 0.000000000000000000, 0.000000000000000000, 1.000000000000000000 ) ) ;
#2991 = ORIENTED_EDGE ( 'NONE', *, *, #3329, .T. ) ;
#2992 = CARTESIAN_POINT ( 'NONE',  ( -57.76737551610425214, 35.53751450516924848, -71.00001250000001107 ) ) ;
#2993 = EDGE_CURVE ( 'NONE', #1480, #214, #3817, .T. ) ;
#2994 = EDGE_CURVE ( 'NONE', #3096, #5145, #1359, .T. ) ;
#2995 = DIRECTION ( 'NONE',  ( 0.000000000000000000, 0.000000000000000000, -1.000000000000000000 ) ) ;
#2996 = ORIENTED_EDGE ( 'NONE', *, *, #4266, .F. ) ;
#2997 = DIRECTION ( 'NONE',  ( -0.000000000000000000, 1.000000000000000000, -0.000000000000000000 ) ) ;
#2998 = PLANE ( 'NONE',  #2151 ) ;
#2999 = PERSON_AND_ORGANIZATION_ROLE ( 'design_owner' ) ;
#3000 = VERTEX_POINT ( 'NONE', #3181 ) ;
#3001 = PLANE ( 'NONE',  #6475 ) ;
#3002 = EDGE_CURVE ( 'NONE', #1992, #808, #5786, .T. ) ;
#3003 = FACE_OUTER_BOUND ( 'NONE', #4415, .T. ) ;
#3004 = VECTOR ( 'NONE', #3969, 1000.000000000000000 ) ;
#3005 = LINE ( 'NONE', #364, #3178 ) ;
#3006 = CARTESIAN_POINT ( 'NONE',  ( 35.42000986255013117, 27.53751450516924848, 68.99998749999988945 ) ) ;
#3007 = EDGE_LOOP ( 'NONE', ( #3830, #301, #1925, #2375, #5383, #3606 ) ) ;
#3008 = FACE_BOUND ( 'NONE', #5563, .T. ) ;
#3009 = ORIENTED_EDGE ( 'NONE', *, *, #6428, .F. ) ;
#3010 = AXIS2_PLACEMENT_3D ( 'NONE', #1488, #2085, #75 ) ;
#3011 = EDGE_CURVE ( 'NONE', #1289, #4436, #4089, .T. ) ;
#3012 = EDGE_LOOP ( 'NONE', ( #66, #2446, #3795, #4431 ) ) ;
#3013 = VECTOR ( 'NONE', #1452, 1000.000000000000000 ) ;
#3014 = VERTEX_POINT ( 'NONE', #3525 ) ;
#3015 = EDGE_CURVE ( 'NONE', #3555, #1081, #2715, .T. ) ;
#3016 = DIRECTION ( 'NONE',  ( 1.000000000000000000, 0.000000000000000000, 0.000000000000000000 ) ) ;
#3017 = EDGE_CURVE ( 'NONE', #1417, #136, #5756, .T. ) ;
#3018 = AXIS2_PLACEMENT_3D ( 'NONE', #6493, #839, #2879 ) ;
#3019 = DIRECTION ( 'NONE',  ( 0.000000000000000000, -1.000000000000000000, 0.000000000000000000 ) ) ;
#3020 = CARTESIAN_POINT ( 'NONE',  ( -94.57999013744984040, 27.53751450516924848, -71.00001250000001107 ) ) ;
#3021 = CARTESIAN_POINT ( 'NONE',  ( -39.57999013744984040, 27.53751450516924493, -79.00001250000001107 ) ) ;
#3022 = ORIENTED_EDGE ( 'NONE', *, *, #3129, .F. ) ;
#3023 = CARTESIAN_POINT ( 'NONE',  ( -44.56737551610429193, 21.53751450516924848, 34.99998749999998182 ) ) ;
#3024 = ORIENTED_EDGE ( 'NONE', *, *, #4274, .F. ) ;
#3025 = CARTESIAN_POINT ( 'NONE',  ( -14.56737551610430614, 22.53751450516924848, -71.00001250000001107 ) ) ;
#3026 = CARTESIAN_POINT ( 'NONE',  ( 15.42000986255014006, 27.53751450516924848, 70.99998750000000314 ) ) ;
#3027 = CARTESIAN_POINT ( 'NONE',  ( 10.10026192094678699, 32.36351073365042197, 27.06282506210559191 ) ) ;
#3028 = VECTOR ( 'NONE', #1805, 1000.000000000000000 ) ;
#3029 = ORIENTED_EDGE ( 'NONE', *, *, #1928, .F. ) ;
#3030 = DIRECTION ( 'NONE',  ( -0.000000000000000000, -0.000000000000000000, 1.000000000000000000 ) ) ;
#3031 = DIRECTION ( 'NONE',  ( -1.000000000000000000, 0.000000000000000000, 0.000000000000000000 ) ) ;
#3032 = ORIENTED_EDGE ( 'NONE', *, *, #67, .F. ) ;
#3033 = CARTESIAN_POINT ( 'NONE',  ( -12.93894839135807828, 35.53751450516924848, -71.00001250000001107 ) ) ;
#3034 = EDGE_CURVE ( 'NONE', #2606, #149, #5600, .T. ) ;
#3035 = CARTESIAN_POINT ( 'NONE',  ( -72.57999013744984040, 26.53751450516924848, 69.99998750000000314 ) ) ;
#3036 = CARTESIAN_POINT ( 'NONE',  ( 40.76498704684468777, 32.36351073365043618, 27.06282506210558836 ) ) ;
#3037 = CIRCLE ( 'NONE', #2724, 2.000000000000001776 ) ;
#3038 = DIRECTION ( 'NONE',  ( -0.000000000000000000, -0.000000000000000000, 1.000000000000000000 ) ) ;
#3039 = DIRECTION ( 'NONE',  ( 1.000000000000000000, -0.000000000000000000, 0.000000000000000000 ) ) ;
#3040 = FACE_OUTER_BOUND ( 'NONE', #4832, .T. ) ;
#3041 = EDGE_CURVE ( 'NONE', #1648, #2154, #5215, .T. ) ;
#3042 = DIRECTION ( 'NONE',  ( -0.000000000000000000, 1.000000000000000000, -0.000000000000000000 ) ) ;
#3043 = EDGE_LOOP ( 'NONE', ( #3127, #3613, #5984, #4151 ) ) ;
#3044 = VECTOR ( 'NONE', #5224, 1000.000000000000000 ) ;
#3045 = ORIENTED_EDGE ( 'NONE', *, *, #783, .F. ) ;
#3046 = ORIENTED_EDGE ( 'NONE', *, *, #1331, .F. ) ;
#3047 = PLANE ( 'NONE',  #172 ) ;
#3048 = VECTOR ( 'NONE', #3249, 999.9999999999998863 ) ;
#3049 = DIRECTION ( 'NONE',  ( 0.000000000000000000, 0.000000000000000000, 1.000000000000000000 ) ) ;
#3050 = LINE ( 'NONE', #5090, #6499 ) ;
#3051 = CARTESIAN_POINT ( 'NONE',  ( 31.97012533739017215, 32.35639025246003797, 27.05187548765922756 ) ) ;
#3052 = VERTEX_POINT ( 'NONE', #1174 ) ;
#3053 = AXIS2_PLACEMENT_3D ( 'NONE', #3713, #6187, #2649 ) ;
#3054 = VERTEX_POINT ( 'NONE', #1207 ) ;
#3055 = VECTOR ( 'NONE', #3402, 1000.000000000000000 ) ;
#3056 = DIRECTION ( 'NONE',  ( 1.000000000000000000, 0.000000000000000000, -7.930164461608260440E-16 ) ) ;
#3057 = LINE ( 'NONE', #3744, #4134 ) ;
#3058 = CARTESIAN_POINT ( 'NONE',  ( -46.04405941481171993, 32.09212492622221191, 26.64678608497182211 ) ) ;
#3059 = EDGE_CURVE ( 'NONE', #163, #1221, #4208, .T. ) ;
#3060 = EDGE_CURVE ( 'NONE', #1489, #4622, #3057, .T. ) ;
#3062 = ORIENTED_EDGE ( 'NONE', *, *, #2394, .F. ) ;
#3061 = CIRCLE ( 'NONE', #4865, 2.000000000000001776 ) ;
#3063 = CARTESIAN_POINT ( 'NONE',  ( 37.42000986255013117, 21.53751450516924848, 68.99998750000000314 ) ) ;
#3064 = LINE ( 'NONE', #3627, #2106 ) ;
#3065 = EDGE_LOOP ( 'NONE', ( #1440, #5589, #3075, #1639, #5691, #5702, #1546, #2476, #5792, #2991 ) ) ;
#3066 = EDGE_CURVE ( 'NONE', #5000, #5824, #518, .T. ) ;
#3067 = LINE ( 'NONE', #5918, #3702 ) ;
#3068 = CARTESIAN_POINT ( 'NONE',  ( -94.57999013744984040, 27.53751450516924848, 34.99998749999998182 ) ) ;
#3069 =( LENGTH_UNIT ( ) NAMED_UNIT ( * ) SI_UNIT ( .MILLI., .METRE. ) );
#3070 = AXIS2_PLACEMENT_3D ( 'NONE', #6410, #288, #3861 ) ;
#3071 = AXIS2_PLACEMENT_3D ( 'NONE', #919, #818, #1920 ) ;
#3072 = CARTESIAN_POINT ( 'NONE',  ( 41.85309673632627891, 32.13859167208716627, 26.71785088692838528 ) ) ;
#3073 = EDGE_CURVE ( 'NONE', #625, #866, #180, .T. ) ;
#3074 = CARTESIAN_POINT ( 'NONE',  ( -94.57999013744985461, 21.53751450516925203, -87.58579893762691881 ) ) ;
#3075 = ORIENTED_EDGE ( 'NONE', *, *, #4933, .T. ) ;
#3076 = B_SPLINE_CURVE_WITH_KNOTS ( 'NONE', 3,
 ( #1504, #3036, #6147, #2571, #1032, #4098, #4070, #3072, #6084, #2004, #1931, #1964, #6518, #5109 ),
 .UNSPECIFIED., .F., .F.,
 ( 4, 2, 2, 2, 2, 2, 4 ),
 ( 0.000000000000000000, 0.0003914435603716422086, 0.0007828871207432844172, 0.001174330681114926734, 0.001565774241486568834, 0.002348661362229838723, 0.003131548482973108612 ),
 .UNSPECIFIED. ) ;
#3077 = DIRECTION ( 'NONE',  ( 0.000000000000000000, -1.000000000000000000, 0.000000000000000000 ) ) ;
#3078 = PLANE ( 'NONE',  #341 ) ;
#3079 = AXIS2_PLACEMENT_3D ( 'NONE', #719, #2763, #5897 ) ;
#3080 = ORIENTED_EDGE ( 'NONE', *, *, #3156, .T. ) ;
#3081 = EDGE_LOOP ( 'NONE', ( #3718, #4885, #2273, #906 ) ) ;
#3082 = ORIENTED_EDGE ( 'NONE', *, *, #178, .T. ) ;
#3083 = CARTESIAN_POINT ( 'NONE',  ( -44.56737551610429193, 21.53751450516924848, -76.00001250000002528 ) ) ;
#3084 = CARTESIAN_POINT ( 'NONE',  ( -58.56737551610429193, 22.53751450516924848, -71.00001250000001107 ) ) ;
#3085 = LINE ( 'NONE', #3518, #4035 ) ;
#3086 = CARTESIAN_POINT ( 'NONE',  ( -1.367375516104260669, 31.25785105076080228, 25.38548150415243754 ) ) ;
#3087 = ORIENTED_EDGE ( 'NONE', *, *, #4588, .F. ) ;
#3088 = ORIENTED_EDGE ( 'NONE', *, *, #2868, .T. ) ;
#3089 = ADVANCED_FACE ( 'NONE', ( #710 ), #5411, .F. ) ;
#3090 = DIRECTION ( 'NONE',  ( 0.000000000000000000, 0.000000000000000000, -1.000000000000000000 ) ) ;
#3091 = CARTESIAN_POINT ( 'NONE',  ( -11.76737551610423971, 33.53751450516924137, 20.53955778290666956 ) ) ;
#3092 = ORIENTED_EDGE ( 'NONE', *, *, #2733, .T. ) ;
#3093 = DIRECTION ( 'NONE',  ( -6.546126324440781884E-17, 0.000000000000000000, -1.000000000000000000 ) ) ;
#3094 = EDGE_CURVE ( 'NONE', #4087, #6225, #4991, .T. ) ;
#3095 = CARTESIAN_POINT ( 'NONE',  ( -14.56737551610430614, 27.53751450516924848, 68.99998750000000314 ) ) ;
#3096 = VERTEX_POINT ( 'NONE', #305 ) ;
#3097 = FACE_OUTER_BOUND ( 'NONE', #86, .T. ) ;
#3098 = DIRECTION ( 'NONE',  ( 1.000000000000000000, 0.000000000000000000, -0.000000000000000000 ) ) ;
#3099 = LINE ( 'NONE', #5136, #3270 ) ;
#3100 = CARTESIAN_POINT ( 'NONE',  ( -66.56737551610427772, 27.53751450516924848, 34.99998749999998182 ) ) ;
#3101 = VERTEX_POINT ( 'NONE', #1743 ) ;
#3102 = LINE ( 'NONE', #1669, #4818 ) ;
#3103 = CYLINDRICAL_SURFACE ( 'NONE', #1197, 2.250000000000001776 ) ;
#3104 = ORIENTED_EDGE ( 'NONE', *, *, #6348, .T. ) ;
#3105 = ORIENTED_EDGE ( 'NONE', *, *, #3686, .F. ) ;
#3106 = AXIS2_PLACEMENT_3D ( 'NONE', #1604, #1098, #3635 ) ;
#3107 = ORIENTED_EDGE ( 'NONE', *, *, #5587, .F. ) ;
#3108 = DIRECTION ( 'NONE',  ( -2.040851148208007012E-16, 0.000000000000000000, -1.000000000000000000 ) ) ;
#3109 = CARTESIAN_POINT ( 'NONE',  ( -94.57999013744984040, 25.53751450516925203, 68.99998750000000314 ) ) ;
#3110 = CARTESIAN_POINT ( 'NONE',  ( -67.36737551610424646, 33.53751450516924137, 35.99998749999998182 ) ) ;
#3111 = CIRCLE ( 'NONE', #869, 1.000000000000000888 ) ;
#3112 = CARTESIAN_POINT ( 'NONE',  ( -87.57999013744984040, 27.53751450516924493, -80.60001250000000539 ) ) ;
#3113 = ADVANCED_FACE ( 'NONE', ( #4375 ), #6358, .T. ) ;
#3115 = ADVANCED_FACE ( 'NONE', ( #3313 ), #4844, .T. ) ;
#3114 = EDGE_LOOP ( 'NONE', ( #5014, #77, #4178, #3394, #4836, #198 ) ) ;
#3116 = ORIENTED_EDGE ( 'NONE', *, *, #3329, .F. ) ;
#3117 = AXIS2_PLACEMENT_3D ( 'NONE', #4212, #4282, #2652 ) ;
#3118 = CARTESIAN_POINT ( 'NONE',  ( -74.57999013744984040, 27.53751450516924493, -82.50001250000001107 ) ) ;
#3119 = CARTESIAN_POINT ( 'NONE',  ( -46.47928729898954003, 32.25219289250070887, 26.89187534081957054 ) ) ;
#3121 = ADVANCED_FACE ( 'NONE', ( #835 ), #736, .T. ) ;
#3120 = ORIENTED_EDGE ( 'NONE', *, *, #4688, .F. ) ;
#3122 = CARTESIAN_POINT ( 'NONE',  ( -58.56737551610429193, 27.53751450516924848, 68.99998750000000314 ) ) ;
#3123 = LINE ( 'NONE', #2662, #1893 ) ;
#3124 = ORIENTED_EDGE ( 'NONE', *, *, #4841, .F. ) ;
#3125 = LINE ( 'NONE', #4160, #5518 ) ;
#3126 = CYLINDRICAL_SURFACE ( 'NONE', #4179, 1.000000000000000888 ) ;
#3128 = EDGE_CURVE ( 'NONE', #3138, #3856, #4352, .T. ) ;
#3127 = ORIENTED_EDGE ( 'NONE', *, *, #2921, .T. ) ;
#3129 = EDGE_CURVE ( 'NONE', #6556, #5026, #800, .T. ) ;
#3130 = DIRECTION ( 'NONE',  ( 1.000000000000000000, -0.000000000000000000, 0.000000000000000000 ) ) ;
#3131 = DIRECTION ( 'NONE',  ( 0.000000000000000000, -0.000000000000000000, 1.000000000000000000 ) ) ;
#3132 = ORIENTED_EDGE ( 'NONE', *, *, #2928, .T. ) ;
#3133 = CARTESIAN_POINT ( 'NONE',  ( -8.579990137449838628, 25.53751450516925203, 69.99998750000000314 ) ) ;
#3134 = CARTESIAN_POINT ( 'NONE',  ( -94.57999013744984040, 27.53751450516924848, 34.99998749999998182 ) ) ;
#3135 = EDGE_CURVE ( 'NONE', #3101, #804, #5643, .T. ) ;
#3136 = ORIENTED_EDGE ( 'NONE', *, *, #1071, .T. ) ;
#3137 = DIRECTION ( 'NONE',  ( -1.000000000000000000, 0.000000000000000000, 0.000000000000000000 ) ) ;
#3138 = VERTEX_POINT ( 'NONE', #1370 ) ;
#3139 = ORIENTED_EDGE ( 'NONE', *, *, #1001, .T. ) ;
#3140 = CARTESIAN_POINT ( 'NONE',  ( 57.42010986255015581, 21.53751450516924848, -87.00001250000001107 ) ) ;
#3141 = DIRECTION ( 'NONE',  ( -0.000000000000000000, -1.000000000000000000, -0.000000000000000000 ) ) ;
#3142 = DIRECTION ( 'NONE',  ( -1.000000000000000000, 0.000000000000000000, 0.000000000000000000 ) ) ;
#3143 = FACE_OUTER_BOUND ( 'NONE', #6002, .T. ) ;
#3144 = AXIS2_PLACEMENT_3D ( 'NONE', #5164, #5674, #3732 ) ;
#3145 = VERTEX_POINT ( 'NONE', #2275 ) ;
#3146 = ORIENTED_EDGE ( 'NONE', *, *, #3357, .T. ) ;
#3147 = FACE_OUTER_BOUND ( 'NONE', #1261, .T. ) ;
#3148 = EDGE_CURVE ( 'NONE', #821, #2828, #2876, .T. ) ;
#3149 = VECTOR ( 'NONE', #737, 1000.000000000000000 ) ;
#3150 = EDGE_CURVE ( 'NONE', #4851, #2077, #6113, .T. ) ;
#3151 = DIRECTION ( 'NONE',  ( 0.000000000000000000, 0.8831515563230876165, -0.4690877621129207475 ) ) ;
#3152 = DIRECTION ( 'NONE',  ( 1.000000000000000000, 0.000000000000000000, 0.000000000000000000 ) ) ;
#3153 = ORIENTED_EDGE ( 'NONE', *, *, #5665, .T. ) ;
#3154 = CARTESIAN_POINT ( 'NONE',  ( 57.42000986255015249, 25.53751450516925203, 69.99998750000000314 ) ) ;
#3155 = AXIS2_PLACEMENT_3D ( 'NONE', #5457, #1384, #480 ) ;
#3156 = EDGE_CURVE ( 'NONE', #3656, #1648, #4344, .T. ) ;
#3157 = VECTOR ( 'NONE', #3180, 1000.000000000000000 ) ;
#3158 = CARTESIAN_POINT ( 'NONE',  ( -4.579990137449835075, 23.53751450516924493, -79.00001250000001107 ) ) ;
#3159 = CARTESIAN_POINT ( 'NONE',  ( 57.42000986255015249, 26.53751450516924848, 70.99998750000000314 ) ) ;
#3160 = CIRCLE ( 'NONE', #4331, 6.290367580801543568 ) ;
#3161 = DIRECTION ( 'NONE',  ( -0.000000000000000000, -0.000000000000000000, 1.000000000000000000 ) ) ;
#3162 = LINE ( 'NONE', #3697, #4287 ) ;
#3163 = ORIENTED_EDGE ( 'NONE', *, *, #4240, .F. ) ;
#3164 = CARTESIAN_POINT ( 'NONE',  ( 57.42010986255015581, 21.53751450516924848, 68.99998750000000314 ) ) ;
#3165 = VECTOR ( 'NONE', #785, 1000.000000000000000 ) ;
#3166 = ADVANCED_FACE ( 'NONE', ( #5317 ), #2843, .F. ) ;
#3167 = CARTESIAN_POINT ( 'NONE',  ( -93.57999013744984040, 22.53751450516924848, -88.00001250000001107 ) ) ;
#3168 = CIRCLE ( 'NONE', #76, 2.250000000000001776 ) ;
#3169 = ORIENTED_EDGE ( 'NONE', *, *, #4328, .T. ) ;
#3170 = AXIS2_PLACEMENT_3D ( 'NONE', #3829, #5872, #2330 ) ;
#3171 = CARTESIAN_POINT ( 'NONE',  ( -58.56737551610429193, 21.53751450516924848, 34.99998749999998182 ) ) ;
#3172 = VECTOR ( 'NONE', #5461, 1000.000000000000000 ) ;
#3173 = CARTESIAN_POINT ( 'NONE',  ( 57.42000986255003880, 21.53751450516924848, -76.00001250000002528 ) ) ;
#3174 = ORIENTED_EDGE ( 'NONE', *, *, #3857, .T. ) ;
#3175 = CARTESIAN_POINT ( 'NONE',  ( 57.42010986255015581, 21.53751450516924848, 68.99998750000000314 ) ) ;
#3176 = EDGE_LOOP ( 'NONE', ( #6513, #2012, #6430, #3153, #4077 ) ) ;
#3177 = ORIENTED_EDGE ( 'NONE', *, *, #3504, .F. ) ;
#3178 = VECTOR ( 'NONE', #3039, 1000.000000000000000 ) ;
#3179 = EDGE_CURVE ( 'NONE', #5740, #5784, #1334, .T. ) ;
#3180 = DIRECTION ( 'NONE',  ( 1.000000000000000000, -0.000000000000000000, -0.000000000000000000 ) ) ;
#3181 = CARTESIAN_POINT ( 'NONE',  ( 32.23262448389574786, 32.36351073365042907, 27.06282506210558481 ) ) ;
#3182 = LINE ( 'NONE', #174, #2619 ) ;
#3183 = PLANE ( 'NONE',  #4140 ) ;
#3184 = VECTOR ( 'NONE', #4954, 1000.000000000000000 ) ;
#3185 = ORIENTED_EDGE ( 'NONE', *, *, #1592, .F. ) ;
#3186 = PLANE ( 'NONE',  #455 ) ;
#3187 = ORIENTED_EDGE ( 'NONE', *, *, #3665, .T. ) ;
#3188 = EDGE_LOOP ( 'NONE', ( #4300, #5636, #6088, #4150 ) ) ;
#3189 = VECTOR ( 'NONE', #1597, 1000.000000000000000 ) ;
#3190 = LINE ( 'NONE', #648, #2904 ) ;
#3191 = CARTESIAN_POINT ( 'NONE',  ( -47.36737551610426067, 32.36351073365042907, 27.06282506210557770 ) ) ;
#3192 = ORIENTED_EDGE ( 'NONE', *, *, #5160, .F. ) ;
#3193 = CARTESIAN_POINT ( 'NONE',  ( 57.42000986255003880, 22.53751450516924848, -77.00001250000002528 ) ) ;
#3194 = ADVANCED_FACE ( 'NONE', ( #4811 ), #4409, .T. ) ;
#3195 = DIRECTION ( 'NONE',  ( -0.000000000000000000, 1.000000000000000000, -0.000000000000000000 ) ) ;
#3196 = VERTEX_POINT ( 'NONE', #1968 ) ;
#3197 = FACE_BOUND ( 'NONE', #5883, .T. ) ;
#3198 = CARTESIAN_POINT ( 'NONE',  ( -3.367375516104276212, 21.53751450516924848, -71.00001250000001107 ) ) ;
#3199 = VERTEX_POINT ( 'NONE', #2506 ) ;
#3200 = EDGE_CURVE ( 'NONE', #4290, #6459, #825, .T. ) ;
#3201 = EDGE_CURVE ( 'NONE', #2606, #1491, #3005, .T. ) ;
#3202 = DIRECTION ( 'NONE',  ( 1.000000000000000000, 0.000000000000000000, 0.000000000000000000 ) ) ;
#3203 = DIRECTION ( 'NONE',  ( 0.000000000000000000, 0.000000000000000000, -1.000000000000000000 ) ) ;
#3204 = VERTEX_POINT ( 'NONE', #3942 ) ;
#3205 = CARTESIAN_POINT ( 'NONE',  ( 32.23262448389571944, 35.53751450516924848, -71.00001250000001107 ) ) ;
#3206 = FACE_OUTER_BOUND ( 'NONE', #2896, .T. ) ;
#3207 = ORIENTED_EDGE ( 'NONE', *, *, #2838, .F. ) ;
#3208 = ADVANCED_FACE ( 'NONE', ( #3468 ), #299, .F. ) ;
#3209 = DIRECTION ( 'NONE',  ( -0.000000000000000000, -0.000000000000000000, 1.000000000000000000 ) ) ;
#3210 = ORIENTED_EDGE ( 'NONE', *, *, #5194, .F. ) ;
#3211 = ORIENTED_EDGE ( 'NONE', *, *, #3939, .F. ) ;
#3212 = DIRECTION ( 'NONE',  ( 1.000000000000000000, -0.000000000000000000, -0.000000000000000000 ) ) ;
#3213 = CARTESIAN_POINT ( 'NONE',  ( 29.43262448389566543, 27.53751450516924848, 68.99998750000001735 ) ) ;
#3214 = DIRECTION ( 'NONE',  ( 1.000000000000000000, 0.000000000000000000, 0.000000000000000000 ) ) ;
#3215 = PLANE ( 'NONE',  #3824 ) ;
#3216 = ORIENTED_EDGE ( 'NONE', *, *, #5290, .F. ) ;
#3217 = LINE ( 'NONE', #1245, #240 ) ;
#3218 = ORIENTED_EDGE ( 'NONE', *, *, #5335, .T. ) ;
#3219 = EDGE_CURVE ( 'NONE', #6526, #4521, #4886, .T. ) ;
#3220 = AXIS2_PLACEMENT_3D ( 'NONE', #1736, #3768, #4369 ) ;
#3221 = EDGE_CURVE ( 'NONE', #5036, #1007, #6599, .T. ) ;
#3222 = ORIENTED_EDGE ( 'NONE', *, *, #4266, .T. ) ;
#3223 = FACE_OUTER_BOUND ( 'NONE', #1798, .T. ) ;
#3224 = VECTOR ( 'NONE', #5576, 1000.000000000000000 ) ;
#3225 = CARTESIAN_POINT ( 'NONE',  ( 35.42000986255013117, 25.53751450516925203, 70.99998750000000314 ) ) ;
#3226 = CARTESIAN_POINT ( 'NONE',  ( 20.63262448389573223, 21.53751450516924493, 30.54845821467287692 ) ) ;
#3227 = ORIENTED_EDGE ( 'NONE', *, *, #4073, .T. ) ;
#3228 = DIRECTION ( 'NONE',  ( -1.000000000000000000, 0.000000000000000000, -0.000000000000000000 ) ) ;
#3229 = VECTOR ( 'NONE', #34, 1000.000000000000000 ) ;
#3230 = VECTOR ( 'NONE', #4317, 1000.000000000000000 ) ;
#3231 = CARTESIAN_POINT ( 'NONE',  ( 47.42000986255016670, 27.53751450516924493, -84.40001250000001676 ) ) ;
#3232 = CARTESIAN_POINT ( 'NONE',  ( 15.42000986255014006, 25.53751450516925203, 70.99998750000000314 ) ) ;
#3233 = AXIS2_PLACEMENT_3D ( 'NONE', #830, #6451, #857 ) ;
#3234 = CARTESIAN_POINT ( 'NONE',  ( -13.76737551610424148, 33.53751450516924137, 20.53955778290666956 ) ) ;
#3235 = ORIENTED_EDGE ( 'NONE', *, *, #2134, .F. ) ;
#3236 = APPROVAL_STATUS ( 'not_yet_approved' ) ;
#3237 = DIRECTION ( 'NONE',  ( 2.593979029498029835E-16, 0.000000000000000000, 1.000000000000000000 ) ) ;
#3238 = PLANE ( 'NONE',  #611 ) ;
#3239 = EDGE_CURVE ( 'NONE', #1269, #5746, #502, .T. ) ;
#3240 = VERTEX_POINT ( 'NONE', #2973 ) ;
#3241 = PLANE ( 'NONE',  #4602 ) ;
#3242 = DIRECTION ( 'NONE',  ( -1.296989514749014917E-16, 0.000000000000000000, -1.000000000000000000 ) ) ;
#3243 = ORIENTED_EDGE ( 'NONE', *, *, #1609, .F. ) ;
#3244 = DIRECTION ( 'NONE',  ( 8.163404592832029035E-16, 0.000000000000000000, 1.000000000000000000 ) ) ;
#3245 = ORIENTED_EDGE ( 'NONE', *, *, #477, .F. ) ;
#3246 = DIRECTION ( 'NONE',  ( 0.000000000000000000, 0.000000000000000000, 1.000000000000000000 ) ) ;
#3247 = CARTESIAN_POINT ( 'NONE',  ( 18.63262448389571446, 22.53751450516924848, -76.00001250000002528 ) ) ;
#3248 = EDGE_CURVE ( 'NONE', #3279, #4187, #3539, .T. ) ;
#3249 = DIRECTION ( 'NONE',  ( 3.042009544787692347E-17, -0.8831515563230876165, 0.4690877621129207475 ) ) ;
#3250 = FACE_OUTER_BOUND ( 'NONE', #4141, .T. ) ;
#3251 = ORIENTED_EDGE ( 'NONE', *, *, #3825, .T. ) ;
#3252 = CARTESIAN_POINT ( 'NONE',  ( -94.57999013744984040, 22.53751450516924848, -76.00001250000002528 ) ) ;
#3253 = VERTEX_POINT ( 'NONE', #1904 ) ;
#3254 = EDGE_LOOP ( 'NONE', ( #1481, #3778, #5763, #1949 ) ) ;
#3255 = DIRECTION ( 'NONE',  ( -0.000000000000000000, -0.000000000000000000, 1.000000000000000000 ) ) ;
#3256 = CIRCLE ( 'NONE', #901, 2.000000000000001776 ) ;
#3257 = EDGE_CURVE ( 'NONE', #4080, #4260, #2006, .T. ) ;
#3258 = VECTOR ( 'NONE', #2100, 1000.000000000000000 ) ;
#3259 = LINE ( 'NONE', #1722, #4889 ) ;
#3260 = ORIENTED_EDGE ( 'NONE', *, *, #4894, .T. ) ;
#3261 = CYLINDRICAL_SURFACE ( 'NONE', #4123, 2.000000000000001776 ) ;
#3262 = VECTOR ( 'NONE', #4176, 1000.000000000000000 ) ;
#3263 = EDGE_CURVE ( 'NONE', #2154, #1342, #3574, .T. ) ;
#3264 = CARTESIAN_POINT ( 'NONE',  ( -94.57999013744984040, 27.53751450516924848, -71.00001250000001107 ) ) ;
#3265 = EDGE_CURVE ( 'NONE', #5052, #6241, #5548, .T. ) ;
#3266 = DIRECTION ( 'NONE',  ( -1.734723475976805517E-15, 0.000000000000000000, -1.000000000000000000 ) ) ;
#3267 = CIRCLE ( 'NONE', #383, 6.290367580801543568 ) ;
#3268 = ORIENTED_EDGE ( 'NONE', *, *, #3066, .F. ) ;
#3269 = CARTESIAN_POINT ( 'NONE',  ( -74.57999013744985461, 25.53751450516925203, 70.99998750000000314 ) ) ;
#3270 = VECTOR ( 'NONE', #3465, 1000.000000000000000 ) ;
#3271 = DIRECTION ( 'NONE',  ( 0.000000000000000000, 0.000000000000000000, 1.000000000000000000 ) ) ;
#3272 = ORIENTED_EDGE ( 'NONE', *, *, #2461, .F. ) ;
#3273 = CARTESIAN_POINT ( 'NONE',  ( 20.63262448389573223, 33.53751450516924137, 20.53955778290666956 ) ) ;
#3274 = CARTESIAN_POINT ( 'NONE',  ( -55.76737551610425214, 32.36351073365042907, 27.06282506210558481 ) ) ;
#3275 = VERTEX_POINT ( 'NONE', #5012 ) ;
#3276 = AXIS2_PLACEMENT_3D ( 'NONE', #6086, #6620, #4072 ) ;
#3277 = DIRECTION ( 'NONE',  ( -1.000000000000000000, 0.000000000000000000, -0.000000000000000000 ) ) ;
#3278 = EDGE_CURVE ( 'NONE', #4468, #407, #6520, .T. ) ;
#3279 = VERTEX_POINT ( 'NONE', #3436 ) ;
#3280 = FACE_OUTER_BOUND ( 'NONE', #5588, .T. ) ;
#3281 = CARTESIAN_POINT ( 'NONE',  ( -94.57999013744984040, 27.53751450516924848, -71.00001250000001107 ) ) ;
#3282 = CIRCLE ( 'NONE', #4872, 1.000000000000000888 ) ;
#3283 = LINE ( 'NONE', #1336, #587 ) ;
#3284 = CARTESIAN_POINT ( 'NONE',  ( 8.232624483895753187, 21.53751450516925203, 31.87504012110299811 ) ) ;
#3285 = EDGE_LOOP ( 'NONE', ( #1115, #1760, #895, #2433, #5212 ) ) ;
#3286 = DIRECTION ( 'NONE',  ( 0.000000000000000000, -1.000000000000000000, 0.000000000000000000 ) ) ;
#3287 = ORIENTED_EDGE ( 'NONE', *, *, #5590, .T. ) ;
#3288 = AXIS2_PLACEMENT_3D ( 'NONE', #4714, #6134, #138 ) ;
#3289 = ORIENTED_EDGE ( 'NONE', *, *, #4482, .F. ) ;
#3290 = ORIENTED_EDGE ( 'NONE', *, *, #2570, .T. ) ;
#3291 = LINE ( 'NONE', #2690, #2294 ) ;
#3292 = CARTESIAN_POINT ( 'NONE',  ( 32.23262448389571944, 33.53751450516924137, -71.00001250000001107 ) ) ;
#3293 = ORIENTED_EDGE ( 'NONE', *, *, #3787, .T. ) ;
#3294 = CARTESIAN_POINT ( 'NONE',  ( 56.42000986255003880, 22.53751450516924848, -88.00001250000001107 ) ) ;
#3295 = VECTOR ( 'NONE', #4814, 1000.000000000000000 ) ;
#3296 = EDGE_CURVE ( 'NONE', #3054, #3389, #3592, .T. ) ;
#3297 = CARTESIAN_POINT ( 'NONE',  ( 0.000000000000000000, 22.53751450516924848, -87.00001250000001107 ) ) ;
#3298 = LINE ( 'NONE', #5333, #1041 ) ;
#3299 = EDGE_LOOP ( 'NONE', ( #1593, #1204, #4470, #4137 ) ) ;
#3300 = ADVANCED_FACE ( 'NONE', ( #5475 ), #4043, .T. ) ;
#3301 = LINE ( 'NONE', #3796, #2931 ) ;
#3302 = EDGE_CURVE ( 'NONE', #5277, #1514, #6015, .T. ) ;
#3303 = ADVANCED_FACE ( 'NONE', ( #6119 ), #4977, .F. ) ;
#3304 = EDGE_CURVE ( 'NONE', #1342, #6526, #5583, .T. ) ;
#3305 = LINE ( 'NONE', #1802, #79 ) ;
#3306 = VERTEX_POINT ( 'NONE', #2442 ) ;
#3307 = CARTESIAN_POINT ( 'NONE',  ( -66.56737551610427772, 27.53751450516924848, 68.99998750000000314 ) ) ;
#3308 = LINE ( 'NONE', #5312, #2908 ) ;
#3309 = ORIENTED_EDGE ( 'NONE', *, *, #5757, .T. ) ;
#3310 = CARTESIAN_POINT ( 'NONE',  ( 40.63262448389571091, 35.53751450516924848, -71.00001250000001107 ) ) ;
#3311 = ORIENTED_EDGE ( 'NONE', *, *, #6311, .T. ) ;
#3312 = DIRECTION ( 'NONE',  ( -0.000000000000000000, 1.000000000000000000, -0.000000000000000000 ) ) ;
#3313 = FACE_OUTER_BOUND ( 'NONE', #2824, .T. ) ;
#3314 = CARTESIAN_POINT ( 'NONE',  ( -69.36737551610424646, 21.53751450516924848, -71.00001250000001107 ) ) ;
#3315 = DIRECTION ( 'NONE',  ( 1.000000000000000000, -0.000000000000000000, 2.618450529776312753E-16 ) ) ;
#3316 = VERTEX_POINT ( 'NONE', #4473 ) ;
#3317 = DIRECTION ( 'NONE',  ( 1.000000000000000000, 0.000000000000000000, -0.000000000000000000 ) ) ;
#3318 = VERTEX_POINT ( 'NONE', #3063 ) ;
#3319 = ORIENTED_EDGE ( 'NONE', *, *, #3891, .F. ) ;
#3320 = CARTESIAN_POINT ( 'NONE',  ( 37.42000986255013117, 25.53751450516925203, 70.99998750000000314 ) ) ;
#3321 = ADVANCED_FACE ( 'NONE', ( #3931 ), #4568, .F. ) ;
#3322 = CARTESIAN_POINT ( 'NONE',  ( -1.367375516104276434, 34.70908738042305686, -70.17158537525382656 ) ) ;
#3323 = LINE ( 'NONE', #5358, #1801 ) ;
#3324 = ORIENTED_EDGE ( 'NONE', *, *, #5645, .T. ) ;
#3325 = DIRECTION ( 'NONE',  ( 1.000000000000000000, 0.000000000000000000, 0.000000000000000000 ) ) ;
#3326 = AXIS2_PLACEMENT_3D ( 'NONE', #1295, #4905, #3800 ) ;
#3327 = DIRECTION ( 'NONE',  ( -0.000000000000000000, -0.000000000000000000, -1.000000000000000000 ) ) ;
#3328 = CARTESIAN_POINT ( 'NONE',  ( 42.63262448389572512, 27.24714692436770136, 20.53955778290666956 ) ) ;
#3329 = EDGE_CURVE ( 'NONE', #4048, #2262, #2495, .T. ) ;
#3330 = ORIENTED_EDGE ( 'NONE', *, *, #2570, .F. ) ;
#3331 = VECTOR ( 'NONE', #2020, 1000.000000000000000 ) ;
#3332 = PLANE ( 'NONE',  #2086 ) ;
#3333 = LINE ( 'NONE', #790, #4663 ) ;
#3334 = AXIS2_PLACEMENT_3D ( 'NONE', #3680, #5721, #5381 ) ;
#3335 = VERTEX_POINT ( 'NONE', #924 ) ;
#3336 = DIRECTION ( 'NONE',  ( -0.000000000000000000, -1.000000000000000000, -0.000000000000000000 ) ) ;
#3337 = DIRECTION ( 'NONE',  ( 0.000000000000000000, 0.000000000000000000, 1.000000000000000000 ) ) ;
#3338 = VERTEX_POINT ( 'NONE', #2533 ) ;
#3339 = CARTESIAN_POINT ( 'NONE',  ( -57.76737551610424504, 27.24714692436770136, 20.53955778290666956 ) ) ;
#3340 = VERTEX_POINT ( 'NONE', #3425 ) ;
#3341 = CARTESIAN_POINT ( 'NONE',  ( -79.76737551610423793, 33.53751450516924137, 20.53955778290666956 ) ) ;
#3342 = DIRECTION ( 'NONE',  ( 0.000000000000000000, -1.000000000000000000, 0.000000000000000000 ) ) ;
#3343 = EDGE_CURVE ( 'NONE', #852, #6297, #3803, .T. ) ;
#3344 = DIRECTION ( 'NONE',  ( 1.000000000000000000, -0.000000000000000000, -0.000000000000000000 ) ) ;
#3345 = CARTESIAN_POINT ( 'NONE',  ( -55.76737551610425214, 32.36351073365042907, 27.06282506210558481 ) ) ;
#3346 = ORIENTED_EDGE ( 'NONE', *, *, #3221, .T. ) ;
#3347 = CARTESIAN_POINT ( 'NONE',  ( 47.42000986255016670, 27.53751450516924493, -80.60001250000000539 ) ) ;
#3348 = ORIENTED_EDGE ( 'NONE', *, *, #2993, .F. ) ;
#3349 = ORIENTED_EDGE ( 'NONE', *, *, #2624, .T. ) ;
#3350 = DIRECTION ( 'NONE',  ( -0.000000000000000000, 1.000000000000000000, -0.000000000000000000 ) ) ;
#3351 = LINE ( 'NONE', #2791, #483 ) ;
#3352 = CARTESIAN_POINT ( 'NONE',  ( 19.15112852270135946, 32.32848277886302668, 27.00898926833108149 ) ) ;
#3353 = CARTESIAN_POINT ( 'NONE',  ( -1.367375516104260669, 33.53751450516924137, 20.53955778290666956 ) ) ;
#3354 = ORIENTED_EDGE ( 'NONE', *, *, #540, .T. ) ;
#3355 = PLANE ( 'NONE',  #1784 ) ;
#3356 = VECTOR ( 'NONE', #897, 1000.000000000000000 ) ;
#3357 = EDGE_CURVE ( 'NONE', #5817, #4721, #354, .T. ) ;
#3358 = EDGE_CURVE ( 'NONE', #1040, #438, #6609, .T. ) ;
#3359 = DIRECTION ( 'NONE',  ( 0.000000000000000000, -1.000000000000000000, 0.000000000000000000 ) ) ;
#3360 = CARTESIAN_POINT ( 'NONE',  ( -11.76737551610426635, 22.53751450516924848, -71.00001250000001107 ) ) ;
#3361 = ORIENTED_EDGE ( 'NONE', *, *, #1335, .T. ) ;
#3362 = VECTOR ( 'NONE', #314, 1000.000000000000000 ) ;
#3363 = CARTESIAN_POINT ( 'NONE',  ( 40.63262448389571801, 32.36351073365042907, 27.06282506210558481 ) ) ;
#3364 = EDGE_CURVE ( 'NONE', #3253, #3338, #2031, .T. ) ;
#3365 = DIRECTION ( 'NONE',  ( -0.000000000000000000, 1.000000000000000000, -0.000000000000000000 ) ) ;
#3366 = AXIS2_PLACEMENT_3D ( 'NONE', #910, #2050, #512 ) ;
#3367 = ORIENTED_EDGE ( 'NONE', *, *, #59, .F. ) ;
#3368 = CARTESIAN_POINT ( 'NONE',  ( -55.76737551610425214, 22.53751450516924848, -76.00001250000002528 ) ) ;
#3369 = DIRECTION ( 'NONE',  ( -2.593979029498029835E-16, 0.000000000000000000, -1.000000000000000000 ) ) ;
#3370 = VERTEX_POINT ( 'NONE', #3996 ) ;
#3371 = CIRCLE ( 'NONE', #1025, 1.000000000000000888 ) ;
#3372 = DIRECTION ( 'NONE',  ( -0.000000000000000000, 1.000000000000000000, -0.000000000000000000 ) ) ;
#3373 = AXIS2_PLACEMENT_3D ( 'NONE', #5977, #2340, #4873 ) ;
#3374 = EDGE_CURVE ( 'NONE', #479, #405, #6105, .T. ) ;
#3375 = DIRECTION ( 'NONE',  ( -1.000000000000000000, 0.000000000000000000, 0.000000000000000000 ) ) ;
#3376 = DIRECTION ( 'NONE',  ( 0.000000000000000000, -0.8831515563230877275, 0.4690877621129207475 ) ) ;
#3377 = DIRECTION ( 'NONE',  ( 0.000000000000000000, 0.000000000000000000, 1.000000000000000000 ) ) ;
#3378 = ORIENTED_EDGE ( 'NONE', *, *, #4569, .T. ) ;
#3379 = DIRECTION ( 'NONE',  ( 0.000000000000000000, 0.000000000000000000, 1.000000000000000000 ) ) ;
#3380 = ORIENTED_EDGE ( 'NONE', *, *, #4841, .T. ) ;
#3381 = EDGE_CURVE ( 'NONE', #5537, #213, #6037, .T. ) ;
#3382 = ORIENTED_EDGE ( 'NONE', *, *, #6472, .F. ) ;
#3383 = AXIS2_PLACEMENT_3D ( 'NONE', #392, #5572, #4903 ) ;
#3384 = DIRECTION ( 'NONE',  ( 0.000000000000000000, 0.000000000000000000, 1.000000000000000000 ) ) ;
#3385 = DIRECTION ( 'NONE',  ( 0.000000000000000000, 0.000000000000000000, -1.000000000000000000 ) ) ;
#3386 = DIRECTION ( 'NONE',  ( 2.593979029498029835E-16, 0.000000000000000000, 1.000000000000000000 ) ) ;
#3387 = CARTESIAN_POINT ( 'NONE',  ( -58.56737551610429904, 27.53751450516924848, -71.00001250000001107 ) ) ;
#3389 = VERTEX_POINT ( 'NONE', #2429 ) ;
#3388 = AXIS2_PLACEMENT_3D ( 'NONE', #1035, #4542, #4943 ) ;
#3390 = PLANE ( 'NONE',  #5502 ) ;
#3391 = DIRECTION ( 'NONE',  ( 8.163404592832029035E-16, 0.000000000000000000, 1.000000000000000000 ) ) ;
#3392 = CARTESIAN_POINT ( 'NONE',  ( -45.36737551610425356, 33.53751450516924137, -69.00001250000001107 ) ) ;
#3393 = VECTOR ( 'NONE', #315, 1000.000000000000000 ) ;
#3394 = ORIENTED_EDGE ( 'NONE', *, *, #1824, .T. ) ;
#3395 = CARTESIAN_POINT ( 'NONE',  ( -12.02987466260982075, 32.35639025246003797, 27.05187548765923111 ) ) ;
#3396 = DIRECTION ( 'NONE',  ( -0.000000000000000000, -1.000000000000000000, -0.000000000000000000 ) ) ;
#3397 = VERTEX_POINT ( 'NONE', #2460 ) ;
#3398 = ADVANCED_FACE ( 'NONE', ( #4495 ), #2422, .T. ) ;
#3399 = DIRECTION ( 'NONE',  ( -0.000000000000000000, -1.000000000000000000, -0.000000000000000000 ) ) ;
#3400 = CARTESIAN_POINT ( 'NONE',  ( -45.36737551610425356, 35.53751450516924848, 35.99998749999998182 ) ) ;
#3401 = ORIENTED_EDGE ( 'NONE', *, *, #4400, .T. ) ;
#3402 = DIRECTION ( 'NONE',  ( -1.000000000000000000, -0.000000000000000000, 0.000000000000000000 ) ) ;
#3403 = DIRECTION ( 'NONE',  ( 0.000000000000000000, 0.000000000000000000, 1.000000000000000000 ) ) ;
#3404 = DIRECTION ( 'NONE',  ( 0.000000000000000000, 1.000000000000000000, 0.000000000000000000 ) ) ;
#3405 = LINE ( 'NONE', #2374, #5392 ) ;
#3406 = EDGE_CURVE ( 'NONE', #4436, #2900, #6543, .T. ) ;
#3407 = EDGE_LOOP ( 'NONE', ( #4946, #6367, #2183, #1376 ) ) ;
#3408 = CARTESIAN_POINT ( 'NONE',  ( 57.42000986255003880, 26.53751450516924493, -87.00001250000001107 ) ) ;
#3409 = ORIENTED_EDGE ( 'NONE', *, *, #2021, .F. ) ;
#3410 = ORIENTED_EDGE ( 'NONE', *, *, #6472, .T. ) ;
#3411 = ORIENTED_EDGE ( 'NONE', *, *, #4296, .F. ) ;
#3412 = CARTESIAN_POINT ( 'NONE',  ( -74.57999013744984040, 21.53751450516924848, 34.99998749999998182 ) ) ;
#3413 = DIRECTION ( 'NONE',  ( 1.000000000000000000, 0.000000000000000000, 0.000000000000000000 ) ) ;
#3414 = LINE ( 'NONE', #1314, #3393 ) ;
#3415 = ADVANCED_FACE ( 'NONE', ( #5970 ), #1390, .F. ) ;
#3416 = DIRECTION ( 'NONE',  ( 0.000000000000000000, 0.000000000000000000, 1.000000000000000000 ) ) ;
#3417 = EDGE_CURVE ( 'NONE', #3693, #2170, #390, .T. ) ;
#3418 = VERTEX_POINT ( 'NONE', #1957 ) ;
#3419 = DIRECTION ( 'NONE',  ( 0.000000000000000000, -0.000000000000000000, 1.000000000000000000 ) ) ;
#3420 = ORIENTED_EDGE ( 'NONE', *, *, #1691, .T. ) ;
#3421 = CARTESIAN_POINT ( 'NONE',  ( 29.43262448389566543, 21.53751450516924848, 34.99998749999998182 ) ) ;
#3422 = DIRECTION ( 'NONE',  ( 0.000000000000000000, -1.000000000000000000, 0.000000000000000000 ) ) ;
#3423 = EDGE_CURVE ( 'NONE', #6057, #3873, #1458, .T. ) ;
#3424 = ORIENTED_EDGE ( 'NONE', *, *, #2118, .T. ) ;
#3425 = CARTESIAN_POINT ( 'NONE',  ( -30.57999013744984396, 25.53751450516925203, 68.99998750000000314 ) ) ;
#3426 = CARTESIAN_POINT ( 'NONE',  ( -3.367375516104276212, 35.53751450516924848, -69.00001250000001107 ) ) ;
#3427 = ORIENTED_EDGE ( 'NONE', *, *, #1739, .T. ) ;
#3428 = CIRCLE ( 'NONE', #2052, 2.000000000000001776 ) ;
#3429 = LINE ( 'NONE', #5006, #3004 ) ;
#3430 = CARTESIAN_POINT ( 'NONE',  ( -66.56737551610427772, 22.53751450516924848, -76.00001250000002528 ) ) ;
#3431 = ORIENTED_EDGE ( 'NONE', *, *, #6444, .F. ) ;
#3432 = DIRECTION ( 'NONE',  ( 0.000000000000000000, 0.000000000000000000, -1.000000000000000000 ) ) ;
#3433 = EDGE_CURVE ( 'NONE', #597, #6496, #3962, .T. ) ;
#3434 = EDGE_CURVE ( 'NONE', #4481, #3862, #3061, .T. ) ;
#3435 = LINE ( 'NONE', #431, #4745 ) ;
#3436 = CARTESIAN_POINT ( 'NONE',  ( -72.57999013744984040, 27.53751450516924848, 70.99998750000000314 ) ) ;
#3437 = CYLINDRICAL_SURFACE ( 'NONE', #4284, 3.500000000000003109 ) ;
#3438 = ORIENTED_EDGE ( 'NONE', *, *, #4148, .F. ) ;
#3439 = FACE_OUTER_BOUND ( 'NONE', #3254, .T. ) ;
#3440 = EDGE_LOOP ( 'NONE', ( #4718, #4515 ) ) ;
#3441 = ORIENTED_EDGE ( 'NONE', *, *, #4569, .F. ) ;
#3442 = EDGE_LOOP ( 'NONE', ( #6288, #3378, #3834, #2788 ) ) ;
#3443 = EDGE_CURVE ( 'NONE', #3555, #3882, #1993, .T. ) ;
#3444 = LINE ( 'NONE', #5019, #5184 ) ;
#3445 = CARTESIAN_POINT ( 'NONE',  ( 47.42000986255016670, 21.53751450516924848, -82.50001250000001107 ) ) ;
#3446 = CARTESIAN_POINT ( 'NONE',  ( -50.57999013744984751, 21.53751450516924848, 68.99998750000000314 ) ) ;
#3447 = DIRECTION ( 'NONE',  ( -1.000000000000000000, -0.000000000000000000, -0.000000000000000000 ) ) ;
#3448 = EDGE_LOOP ( 'NONE', ( #5597, #3531, #1565, #5490 ) ) ;
#3449 = DIRECTION ( 'NONE',  ( 0.000000000000000000, 0.000000000000000000, 1.000000000000000000 ) ) ;
#3450 = VERTEX_POINT ( 'NONE', #1497 ) ;
#3451 = DIRECTION ( 'NONE',  ( 0.000000000000000000, -0.000000000000000000, 1.000000000000000000 ) ) ;
#3452 = DIRECTION ( 'NONE',  ( 0.000000000000000000, -0.8831515563230877275, 0.4690877621129207475 ) ) ;
#3453 = CARTESIAN_POINT ( 'NONE',  ( 8.285354834380552091, 31.55064183141501744, 25.82452422435031636 ) ) ;
#3454 = ORIENTED_EDGE ( 'NONE', *, *, #5376, .T. ) ;
#3455 = DIRECTION ( 'NONE',  ( -0.000000000000000000, -1.000000000000000000, -0.000000000000000000 ) ) ;
#3456 = EDGE_CURVE ( 'NONE', #353, #1289, #3528, .T. ) ;
#3457 = CARTESIAN_POINT ( 'NONE',  ( -55.76737551610425214, 14.59933898094340066, 34.23368438735381147 ) ) ;
#3458 = CIRCLE ( 'NONE', #5816, 6.290367580801543568 ) ;
#3459 = ORIENTED_EDGE ( 'NONE', *, *, #2013, .F. ) ;
#3460 = CARTESIAN_POINT ( 'NONE',  ( -69.36737551610424646, 21.53751450516924848, 32.81307518293911585 ) ) ;
#3461 = TOROIDAL_SURFACE ( 'NONE', #5167, 6.290367580801543568, 2.000000000000000000 ) ;
#3462 = CARTESIAN_POINT ( 'NONE',  ( -94.57999013744984040, 27.53751450516924848, 34.99998749999998182 ) ) ;
#3463 = PERSON_AND_ORGANIZATION ( #4488, #3878 ) ;
#3464 = EDGE_LOOP ( 'NONE', ( #6098, #4641, #1415, #5382 ) ) ;
#3465 = DIRECTION ( 'NONE',  ( -1.000000000000000000, 0.000000000000000000, -0.000000000000000000 ) ) ;
#3466 = AXIS2_PLACEMENT_3D ( 'NONE', #40, #3983, #3049 ) ;
#3467 = CARTESIAN_POINT ( 'NONE',  ( 18.63262448389571446, 21.53751450516924848, -69.00001250000001107 ) ) ;
#3468 = FACE_OUTER_BOUND ( 'NONE', #739, .T. ) ;
#3469 = FACE_OUTER_BOUND ( 'NONE', #4451, .T. ) ;
#3470 = ORIENTED_EDGE ( 'NONE', *, *, #2597, .F. ) ;
#3471 = CARTESIAN_POINT ( 'NONE',  ( -78.02987466260981364, 32.35639025246005929, 27.05187548765921690 ) ) ;
#3472 = AXIS2_PLACEMENT_3D ( 'NONE', #3535, #4003, #2040 ) ;
#3474 = ADVANCED_FACE ( 'NONE', ( #87 ), #4157, .F. ) ;
#3473 = VERTEX_POINT ( 'NONE', #652 ) ;
#3475 = ORIENTED_EDGE ( 'NONE', *, *, #275, .F. ) ;
#3476 = VERTEX_POINT ( 'NONE', #3657 ) ;
#3477 = AXIS2_PLACEMENT_3D ( 'NONE', #1515, #3581, #4584 ) ;
#3478 = CARTESIAN_POINT ( 'NONE',  ( -74.57999013744984040, 13.53751450516924493, -82.50001250000001107 ) ) ;
#3479 = CIRCLE ( 'NONE', #2312, 8.290367580801545344 ) ;
#3480 = CYLINDRICAL_SURFACE ( 'NONE', #3466, 1.899999999999999023 ) ;
#3481 = CARTESIAN_POINT ( 'NONE',  ( -11.76737551610426635, 35.53751450516924848, -71.00001250000001107 ) ) ;
#3482 = CARTESIAN_POINT ( 'NONE',  ( -94.57999013744984040, 21.53751450516924848, 34.99998749999998182 ) ) ;
#3483 = EDGE_CURVE ( 'NONE', #3882, #6496, #4125, .T. ) ;
#3484 = ORIENTED_EDGE ( 'NONE', *, *, #5809, .F. ) ;
#3485 = CARTESIAN_POINT ( 'NONE',  ( -14.56737551610430614, 21.53751450516924848, 34.99998749999998182 ) ) ;
#3486 = AXIS2_PLACEMENT_3D ( 'NONE', #3426, #6512, #2995 ) ;
#3487 = ORIENTED_EDGE ( 'NONE', *, *, #1507, .F. ) ;
#3488 = CARTESIAN_POINT ( 'NONE',  ( 29.43262448389566543, 22.53751450516924848, -76.00001250000002528 ) ) ;
#3489 = VECTOR ( 'NONE', #2997, 1000.000000000000000 ) ;
#3490 = SPHERICAL_SURFACE ( 'NONE', #2540, 1.000000000000000000 ) ;
#3491 = VECTOR ( 'NONE', #6442, 1000.000000000000000 ) ;
#3492 = CARTESIAN_POINT ( 'NONE',  ( 8.232624483895751411, 31.25785105076080228, 25.38548150415243754 ) ) ;
#3493 = VECTOR ( 'NONE', #324, 999.9999999999998863 ) ;
#3495 = EDGE_CURVE ( 'NONE', #520, #2055, #49, .T. ) ;
#3494 = VERTEX_POINT ( 'NONE', #1695 ) ;
#3496 = DIRECTION ( 'NONE',  ( 1.982541115402065110E-16, -0.000000000000000000, 1.000000000000000000 ) ) ;
#3497 = AXIS2_PLACEMENT_3D ( 'NONE', #236, #2905, #5377 ) ;
#3498 = PLANE ( 'NONE',  #6586 ) ;
#3499 = EDGE_LOOP ( 'NONE', ( #1293, #2699, #601, #743 ) ) ;
#3500 = CARTESIAN_POINT ( 'NONE',  ( 56.23262448389579049, 27.24714692436770136, 20.53955778290666956 ) ) ;
#3501 = CARTESIAN_POINT ( 'NONE',  ( 43.43262448389566543, 22.53751450516924848, -76.00001250000002528 ) ) ;
#3502 = ADVANCED_FACE ( 'NONE', ( #5663 ), #150, .F. ) ;
#3503 = APPROVAL_STATUS ( 'not_yet_approved' ) ;
#3504 = EDGE_CURVE ( 'NONE', #729, #3802, #2190, .T. ) ;
#3505 = VERTEX_POINT ( 'NONE', #3193 ) ;
#3506 = CARTESIAN_POINT ( 'NONE',  ( 37.42000986255013117, 27.53751450516924848, 70.99998750000000314 ) ) ;
#3507 = VECTOR ( 'NONE', #247, 1000.000000000000000 ) ;
#3508 = DIRECTION ( 'NONE',  ( 1.000000000000000000, 0.000000000000000000, 0.000000000000000000 ) ) ;
#3509 = DIRECTION ( 'NONE',  ( -1.000000000000000000, 0.000000000000000000, -0.000000000000000000 ) ) ;
#3510 = CARTESIAN_POINT ( 'NONE',  ( -69.36737551610424646, 21.53751450516924848, -76.00001250000002528 ) ) ;
#3511 = ORIENTED_EDGE ( 'NONE', *, *, #374, .F. ) ;
#3512 = CARTESIAN_POINT ( 'NONE',  ( -79.76737551610423793, 33.53751450516924137, 35.99998749999998182 ) ) ;
#3513 = VERTEX_POINT ( 'NONE', #1622 ) ;
#3514 = ORIENTED_EDGE ( 'NONE', *, *, #1322, .T. ) ;
#3515 = EDGE_LOOP ( 'NONE', ( #3953, #6309, #1719, #5864 ) ) ;
#3516 = CARTESIAN_POINT ( 'NONE',  ( -1.367375516104260669, 21.53751450516924848, 30.54845821467287692 ) ) ;
#3517 = LINE ( 'NONE', #6160, #4642 ) ;
#3518 = CARTESIAN_POINT ( 'NONE',  ( -11.76737551610426635, 35.53751450516924848, -71.00001250000001107 ) ) ;
#3519 = CARTESIAN_POINT ( 'NONE',  ( -74.57999013744984040, 27.53751450516924848, 68.99998750000000314 ) ) ;
#3520 = ORIENTED_EDGE ( 'NONE', *, *, #3017, .T. ) ;
#3521 = DIRECTION ( 'NONE',  ( 0.000000000000000000, 1.000000000000000000, -0.000000000000000000 ) ) ;
#3522 = EDGE_LOOP ( 'NONE', ( #1422, #2593, #1158, #886 ) ) ;
#3523 = CARTESIAN_POINT ( 'NONE',  ( -94.57999013744984040, 21.53751450516924848, -88.00001250000001107 ) ) ;
#3524 = ADVANCED_FACE ( 'NONE', ( #1594 ), #1560, .T. ) ;
#3525 = CARTESIAN_POINT ( 'NONE',  ( 35.42000986255013117, 21.53751450516924848, 68.99998750000000314 ) ) ;
#3526 = CARTESIAN_POINT ( 'NONE',  ( 13.42000986255015249, 25.53751450516925203, 68.99998750000000314 ) ) ;
#3527 = EDGE_LOOP ( 'NONE', ( #4378, #1050, #6254, #4119 ) ) ;
#3528 = LINE ( 'NONE', #5227, #391 ) ;
#3529 = ADVANCED_FACE ( 'NONE', ( #4224 ), #6272, .T. ) ;
#3530 = LINE ( 'NONE', #2432, #3493 ) ;
#3531 = ORIENTED_EDGE ( 'NONE', *, *, #5322, .F. ) ;
#3532 = DIRECTION ( 'NONE',  ( 1.000000000000000000, 0.000000000000000000, 0.000000000000000000 ) ) ;
#3533 = PLANE ( 'NONE',  #2689 ) ;
#3534 = PERSON_AND_ORGANIZATION_ROLE ( 'design_supplier' ) ;
#3535 = CARTESIAN_POINT ( 'NONE',  ( 30.42000986255016670, 23.53751450516924493, -82.50001250000001107 ) ) ;
#3536 = ADVANCED_FACE ( 'NONE', ( #4659 ), #5768, .F. ) ;
#3537 = PLANE ( 'NONE',  #1549 ) ;
#3538 = AXIS2_PLACEMENT_3D ( 'NONE', #4301, #1768, #2000 ) ;
#3539 = LINE ( 'NONE', #6049, #6066 ) ;
#3540 = CARTESIAN_POINT ( 'NONE',  ( 56.23262448389579049, 27.24714692436770136, 20.53955778290666956 ) ) ;
#3541 = VERTEX_POINT ( 'NONE', #4596 ) ;
#3542 = CARTESIAN_POINT ( 'NONE',  ( -77.76737551610423793, 32.36351073365042907, 27.06282506210558481 ) ) ;
#3543 = ORIENTED_EDGE ( 'NONE', *, *, #1393, .F. ) ;
#3544 = VECTOR ( 'NONE', #6026, 1000.000000000000000 ) ;
#3545 = ORIENTED_EDGE ( 'NONE', *, *, #3302, .F. ) ;
#3546 = AXIS2_PLACEMENT_3D ( 'NONE', #1018, #3056, #3090 ) ;
#3547 = ORIENTED_EDGE ( 'NONE', *, *, #4093, .F. ) ;
#3548 = DIRECTION ( 'NONE',  ( 1.224510688924804405E-15, 0.000000000000000000, 1.000000000000000000 ) ) ;
#3549 = EDGE_CURVE ( 'NONE', #1103, #2270, #3479, .T. ) ;
#3550 = CIRCLE ( 'NONE', #3972, 2.250000000000001776 ) ;
#3551 = FACE_OUTER_BOUND ( 'NONE', #1355, .T. ) ;
#3552 = DIRECTION ( 'NONE',  ( -1.000000000000000000, 0.000000000000000000, 1.296989514749014917E-16 ) ) ;
#3553 = CARTESIAN_POINT ( 'NONE',  ( -1.619034157852039302, 31.81675817218734181, 26.22706656814352044 ) ) ;
#3554 = ORIENTED_EDGE ( 'NONE', *, *, #4897, .T. ) ;
#3555 = VERTEX_POINT ( 'NONE', #3154 ) ;
#3556 = EDGE_CURVE ( 'NONE', #3935, #6437, #18, .T. ) ;
#3557 = CARTESIAN_POINT ( 'NONE',  ( 10.23262448389575319, 33.53751450516924137, 20.53955778290666956 ) ) ;
#3558 = CARTESIAN_POINT ( 'NONE',  ( -94.57999013744984040, 27.53751450516924848, 68.99998750000000314 ) ) ;
#3559 = DIRECTION ( 'NONE',  ( 0.000000000000000000, -0.000000000000000000, 1.000000000000000000 ) ) ;
#3560 = ORIENTED_EDGE ( 'NONE', *, *, #5376, .F. ) ;
#3561 = CARTESIAN_POINT ( 'NONE',  ( -28.57999013744985817, 22.53751450516924848, -76.00001250000002528 ) ) ;
#3562 = EDGE_CURVE ( 'NONE', #5272, #3054, #5192, .T. ) ;
#3563 = VECTOR ( 'NONE', #5187, 1000.000000000000000 ) ;
#3564 = EDGE_CURVE ( 'NONE', #6459, #754, #6138, .T. ) ;
#3565 = LINE ( 'NONE', #620, #4339 ) ;
#3566 = ORIENTED_EDGE ( 'NONE', *, *, #3910, .F. ) ;
#3567 = CARTESIAN_POINT ( 'NONE',  ( -39.57999013744984040, 23.53751450516924493, -82.50001250000001107 ) ) ;
#3568 = FACE_OUTER_BOUND ( 'NONE', #4736, .T. ) ;
#3569 = DATE_AND_TIME ( #1467, #6342 ) ;
#3570 = FACE_OUTER_BOUND ( 'NONE', #986, .T. ) ;
#3571 = VECTOR ( 'NONE', #1810, 1000.000000000000000 ) ;
#3572 = CYLINDRICAL_SURFACE ( 'NONE', #5390, 2.000000000000001776 ) ;
#3573 = CIRCLE ( 'NONE', #4427, 3.500000000000003109 ) ;
#3574 = LINE ( 'NONE', #4578, #2862 ) ;
#3575 = DIRECTION ( 'NONE',  ( -0.000000000000000000, 0.000000000000000000, 1.000000000000000000 ) ) ;
#3576 = DIRECTION ( 'NONE',  ( -1.216803817915076692E-16, 0.8831515563230876165, -0.4690877621129207475 ) ) ;
#3577 = ORIENTED_EDGE ( 'NONE', *, *, #4862, .F. ) ;
#3578 = AXIS2_PLACEMENT_3D ( 'NONE', #237, #1778, #4579 ) ;
#3579 = EDGE_LOOP ( 'NONE', ( #1579, #2015, #5254, #2480 ) ) ;
#3580 = ORIENTED_EDGE ( 'NONE', *, *, #5727, .F. ) ;
#3581 = DIRECTION ( 'NONE',  ( -0.000000000000000000, -1.000000000000000000, -0.000000000000000000 ) ) ;
#3582 = VECTOR ( 'NONE', #849, 1000.000000000000000 ) ;
#3583 = LINE ( 'NONE', #5624, #2833 ) ;
#3584 = CARTESIAN_POINT ( 'NONE',  ( -67.36737551610424646, 21.53751450516924493, 30.54845821467287692 ) ) ;
#3585 = CARTESIAN_POINT ( 'NONE',  ( 32.23262448389571944, 22.53751450516924848, -76.00001250000002528 ) ) ;
#3586 = EDGE_LOOP ( 'NONE', ( #1682, #5810, #166, #3619 ) ) ;
#3587 = ADVANCED_FACE ( 'NONE', ( #618 ), #2155, .T. ) ;
#3588 = ADVANCED_FACE ( 'NONE', ( #4188 ), #6234, .T. ) ;
#3589 = EDGE_LOOP ( 'NONE', ( #446, #1520, #2174, #4303, #6250, #2241 ) ) ;
#3590 = VECTOR ( 'NONE', #2132, 1000.000000000000000 ) ;
#3591 = CARTESIAN_POINT ( 'NONE',  ( -30.57999013744987238, 22.53751450516924848, -76.00001250000002528 ) ) ;
#3592 =( BOUNDED_CURVE ( )  B_SPLINE_CURVE ( 3, ( #939, #4508, #6552, #1400 ),
 .UNSPECIFIED., .F., .F. ) 
 B_SPLINE_CURVE_WITH_KNOTS ( ( 4, 4 ),
 ( 3.141592653589793116, 4.712388980384689674 ),
 .UNSPECIFIED. ) 
 CURVE ( )  GEOMETRIC_REPRESENTATION_ITEM ( )  RATIONAL_B_SPLINE_CURVE ( ( 1.000000000000000000, 0.8047378541243649375, 0.8047378541243649375, 1.000000000000000000 ) ) 
 REPRESENTATION_ITEM ( '' )  );
#3593 = CARTESIAN_POINT ( 'NONE',  ( 21.43262448389569741, 27.53751450516924848, -71.00001250000001107 ) ) ;
#3595 = ORIENTED_EDGE ( 'NONE', *, *, #5580, .F. ) ;
#3594 = AXIS2_PLACEMENT_3D ( 'NONE', #2926, #4966, #456 ) ;
#3596 = DIRECTION ( 'NONE',  ( -2.593979029498029835E-16, -0.000000000000000000, -1.000000000000000000 ) ) ;
#3597 = VECTOR ( 'NONE', #4324, 1000.000000000000000 ) ;
#3598 = DIRECTION ( 'NONE',  ( 0.000000000000000000, 1.000000000000000000, -0.000000000000000000 ) ) ;
#3599 = ORIENTED_EDGE ( 'NONE', *, *, #1331, .T. ) ;
#3600 = DIRECTION ( 'NONE',  ( 0.000000000000000000, -1.000000000000000000, 0.000000000000000000 ) ) ;
#3601 = DIRECTION ( 'NONE',  ( -0.000000000000000000, -1.000000000000000000, -0.000000000000000000 ) ) ;
#3602 = VECTOR ( 'NONE', #1524, 1000.000000000000000 ) ;
#3603 = DIRECTION ( 'NONE',  ( -1.000000000000000000, -0.000000000000000000, 2.593979029498029835E-16 ) ) ;
#3604 = LINE ( 'NONE', #2041, #6035 ) ;
#3605 = ADVANCED_FACE ( 'NONE', ( #6339 ), #6305, .F. ) ;
#3606 = ORIENTED_EDGE ( 'NONE', *, *, #5727, .T. ) ;
#3607 = EDGE_CURVE ( 'NONE', #2944, #3014, #2766, .T. ) ;
#3608 = LINE ( 'NONE', #630, #5237 ) ;
#3609 = PLANE ( 'NONE',  #1528 ) ;
#3610 = VECTOR ( 'NONE', #269, 1000.000000000000000 ) ;
#3611 = VERTEX_POINT ( 'NONE', #5391 ) ;
#3612 = ORIENTED_EDGE ( 'NONE', *, *, #35, .F. ) ;
#3613 = ORIENTED_EDGE ( 'NONE', *, *, #1312, .F. ) ;
#3614 = CARTESIAN_POINT ( 'NONE',  ( 20.63262448389573223, 27.24714692436770136, 20.53955778290666956 ) ) ;
#3615 = EDGE_CURVE ( 'NONE', #5226, #4371, #3858, .T. ) ;
#3616 = DIRECTION ( 'NONE',  ( 0.000000000000000000, 0.000000000000000000, -1.000000000000000000 ) ) ;
#3617 = LINE ( 'NONE', #3110, #3610 ) ;
#3618 = CARTESIAN_POINT ( 'NONE',  ( 30.23262448389573720, 31.40297912029677008, 25.60237436092029739 ) ) ;
#3619 = ORIENTED_EDGE ( 'NONE', *, *, #4601, .F. ) ;
#3620 = ORIENTED_EDGE ( 'NONE', *, *, #6117, .F. ) ;
#3621 = CARTESIAN_POINT ( 'NONE',  ( -3.367375516104276212, 22.53751450516924848, -76.00001250000002528 ) ) ;
#3622 = ADVANCED_FACE ( 'NONE', ( #782 ), #3355, .T. ) ;
#3623 = EDGE_CURVE ( 'NONE', #2718, #4477, #1852, .T. ) ;
#3624 = CARTESIAN_POINT ( 'NONE',  ( -47.23501295315529092, 32.36351073365042197, 27.06282506210557770 ) ) ;
#3625 = EDGE_LOOP ( 'NONE', ( #1963, #6427, #4273, #530, #2054 ) ) ;
#3626 = DIRECTION ( 'NONE',  ( -0.000000000000000000, -1.000000000000000000, -0.000000000000000000 ) ) ;
#3627 = CARTESIAN_POINT ( 'NONE',  ( -94.57999013744984040, 21.53751450516924848, -88.00001250000001107 ) ) ;
#3628 = ADVANCED_FACE ( 'NONE', ( #2825 ), #3261, .T. ) ;
#3629 = ORIENTED_EDGE ( 'NONE', *, *, #6218, .T. ) ;
#3630 = CARTESIAN_POINT ( 'NONE',  ( 41.80419735914953350, 21.53751450516925203, 32.81307518293911585 ) ) ;
#3631 = CARTESIAN_POINT ( 'NONE',  ( 20.63262448389573223, 33.53751450516924137, 35.99998749999998182 ) ) ;
#3632 = CARTESIAN_POINT ( 'NONE',  ( -87.57999013744984040, 27.53751450516924493, -82.50001250000001107 ) ) ;
#3633 = FACE_OUTER_BOUND ( 'NONE', #1937, .T. ) ;
#3634 = ORIENTED_EDGE ( 'NONE', *, *, #5895, .T. ) ;
#3635 = DIRECTION ( 'NONE',  ( 0.000000000000000000, 0.000000000000000000, 1.000000000000000000 ) ) ;
#3636 = DIRECTION ( 'NONE',  ( 0.000000000000000000, 0.5150380749100547106, 0.8571673007021120005 ) ) ;
#3637 = ORIENTED_EDGE ( 'NONE', *, *, #1080, .F. ) ;
#3638 = CARTESIAN_POINT ( 'NONE',  ( -87.57999013744984040, 21.53751450516924848, -83.06858891411960144 ) ) ;
#3639 = EDGE_CURVE ( 'NONE', #1879, #6036, #3790, .T. ) ;
#3640 = EDGE_CURVE ( 'NONE', #222, #729, #5360, .T. ) ;
#3641 = ORIENTED_EDGE ( 'NONE', *, *, #3932, .T. ) ;
#3642 = VECTOR ( 'NONE', #3077, 1000.000000000000000 ) ;
#3643 = ORIENTED_EDGE ( 'NONE', *, *, #2039, .F. ) ;
#3644 = DIRECTION ( 'NONE',  ( 1.000000000000000000, -0.000000000000000000, 2.618450529776312753E-16 ) ) ;
#3645 = DIRECTION ( 'NONE',  ( -0.000000000000000000, -1.000000000000000000, 0.000000000000000000 ) ) ;
#3646 = CARTESIAN_POINT ( 'NONE',  ( 57.42000986255003880, 21.53751450516924848, -76.00001250000002528 ) ) ;
#3647 = CIRCLE ( 'NONE', #3864, 2.000000000000000000 ) ;
#3648 = CARTESIAN_POINT ( 'NONE',  ( -74.57999013744984040, 23.53751450516924493, -82.50001250000001107 ) ) ;
#3649 = ORIENTED_EDGE ( 'NONE', *, *, #3678, .F. ) ;
#3650 = EDGE_CURVE ( 'NONE', #2608, #3541, #6439, .T. ) ;
#3651 = ORIENTED_EDGE ( 'NONE', *, *, #4443, .T. ) ;
#3652 = VECTOR ( 'NONE', #4075, 1000.000000000000000 ) ;
#3653 = CARTESIAN_POINT ( 'NONE',  ( 18.63262448389572867, 14.59933898094340243, 34.23368438735381147 ) ) ;
#3654 = CARTESIAN_POINT ( 'NONE',  ( 40.63262448389571091, 21.53751450516924848, -71.00001250000001107 ) ) ;
#3655 = LINE ( 'NONE', #5694, #5420 ) ;
#3656 = VERTEX_POINT ( 'NONE', #3294 ) ;
#3657 = CARTESIAN_POINT ( 'NONE',  ( 13.42000986255015249, 25.53751450516925203, 69.99998750000000314 ) ) ;
#3658 = EDGE_CURVE ( 'NONE', #3505, #5183, #2730, .T. ) ;
#3659 = PRODUCT_DEFINITION_SHAPE ( 'NONE', 'NONE',  #5795 ) ;
#3660 = DIRECTION ( 'NONE',  ( 1.000000000000000000, 0.000000000000000000, -2.593979029498029835E-16 ) ) ;
#3661 = ORIENTED_EDGE ( 'NONE', *, *, #4173, .F. ) ;
#3662 = FACE_BOUND ( 'NONE', #3440, .T. ) ;
#3663 = PLANE ( 'NONE',  #1518 ) ;
#3664 = ORIENTED_EDGE ( 'NONE', *, *, #3443, .F. ) ;
#3665 = EDGE_CURVE ( 'NONE', #1746, #5772, #3160, .T. ) ;
#3666 = FACE_OUTER_BOUND ( 'NONE', #2922, .T. ) ;
#3667 = DIRECTION ( 'NONE',  ( -0.000000000000000000, -0.000000000000000000, 1.000000000000000000 ) ) ;
#3668 = ORIENTED_EDGE ( 'NONE', *, *, #5710, .F. ) ;
#3669 = LINE ( 'NONE', #2169, #1628 ) ;
#3670 = ORIENTED_EDGE ( 'NONE', *, *, #5587, .T. ) ;
#3671 = CARTESIAN_POINT ( 'NONE',  ( -8.579990137449838628, 27.53751450516924848, 68.99998749999993208 ) ) ;
#3672 = ORIENTED_EDGE ( 'NONE', *, *, #707, .T. ) ;
#3673 = ORIENTED_EDGE ( 'NONE', *, *, #2357, .F. ) ;
#3674 = CARTESIAN_POINT ( 'NONE',  ( -93.57999013744984040, 22.53751450516924848, -88.00001250000001107 ) ) ;
#3675 = DIRECTION ( 'NONE',  ( 1.000000000000000000, 0.000000000000000000, -8.163404592832028049E-16 ) ) ;
#3676 = CARTESIAN_POINT ( 'NONE',  ( -55.76737551610425214, 21.53751450516924848, 32.81307518293911585 ) ) ;
#3677 = CARTESIAN_POINT ( 'NONE',  ( -28.57999013744984396, 25.53751450516925203, 70.99998750000000314 ) ) ;
#3678 = EDGE_CURVE ( 'NONE', #3052, #643, #4795, .T. ) ;
#3679 = ORIENTED_EDGE ( 'NONE', *, *, #3248, .T. ) ;
#3680 = CARTESIAN_POINT ( 'NONE',  ( -69.36737551610424646, 22.53751450516924848, -76.00001250000002528 ) ) ;
#3681 = AXIS2_PLACEMENT_3D ( 'NONE', #843, #1313, #875 ) ;
#3682 = VERTEX_POINT ( 'NONE', #2256 ) ;
#3683 = EDGE_LOOP ( 'NONE', ( #5251, #6124, #5767, #704 ) ) ;
#3684 = CARTESIAN_POINT ( 'NONE',  ( 56.42000986255003880, 0.000000000000000000, -88.00001250000001107 ) ) ;
#3685 = VECTOR ( 'NONE', #2681, 1000.000000000000000 ) ;
#3686 = EDGE_CURVE ( 'NONE', #2913, #4802, #750, .T. ) ;
#3687 = CARTESIAN_POINT ( 'NONE',  ( -94.57999013744984040, 27.53751450516924848, 68.99998750000000314 ) ) ;
#3688 = CARTESIAN_POINT ( 'NONE',  ( -45.76766893669706349, 31.93975109016791691, 26.41421418141602118 ) ) ;
#3689 = EDGE_LOOP ( 'NONE', ( #1527, #4914 ) ) ;
#3690 = DIRECTION ( 'NONE',  ( 1.000000000000000000, 0.000000000000000000, -1.309225264888156377E-16 ) ) ;
#3691 = VECTOR ( 'NONE', #2171, 1000.000000000000000 ) ;
#3692 = DIRECTION ( 'NONE',  ( -0.000000000000000000, 1.000000000000000000, -0.000000000000000000 ) ) ;
#3693 = VERTEX_POINT ( 'NONE', #4765 ) ;
#3695 = EDGE_CURVE ( 'NONE', #3335, #4368, #2327, .T. ) ;
#3694 = VECTOR ( 'NONE', #1823, 1000.000000000000000 ) ;
#3696 = FACE_BOUND ( 'NONE', #2711, .T. ) ;
#3697 = CARTESIAN_POINT ( 'NONE',  ( -28.57999013744984396, 27.53751450516924848, 68.99998749999998893 ) ) ;
#3698 = ORIENTED_EDGE ( 'NONE', *, *, #1601, .T. ) ;
#3699 = FACE_OUTER_BOUND ( 'NONE', #1982, .T. ) ;
#3700 = VECTOR ( 'NONE', #3031, 1000.000000000000000 ) ;
#3701 = DIRECTION ( 'NONE',  ( -0.000000000000000000, -1.000000000000000000, -0.000000000000000000 ) ) ;
#3702 = VECTOR ( 'NONE', #4881, 1000.000000000000000 ) ;
#3703 = EDGE_LOOP ( 'NONE', ( #4215, #3235, #4560, #6527 ) ) ;
#3704 = EDGE_CURVE ( 'NONE', #542, #4770, #2289, .T. ) ;
#3705 = AXIS2_PLACEMENT_3D ( 'NONE', #5601, #1526, #84 ) ;
#3706 = LINE ( 'NONE', #2204, #5454 ) ;
#3707 = ADVANCED_FACE ( 'NONE', ( #4826, #1286, #249, #4321, #3758, #6376, #6407 ), #5802, .F. ) ;
#3708 = PLANE ( 'NONE',  #22 ) ;
#3709 = ORIENTED_EDGE ( 'NONE', *, *, #2655, .T. ) ;
#3710 = CARTESIAN_POINT ( 'NONE',  ( 57.42000986255003880, 21.53751450516924848, -76.00001250000002528 ) ) ;
#3711 = VERTEX_POINT ( 'NONE', #1950 ) ;
#3712 = ORIENTED_EDGE ( 'NONE', *, *, #486, .F. ) ;
#3713 = CARTESIAN_POINT ( 'NONE',  ( -52.57999013744984751, 26.53751450516924848, 69.99998750000000314 ) ) ;
#3714 = DIRECTION ( 'NONE',  ( 0.000000000000000000, 0.000000000000000000, -1.000000000000000000 ) ) ;
#3715 = DIRECTION ( 'NONE',  ( 6.084019089575383461E-17, -0.8831515563230876165, 0.4690877621129207475 ) ) ;
#3716 = DIRECTION ( 'NONE',  ( 0.000000000000000000, 1.000000000000000000, 0.000000000000000000 ) ) ;
#3717 = AXIS2_PLACEMENT_3D ( 'NONE', #5181, #6161, #4619 ) ;
#3718 = ORIENTED_EDGE ( 'NONE', *, *, #2771, .T. ) ;
#3719 = CARTESIAN_POINT ( 'NONE',  ( -87.57999013744984040, 27.53751450516924493, -80.60001250000000539 ) ) ;
#3720 = ORIENTED_EDGE ( 'NONE', *, *, #676, .T. ) ;
#3721 = ORIENTED_EDGE ( 'NONE', *, *, #52, .T. ) ;
#3722 = DIRECTION ( 'NONE',  ( -1.000000000000000000, 0.000000000000000000, 0.000000000000000000 ) ) ;
#3723 = CARTESIAN_POINT ( 'NONE',  ( -68.36435847130660193, 32.21842978543089231, 26.84009736096995624 ) ) ;
#3724 = CIRCLE ( 'NONE', #5430, 2.000000000000001776 ) ;
#3725 = ORIENTED_EDGE ( 'NONE', *, *, #440, .T. ) ;
#3726 = DIRECTION ( 'NONE',  ( 0.000000000000000000, 0.000000000000000000, -1.000000000000000000 ) ) ;
#3727 = ADVANCED_FACE ( 'NONE', ( #1490 ), #2521, .F. ) ;
#3728 = DIRECTION ( 'NONE',  ( -1.000000000000000000, 0.000000000000000000, -0.000000000000000000 ) ) ;
#3729 = DIRECTION ( 'NONE',  ( 0.000000000000000000, 0.000000000000000000, 1.000000000000000000 ) ) ;
#3730 = CARTESIAN_POINT ( 'NONE',  ( 15.42000986255014006, 26.53751450516924848, 69.99998750000000314 ) ) ;
#3731 = ORIENTED_EDGE ( 'NONE', *, *, #2850, .T. ) ;
#3732 = DIRECTION ( 'NONE',  ( 0.000000000000000000, 0.000000000000000000, -1.000000000000000000 ) ) ;
#3733 = ADVANCED_FACE ( 'NONE', ( #1917, #5025 ), #3955, .T. ) ;
#3734 = DIRECTION ( 'NONE',  ( -0.000000000000000000, 1.000000000000000000, -0.000000000000000000 ) ) ;
#3735 = VERTEX_POINT ( 'NONE', #1416 ) ;
#3736 = DIRECTION ( 'NONE',  ( 1.000000000000000000, 0.000000000000000000, -6.484947573745074586E-17 ) ) ;
#3737 = DIRECTION ( 'NONE',  ( -1.000000000000000000, 0.000000000000000000, 0.000000000000000000 ) ) ;
#3738 = ORIENTED_EDGE ( 'NONE', *, *, #4829, .F. ) ;
#3739 = LINE ( 'NONE', #1740, #5937 ) ;
#3740 = EDGE_CURVE ( 'NONE', #821, #1718, #3907, .T. ) ;
#3741 = EDGE_LOOP ( 'NONE', ( #6091, #3927, #1578, #732 ) ) ;
#3742 = ORIENTED_EDGE ( 'NONE', *, *, #3640, .F. ) ;
#3743 = LINE ( 'NONE', #1332, #3571 ) ;
#3744 = CARTESIAN_POINT ( 'NONE',  ( -93.57999013744984040, 22.53751450516924848, -76.00001250000002528 ) ) ;
#3745 = CARTESIAN_POINT ( 'NONE',  ( -55.76737551610425214, 15.53751450516924493, 35.99998749999998182 ) ) ;
#3746 = CYLINDRICAL_SURFACE ( 'NONE', #822, 2.000000000000001776 ) ;
#3747 = VERTEX_POINT ( 'NONE', #5995 ) ;
#3748 = CARTESIAN_POINT ( 'NONE',  ( -94.57999013744984040, 27.53751450516924848, 68.99998750000000314 ) ) ;
#3749 = EDGE_LOOP ( 'NONE', ( #2412, #4964, #4847, #3805 ) ) ;
#3750 = CIRCLE ( 'NONE', #658, 2.250000000000001776 ) ;
#3751 = EDGE_CURVE ( 'NONE', #4417, #3822, #4861, .T. ) ;
#3752 = VERTEX_POINT ( 'NONE', #5562 ) ;
#3753 = ADVANCED_FACE ( 'NONE', ( #5488 ), #3390, .F. ) ;
#3754 = CARTESIAN_POINT ( 'NONE',  ( 56.42000986255003880, 26.53751450516924493, -77.00001250000002528 ) ) ;
#3755 = DIRECTION ( 'NONE',  ( 0.000000000000000000, 0.000000000000000000, 1.000000000000000000 ) ) ;
#3756 = CARTESIAN_POINT ( 'NONE',  ( -4.579990137449835075, 13.53751450516924493, -82.50001250000001107 ) ) ;
#3757 = VERTEX_POINT ( 'NONE', #3023 ) ;
#3758 = FACE_BOUND ( 'NONE', #4511, .T. ) ;
#3759 = ADVANCED_FACE ( 'NONE', ( #2985 ), #2421, .F. ) ;
#3760 = VECTOR ( 'NONE', #4256, 1000.000000000000000 ) ;
#3761 = DIRECTION ( 'NONE',  ( -1.000000000000000000, 0.000000000000000000, 0.000000000000000000 ) ) ;
#3762 = DIRECTION ( 'NONE',  ( -0.000000000000000000, -1.000000000000000000, -0.000000000000000000 ) ) ;
#3763 = EDGE_CURVE ( 'NONE', #6587, #1137, #4459, .T. ) ;
#3764 = ORIENTED_EDGE ( 'NONE', *, *, #956, .T. ) ;
#3765 = PLANE ( 'NONE',  #1761 ) ;
#3766 = DIRECTION ( 'NONE',  ( 0.000000000000000000, 0.000000000000000000, 1.000000000000000000 ) ) ;
#3767 = ORIENTED_EDGE ( 'NONE', *, *, #5033, .F. ) ;
#3768 = DIRECTION ( 'NONE',  ( 0.000000000000000000, -1.000000000000000000, 0.000000000000000000 ) ) ;
#3769 = DIRECTION ( 'NONE',  ( -0.000000000000000000, -1.000000000000000000, 0.000000000000000000 ) ) ;
#3770 = ORIENTED_EDGE ( 'NONE', *, *, #5051, .F. ) ;
#3771 = DIRECTION ( 'NONE',  ( 0.000000000000000000, -0.000000000000000000, -1.000000000000000000 ) ) ;
#3772 = ORIENTED_EDGE ( 'NONE', *, *, #2292, .F. ) ;
#3773 = CARTESIAN_POINT ( 'NONE',  ( -74.57999013744984040, 27.53751450516924848, 68.99998750000000314 ) ) ;
#3774 = CARTESIAN_POINT ( 'NONE',  ( -57.76737551610424504, 21.53751450516924848, 30.54845821467287337 ) ) ;
#3775 = LINE ( 'NONE', #2783, #272 ) ;
#3776 = DIRECTION ( 'NONE',  ( 0.000000000000000000, 0.000000000000000000, -1.000000000000000000 ) ) ;
#3777 = EDGE_CURVE ( 'NONE', #1880, #1649, #1800, .T. ) ;
#3778 = ORIENTED_EDGE ( 'NONE', *, *, #4033, .F. ) ;
#3779 = DIRECTION ( 'NONE',  ( 1.000000000000000000, -0.000000000000000000, 0.000000000000000000 ) ) ;
#3780 = ORIENTED_EDGE ( 'NONE', *, *, #5222, .T. ) ;
#3781 = ORIENTED_EDGE ( 'NONE', *, *, #4868, .F. ) ;
#3782 = LINE ( 'NONE', #2853, #5255 ) ;
#3783 = VECTOR ( 'NONE', #5914, 1000.000000000000000 ) ;
#3784 = VECTOR ( 'NONE', #3130, 1000.000000000000000 ) ;
#3785 = CARTESIAN_POINT ( 'NONE',  ( -1.367375516104260669, 21.53751450516924848, 30.54845821467287692 ) ) ;
#3786 = DIRECTION ( 'NONE',  ( -6.084019089575384694E-17, 0.8831515563230876165, -0.4690877621129207475 ) ) ;
#3787 = EDGE_CURVE ( 'NONE', #4819, #3338, #1345, .T. ) ;
#3788 = EDGE_CURVE ( 'NONE', #4169, #5213, #880, .T. ) ;
#3789 = VERTEX_POINT ( 'NONE', #4558 ) ;
#3790 = LINE ( 'NONE', #4896, #4552 ) ;
#3791 = AXIS2_PLACEMENT_3D ( 'NONE', #6360, #2276, #4845 ) ;
#3792 = FACE_OUTER_BOUND ( 'NONE', #6355, .T. ) ;
#3793 = PLANE ( 'NONE',  #5631 ) ;
#3794 = AXIS2_PLACEMENT_3D ( 'NONE', #1350, #2388, #5530 ) ;
#3795 = ORIENTED_EDGE ( 'NONE', *, *, #3201, .T. ) ;
#3796 = CARTESIAN_POINT ( 'NONE',  ( -13.76737551610426813, 35.53751450516924848, -69.00001250000001107 ) ) ;
#3797 = AXIS2_PLACEMENT_3D ( 'NONE', #1582, #5146, #3108 ) ;
#3798 = LINE ( 'NONE', #3833, #4022 ) ;
#3799 = ORIENTED_EDGE ( 'NONE', *, *, #3150, .T. ) ;
#3800 = DIRECTION ( 'NONE',  ( 1.000000000000000000, 0.000000000000000000, 0.000000000000000000 ) ) ;
#3801 = CARTESIAN_POINT ( 'NONE',  ( -57.76737551610424504, 31.25785105076080228, 25.38548150415243754 ) ) ;
#3802 = VERTEX_POINT ( 'NONE', #3485 ) ;
#3803 = CIRCLE ( 'NONE', #1673, 2.000000000000001776 ) ;
#3804 = CARTESIAN_POINT ( 'NONE',  ( 42.63262448389571091, 33.53751450516924137, -69.00001250000001107 ) ) ;
#3805 = ORIENTED_EDGE ( 'NONE', *, *, #1312, .T. ) ;
#3806 = VECTOR ( 'NONE', #2311, 1000.000000000000000 ) ;
#3807 = ADVANCED_FACE ( 'NONE', ( #347 ), #6469, .T. ) ;
#3808 = CARTESIAN_POINT ( 'NONE',  ( -66.56737551610427772, 21.53751450516924848, 68.99998750000000314 ) ) ;
#3809 = AXIS2_PLACEMENT_3D ( 'NONE', #3328, #5302, #2735 ) ;
#3810 = CARTESIAN_POINT ( 'NONE',  ( -79.76737551610423793, 21.53751450516925203, 30.54845821467284850 ) ) ;
#3811 = VECTOR ( 'NONE', #1228, 1000.000000000000000 ) ;
#3812 = CARTESIAN_POINT ( 'NONE',  ( 10.23262448389572477, 22.53751450516924848, -76.00001250000002528 ) ) ;
#3813 = FACE_OUTER_BOUND ( 'NONE', #1707, .T. ) ;
#3814 = VERTEX_POINT ( 'NONE', #2454 ) ;
#3815 = CARTESIAN_POINT ( 'NONE',  ( 32.23262448389571944, 21.53751450516924848, -71.00001250000001107 ) ) ;
#3816 = ORIENTED_EDGE ( 'NONE', *, *, #961, .F. ) ;
#3817 = CIRCLE ( 'NONE', #1896, 3.500000000000003109 ) ;
#3818 = EDGE_LOOP ( 'NONE', ( #1886, #6330, #2910, #1688 ) ) ;
#3819 = LINE ( 'NONE', #5419, #2740 ) ;
#3820 = LINE ( 'NONE', #2854, #3892 ) ;
#3821 = DIRECTION ( 'NONE',  ( -0.000000000000000000, -1.000000000000000000, -0.000000000000000000 ) ) ;
#3822 = VERTEX_POINT ( 'NONE', #2023 ) ;
#3823 = CARTESIAN_POINT ( 'NONE',  ( -77.76737551610423793, 35.53751450516924848, -71.00001250000001107 ) ) ;
#3824 = AXIS2_PLACEMENT_3D ( 'NONE', #4250, #5217, #1275 ) ;
#3825 = EDGE_CURVE ( 'NONE', #6211, #1610, #4489, .T. ) ;
#3826 = CC_DESIGN_PERSON_AND_ORGANIZATION_ASSIGNMENT ( #1962, #2999, ( #4675 ) ) ;
#3827 = EDGE_CURVE ( 'NONE', #1221, #3101, #6028, .T. ) ;
#3828 = CARTESIAN_POINT ( 'NONE',  ( -28.57999013744984396, 27.53751450516924848, 70.99998750000000314 ) ) ;
#3829 = CARTESIAN_POINT ( 'NONE',  ( -11.76737551610426635, 35.53751450516924848, -69.00001250000001107 ) ) ;
#3830 = ORIENTED_EDGE ( 'NONE', *, *, #1671, .F. ) ;
#3831 = CARTESIAN_POINT ( 'NONE',  ( -94.57999013744984040, 27.53751450516924848, 34.99998749999998182 ) ) ;
#3832 = EDGE_CURVE ( 'NONE', #5052, #4394, #2139, .T. ) ;
#3833 = CARTESIAN_POINT ( 'NONE',  ( -58.56737551610429193, 22.53751450516924848, -76.00001250000002528 ) ) ;
#3834 = ORIENTED_EDGE ( 'NONE', *, *, #100, .F. ) ;
#3835 = FACE_OUTER_BOUND ( 'NONE', #6400, .T. ) ;
#3836 = MANIFOLD_SOLID_BREP ( '\X2\00d8\X0\3.8 (3.8) \X2\76f45f845b54\X0\1', #4984 ) ;
#3837 = DIRECTION ( 'NONE',  ( 0.000000000000000000, 0.000000000000000000, 1.000000000000000000 ) ) ;
#3838 = VERTEX_POINT ( 'NONE', #5242 ) ;
#3839 = DIRECTION ( 'NONE',  ( 0.000000000000000000, -0.8831515563230877275, 0.4690877621129207475 ) ) ;
#3840 = ORIENTED_EDGE ( 'NONE', *, *, #5993, .F. ) ;
#3841 = LINE ( 'NONE', #1302, #2503 ) ;
#3842 =( BOUNDED_CURVE ( )  B_SPLINE_CURVE ( 3, ( #2180, #5182, #2216, #2786 ),
 .UNSPECIFIED., .F., .T. ) 
 B_SPLINE_CURVE_WITH_KNOTS ( ( 4, 4 ),
 ( 4.712388980384689674, 6.283185307179586232 ),
 .UNSPECIFIED. ) 
 CURVE ( )  GEOMETRIC_REPRESENTATION_ITEM ( )  RATIONAL_B_SPLINE_CURVE ( ( 1.000000000000000000, 0.8047378541243649375, 0.8047378541243649375, 1.000000000000000000 ) ) 
 REPRESENTATION_ITEM ( '' )  );
#3843 = CARTESIAN_POINT ( 'NONE',  ( -67.36737551610424646, 21.53751450516924137, 31.87504012110299811 ) ) ;
#3844 = LINE ( 'NONE', #4309, #4967 ) ;
#3845 = CARTESIAN_POINT ( 'NONE',  ( -47.36737551610426067, 32.36351073365042907, 27.06282506210558481 ) ) ;
#3846 = ORIENTED_EDGE ( 'NONE', *, *, #3908, .T. ) ;
#3847 = CARTESIAN_POINT ( 'NONE',  ( 42.63262448389572512, 31.25785105076080228, 25.38548150415243754 ) ) ;
#3848 = ADVANCED_FACE ( 'NONE', ( #6319 ), #1135, .F. ) ;
#3850 = EDGE_CURVE ( 'NONE', #4557, #296, #6184, .T. ) ;
#3849 = ORIENTED_EDGE ( 'NONE', *, *, #1131, .F. ) ;
#3851 = ORIENTED_EDGE ( 'NONE', *, *, #556, .T. ) ;
#3852 = CARTESIAN_POINT ( 'NONE',  ( -4.579990137449835075, 23.53751450516924493, -86.00001250000001107 ) ) ;
#3853 = PLANE ( 'NONE',  #2726 ) ;
#3854 = CARTESIAN_POINT ( 'NONE',  ( -68.72166492064555143, 32.30735151765448876, 26.97652389697437414 ) ) ;
#3855 = DIRECTION ( 'NONE',  ( -1.000000000000000000, 0.000000000000000000, 0.000000000000000000 ) ) ;
#3857 = EDGE_CURVE ( 'NONE', #5228, #1559, #2271, .T. ) ;
#3856 = VERTEX_POINT ( 'NONE', #3638 ) ;
#3858 = LINE ( 'NONE', #3823, #4657 ) ;
#3859 = VECTOR ( 'NONE', #4978, 1000.000000000000000 ) ;
#3860 = CARTESIAN_POINT ( 'NONE',  ( 56.23262448389579049, 15.53751450516924493, 35.99998749999998182 ) ) ;
#3861 = DIRECTION ( 'NONE',  ( 0.000000000000000000, -0.8831515563230877275, 0.4690877621129207475 ) ) ;
#3863 = EDGE_CURVE ( 'NONE', #6424, #4638, #3739, .T. ) ;
#3862 = VERTEX_POINT ( 'NONE', #5781 ) ;
#3864 = AXIS2_PLACEMENT_3D ( 'NONE', #5162, #5701, #157 ) ;
#3865 = LINE ( 'NONE', #4329, #1438 ) ;
#3866 = AXIS2_PLACEMENT_3D ( 'NONE', #3653, #5258, #613 ) ;
#3867 = DIRECTION ( 'NONE',  ( -1.000000000000000000, 0.000000000000000000, 0.000000000000000000 ) ) ;
#3868 = AXIS2_PLACEMENT_3D ( 'NONE', #867, #2848, #241 ) ;
#3869 = ORIENTED_EDGE ( 'NONE', *, *, #1107, .F. ) ;
#3870 = LINE ( 'NONE', #3307, #2362 ) ;
#3871 = ADVANCED_FACE ( 'NONE', ( #4204 ), #1101, .T. ) ;
#3872 = CARTESIAN_POINT ( 'NONE',  ( 42.63262448389571091, 33.53751450516924137, -69.00001250000001107 ) ) ;
#3873 = VERTEX_POINT ( 'NONE', #4709 ) ;
#3874 = CARTESIAN_POINT ( 'NONE',  ( -8.579990137449838628, 21.53751450516924848, 68.99998749999993208 ) ) ;
#3875 = CARTESIAN_POINT ( 'NONE',  ( 30.42000986255016670, 27.53751450516924493, -82.50001250000001107 ) ) ;
#3876 = CARTESIAN_POINT ( 'NONE',  ( -57.76737551610425925, 21.53751450516924493, 31.87504012110299811 ) ) ;
#3877 = CARTESIAN_POINT ( 'NONE',  ( 18.63262448389571446, 21.53751450516924848, -76.00001250000002528 ) ) ;
#3878 = ORGANIZATION ( '未', '未', '' ) ;
#3879 = FACE_OUTER_BOUND ( 'NONE', #6192, .T. ) ;
#3880 = EDGE_LOOP ( 'NONE', ( #5847, #1386, #3725, #396 ) ) ;
#3881 = CARTESIAN_POINT ( 'NONE',  ( -45.36737551610425356, 14.59933898094340421, 34.23368438735381147 ) ) ;
#3882 = VERTEX_POINT ( 'NONE', #103 ) ;
#3883 = VERTEX_POINT ( 'NONE', #5815 ) ;
#3884 = CARTESIAN_POINT ( 'NONE',  ( 47.42000986255016670, 21.53751450516924848, -81.93143608588042071 ) ) ;
#3885 = DIRECTION ( 'NONE',  ( 0.000000000000000000, 0.000000000000000000, 1.000000000000000000 ) ) ;
#3886 = FACE_OUTER_BOUND ( 'NONE', #1543, .T. ) ;
#3887 = LINE ( 'NONE', #1821, #5676 ) ;
#3888 = ORIENTED_EDGE ( 'NONE', *, *, #3417, .T. ) ;
#3889 = DIRECTION ( 'NONE',  ( 6.484947573745074586E-17, 0.000000000000000000, 1.000000000000000000 ) ) ;
#3890 = AXIS2_PLACEMENT_3D ( 'NONE', #465, #1870, #3403 ) ;
#3891 = EDGE_CURVE ( 'NONE', #222, #4643, #1607, .T. ) ;
#3892 = VECTOR ( 'NONE', #3413, 1000.000000000000000 ) ;
#3893 = DIRECTION ( 'NONE',  ( -0.000000000000000000, -1.000000000000000000, -0.000000000000000000 ) ) ;
#3894 = DIRECTION ( 'NONE',  ( 1.000000000000000000, 0.000000000000000000, 0.000000000000000000 ) ) ;
#3895 = ORIENTED_EDGE ( 'NONE', *, *, #5230, .T. ) ;
#3896 = CIRCLE ( 'NONE', #1330, 0.5685764141195870369 ) ;
#3897 = DIRECTION ( 'NONE',  ( 1.000000000000000000, 0.000000000000000000, 0.000000000000000000 ) ) ;
#3898 = EDGE_CURVE ( 'NONE', #2913, #808, #492, .T. ) ;
#3899 = FACE_OUTER_BOUND ( 'NONE', #776, .T. ) ;
#3900 = VECTOR ( 'NONE', #836, 1000.000000000000000 ) ;
#3901 = ORIENTED_EDGE ( 'NONE', *, *, #3148, .F. ) ;
#3902 = CARTESIAN_POINT ( 'NONE',  ( -69.36737551610424646, 22.53751450516924848, -76.00001250000002528 ) ) ;
#3903 = DIRECTION ( 'NONE',  ( -1.000000000000000000, 0.000000000000000000, -0.000000000000000000 ) ) ;
#3904 = ORIENTED_EDGE ( 'NONE', *, *, #187, .T. ) ;
#3905 = VECTOR ( 'NONE', #6497, 1000.000000000000000 ) ;
#3906 = PLANE ( 'NONE',  #5830 ) ;
#3907 = CIRCLE ( 'NONE', #3794, 2.250000000000001776 ) ;
#3908 = EDGE_CURVE ( 'NONE', #6452, #6437, #1708, .T. ) ;
#3909 = CARTESIAN_POINT ( 'NONE',  ( 32.23262448389571944, 21.53751450516924848, -69.00001250000001107 ) ) ;
#3910 = EDGE_CURVE ( 'NONE', #5919, #6418, #5276, .T. ) ;
#3911 = CARTESIAN_POINT ( 'NONE',  ( -69.36737551610424646, 21.53751450516924848, 32.81307518293911585 ) ) ;
#3912 = DIRECTION ( 'NONE',  ( -1.000000000000000000, 0.000000000000000000, -0.000000000000000000 ) ) ;
#3913 = VECTOR ( 'NONE', #4360, 1000.000000000000000 ) ;
#3914 = VERTEX_POINT ( 'NONE', #634 ) ;
#3915 = CARTESIAN_POINT ( 'NONE',  ( -74.57999013744984040, 27.53751450516924848, 34.99998749999998182 ) ) ;
#3916 = VERTEX_POINT ( 'NONE', #4808 ) ;
#3917 = VERTEX_POINT ( 'NONE', #6251 ) ;
#3918 = ORIENTED_EDGE ( 'NONE', *, *, #2505, .F. ) ;
#3919 = AXIS2_PLACEMENT_3D ( 'NONE', #2297, #2741, #826 ) ;
#3920 = CARTESIAN_POINT ( 'NONE',  ( -39.57999013744984040, 23.53751450516924493, -86.00001250000001107 ) ) ;
#3921 = DIRECTION ( 'NONE',  ( 2.593979029498029835E-16, 0.000000000000000000, 1.000000000000000000 ) ) ;
#3922 = CARTESIAN_POINT ( 'NONE',  ( 20.57989413341093154, 31.55064183141509204, 25.82452422435025952 ) ) ;
#3923 = DIRECTION ( 'NONE',  ( 1.000000000000000000, 0.000000000000000000, -8.163404592832028049E-16 ) ) ;
#3925 = EDGE_LOOP ( 'NONE', ( #1165, #2577, #4423, #4447 ) ) ;
#3924 = AXIS2_PLACEMENT_3D ( 'NONE', #1953, #1891, #3928 ) ;
#3926 = CARTESIAN_POINT ( 'NONE',  ( -67.36737551610424646, 34.70908738042305686, -70.17158537525382656 ) ) ;
#3927 = ORIENTED_EDGE ( 'NONE', *, *, #3932, .F. ) ;
#3928 = DIRECTION ( 'NONE',  ( -1.000000000000000000, 0.000000000000000000, -0.000000000000000000 ) ) ;
#3929 = CARTESIAN_POINT ( 'NONE',  ( -57.76737551610424504, 33.53751450516924137, 20.53955778290666956 ) ) ;
#3930 = ORIENTED_EDGE ( 'NONE', *, *, #4941, .T. ) ;
#3931 = FACE_OUTER_BOUND ( 'NONE', #6247, .T. ) ;
#3932 = EDGE_CURVE ( 'NONE', #5784, #2555, #5314, .T. ) ;
#3933 = EDGE_CURVE ( 'NONE', #3981, #5131, #4780, .T. ) ;
#3934 = CARTESIAN_POINT ( 'NONE',  ( 56.42000986255003880, 22.53751450516924848, -88.00001250000001107 ) ) ;
#3935 = VERTEX_POINT ( 'NONE', #1169 ) ;
#3936 = DIRECTION ( 'NONE',  ( -0.000000000000000000, -0.000000000000000000, 1.000000000000000000 ) ) ;
#3937 = CARTESIAN_POINT ( 'NONE',  ( -57.71464516561945857, 31.55064183141503875, 25.82452422435028438 ) ) ;
#3938 = ORIENTED_EDGE ( 'NONE', *, *, #3650, .T. ) ;
#3939 = EDGE_CURVE ( 'NONE', #629, #434, #4680, .T. ) ;
#3940 = CARTESIAN_POINT ( 'NONE',  ( -47.36737551610426067, 35.53751450516924848, 20.53955778290666956 ) ) ;
#3941 = DIRECTION ( 'NONE',  ( 1.000000000000000000, -0.000000000000000000, 0.000000000000000000 ) ) ;
#3942 = CARTESIAN_POINT ( 'NONE',  ( 8.232624483895722989, 33.53751450516924137, -69.00001250000001107 ) ) ;
#3943 = LINE ( 'NONE', #5079, #1978 ) ;
#3944 = EDGE_LOOP ( 'NONE', ( #3487, #3120, #5017, #6122 ) ) ;
#3945 = DIRECTION ( 'NONE',  ( 0.000000000000000000, -0.000000000000000000, 1.000000000000000000 ) ) ;
#3946 = ORIENTED_EDGE ( 'NONE', *, *, #2946, .F. ) ;
#3947 = ADVANCED_FACE ( 'NONE', ( #1674 ), #5750, .T. ) ;
#3948 = ORIENTED_EDGE ( 'NONE', *, *, #5203, .F. ) ;
#3949 = CARTESIAN_POINT ( 'NONE',  ( -1.367375516104261557, 21.53751450516925203, 31.87504012110299811 ) ) ;
#3950 = CARTESIAN_POINT ( 'NONE',  ( -2.195802640850466503, 35.53751450516924848, -71.00001250000001107 ) ) ;
#3951 = DIRECTION ( 'NONE',  ( -0.000000000000000000, -0.000000000000000000, 1.000000000000000000 ) ) ;
#3952 = PLANE ( 'NONE',  #2156 ) ;
#3953 = ORIENTED_EDGE ( 'NONE', *, *, #2199, .T. ) ;
#3954 = EDGE_CURVE ( 'NONE', #1491, #5183, #4244, .T. ) ;
#3955 = PLANE ( 'NONE',  #173 ) ;
#3956 = ORIENTED_EDGE ( 'NONE', *, *, #1484, .T. ) ;
#3957 = PLANE ( 'NONE',  #5267 ) ;
#3958 = FACE_OUTER_BOUND ( 'NONE', #5622, .T. ) ;
#3959 = CARTESIAN_POINT ( 'NONE',  ( 56.23262448389579049, 35.53751450516924848, 20.53955778290666956 ) ) ;
#3960 = ORIENTED_EDGE ( 'NONE', *, *, #1857, .F. ) ;
#3961 = EDGE_CURVE ( 'NONE', #4371, #4856, #167, .T. ) ;
#3962 = LINE ( 'NONE', #6004, #2101 ) ;
#3963 = AXIS2_PLACEMENT_3D ( 'NONE', #2835, #2805, #2871 ) ;
#3964 = B_SPLINE_CURVE_WITH_KNOTS ( 'NONE', 3,
 ( #2924, #3027, #3994, #4393, #6000, #4493, #1421, #6034, #1494, #991, #1454, #3453, #920, #3492 ),
 .UNSPECIFIED., .F., .F.,
 ( 4, 2, 2, 2, 2, 2, 4 ),
 ( 0.000000000000000000, 0.0003914435603716453528, 0.0007828871207432907056, 0.001174330681114936058, 0.001565774241486581411, 0.002348661362229854336, 0.003131548482973126827 ),
 .UNSPECIFIED. ) ;
#3965 = DIRECTION ( 'NONE',  ( 1.000000000000000000, 0.000000000000000000, 0.000000000000000000 ) ) ;
#3966 = ORIENTED_EDGE ( 'NONE', *, *, #3954, .F. ) ;
#3967 = EDGE_CURVE ( 'NONE', #3473, #4970, #2370, .T. ) ;
#3968 = VECTOR ( 'NONE', #1662, 1000.000000000000000 ) ;
#3969 = DIRECTION ( 'NONE',  ( 1.049727191138618326E-16, 0.5150380749100547106, -0.8571673007021120005 ) ) ;
#3970 = EDGE_LOOP ( 'NONE', ( #4915, #3511, #290, #5629, #1675 ) ) ;
#3971 = DIRECTION ( 'NONE',  ( -1.000000000000000000, -0.000000000000000000, -0.000000000000000000 ) ) ;
#3972 = AXIS2_PLACEMENT_3D ( 'NONE', #5983, #2347, #3379 ) ;
#3973 = CARTESIAN_POINT ( 'NONE',  ( 30.23262448389571588, 35.53751450516924848, -71.00001250000001107 ) ) ;
#3974 = EDGE_CURVE ( 'NONE', #2608, #6321, #4975, .T. ) ;
#3975 = DIRECTION ( 'NONE',  ( -0.000000000000000000, -0.000000000000000000, 1.000000000000000000 ) ) ;
#3976 = DIRECTION ( 'NONE',  ( 1.216803817915076939E-16, -0.8831515563230876165, 0.4690877621129207475 ) ) ;
#3977 = ORIENTED_EDGE ( 'NONE', *, *, #3066, .T. ) ;
#3978 = CARTESIAN_POINT ( 'NONE',  ( -80.56737551610429193, 27.53751450516924848, -71.00001250000001107 ) ) ;
#3979 = VERTEX_POINT ( 'NONE', #3940 ) ;
#3980 = ORIENTED_EDGE ( 'NONE', *, *, #1948, .T. ) ;
#3981 = VERTEX_POINT ( 'NONE', #2839 ) ;
#3982 = LINE ( 'NONE', #2415, #4764 ) ;
#3983 = DIRECTION ( 'NONE',  ( -0.000000000000000000, 1.000000000000000000, -0.000000000000000000 ) ) ;
#3984 = PLANE ( 'NONE',  #1368 ) ;
#3985 = LINE ( 'NONE', #571, #3544 ) ;
#3986 = ORIENTED_EDGE ( 'NONE', *, *, #3406, .F. ) ;
#3987 = DIRECTION ( 'NONE',  ( 1.000000000000000000, 0.000000000000000000, 0.000000000000000000 ) ) ;
#3988 = VECTOR ( 'NONE', #5577, 1000.000000000000000 ) ;
#3989 = ORIENTED_EDGE ( 'NONE', *, *, #3041, .F. ) ;
#3990 = FACE_OUTER_BOUND ( 'NONE', #3741, .T. ) ;
#3991 = EDGE_CURVE ( 'NONE', #6279, #5982, #591, .T. ) ;
#3992 = CARTESIAN_POINT ( 'NONE',  ( -77.76737551610423793, 27.24714692436770136, 20.53955778290666956 ) ) ;
#3993 = EDGE_CURVE ( 'NONE', #797, #136, #4225, .T. ) ;
#3994 = CARTESIAN_POINT ( 'NONE',  ( 9.970125337390173925, 32.35639025246003797, 27.05187548765923111 ) ) ;
#3995 = ORIENTED_EDGE ( 'NONE', *, *, #5261, .F. ) ;
#3996 = CARTESIAN_POINT ( 'NONE',  ( -74.57999013744984040, 27.53751450516924493, -86.00001250000001107 ) ) ;
#3997 = DIRECTION ( 'NONE',  ( 1.000000000000000000, 0.000000000000000000, -1.982541115402065110E-16 ) ) ;
#3998 = ORIENTED_EDGE ( 'NONE', *, *, #3201, .F. ) ;
#3999 = LINE ( 'NONE', #6111, #1999 ) ;
#4000 = CARTESIAN_POINT ( 'NONE',  ( -94.57999013744984040, 27.53751450516924848, 68.99998750000000314 ) ) ;
#4001 = DIRECTION ( 'NONE',  ( 0.000000000000000000, 0.000000000000000000, 1.000000000000000000 ) ) ;
#4002 = ORIENTED_EDGE ( 'NONE', *, *, #5280, .T. ) ;
#4003 = DIRECTION ( 'NONE',  ( 0.000000000000000000, 1.000000000000000000, -0.000000000000000000 ) ) ;
#4004 = CIRCLE ( 'NONE', #3578, 2.250000000000001776 ) ;
#4005 = DIRECTION ( 'NONE',  ( 0.000000000000000000, 0.000000000000000000, 1.000000000000000000 ) ) ;
#4006 = DIRECTION ( 'NONE',  ( -0.000000000000000000, -0.000000000000000000, 1.000000000000000000 ) ) ;
#4007 = DIRECTION ( 'NONE',  ( -0.000000000000000000, 1.000000000000000000, -0.000000000000000000 ) ) ;
#4008 = ORIENTED_EDGE ( 'NONE', *, *, #1285, .F. ) ;
#4009 = CARTESIAN_POINT ( 'NONE',  ( 10.23262448389572477, 35.53751450516924848, -71.00001250000001107 ) ) ;
#4010 = AXIS2_PLACEMENT_3D ( 'NONE', #447, #915, #985 ) ;
#4011 = ORIENTED_EDGE ( 'NONE', *, *, #3265, .T. ) ;
#4012 = ADVANCED_FACE ( 'NONE', ( #302 ), #3906, .T. ) ;
#4013 = ORIENTED_EDGE ( 'NONE', *, *, #5664, .F. ) ;
#4014 = ORIENTED_EDGE ( 'NONE', *, *, #5932, .T. ) ;
#4015 = LINE ( 'NONE', #410, #4223 ) ;
#4016 = VECTOR ( 'NONE', #4261, 999.9999999999998863 ) ;
#4017 = LINE ( 'NONE', #5021, #5287 ) ;
#4018 = CARTESIAN_POINT ( 'NONE',  ( 7.432624483895685863, 27.53751450516924848, 68.99998750000000314 ) ) ;
#4019 = CARTESIAN_POINT ( 'NONE',  ( -2.721664920645556762, 32.30735151765448876, 26.97652389697436348 ) ) ;
#4020 = ORIENTED_EDGE ( 'NONE', *, *, #2633, .F. ) ;
#4021 = CARTESIAN_POINT ( 'NONE',  ( 0.000000000000000000, 23.53751450516924493, 0.000000000000000000 ) ) ;
#4023 = EDGE_CURVE ( 'NONE', #4338, #239, #1126, .T. ) ;
#4022 = VECTOR ( 'NONE', #1703, 1000.000000000000000 ) ;
#4024 = VERTEX_POINT ( 'NONE', #896 ) ;
#4025 = PLANE ( 'NONE',  #2591 ) ;
#4026 = CIRCLE ( 'NONE', #5193, 2.250000000000001776 ) ;
#4027 = DIRECTION ( 'NONE',  ( 0.000000000000000000, 0.000000000000000000, -1.000000000000000000 ) ) ;
#4028 = CIRCLE ( 'NONE', #78, 1.000000000000000888 ) ;
#4029 = CARTESIAN_POINT ( 'NONE',  ( -58.56737551610429193, 22.53751450516924848, -71.00001250000001107 ) ) ;
#4030 = VECTOR ( 'NONE', #5064, 1000.000000000000000 ) ;
#4031 = EDGE_LOOP ( 'NONE', ( #4181, #5938, #1783, #4425, #6483, #1728, #3132, #6199 ) ) ;
#4032 = CARTESIAN_POINT ( 'NONE',  ( 57.42000986255015249, 25.53751450516925203, 70.99998750000000314 ) ) ;
#4033 = EDGE_CURVE ( 'NONE', #4521, #1489, #5473, .T. ) ;
#4034 = DIRECTION ( 'NONE',  ( 0.000000000000000000, 0.000000000000000000, 1.000000000000000000 ) ) ;
#4035 = VECTOR ( 'NONE', #1077, 1000.000000000000000 ) ;
#4036 = ORIENTED_EDGE ( 'NONE', *, *, #35, .T. ) ;
#4037 = CARTESIAN_POINT ( 'NONE',  ( -69.36737551610424646, 22.53751450516924848, -71.00001250000001107 ) ) ;
#4038 = LINE ( 'NONE', #360, #444 ) ;
#4039 = APPROVAL_ROLE ( '' ) ;
#4040 = CARTESIAN_POINT ( 'NONE',  ( -39.57999013744984040, 13.53751450516924493, -84.75001250000001107 ) ) ;
#4041 = ADVANCED_FACE ( 'NONE', ( #398 ), #6391, .F. ) ;
#4042 = FACE_OUTER_BOUND ( 'NONE', #6495, .T. ) ;
#4043 = CYLINDRICAL_SURFACE ( 'NONE', #3276, 8.290367580801545344 ) ;
#4044 = DIRECTION ( 'NONE',  ( 0.000000000000000000, 0.000000000000000000, 1.000000000000000000 ) ) ;
#4045 = ORIENTED_EDGE ( 'NONE', *, *, #3650, .F. ) ;
#4046 = CARTESIAN_POINT ( 'NONE',  ( -77.76737551610423793, 33.53751450516924137, 20.53955778290666956 ) ) ;
#4047 = EDGE_LOOP ( 'NONE', ( #6215, #5868, #1123, #976 ) ) ;
#4048 = VERTEX_POINT ( 'NONE', #859 ) ;
#4049 = ORIENTED_EDGE ( 'NONE', *, *, #3832, .F. ) ;
#4050 = DIRECTION ( 'NONE',  ( 1.000000000000000000, 0.000000000000000000, 0.000000000000000000 ) ) ;
#4051 = EDGE_CURVE ( 'NONE', #6587, #5351, #4955, .T. ) ;
#4052 = LINE ( 'NONE', #2947, #1765 ) ;
#4053 = LINE ( 'NONE', #8, #2011 ) ;
#4054 = CARTESIAN_POINT ( 'NONE',  ( -2.479287298989524047, 32.25219289250071597, 26.89187534081956343 ) ) ;
#4055 = ORIENTED_EDGE ( 'NONE', *, *, #3073, .T. ) ;
#4056 = ORIENTED_EDGE ( 'NONE', *, *, #1955, .T. ) ;
#4057 = DIRECTION ( 'NONE',  ( 0.000000000000000000, -0.000000000000000000, 1.000000000000000000 ) ) ;
#4058 = CARTESIAN_POINT ( 'NONE',  ( 37.42000986255013117, 25.53751450516925203, 69.99998750000000314 ) ) ;
#4059 = DIRECTION ( 'NONE',  ( -0.000000000000000000, 1.000000000000000000, -0.000000000000000000 ) ) ;
#4060 = ADVANCED_FACE ( 'NONE', ( #4372 ), #4546, .F. ) ;
#4061 = ORIENTED_EDGE ( 'NONE', *, *, #1393, .T. ) ;
#4062 = CARTESIAN_POINT ( 'NONE',  ( -4.579990137449835075, 13.53751450516924493, -80.25001250000001107 ) ) ;
#4063 = CARTESIAN_POINT ( 'NONE',  ( 32.23262448389571944, 22.53751450516924848, -71.00001250000001107 ) ) ;
#4064 = ORIENTED_EDGE ( 'NONE', *, *, #5154, .F. ) ;
#4065 = EDGE_CURVE ( 'NONE', #239, #4729, #5852, .T. ) ;
#4066 = PLANE ( 'NONE',  #4898 ) ;
#4067 = DIRECTION ( 'NONE',  ( -1.000000000000000000, -0.000000000000000000, -0.000000000000000000 ) ) ;
#4068 = VECTOR ( 'NONE', #2105, 1000.000000000000000 ) ;
#4069 = DATE_TIME_ROLE ( 'classification_date' ) ;
#4070 = CARTESIAN_POINT ( 'NONE',  ( 41.63564152869339807, 32.21842978543092073, 26.84009736096994558 ) ) ;
#4071 = DIRECTION ( 'NONE',  ( 0.000000000000000000, 0.000000000000000000, 1.000000000000000000 ) ) ;
#4072 = DIRECTION ( 'NONE',  ( 0.000000000000000000, 0.000000000000000000, 1.000000000000000000 ) ) ;
#4073 = EDGE_CURVE ( 'NONE', #2580, #6165, #5343, .T. ) ;
#4074 = DIRECTION ( 'NONE',  ( 0.000000000000000000, 1.000000000000000000, -0.000000000000000000 ) ) ;
#4075 = DIRECTION ( 'NONE',  ( 2.593979029498029835E-16, -0.000000000000000000, 1.000000000000000000 ) ) ;
#4076 = EDGE_CURVE ( 'NONE', #5131, #5272, #764, .T. ) ;
#4077 = ORIENTED_EDGE ( 'NONE', *, *, #1776, .T. ) ;
#4078 = ORIENTED_EDGE ( 'NONE', *, *, #2394, .T. ) ;
#4079 = VECTOR ( 'NONE', #4853, 1000.000000000000000 ) ;
#4080 = VERTEX_POINT ( 'NONE', #262 ) ;
#4081 = LINE ( 'NONE', #474, #2414 ) ;
#4082 = VECTOR ( 'NONE', #731, 1000.000000000000000 ) ;
#4083 = CARTESIAN_POINT ( 'NONE',  ( -0.5673755161043070316, 27.53751450516924848, 68.99998750000001735 ) ) ;
#4084 = DIRECTION ( 'NONE',  ( 0.000000000000000000, -0.8831515563230877275, 0.4690877621129207475 ) ) ;
#4085 = CARTESIAN_POINT ( 'NONE',  ( -2.146903263673689555, 32.13859167208715206, 26.71785088692838883 ) ) ;
#4086 = ORIENTED_EDGE ( 'NONE', *, *, #2911, .F. ) ;
#4087 = VERTEX_POINT ( 'NONE', #5882 ) ;
#4088 = CARTESIAN_POINT ( 'NONE',  ( 32.23262448389574786, 27.24714692436770136, 20.53955778290666956 ) ) ;
#4089 = LINE ( 'NONE', #3213, #6490 ) ;
#4090 = DIRECTION ( 'NONE',  ( 0.000000000000000000, 1.000000000000000000, -0.000000000000000000 ) ) ;
#4091 = ORIENTED_EDGE ( 'NONE', *, *, #2013, .T. ) ;
#4092 = DIRECTION ( 'NONE',  ( 1.216803817915076939E-16, -0.8831515563230876165, 0.4690877621129207475 ) ) ;
#4093 = EDGE_CURVE ( 'NONE', #729, #5048, #1835, .T. ) ;
#4094 = CARTESIAN_POINT ( 'NONE',  ( -58.56737551610429193, 22.53751450516924848, -76.00001250000002528 ) ) ;
#4095 = ORIENTED_EDGE ( 'NONE', *, *, #685, .T. ) ;
#4096 = CARTESIAN_POINT ( 'NONE',  ( -39.57999013744984040, 21.53751450516924848, -82.50001250000001107 ) ) ;
#4097 = LINE ( 'NONE', #2163, #5037 ) ;
#4098 = CARTESIAN_POINT ( 'NONE',  ( 41.52071270101046707, 32.25219289250071597, 26.89187534081955988 ) ) ;
#4099 = ADVANCED_FACE ( 'NONE', ( #1329 ), #5407, .T. ) ;
#4100 = AXIS2_PLACEMENT_3D ( 'NONE', #304, #2242, #6394 ) ;
#4101 = DIRECTION ( 'NONE',  ( 0.000000000000000000, 0.4690877621129208586, 0.8831515563230876165 ) ) ;
#4102 = VECTOR ( 'NONE', #1195, 1000.000000000000000 ) ;
#4103 = ORIENTED_EDGE ( 'NONE', *, *, #4747, .T. ) ;
#4104 = CARTESIAN_POINT ( 'NONE',  ( 10.23262448389572477, 21.53751450516924848, -76.00001250000002528 ) ) ;
#4105 = CARTESIAN_POINT ( 'NONE',  ( -94.57999013744984040, 27.53751450516924848, -71.00001250000001107 ) ) ;
#4106 = ORIENTED_EDGE ( 'NONE', *, *, #224, .F. ) ;
#4107 = AXIS2_PLACEMENT_3D ( 'NONE', #2844, #4376, #864 ) ;
#4108 = EDGE_CURVE ( 'NONE', #4770, #5, #2874, .T. ) ;
#4109 = ORIENTED_EDGE ( 'NONE', *, *, #3150, .F. ) ;
#4110 = ORIENTED_EDGE ( 'NONE', *, *, #4328, .F. ) ;
#4111 = EDGE_CURVE ( 'NONE', #533, #2913, #528, .T. ) ;
#4112 = FACE_OUTER_BOUND ( 'NONE', #2965, .T. ) ;
#4113 = VECTOR ( 'NONE', #4272, 1000.000000000000000 ) ;
#4114 = DIRECTION ( 'NONE',  ( 0.000000000000000000, -1.000000000000000000, 0.000000000000000000 ) ) ;
#4115 = CYLINDRICAL_SURFACE ( 'NONE', #2865, 2.000000000000000000 ) ;
#4116 = CARTESIAN_POINT ( 'NONE',  ( -6.579990137449878596, 21.53751450516924848, 34.99998749999998182 ) ) ;
#4117 = EDGE_LOOP ( 'NONE', ( #5652, #4110, #6564, #1279 ) ) ;
#4118 = AXIS2_PLACEMENT_3D ( 'NONE', #4551, #1548, #5086 ) ;
#4119 = ORIENTED_EDGE ( 'NONE', *, *, #577, .F. ) ;
#4120 = EDGE_CURVE ( 'NONE', #4368, #6131, #3076, .T. ) ;
#4121 = LINE ( 'NONE', #4692, #1838 ) ;
#4122 = CARTESIAN_POINT ( 'NONE',  ( -45.36737551610425356, 31.25785105076080228, 25.38548150415243754 ) ) ;
#4124 = ORIENTED_EDGE ( 'NONE', *, *, #1926, .T. ) ;
#4123 = AXIS2_PLACEMENT_3D ( 'NONE', #1755, #3889, #3325 ) ;
#4125 = LINE ( 'NONE', #1187, #2627 ) ;
#4126 = VECTOR ( 'NONE', #5666, 1000.000000000000000 ) ;
#4127 = LINE ( 'NONE', #5104, #3700 ) ;
#4128 = ORIENTED_EDGE ( 'NONE', *, *, #6350, .F. ) ;
#4129 = LINE ( 'NONE', #6175, #4661 ) ;
#4130 = EDGE_CURVE ( 'NONE', #2907, #5272, #4435, .T. ) ;
#4131 = CARTESIAN_POINT ( 'NONE',  ( 56.23262448389579049, 21.53751450516924848, 32.81307518293911585 ) ) ;
#4132 = EDGE_CURVE ( 'NONE', #136, #797, #5292, .T. ) ;
#4133 = CALENDAR_DATE ( 2025, 8, 12 ) ;
#4134 = VECTOR ( 'NONE', #4751, 1000.000000000000000 ) ;
#4135 = LINE ( 'NONE', #2669, #6032 ) ;
#4136 = LINE ( 'NONE', #2166, #5755 ) ;
#4137 = ORIENTED_EDGE ( 'NONE', *, *, #2892, .F. ) ;
#4138 = EDGE_CURVE ( 'NONE', #573, #205, #1569, .T. ) ;
#4139 = LINE ( 'NONE', #3173, #2056 ) ;
#4140 = AXIS2_PLACEMENT_3D ( 'NONE', #4753, #4310, #6296 ) ;
#4141 = EDGE_LOOP ( 'NONE', ( #6592, #1408, #2217, #116 ) ) ;
#4142 = DIRECTION ( 'NONE',  ( 1.296989514749014917E-16, -0.000000000000000000, 1.000000000000000000 ) ) ;
#4143 = VERTEX_POINT ( 'NONE', #1002 ) ;
#4144 = ORIENTED_EDGE ( 'NONE', *, *, #6117, .T. ) ;
#4145 = CARTESIAN_POINT ( 'NONE',  ( 31.06105160864193238, 21.53751450516924493, 32.81307518293911585 ) ) ;
#4146 = CARTESIAN_POINT ( 'NONE',  ( 35.42000986255013117, 26.53751450516924848, 69.99998750000000314 ) ) ;
#4147 = DIRECTION ( 'NONE',  ( -1.296989514749014917E-16, 0.000000000000000000, -1.000000000000000000 ) ) ;
#4148 = EDGE_CURVE ( 'NONE', #1718, #5892, #4606, .T. ) ;
#4149 = CARTESIAN_POINT ( 'NONE',  ( -39.57999013744984040, 27.53751450516924493, -86.00001250000001107 ) ) ;
#4150 = ORIENTED_EDGE ( 'NONE', *, *, #4834, .F. ) ;
#4151 = ORIENTED_EDGE ( 'NONE', *, *, #2065, .T. ) ;
#4152 = LINE ( 'NONE', #3621, #5578 ) ;
#4153 = FACE_OUTER_BOUND ( 'NONE', #310, .T. ) ;
#4154 = EDGE_CURVE ( 'NONE', #3145, #3450, #3267, .T. ) ;
#4155 = EDGE_CURVE ( 'NONE', #4290, #2148, #5074, .T. ) ;
#4156 = EDGE_LOOP ( 'NONE', ( #3424, #2121, #6054, #5814, #4086, #2453 ) ) ;
#4157 = CYLINDRICAL_SURFACE ( 'NONE', #6159, 1.899999999999999023 ) ;
#4158 = DIRECTION ( 'NONE',  ( -1.387778780781444413E-14, -1.000000000000000000, 0.000000000000000000 ) ) ;
#4159 = ORIENTED_EDGE ( 'NONE', *, *, #5571, .T. ) ;
#4160 = CARTESIAN_POINT ( 'NONE',  ( 30.23262448389574075, 21.53751450516924848, 35.99998749999998182 ) ) ;
#4161 = FACE_OUTER_BOUND ( 'NONE', #1441, .T. ) ;
#4162 = EDGE_LOOP ( 'NONE', ( #5191, #4254, #6029, #2293 ) ) ;
#4163 = LINE ( 'NONE', #6208, #388 ) ;
#4164 = ADVANCED_FACE ( 'NONE', ( #27 ), #1536, .F. ) ;
#4165 = CARTESIAN_POINT ( 'NONE',  ( -93.57999013744984040, 27.53751450516924493, -88.00001250000001107 ) ) ;
#4166 = ORIENTED_EDGE ( 'NONE', *, *, #2477, .T. ) ;
#4167 = DIRECTION ( 'NONE',  ( -0.000000000000000000, -0.000000000000000000, 1.000000000000000000 ) ) ;
#4168 = CARTESIAN_POINT ( 'NONE',  ( -66.56737551610427772, 21.53751450516924848, -76.00001250000002528 ) ) ;
#4169 = VERTEX_POINT ( 'NONE', #2436 ) ;
#4170 = DIRECTION ( 'NONE',  ( 0.000000000000000000, -1.000000000000000000, 0.000000000000000000 ) ) ;
#4171 = ORIENTED_EDGE ( 'NONE', *, *, #1333, .F. ) ;
#4172 = VECTOR ( 'NONE', #3976, 999.9999999999998863 ) ;
#4173 = EDGE_CURVE ( 'NONE', #346, #542, #6011, .T. ) ;
#4174 = VERTEX_POINT ( 'NONE', #5644 ) ;
#4175 = DIRECTION ( 'NONE',  ( 2.618450529776312753E-16, 0.000000000000000000, -1.000000000000000000 ) ) ;
#4176 = DIRECTION ( 'NONE',  ( 1.000000000000000000, 0.000000000000000000, 0.000000000000000000 ) ) ;
#4177 = CARTESIAN_POINT ( 'NONE',  ( 30.23262448389571588, 33.53751450516924137, -69.00001250000001107 ) ) ;
#4178 = ORIENTED_EDGE ( 'NONE', *, *, #1290, .F. ) ;
#4179 = AXIS2_PLACEMENT_3D ( 'NONE', #3730, #1030, #4667 ) ;
#4180 = FACE_OUTER_BOUND ( 'NONE', #3522, .T. ) ;
#4181 = ORIENTED_EDGE ( 'NONE', *, *, #1994, .F. ) ;
#4182 = VECTOR ( 'NONE', #3722, 1000.000000000000000 ) ;
#4183 = EDGE_LOOP ( 'NONE', ( #6366, #6185, #1834, #409, #2738, #3009 ) ) ;
#4184 = DIRECTION ( 'NONE',  ( 0.000000000000000000, 0.000000000000000000, 1.000000000000000000 ) ) ;
#4185 = DIRECTION ( 'NONE',  ( 0.000000000000000000, 1.000000000000000000, 0.000000000000000000 ) ) ;
#4186 = DIRECTION ( 'NONE',  ( -1.000000000000000000, 0.000000000000000000, 0.000000000000000000 ) ) ;
#4187 = VERTEX_POINT ( 'NONE', #1064 ) ;
#4188 = FACE_OUTER_BOUND ( 'NONE', #2382, .T. ) ;
#4189 = EDGE_CURVE ( 'NONE', #866, #3101, #3099, .T. ) ;
#4190 = CC_DESIGN_PERSON_AND_ORGANIZATION_ASSIGNMENT ( #3463, #6082, ( #1214 ) ) ;
#4191 = ADVANCED_FACE ( 'NONE', ( #937 ), #4536, .T. ) ;
#4192 = LINE ( 'NONE', #1118, #4126 ) ;
#4193 = CC_DESIGN_SECURITY_CLASSIFICATION ( #1214, ( #6229 ) ) ;
#4194 = DIRECTION ( 'NONE',  ( 0.000000000000000000, -0.8831515563230877275, 0.4690877621129207475 ) ) ;
#4195 = CARTESIAN_POINT ( 'NONE',  ( -55.76737551610425214, 21.53751450516924848, -76.00001250000002528 ) ) ;
#4196 = DIRECTION ( 'NONE',  ( 0.000000000000000000, -1.000000000000000000, 0.000000000000000000 ) ) ;
#4197 = EDGE_LOOP ( 'NONE', ( #855, #3136 ) ) ;
#4198 = CARTESIAN_POINT ( 'NONE',  ( -52.57999013744984751, 27.53751450516924848, 70.99998750000000314 ) ) ;
#4199 = CARTESIAN_POINT ( 'NONE',  ( 40.63262448389571091, 33.53751450516924137, -71.00001250000001107 ) ) ;
#4200 = EDGE_LOOP ( 'NONE', ( #838, #3192, #1941, #1766 ) ) ;
#4201 = CARTESIAN_POINT ( 'NONE',  ( 13.42000986255011163, 21.53751450516924848, 34.99998749999998182 ) ) ;
#4202 = CARTESIAN_POINT ( 'NONE',  ( -52.57999013744984751, 27.53751450516924848, 68.99998750000000314 ) ) ;
#4203 = ORIENTED_EDGE ( 'NONE', *, *, #6401, .T. ) ;
#4204 = FACE_OUTER_BOUND ( 'NONE', #5070, .T. ) ;
#4205 = ORIENTED_EDGE ( 'NONE', *, *, #5874, .T. ) ;
#4206 = EDGE_LOOP ( 'NONE', ( #1246, #6104, #4883, #2951, #5472, #1844, #2489, #564, #3851, #6608, #935, #3139, #4547, #2398, #4475, #6505, #984, #4295, #6059, #4936, #5621, #3764, #3649, #188, #593, #4351, #5521, #4327, #3211, #2626, #5083, #4695, #4874, #6044, #565, #1738, #5221, #1149, #2348, #4644, #3566, #5151, #3185, #2687, #487, #5958, #5159, #5860, #5801, #1436, #585, #469, #5690, #5338, #1253, #3177, #6374, #3309, #3738, #2029, #612, #757, #3210, #3840, #4341, #806, #870, #2616, #2009, #1341, #5715, #3799, #4013, #840, #5737, #2147, #816, #3960, #1809, #3698, #6347, #1143, #2943, #38, #708, #2164, #541, #4055, #1457, #2145, #4203, #4159, #3272, #2979, #5851, #4359, #1389, #3174 ) ) ;
#4207 = CARTESIAN_POINT ( 'NONE',  ( 18.63262448389571446, 22.53751450516924848, -71.00001250000001107 ) ) ;
#4208 = LINE ( 'NONE', #6256, #4457 ) ;
#4209 = CARTESIAN_POINT ( 'NONE',  ( -77.76737551610423793, 35.53751450516924848, -69.00001250000001107 ) ) ;
#4210 = DIRECTION ( 'NONE',  ( 0.000000000000000000, -0.000000000000000000, 1.000000000000000000 ) ) ;
#4211 = ORIENTED_EDGE ( 'NONE', *, *, #6013, .T. ) ;
#4212 = CARTESIAN_POINT ( 'NONE',  ( -47.36737551610425356, 21.53751450516924848, -69.00001250000001107 ) ) ;
#4213 = ADVANCED_FACE ( 'NONE', ( #4576, #3570 ), #3001, .T. ) ;
#4214 = VECTOR ( 'NONE', #2352, 1000.000000000000000 ) ;
#4215 = ORIENTED_EDGE ( 'NONE', *, *, #2974, .T. ) ;
#4216 = VERTEX_POINT ( 'NONE', #463 ) ;
#4217 = CARTESIAN_POINT ( 'NONE',  ( 35.42000986255010275, 27.53751450516924848, 34.99998749999998182 ) ) ;
#4218 = VECTOR ( 'NONE', #2815, 1000.000000000000000 ) ;
#4219 = PLANE ( 'NONE',  #6568 ) ;
#4220 = DIRECTION ( 'NONE',  ( 0.000000000000000000, 0.8831515563230876165, -0.4690877621129207475 ) ) ;
#4222 = ADVANCED_FACE ( 'NONE', ( #5613 ), #6617, .F. ) ;
#4221 = EDGE_LOOP ( 'NONE', ( #5912, #1128, #5042, #273 ) ) ;
#4223 = VECTOR ( 'NONE', #5484, 999.9999999999998863 ) ;
#4224 = FACE_OUTER_BOUND ( 'NONE', #2387, .T. ) ;
#4225 = CIRCLE ( 'NONE', #3373, 2.250000000000001776 ) ;
#4226 = DIRECTION ( 'NONE',  ( -0.000000000000000000, -0.000000000000000000, 1.000000000000000000 ) ) ;
#4227 = CARTESIAN_POINT ( 'NONE',  ( -69.36737551610424646, 33.53751450516924137, 20.53955778290666956 ) ) ;
#4228 = AXIS2_PLACEMENT_3D ( 'NONE', #2992, #5068, #994 ) ;
#4229 = CARTESIAN_POINT ( 'NONE',  ( -14.56737551610430614, 27.53751450516924848, -71.00001250000001107 ) ) ;
#4231 = EDGE_CURVE ( 'NONE', #6067, #5956, #2416, .T. ) ;
#4230 = ORIENTED_EDGE ( 'NONE', *, *, #4933, .F. ) ;
#4232 = APPROVAL_ROLE ( '' ) ;
#4233 = CARTESIAN_POINT ( 'NONE',  ( -11.76737551610426635, 33.53751450516924137, -71.00001250000001107 ) ) ;
#4234 = AXIS2_PLACEMENT_3D ( 'NONE', #6236, #3660, #2096 ) ;
#4235 = CARTESIAN_POINT ( 'NONE',  ( 18.63262448389572867, 35.53751450516924848, 20.53955778290666956 ) ) ;
#4236 = ORIENTED_EDGE ( 'NONE', *, *, #4805, .T. ) ;
#4237 = CIRCLE ( 'NONE', #5734, 2.250000000000001776 ) ;
#4238 = CARTESIAN_POINT ( 'NONE',  ( -11.76737551610423971, 32.36351073365042907, 27.06282506210558481 ) ) ;
#4239 = VECTOR ( 'NONE', #484, 1000.000000000000000 ) ;
#4240 = EDGE_CURVE ( 'NONE', #4187, #6261, #4163, .T. ) ;
#4241 = DIRECTION ( 'NONE',  ( 1.000000000000000000, -0.000000000000000000, -0.000000000000000000 ) ) ;
#4242 = EDGE_CURVE ( 'NONE', #1040, #1392, #5234, .T. ) ;
#4243 = VERTEX_POINT ( 'NONE', #4633 ) ;
#4244 = LINE ( 'NONE', #2709, #4647 ) ;
#4245 = ORIENTED_EDGE ( 'NONE', *, *, #2667, .F. ) ;
#4246 = ORIENTED_EDGE ( 'NONE', *, *, #4909, .T. ) ;
#4247 = CARTESIAN_POINT ( 'NONE',  ( -14.56737551610430614, 21.53751450516924848, 68.99998750000000314 ) ) ;
#4248 = CARTESIAN_POINT ( 'NONE',  ( -8.579990137449838628, 26.53751450516924848, 69.99998750000000314 ) ) ;
#4249 = DIRECTION ( 'NONE',  ( -1.000000000000000000, 0.000000000000000000, 0.000000000000000000 ) ) ;
#4250 = CARTESIAN_POINT ( 'NONE',  ( -3.367375516104276212, 22.53751450516924848, -76.00001250000002528 ) ) ;
#4251 = VECTOR ( 'NONE', #6530, 1000.000000000000000 ) ;
#4252 = ORIENTED_EDGE ( 'NONE', *, *, #5704, .T. ) ;
#4253 = PLANE ( 'NONE',  #4724 ) ;
#4254 = ORIENTED_EDGE ( 'NONE', *, *, #4111, .T. ) ;
#4255 = ORIENTED_EDGE ( 'NONE', *, *, #707, .F. ) ;
#4256 = DIRECTION ( 'NONE',  ( -0.000000000000000000, -1.000000000000000000, -0.000000000000000000 ) ) ;
#4257 = ADVANCED_FACE ( 'NONE', ( #3666 ), #2600, .T. ) ;
#4258 = CARTESIAN_POINT ( 'NONE',  ( 18.63262448389571446, 35.53751450516924848, -71.00001250000001107 ) ) ;
#4259 = DIRECTION ( 'NONE',  ( -0.000000000000000000, -1.000000000000000000, -0.000000000000000000 ) ) ;
#4260 = VERTEX_POINT ( 'NONE', #1731 ) ;
#4261 = DIRECTION ( 'NONE',  ( -6.084019089575384694E-17, 0.8831515563230876165, -0.4690877621129207475 ) ) ;
#4262 = CYLINDRICAL_SURFACE ( 'NONE', #289, 1.000000000000000888 ) ;
#4263 = CARTESIAN_POINT ( 'NONE',  ( 30.23262448389571588, 33.53751450516924137, -69.00001250000001107 ) ) ;
#4264 = ORIENTED_EDGE ( 'NONE', *, *, #2665, .F. ) ;
#4265 = DIRECTION ( 'NONE',  ( -0.000000000000000000, -1.000000000000000000, -0.000000000000000000 ) ) ;
#4266 = EDGE_CURVE ( 'NONE', #1365, #3418, #58, .T. ) ;
#4267 = LINE ( 'NONE', #161, #2427 ) ;
#4268 = ORIENTED_EDGE ( 'NONE', *, *, #124, .T. ) ;
#4269 = CARTESIAN_POINT ( 'NONE',  ( 29.43262448389566543, 22.53751450516924848, -71.00001250000001107 ) ) ;
#4270 = LINE ( 'NONE', #4640, #4292 ) ;
#4271 = VERTEX_POINT ( 'NONE', #627 ) ;
#4272 = DIRECTION ( 'NONE',  ( 0.000000000000000000, -1.000000000000000000, 0.000000000000000000 ) ) ;
#4273 = ORIENTED_EDGE ( 'NONE', *, *, #6081, .F. ) ;
#4274 = EDGE_CURVE ( 'NONE', #5313, #749, #96, .T. ) ;
#4275 = CARTESIAN_POINT ( 'NONE',  ( -8.579990137449838628, 26.53751450516924848, 70.99998750000000314 ) ) ;
#4276 = AXIS2_PLACEMENT_3D ( 'NONE', #2670, #4703, #4101 ) ;
#4277 = DIRECTION ( 'NONE',  ( -0.000000000000000000, 1.000000000000000000, -0.000000000000000000 ) ) ;
#4278 = EDGE_CURVE ( 'NONE', #3873, #493, #1125, .T. ) ;
#4279 = DIRECTION ( 'NONE',  ( -2.618450529776312753E-16, 0.000000000000000000, 1.000000000000000000 ) ) ;
#4280 = CARTESIAN_POINT ( 'NONE',  ( 43.43262448389566543, 27.53751450516924848, 68.99998750000004577 ) ) ;
#4281 = ORIENTED_EDGE ( 'NONE', *, *, #4798, .T. ) ;
#4282 = DIRECTION ( 'NONE',  ( -0.000000000000000000, -1.000000000000000000, -0.000000000000000000 ) ) ;
#4283 = VERTEX_POINT ( 'NONE', #557 ) ;
#4284 = AXIS2_PLACEMENT_3D ( 'NONE', #972, #4007, #5476 ) ;
#4285 = ORIENTED_EDGE ( 'NONE', *, *, #3898, .T. ) ;
#4286 = LINE ( 'NONE', #744, #595 ) ;
#4287 = VECTOR ( 'NONE', #5739, 1000.000000000000000 ) ;
#4288 = DIRECTION ( 'NONE',  ( -1.000000000000000000, 0.000000000000000000, -0.000000000000000000 ) ) ;
#4289 = CARTESIAN_POINT ( 'NONE',  ( -68.04405941481171283, 32.09212492622220481, 26.64678608497182211 ) ) ;
#4290 = VERTEX_POINT ( 'NONE', #5705 ) ;
#4291 = CARTESIAN_POINT ( 'NONE',  ( 37.42000986255013117, 27.53751450516924848, 70.99998750000000314 ) ) ;
#4292 = VECTOR ( 'NONE', #3769, 1000.000000000000000 ) ;
#4293 = FACE_OUTER_BOUND ( 'NONE', #5220, .T. ) ;
#4294 = DIRECTION ( 'NONE',  ( -0.000000000000000000, 1.000000000000000000, -0.000000000000000000 ) ) ;
#4295 = ORIENTED_EDGE ( 'NONE', *, *, #3832, .T. ) ;
#4296 = EDGE_CURVE ( 'NONE', #6556, #5740, #4135, .T. ) ;
#4297 = EDGE_CURVE ( 'NONE', #5982, #6279, #697, .T. ) ;
#4298 = FACE_OUTER_BOUND ( 'NONE', #5487, .T. ) ;
#4299 = DIRECTION ( 'NONE',  ( 6.546126324440781884E-17, -0.000000000000000000, 1.000000000000000000 ) ) ;
#4300 = ORIENTED_EDGE ( 'NONE', *, *, #4540, .T. ) ;
#4301 = CARTESIAN_POINT ( 'NONE',  ( 32.23262448389574786, 27.24714692436770136, 20.53955778290666956 ) ) ;
#4302 = CARTESIAN_POINT ( 'NONE',  ( 35.42000986255013117, 26.53751450516924848, 70.99998750000000314 ) ) ;
#4303 = ORIENTED_EDGE ( 'NONE', *, *, #3357, .F. ) ;
#4304 = ADVANCED_FACE ( 'NONE', ( #1701 ), #1600, .F. ) ;
#4305 = DIRECTION ( 'NONE',  ( -1.000000000000000000, 0.000000000000000000, -0.000000000000000000 ) ) ;
#4306 = ORIENTED_EDGE ( 'NONE', *, *, #424, .F. ) ;
#4307 = CARTESIAN_POINT ( 'NONE',  ( -94.57999013744984040, 25.53751450516925203, 70.99998750000000314 ) ) ;
#4308 = DIRECTION ( 'NONE',  ( -1.000000000000000000, 0.000000000000000000, -0.000000000000000000 ) ) ;
#4309 = CARTESIAN_POINT ( 'NONE',  ( -28.57999013744984396, 25.53751450516925203, 69.99998750000000314 ) ) ;
#4310 = DIRECTION ( 'NONE',  ( 0.000000000000000000, -1.000000000000000000, -0.000000000000000000 ) ) ;
#4311 = EDGE_LOOP ( 'NONE', ( #6470, #5062, #5325, #3470 ) ) ;
#4312 = FACE_OUTER_BOUND ( 'NONE', #1975, .T. ) ;
#4313 = VERTEX_POINT ( 'NONE', #4198 ) ;
#4314 = ADVANCED_FACE ( 'NONE', ( #6243 ), #1665, .F. ) ;
#4315 = ADVANCED_FACE ( 'NONE', ( #3699 ), #5742, .T. ) ;
#4316 = EDGE_LOOP ( 'NONE', ( #90, #6221, #4839, #260 ) ) ;
#4317 = DIRECTION ( 'NONE',  ( -0.000000000000000000, 1.000000000000000000, -0.000000000000000000 ) ) ;
#4318 = AXIS2_PLACEMENT_3D ( 'NONE', #2703, #5270, #196 ) ;
#4319 = CARTESIAN_POINT ( 'NONE',  ( -6.579990137449851062, 27.53751450516924848, 68.99998749999993208 ) ) ;
#4320 = ORIENTED_EDGE ( 'NONE', *, *, #2776, .F. ) ;
#4321 = FACE_BOUND ( 'NONE', #4197, .T. ) ;
#4322 = EDGE_CURVE ( 'NONE', #155, #5817, #1095, .T. ) ;
#4323 = VECTOR ( 'NONE', #3715, 999.9999999999998863 ) ;
#4324 = DIRECTION ( 'NONE',  ( -1.000000000000000000, 0.000000000000000000, 0.000000000000000000 ) ) ;
#4325 = CYLINDRICAL_SURFACE ( 'NONE', #3170, 2.000000000000001776 ) ;
#4326 = AXIS2_PLACEMENT_3D ( 'NONE', #6068, #3521, #3449 ) ;
#4327 = ORIENTED_EDGE ( 'NONE', *, *, #2030, .T. ) ;
#4328 = EDGE_CURVE ( 'NONE', #481, #1910, #265, .T. ) ;
#4329 = CARTESIAN_POINT ( 'NONE',  ( -14.56737551610430614, 22.53751450516924848, -76.00001250000002528 ) ) ;
#4330 = CIRCLE ( 'NONE', #3477, 1.000000000000000888 ) ;
#4331 = AXIS2_PLACEMENT_3D ( 'NONE', #284, #5869, #2860 ) ;
#4332 = CARTESIAN_POINT ( 'NONE',  ( -44.56737551610429193, 27.53751450516924848, 68.99998750000000314 ) ) ;
#4333 = EDGE_CURVE ( 'NONE', #2729, #5245, #4773, .T. ) ;
#4334 = ORIENTED_EDGE ( 'NONE', *, *, #3443, .T. ) ;
#4335 = ADVANCED_FACE ( 'NONE', ( #6310 ), #3765, .F. ) ;
#4336 = DIRECTION ( 'NONE',  ( 1.309225264888156377E-16, 0.000000000000000000, 1.000000000000000000 ) ) ;
#4337 = CARTESIAN_POINT ( 'NONE',  ( -50.57999013744985461, 27.53751450516924848, 34.99998749999998182 ) ) ;
#4338 = VERTEX_POINT ( 'NONE', #6412 ) ;
#4339 = VECTOR ( 'NONE', #5130, 1000.000000000000000 ) ;
#4340 = CARTESIAN_POINT ( 'NONE',  ( -94.57999013744984040, 26.53751450516924493, -76.00001250000002528 ) ) ;
#4341 = ORIENTED_EDGE ( 'NONE', *, *, #2081, .F. ) ;
#4342 = CARTESIAN_POINT ( 'NONE',  ( -77.76737551610423793, 22.53751450516924848, -76.00001250000002528 ) ) ;
#4343 = VECTOR ( 'NONE', #1954, 1000.000000000000000 ) ;
#4344 = LINE ( 'NONE', #5820, #2858 ) ;
#4346 = EDGE_CURVE ( 'NONE', #5817, #5401, #5875, .T. ) ;
#4345 = VECTOR ( 'NONE', #1726, 1000.000000000000000 ) ;
#4347 = CARTESIAN_POINT ( 'NONE',  ( 21.43262448389565833, 27.53751450516924848, 68.99998750000003156 ) ) ;
#4348 = DIRECTION ( 'NONE',  ( 0.000000000000000000, 1.000000000000000000, -0.000000000000000000 ) ) ;
#4349 = EDGE_LOOP ( 'NONE', ( #4912, #1645, #2497, #2596, #3311 ) ) ;
#4350 = LINE ( 'NONE', #470, #4402 ) ;
#4351 = ORIENTED_EDGE ( 'NONE', *, *, #3129, .T. ) ;
#4352 = CIRCLE ( 'NONE', #6060, 0.5685764141195870369 ) ;
#4353 = ORIENTED_EDGE ( 'NONE', *, *, #378, .T. ) ;
#4354 = CARTESIAN_POINT ( 'NONE',  ( -94.57999013744984040, 27.53751450516924848, -71.00001250000001107 ) ) ;
#4355 = EDGE_CURVE ( 'NONE', #3752, #5389, #3865, .T. ) ;
#4356 = DIRECTION ( 'NONE',  ( 0.000000000000000000, 0.000000000000000000, 1.000000000000000000 ) ) ;
#4357 = CARTESIAN_POINT ( 'NONE',  ( -50.57999013744984751, 27.53751450516924848, 68.99998750000000314 ) ) ;
#4358 = DIRECTION ( 'NONE',  ( 0.000000000000000000, 1.000000000000000000, -0.000000000000000000 ) ) ;
#4359 = ORIENTED_EDGE ( 'NONE', *, *, #2693, .F. ) ;
#4360 = DIRECTION ( 'NONE',  ( 0.000000000000000000, -1.000000000000000000, 0.000000000000000000 ) ) ;
#4361 = AXIS2_PLACEMENT_3D ( 'NONE', #844, #2451, #4485 ) ;
#4362 = EDGE_CURVE ( 'NONE', #5806, #369, #6383, .T. ) ;
#4363 = DIRECTION ( 'NONE',  ( -1.000000000000000000, -0.000000000000000000, -0.000000000000000000 ) ) ;
#4364 = FACE_OUTER_BOUND ( 'NONE', #3407, .T. ) ;
#4365 = EDGE_LOOP ( 'NONE', ( #1320, #6544, #380, #6390 ) ) ;
#4366 = CARTESIAN_POINT ( 'NONE',  ( -11.89973807905320768, 32.36351073365042197, 27.06282506210559191 ) ) ;
#4367 = CARTESIAN_POINT ( 'NONE',  ( 13.42000986255015249, 21.53751450516924848, 68.99998750000000314 ) ) ;
#4368 = VERTEX_POINT ( 'NONE', #3363 ) ;
#4369 = DIRECTION ( 'NONE',  ( 0.000000000000000000, 0.000000000000000000, -1.000000000000000000 ) ) ;
#4370 = CYLINDRICAL_SURFACE ( 'NONE', #5265, 1.000000000000000888 ) ;
#4371 = VERTEX_POINT ( 'NONE', #6445 ) ;
#4372 = FACE_OUTER_BOUND ( 'NONE', #546, .T. ) ;
#4373 = EDGE_CURVE ( 'NONE', #5272, #1746, #2036, .T. ) ;
#4374 = LINE ( 'NONE', #3773, #6238 ) ;
#4375 = FACE_OUTER_BOUND ( 'NONE', #2510, .T. ) ;
#4376 = DIRECTION ( 'NONE',  ( 0.000000000000000000, -0.000000000000000000, 1.000000000000000000 ) ) ;
#4377 = LINE ( 'NONE', #2845, #2955 ) ;
#4378 = ORIENTED_EDGE ( 'NONE', *, *, #6551, .F. ) ;
#4379 = PLANE ( 'NONE',  #6440 ) ;
#4380 = ORIENTED_EDGE ( 'NONE', *, *, #4645, .F. ) ;
#4381 = EDGE_CURVE ( 'NONE', #4174, #4668, #5305, .T. ) ;
#4382 = EDGE_LOOP ( 'NONE', ( #5396, #4406, #6398, #5531 ) ) ;
#4383 = CYLINDRICAL_SURFACE ( 'NONE', #6375, 1.999999999999999334 ) ;
#4384 = PLANE ( 'NONE',  #5926 ) ;
#4385 = LINE ( 'NONE', #3481, #303 ) ;
#4386 = VECTOR ( 'NONE', #1005, 1000.000000000000000 ) ;
#4387 = CYLINDRICAL_SURFACE ( 'NONE', #4499, 2.000000000000001776 ) ;
#4388 = EDGE_LOOP ( 'NONE', ( #647, #903, #2444, #1637 ) ) ;
#4389 = DIRECTION ( 'NONE',  ( -0.000000000000000000, -0.000000000000000000, -1.000000000000000000 ) ) ;
#4390 = ADVANCED_FACE ( 'NONE', ( #4298 ), #5492, .F. ) ;
#4391 = VECTOR ( 'NONE', #1598, 1000.000000000000000 ) ;
#4392 = CARTESIAN_POINT ( 'NONE',  ( 7.432624483895685863, 22.53751450516924848, -76.00001250000002528 ) ) ;
#4393 = CARTESIAN_POINT ( 'NONE',  ( 9.714120445090117073, 32.32848277886302668, 27.00898926833107438 ) ) ;
#4394 = VERTEX_POINT ( 'NONE', #291 ) ;
#4395 = VECTOR ( 'NONE', #2248, 1000.000000000000000 ) ;
#4396 = EDGE_CURVE ( 'NONE', #1615, #4710, #905, .T. ) ;
#4397 = DIRECTION ( 'NONE',  ( -1.000000000000000000, -0.000000000000000000, 8.163404592832028049E-16 ) ) ;
#4398 = VECTOR ( 'NONE', #1378, 1000.000000000000000 ) ;
#4399 = ADVANCED_FACE ( 'NONE', ( #1762 ), #3332, .T. ) ;
#4400 = EDGE_CURVE ( 'NONE', #4871, #1362, #3301, .T. ) ;
#4401 = CARTESIAN_POINT ( 'NONE',  ( 56.23262448389579049, 32.36351073365042907, 27.06282506210558481 ) ) ;
#4402 = VECTOR ( 'NONE', #2075, 1000.000000000000000 ) ;
#4403 = ORIENTED_EDGE ( 'NONE', *, *, #5549, .F. ) ;
#4404 = LINE ( 'NONE', #3368, #1294 ) ;
#4405 = CARTESIAN_POINT ( 'NONE',  ( 56.42000986255003880, 27.53751450516924493, -77.00001250000002528 ) ) ;
#4406 = ORIENTED_EDGE ( 'NONE', *, *, #1538, .F. ) ;
#4407 = CARTESIAN_POINT ( 'NONE',  ( 57.42000986255015249, 26.53751450516924848, 70.99998750000000314 ) ) ;
#4408 = CARTESIAN_POINT ( 'NONE',  ( -74.57999013744984040, 23.53751450516924493, -82.50001250000001107 ) ) ;
#4409 = CYLINDRICAL_SURFACE ( 'NONE', #4566, 1.999999999999998446 ) ;
#4410 = FACE_OUTER_BOUND ( 'NONE', #2807, .T. ) ;
#4411 = APPROVAL_PERSON_ORGANIZATION ( #1124, #4689, #4232 ) ;
#4412 = ORIENTED_EDGE ( 'NONE', *, *, #860, .F. ) ;
#4413 = LINE ( 'NONE', #4448, #670 ) ;
#4414 = AXIS2_PLACEMENT_3D ( 'NONE', #954, #1492, #988 ) ;
#4415 = EDGE_LOOP ( 'NONE', ( #742, #2986, #5620, #2346 ) ) ;
#4416 = EDGE_LOOP ( 'NONE', ( #6333, #1806, #4528, #5699, #6387, #4064, #1940 ) ) ;
#4417 = VERTEX_POINT ( 'NONE', #5336 ) ;
#4418 = LINE ( 'NONE', #2821, #4079 ) ;
#4419 = EDGE_CURVE ( 'NONE', #5469, #2980, #5462, .T. ) ;
#4420 = DIRECTION ( 'NONE',  ( 0.000000000000000000, 0.000000000000000000, 1.000000000000000000 ) ) ;
#4421 = CARTESIAN_POINT ( 'NONE',  ( -87.57999013744984040, 22.33751450516924564, -80.60001250000000539 ) ) ;
#4422 = DIRECTION ( 'NONE',  ( 0.000000000000000000, 0.000000000000000000, 1.000000000000000000 ) ) ;
#4423 = ORIENTED_EDGE ( 'NONE', *, *, #6065, .F. ) ;
#4424 = DIRECTION ( 'NONE',  ( 0.000000000000000000, 0.000000000000000000, 1.000000000000000000 ) ) ;
#4425 = ORIENTED_EDGE ( 'NONE', *, *, #3456, .F. ) ;
#4426 = VECTOR ( 'NONE', #767, 1000.000000000000000 ) ;
#4427 = AXIS2_PLACEMENT_3D ( 'NONE', #342, #2384, #4420 ) ;
#4428 = CARTESIAN_POINT ( 'NONE',  ( -79.76737551610423793, 35.53751450516924848, 35.99998749999998182 ) ) ;
#4429 = LINE ( 'NONE', #1388, #292 ) ;
#4430 = ADVANCED_FACE ( 'NONE', ( #5831 ), #1184, .T. ) ;
#4431 = ORIENTED_EDGE ( 'NONE', *, *, #3954, .T. ) ;
#4432 = DIRECTION ( 'NONE',  ( -0.000000000000000000, 1.000000000000000000, -0.000000000000000000 ) ) ;
#4433 = AXIS2_PLACEMENT_3D ( 'NONE', #3006, #5980, #6521 ) ;
#4434 = CARTESIAN_POINT ( 'NONE',  ( 57.00579630017696076, 21.95172806754234429, -88.00001250000001107 ) ) ;
#4435 = CIRCLE ( 'NONE', #6576, 8.290367580801543568 ) ;
#4436 = VERTEX_POINT ( 'NONE', #1150 ) ;
#4437 = EDGE_CURVE ( 'NONE', #533, #2944, #2762, .T. ) ;
#4438 = CARTESIAN_POINT ( 'NONE',  ( -8.579990137449838628, 25.53751450516925203, 70.99998750000000314 ) ) ;
#4439 = CARTESIAN_POINT ( 'NONE',  ( -56.65546373321900120, 32.25219289250071597, 26.89187534081956699 ) ) ;
#4440 = ORIENTED_EDGE ( 'NONE', *, *, #2257, .F. ) ;
#4441 = CYLINDRICAL_SURFACE ( 'NONE', #2082, 3.500000000000003109 ) ;
#4442 = CARTESIAN_POINT ( 'NONE',  ( 10.23262448389575319, 27.24714692436770136, 20.53955778290666956 ) ) ;
#4443 = EDGE_CURVE ( 'NONE', #408, #2413, #4961, .T. ) ;
#4444 = ADVANCED_FACE ( 'NONE', ( #6196 ), #2222, .T. ) ;
#4445 = LINE ( 'NONE', #5413, #2516 ) ;
#4446 = VECTOR ( 'NONE', #5497, 1000.000000000000000 ) ;
#4447 = ORIENTED_EDGE ( 'NONE', *, *, #2796, .T. ) ;
#4448 = CARTESIAN_POINT ( 'NONE',  ( -1.367375516104260669, 33.53751450516924137, 35.99998749999998182 ) ) ;
#4449 = EDGE_LOOP ( 'NONE', ( #5628, #763, #6392, #2654 ) ) ;
#4450 = EDGE_LOOP ( 'NONE', ( #3, #36, #3641, #2097, #6078, #5651 ) ) ;
#4451 = EDGE_LOOP ( 'NONE', ( #3243, #3124, #6264, #1532 ) ) ;
#4452 = VECTOR ( 'NONE', #1498, 1000.000000000000000 ) ;
#4453 = DIRECTION ( 'NONE',  ( -1.000000000000000000, 0.000000000000000000, 0.000000000000000000 ) ) ;
#4454 = CARTESIAN_POINT ( 'NONE',  ( -47.36737551610425356, 35.53751450516924848, -71.00001250000001107 ) ) ;
#4455 = CARTESIAN_POINT ( 'NONE',  ( 18.63262448389572867, 32.36351073365042907, 27.06282506210558481 ) ) ;
#4456 = LINE ( 'NONE', #5898, #5138 ) ;
#4458 = VERTEX_POINT ( 'NONE', #1752 ) ;
#4457 = VECTOR ( 'NONE', #1020, 1000.000000000000000 ) ;
#4459 = LINE ( 'NONE', #5061, #917 ) ;
#4460 = ORIENTED_EDGE ( 'NONE', *, *, #2257, .T. ) ;
#4461 = ADVANCED_FACE ( 'NONE', ( #4693 ), #746, .F. ) ;
#4462 = LINE ( 'NONE', #4392, #5412 ) ;
#4463 = PLANE ( 'NONE',  #4776 ) ;
#4464 = VECTOR ( 'NONE', #771, 1000.000000000000000 ) ;
#4465 = EDGE_LOOP ( 'NONE', ( #1133, #4144, #2468, #5722 ) ) ;
#4466 = CARTESIAN_POINT ( 'NONE',  ( -0.5673755161043068096, 22.53751450516924848, -76.00001250000002528 ) ) ;
#4467 = DIRECTION ( 'NONE',  ( -3.042009544787692347E-17, 0.8831515563230877275, -0.4690877621129207475 ) ) ;
#4468 = VERTEX_POINT ( 'NONE', #3785 ) ;
#4469 = CARTESIAN_POINT ( 'NONE',  ( 15.42000986255014006, 27.53751450516924848, 70.99998750000000314 ) ) ;
#4470 = ORIENTED_EDGE ( 'NONE', *, *, #2643, .F. ) ;
#4471 = DIRECTION ( 'NONE',  ( -2.757745797354121634E-16, 0.000000000000000000, -1.000000000000000000 ) ) ;
#4472 = EDGE_CURVE ( 'NONE', #5956, #6067, #2399, .T. ) ;
#4473 = CARTESIAN_POINT ( 'NONE',  ( 47.42000986255016670, 22.33751450516924564, -80.60001250000000539 ) ) ;
#4474 = CARTESIAN_POINT ( 'NONE',  ( -3.367375516104262445, 32.36351073365042907, 27.06282506210558481 ) ) ;
#4475 = ORIENTED_EDGE ( 'NONE', *, *, #1008, .F. ) ;
#4476 = DIRECTION ( 'NONE',  ( 0.000000000000000000, 0.000000000000000000, -1.000000000000000000 ) ) ;
#4477 = VERTEX_POINT ( 'NONE', #5293 ) ;
#4478 = ADVANCED_FACE ( 'NONE', ( #1250 ), #3461, .T. ) ;
#4479 = VERTEX_POINT ( 'NONE', #5728 ) ;
#4480 = EDGE_CURVE ( 'NONE', #804, #481, #3291, .T. ) ;
#4481 = VERTEX_POINT ( 'NONE', #3654 ) ;
#4482 = EDGE_CURVE ( 'NONE', #2288, #6418, #5693, .T. ) ;
#4483 = CARTESIAN_POINT ( 'NONE',  ( -55.76737551610425214, 21.53751450516924848, -71.00001250000001107 ) ) ;
#4484 = FACE_OUTER_BOUND ( 'NONE', #458, .T. ) ;
#4485 = DIRECTION ( 'NONE',  ( 0.000000000000000000, 0.4690877621129208586, 0.8831515563230876165 ) ) ;
#4486 = DIRECTION ( 'NONE',  ( 0.000000000000000000, -1.000000000000000000, 0.000000000000000000 ) ) ;
#4487 = ORIENTED_EDGE ( 'NONE', *, *, #796, .T. ) ;
#4488 = PERSON ( '未', '未', '未', ('未'), ('未'), ('未') ) ;
#4489 = LINE ( 'NONE', #5427, #2305 ) ;
#4490 = VERTEX_POINT ( 'NONE', #1113 ) ;
#4491 = CARTESIAN_POINT ( 'NONE',  ( -77.76737551610423793, 32.36351073365042907, 27.06282506210558481 ) ) ;
#4492 = CARTESIAN_POINT ( 'NONE',  ( -94.57999013744984040, 26.53751450516924493, -77.00001250000002528 ) ) ;
#4493 = CARTESIAN_POINT ( 'NONE',  ( 9.344536266781014788, 32.25219289250070176, 26.89187534081955988 ) ) ;
#4494 = ORIENTED_EDGE ( 'NONE', *, *, #5500, .T. ) ;
#4495 = FACE_OUTER_BOUND ( 'NONE', #6233, .T. ) ;
#4496 = AXIS2_PLACEMENT_3D ( 'NONE', #495, #5543, #999 ) ;
#4497 = DIRECTION ( 'NONE',  ( 0.000000000000000000, 0.4690877621129208586, 0.8831515563230876165 ) ) ;
#4498 = ORIENTED_EDGE ( 'NONE', *, *, #1966, .T. ) ;
#4499 = AXIS2_PLACEMENT_3D ( 'NONE', #5424, #5963, #846 ) ;
#4500 = CARTESIAN_POINT ( 'NONE',  ( 7.432624483895685863, 21.53751450516924848, 68.99998750000000314 ) ) ;
#4501 = EDGE_CURVE ( 'NONE', #2062, #2933, #5188, .T. ) ;
#4502 = FACE_OUTER_BOUND ( 'NONE', #2675, .T. ) ;
#4503 = MECHANICAL_CONTEXT ( 'NONE', #574, 'mechanical' ) ;
#4504 = ORIENTED_EDGE ( 'NONE', *, *, #727, .T. ) ;
#4505 = CARTESIAN_POINT ( 'NONE',  ( -11.76737551610423971, 27.24714692436770136, 20.53955778290666956 ) ) ;
#4506 = VECTOR ( 'NONE', #201, 1000.000000000000000 ) ;
#4507 = FACE_OUTER_BOUND ( 'NONE', #4117, .T. ) ;
#4508 = CARTESIAN_POINT ( 'NONE',  ( -12.93894839135804808, 21.53751450516924137, 32.81307518293911585 ) ) ;
#4509 = CARTESIAN_POINT ( 'NONE',  ( -74.57999013744984040, 23.53751450516924493, -80.25001250000001107 ) ) ;
#4510 = ADVANCED_FACE ( 'NONE', ( #4727 ), #4761, .F. ) ;
#4511 = EDGE_LOOP ( 'NONE', ( #127, #2091 ) ) ;
#4512 = CARTESIAN_POINT ( 'NONE',  ( -79.71464516561941593, 31.55064183141508849, 25.82452422435028794 ) ) ;
#4513 = ORIENTED_EDGE ( 'NONE', *, *, #6125, .T. ) ;
#4514 = ORIENTED_EDGE ( 'NONE', *, *, #5796, .F. ) ;
#4515 = ORIENTED_EDGE ( 'NONE', *, *, #4231, .F. ) ;
#4516 = FACE_OUTER_BOUND ( 'NONE', #3683, .T. ) ;
#4517 = DIRECTION ( 'NONE',  ( 0.000000000000000000, 0.000000000000000000, 1.000000000000000000 ) ) ;
#4518 = PLANE ( 'NONE',  #621 ) ;
#4519 = CARTESIAN_POINT ( 'NONE',  ( 57.42000986255003880, 22.53751450516924848, -76.00001250000002528 ) ) ;
#4520 = ADVANCED_FACE ( 'NONE', ( #2187 ), #4219, .T. ) ;
#4521 = VERTEX_POINT ( 'NONE', #2915 ) ;
#4522 = CARTESIAN_POINT ( 'NONE',  ( -68.19580264085044519, 35.53751450516924848, -71.00001250000001107 ) ) ;
#4523 = VERTEX_POINT ( 'NONE', #246 ) ;
#4524 = FACE_OUTER_BOUND ( 'NONE', #3065, .T. ) ;
#4525 = LINE ( 'NONE', #4899, #5311 ) ;
#4526 = LINE ( 'NONE', #5968, #6384 ) ;
#4527 = EDGE_CURVE ( 'NONE', #5827, #1349, #779, .T. ) ;
#4528 = ORIENTED_EDGE ( 'NONE', *, *, #5703, .F. ) ;
#4529 = DIRECTION ( 'NONE',  ( 2.168404344971006896E-16, 1.000000000000000000, -0.000000000000000000 ) ) ;
#4530 = DIRECTION ( 'NONE',  ( 0.000000000000000000, 0.000000000000000000, -1.000000000000000000 ) ) ;
#4531 = ORIENTED_EDGE ( 'NONE', *, *, #4242, .T. ) ;
#4532 = DIRECTION ( 'NONE',  ( 0.000000000000000000, 0.000000000000000000, 1.000000000000000000 ) ) ;
#4533 = VECTOR ( 'NONE', #2727, 1000.000000000000000 ) ;
#4534 = DIRECTION ( 'NONE',  ( -1.000000000000000000, 0.000000000000000000, 0.000000000000000000 ) ) ;
#4535 = CALENDAR_DATE ( 2025, 8, 12 ) ;
#4536 = CYLINDRICAL_SURFACE ( 'NONE', #711, 1.000000000000000888 ) ;
#4537 = AXIS2_PLACEMENT_3D ( 'NONE', #1539, #558, #4071 ) ;
#4538 = ADVANCED_FACE ( 'NONE', ( #6500 ), #6370, .F. ) ;
#4539 = AXIS2_PLACEMENT_3D ( 'NONE', #4944, #1874, #3377 ) ;
#4540 = EDGE_CURVE ( 'NONE', #4802, #643, #3351, .T. ) ;
#4541 = CARTESIAN_POINT ( 'NONE',  ( -11.76737551610426635, 22.53751450516924848, -76.00001250000002528 ) ) ;
#4542 = DIRECTION ( 'NONE',  ( 0.000000000000000000, -0.000000000000000000, 1.000000000000000000 ) ) ;
#4543 = CARTESIAN_POINT ( 'NONE',  ( -3.367375516104262445, 14.59933898094340066, 34.23368438735381147 ) ) ;
#4544 = ORIENTED_EDGE ( 'NONE', *, *, #5406, .F. ) ;
#4545 = FACE_OUTER_BOUND ( 'NONE', #2578, .T. ) ;
#4546 = CONICAL_SURFACE ( 'NONE', #2840, 1.899999999999999023, 1.029744258676653867 ) ;
#4547 = ORIENTED_EDGE ( 'NONE', *, *, #2584, .T. ) ;
#4548 = ORIENTED_EDGE ( 'NONE', *, *, #253, .T. ) ;
#4549 = ORIENTED_EDGE ( 'NONE', *, *, #4624, .T. ) ;
#4550 = EDGE_CURVE ( 'NONE', #3814, #5036, #2822, .T. ) ;
#4551 = CARTESIAN_POINT ( 'NONE',  ( -94.57999013744984040, 27.53751450516924848, 34.99998749999998182 ) ) ;
#4552 = VECTOR ( 'NONE', #5263, 1000.000000000000000 ) ;
#4553 = DIRECTION ( 'NONE',  ( 1.309225264888156377E-16, 0.000000000000000000, -1.000000000000000000 ) ) ;
#4554 = CARTESIAN_POINT ( 'NONE',  ( 37.42000986255013117, 21.53751450516924848, 68.99998749999988945 ) ) ;
#4555 = CARTESIAN_POINT ( 'NONE',  ( -72.57999013744984040, 21.53751450516924848, 68.99998750000000314 ) ) ;
#4556 =( BOUNDED_CURVE ( )  B_SPLINE_CURVE ( 3, ( #6379, #193, #2864, #221 ),
 .UNSPECIFIED., .F., .F. ) 
 B_SPLINE_CURVE_WITH_KNOTS ( ( 4, 4 ),
 ( 1.570796326794896780, 3.141592653589793116 ),
 .UNSPECIFIED. ) 
 CURVE ( )  GEOMETRIC_REPRESENTATION_ITEM ( )  RATIONAL_B_SPLINE_CURVE ( ( 1.000000000000000000, 0.8047378541243650485, 0.8047378541243650485, 1.000000000000000000 ) ) 
 REPRESENTATION_ITEM ( '' )  );
#4557 = VERTEX_POINT ( 'NONE', #4454 ) ;
#4558 = CARTESIAN_POINT ( 'NONE',  ( 7.432624483895685863, 21.53751450516924848, 34.99998749999998182 ) ) ;
#4559 = VECTOR ( 'NONE', #3766, 1000.000000000000000 ) ;
#4560 = ORIENTED_EDGE ( 'NONE', *, *, #297, .T. ) ;
#4561 = EDGE_CURVE ( 'NONE', #6496, #3318, #1412, .T. ) ;
#4562 = DIRECTION ( 'NONE',  ( -0.000000000000000000, 1.000000000000000000, -0.000000000000000000 ) ) ;
#4563 = VECTOR ( 'NONE', #5504, 1000.000000000000000 ) ;
#4564 = VECTOR ( 'NONE', #5100, 1000.000000000000000 ) ;
#4565 = CARTESIAN_POINT ( 'NONE',  ( 29.43262448389566543, 27.53751450516924848, 68.99998750000001735 ) ) ;
#4566 = AXIS2_PLACEMENT_3D ( 'NONE', #4911, #3376, #1871 ) ;
#4567 = ORIENTED_EDGE ( 'NONE', *, *, #3615, .F. ) ;
#4568 = PLANE ( 'NONE',  #4228 ) ;
#4569 = EDGE_CURVE ( 'NONE', #68, #2282, #5386, .T. ) ;
#4570 = CARTESIAN_POINT ( 'NONE',  ( -52.57999013744984751, 25.53751450516925203, 69.99998750000000314 ) ) ;
#4571 = VECTOR ( 'NONE', #2188, 1000.000000000000000 ) ;
#4572 = ORIENTED_EDGE ( 'NONE', *, *, #5366, .F. ) ;
#4573 = CARTESIAN_POINT ( 'NONE',  ( 18.63262448389572867, 21.53751450516924848, 32.81307518293911585 ) ) ;
#4574 = DIRECTION ( 'NONE',  ( 1.000000000000000000, 0.000000000000000000, 0.000000000000000000 ) ) ;
#4575 = DIRECTION ( 'NONE',  ( 1.000000000000000000, 0.000000000000000000, 0.000000000000000000 ) ) ;
#4576 = FACE_BOUND ( 'NONE', #1372, .T. ) ;
#4577 = DIRECTION ( 'NONE',  ( -0.000000000000000000, 1.000000000000000000, -0.000000000000000000 ) ) ;
#4578 = CARTESIAN_POINT ( 'NONE',  ( -93.57999013744984040, 27.53751450516924493, -88.00001250000001107 ) ) ;
#4579 = DIRECTION ( 'NONE',  ( 0.000000000000000000, 0.000000000000000000, 1.000000000000000000 ) ) ;
#4580 = FACE_OUTER_BOUND ( 'NONE', #636, .T. ) ;
#4581 = VERTEX_POINT ( 'NONE', #5866 ) ;
#4582 = VERTEX_POINT ( 'NONE', #4823 ) ;
#4583 = ORIENTED_EDGE ( 'NONE', *, *, #4690, .F. ) ;
#4584 = DIRECTION ( 'NONE',  ( 0.000000000000000000, 0.000000000000000000, -1.000000000000000000 ) ) ;
#4585 = FACE_OUTER_BOUND ( 'NONE', #6090, .T. ) ;
#4586 = DIRECTION ( 'NONE',  ( 0.000000000000000000, 0.000000000000000000, -1.000000000000000000 ) ) ;
#4587 = CARTESIAN_POINT ( 'NONE',  ( 30.28535483438053788, 31.55064183141501033, 25.82452422435032346 ) ) ;
#4588 = EDGE_CURVE ( 'NONE', #6211, #1499, #3896, .T. ) ;
#4589 = ORIENTED_EDGE ( 'NONE', *, *, #4130, .T. ) ;
#4590 = ORIENTED_EDGE ( 'NONE', *, *, #5088, .T. ) ;
#4591 = CARTESIAN_POINT ( 'NONE',  ( -44.56737551610429193, 27.53751450516924848, -71.00001250000001107 ) ) ;
#4592 = CARTESIAN_POINT ( 'NONE',  ( -47.36737551610425356, 33.53751450516924137, 20.53955778290666956 ) ) ;
#4593 = CARTESIAN_POINT ( 'NONE',  ( -11.76737551610426635, 21.53751450516924848, -71.00001250000001107 ) ) ;
#4595 = ADVANCED_FACE ( 'NONE', ( #5961 ), #4384, .F. ) ;
#4594 = ORIENTED_EDGE ( 'NONE', *, *, #3891, .T. ) ;
#4596 = CARTESIAN_POINT ( 'NONE',  ( 40.63262448389571091, 22.53751450516924848, -71.00001250000001107 ) ) ;
#4597 = LINE ( 'NONE', #2032, #2751 ) ;
#4598 = VERTEX_POINT ( 'NONE', #813 ) ;
#4599 = DIRECTION ( 'NONE',  ( -1.000000000000000000, 0.000000000000000000, 0.000000000000000000 ) ) ;
#4600 = PLANE ( 'NONE',  #5459 ) ;
#4601 = EDGE_CURVE ( 'NONE', #944, #3340, #3820, .T. ) ;
#4602 = AXIS2_PLACEMENT_3D ( 'NONE', #5678, #594, #6213 ) ;
#4603 = COORDINATED_UNIVERSAL_TIME_OFFSET ( 8, 0, .AHEAD. ) ;
#4604 = CC_DESIGN_DATE_AND_TIME_ASSIGNMENT ( #3569, #966, ( #5795 ) ) ;
#4605 = EDGE_CURVE ( 'NONE', #2794, #1349, #853, .T. ) ;
#4606 = LINE ( 'NONE', #4040, #6148 ) ;
#4607 = CYLINDRICAL_SURFACE ( 'NONE', #4276, 1.999999999999998446 ) ;
#4608 = AXIS2_PLACEMENT_3D ( 'NONE', #3068, #554, #3098 ) ;
#4609 = EDGE_LOOP ( 'NONE', ( #6516, #3849, #5841, #5683 ) ) ;
#4610 = DIRECTION ( 'NONE',  ( 0.000000000000000000, 0.000000000000000000, -1.000000000000000000 ) ) ;
#4611 = CARTESIAN_POINT ( 'NONE',  ( 10.23262448389572477, 35.53751450516924848, -71.00001250000001107 ) ) ;
#4612 = ORIENTED_EDGE ( 'NONE', *, *, #2966, .T. ) ;
#4613 = AXIS2_PLACEMENT_3D ( 'NONE', #2818, #271, #2315 ) ;
#4614 = VERTEX_POINT ( 'NONE', #1819 ) ;
#4615 = CIRCLE ( 'NONE', #4414, 8.290367580801545344 ) ;
#4616 = ORIENTED_EDGE ( 'NONE', *, *, #2810, .T. ) ;
#4617 = CARTESIAN_POINT ( 'NONE',  ( 32.23262448389574786, 21.53751450516924848, 32.81307518293911585 ) ) ;
#4618 = DIRECTION ( 'NONE',  ( -0.000000000000000000, -1.000000000000000000, -0.000000000000000000 ) ) ;
#4619 = DIRECTION ( 'NONE',  ( 0.000000000000000000, 0.000000000000000000, 1.000000000000000000 ) ) ;
#4620 = CARTESIAN_POINT ( 'NONE',  ( 30.90930838260320357, 32.09212492622221191, 26.64678608497181500 ) ) ;
#4621 = ORIENTED_EDGE ( 'NONE', *, *, #745, .T. ) ;
#4622 = VERTEX_POINT ( 'NONE', #5927 ) ;
#4623 = CARTESIAN_POINT ( 'NONE',  ( -77.76737551610423793, 35.53751450516924848, -71.00001250000001107 ) ) ;
#4624 = EDGE_CURVE ( 'NONE', #4243, #1862, #5357, .T. ) ;
#4625 = CARTESIAN_POINT ( 'NONE',  ( -45.36737551610425356, 31.40297912030540317, 25.60237436091454200 ) ) ;
#4626 = ORIENTED_EDGE ( 'NONE', *, *, #3850, .F. ) ;
#4627 = DIRECTION ( 'NONE',  ( -1.216803817915076939E-16, 0.8831515563230877275, -0.4690877621129207475 ) ) ;
#4628 = EDGE_CURVE ( 'NONE', #1137, #2148, #1014, .T. ) ;
#4629 = CARTESIAN_POINT ( 'NONE',  ( 30.42000986255016670, 27.53751450516924493, -82.50001250000001107 ) ) ;
#4630 = ORIENTED_EDGE ( 'NONE', *, *, #4132, .F. ) ;
#4631 = CARTESIAN_POINT ( 'NONE',  ( 42.63262448389572512, 21.53751450516924848, 30.54845821467287692 ) ) ;
#4632 = FACE_OUTER_BOUND ( 'NONE', #5684, .T. ) ;
#4633 = CARTESIAN_POINT ( 'NONE',  ( -94.57999013744984040, 27.53751450516924848, 70.99998750000000314 ) ) ;
#4634 = VECTOR ( 'NONE', #501, 1000.000000000000000 ) ;
#4635 = ADVANCED_FACE ( 'NONE', ( #1346 ), #3853, .F. ) ;
#4636 = CARTESIAN_POINT ( 'NONE',  ( -55.76737551610425214, 35.53751450516924848, -69.00001250000001107 ) ) ;
#4637 = VECTOR ( 'NONE', #4265, 1000.000000000000000 ) ;
#4638 = VERTEX_POINT ( 'NONE', #2884 ) ;
#4639 = LINE ( 'NONE', #63, #4068 ) ;
#4640 = CARTESIAN_POINT ( 'NONE',  ( -79.76737551610423793, 35.53751450516924848, -69.00001250000001107 ) ) ;
#4641 = ORIENTED_EDGE ( 'NONE', *, *, #3827, .F. ) ;
#4642 = VECTOR ( 'NONE', #3019, 1000.000000000000000 ) ;
#4643 = VERTEX_POINT ( 'NONE', #4918 ) ;
#4644 = ORIENTED_EDGE ( 'NONE', *, *, #4482, .T. ) ;
#4645 = EDGE_CURVE ( 'NONE', #2757, #5806, #3573, .T. ) ;
#4646 = LINE ( 'NONE', #71, #2625 ) ;
#4647 = VECTOR ( 'NONE', #4744, 1000.000000000000000 ) ;
#4648 = PLANE ( 'NONE',  #2731 ) ;
#4649 = CARTESIAN_POINT ( 'NONE',  ( 40.63262448389571801, 27.24714692436770136, 20.53955778290666956 ) ) ;
#4650 = CARTESIAN_POINT ( 'NONE',  ( -2.364358471306597931, 32.21842978543090652, 26.84009736096993848 ) ) ;
#4651 = ORIENTED_EDGE ( 'NONE', *, *, #5665, .F. ) ;
#4652 = CIRCLE ( 'NONE', #5508, 6.290367580801543568 ) ;
#4653 = ORIENTED_EDGE ( 'NONE', *, *, #4148, .T. ) ;
#4654 = DIRECTION ( 'NONE',  ( -0.000000000000000000, -1.000000000000000000, -0.000000000000000000 ) ) ;
#4655 = CARTESIAN_POINT ( 'NONE',  ( 20.63262448389571446, 34.70908738042305686, -70.17158537525382656 ) ) ;
#4656 = PLANE ( 'NONE',  #2539 ) ;
#4658 = ORIENTED_EDGE ( 'NONE', *, *, #5626, .F. ) ;
#4657 = VECTOR ( 'NONE', #189, 1000.000000000000000 ) ;
#4659 = FACE_OUTER_BOUND ( 'NONE', #3188, .T. ) ;
#4660 = EDGE_CURVE ( 'NONE', #5458, #2270, #1553, .T. ) ;
#4661 = VECTOR ( 'NONE', #4599, 1000.000000000000000 ) ;
#4662 = VECTOR ( 'NONE', #3422, 1000.000000000000000 ) ;
#4663 = VECTOR ( 'NONE', #5775, 1000.000000000000000 ) ;
#4664 = CARTESIAN_POINT ( 'NONE',  ( -1.367375516104274435, 35.53751450516924848, -69.00001250000001107 ) ) ;
#4665 = ORIENTED_EDGE ( 'NONE', *, *, #3495, .T. ) ;
#4666 = DIRECTION ( 'NONE',  ( 0.000000000000000000, -1.000000000000000000, -0.000000000000000000 ) ) ;
#4667 = DIRECTION ( 'NONE',  ( 0.000000000000000000, 0.000000000000000000, 1.000000000000000000 ) ) ;
#4668 = VERTEX_POINT ( 'NONE', #5056 ) ;
#4669 = EDGE_CURVE ( 'NONE', #1862, #5313, #5594, .T. ) ;
#4670 = VECTOR ( 'NONE', #3391, 1000.000000000000000 ) ;
#4671 = DIRECTION ( 'NONE',  ( -0.000000000000000000, 1.000000000000000000, -0.000000000000000000 ) ) ;
#4672 = LINE ( 'NONE', #5235, #583 ) ;
#4673 = ORIENTED_EDGE ( 'NONE', *, *, #4297, .T. ) ;
#4674 = DIRECTION ( 'NONE',  ( 0.000000000000000000, 1.000000000000000000, 0.000000000000000000 ) ) ;
#4675 = PRODUCT ( '2', '2', '', ( #4503 ) ) ;
#4676 = DIRECTION ( 'NONE',  ( 1.000000000000000000, 0.000000000000000000, -0.000000000000000000 ) ) ;
#4677 = VECTOR ( 'NONE', #3786, 999.9999999999998863 ) ;
#4678 = EDGE_LOOP ( 'NONE', ( #2602, #1328, #5127, #3956 ) ) ;
#4679 = ADVANCED_FACE ( 'NONE', ( #3551 ), #5525, .F. ) ;
#4680 = LINE ( 'NONE', #204, #278 ) ;
#4681 = ORIENTED_EDGE ( 'NONE', *, *, #5744, .T. ) ;
#4682 = ORIENTED_EDGE ( 'NONE', *, *, #889, .F. ) ;
#4683 = LINE ( 'NONE', #106, #2522 ) ;
#4684 = FACE_OUTER_BOUND ( 'NONE', #6327, .T. ) ;
#4685 = DIRECTION ( 'NONE',  ( 1.000000000000000000, -0.000000000000000000, -0.000000000000000000 ) ) ;
#4686 = CARTESIAN_POINT ( 'NONE',  ( 57.42000986255015249, 27.53751450516924848, 68.99998749999987524 ) ) ;
#4687 = VERTEX_POINT ( 'NONE', #412 ) ;
#4688 = EDGE_CURVE ( 'NONE', #205, #3505, #2552, .T. ) ;
#4689 = APPROVAL ( #3236, '未' ) ;
#4690 = EDGE_CURVE ( 'NONE', #2117, #3279, #2517, .T. ) ;
#4691 = ORIENTED_EDGE ( 'NONE', *, *, #1827, .T. ) ;
#4692 = CARTESIAN_POINT ( 'NONE',  ( -94.57999013744984040, 27.53751450516924848, 68.99998750000000314 ) ) ;
#4693 = FACE_OUTER_BOUND ( 'NONE', #942, .T. ) ;
#4694 = CARTESIAN_POINT ( 'NONE',  ( -46.72166492064556564, 32.30735151765450297, 26.97652389697437414 ) ) ;
#4695 = ORIENTED_EDGE ( 'NONE', *, *, #847, .T. ) ;
#4696 = CARTESIAN_POINT ( 'NONE',  ( 30.23262448389574075, 33.53751450516924137, 35.99998749999998182 ) ) ;
#4697 = DIRECTION ( 'NONE',  ( 0.000000000000000000, 0.000000000000000000, 1.000000000000000000 ) ) ;
#4698 = ORIENTED_EDGE ( 'NONE', *, *, #4322, .T. ) ;
#4699 = CARTESIAN_POINT ( 'NONE',  ( 57.42000986255003880, 27.53751450516924493, -88.00001250000001107 ) ) ;
#4700 = LINE ( 'NONE', #2130, #233 ) ;
#4701 = ORIENTED_EDGE ( 'NONE', *, *, #3549, .F. ) ;
#4702 = DIRECTION ( 'NONE',  ( 0.000000000000000000, 1.000000000000000000, 0.000000000000000000 ) ) ;
#4703 = DIRECTION ( 'NONE',  ( -1.216803817915076939E-16, 0.8831515563230877275, -0.4690877621129207475 ) ) ;
#4704 = ADVANCED_FACE ( 'NONE', ( #948 ), #2981, .F. ) ;
#4705 = ORIENTED_EDGE ( 'NONE', *, *, #1857, .T. ) ;
#4706 = CARTESIAN_POINT ( 'NONE',  ( -79.76737551610423793, 35.53751450516924848, -71.00001250000001107 ) ) ;
#4707 = DIRECTION ( 'NONE',  ( 0.000000000000000000, -0.000000000000000000, 1.000000000000000000 ) ) ;
#4708 = ORIENTED_EDGE ( 'NONE', *, *, #187, .F. ) ;
#4709 = CARTESIAN_POINT ( 'NONE',  ( -30.57999013744984396, 21.53751450516924848, 68.99998750000000314 ) ) ;
#4710 = VERTEX_POINT ( 'NONE', #6128 ) ;
#4711 = CIRCLE ( 'NONE', #862, 0.5685764141195870369 ) ;
#4712 = ORIENTED_EDGE ( 'NONE', *, *, #6001, .T. ) ;
#4713 = CARTESIAN_POINT ( 'NONE',  ( -4.579990137449835075, 27.53751450516924493, -82.50001250000001107 ) ) ;
#4714 = CARTESIAN_POINT ( 'NONE',  ( 47.42000986255016670, 22.33751450516924564, -82.50001250000001107 ) ) ;
#4715 = ADVANCED_FACE ( 'NONE', ( #6024 ), #2450, .T. ) ;
#4716 = FACE_OUTER_BOUND ( 'NONE', #1281, .T. ) ;
#4717 = DIRECTION ( 'NONE',  ( 0.000000000000000000, 0.000000000000000000, 1.000000000000000000 ) ) ;
#4718 = ORIENTED_EDGE ( 'NONE', *, *, #4472, .F. ) ;
#4719 = VECTOR ( 'NONE', #1699, 1000.000000000000000 ) ;
#4720 = FACE_OUTER_BOUND ( 'NONE', #4031, .T. ) ;
#4721 = VERTEX_POINT ( 'NONE', #3084 ) ;
#4722 = AXIS2_PLACEMENT_3D ( 'NONE', #2688, #2089, #2185 ) ;
#4723 = ORIENTED_EDGE ( 'NONE', *, *, #2603, .T. ) ;
#4724 = AXIS2_PLACEMENT_3D ( 'NONE', #3748, #5791, #5286 ) ;
#4725 = CARTESIAN_POINT ( 'NONE',  ( 29.43262448389567965, 27.53751450516924848, -71.00001250000001107 ) ) ;
#4726 = ADVANCED_FACE ( 'NONE', ( #4585 ), #7, .T. ) ;
#4727 = FACE_OUTER_BOUND ( 'NONE', #2549, .T. ) ;
#4728 = CARTESIAN_POINT ( 'NONE',  ( -69.23501295315529092, 32.36351073365042907, 27.06282506210558836 ) ) ;
#4729 = VERTEX_POINT ( 'NONE', #6094 ) ;
#4730 = DIRECTION ( 'NONE',  ( -0.000000000000000000, 1.000000000000000000, -0.000000000000000000 ) ) ;
#4731 = CARTESIAN_POINT ( 'NONE',  ( 40.63262448389571091, 22.53751450516924848, -76.00001250000002528 ) ) ;
#4732 = ADVANCED_FACE ( 'NONE', ( #4484 ), #6529, .T. ) ;
#4733 = APPROVAL_PERSON_ORGANIZATION ( #1535, #759, #4039 ) ;
#4734 = ORIENTED_EDGE ( 'NONE', *, *, #1383, .F. ) ;
#4735 = DIRECTION ( 'NONE',  ( -0.000000000000000000, -0.8831515563230876165, 0.4690877621129207475 ) ) ;
#4736 = EDGE_LOOP ( 'NONE', ( #2088, #953, #3577, #4994 ) ) ;
#4737 = CARTESIAN_POINT ( 'NONE',  ( -39.57999013744984040, 27.53751450516924493, -82.50001250000001107 ) ) ;
#4738 = DIRECTION ( 'NONE',  ( 0.000000000000000000, 0.000000000000000000, 1.000000000000000000 ) ) ;
#4739 = EDGE_CURVE ( 'NONE', #1289, #2555, #3583, .T. ) ;
#4740 = ORIENTED_EDGE ( 'NONE', *, *, #913, .T. ) ;
#4741 = LINE ( 'NONE', #1705, #1399 ) ;
#4742 = CARTESIAN_POINT ( 'NONE',  ( -57.76737551610424504, 31.42533520942458836, 25.29652194945940380 ) ) ;
#4743 = EDGE_LOOP ( 'NONE', ( #5945, #3062, #4504, #2464 ) ) ;
#4744 = DIRECTION ( 'NONE',  ( -0.000000000000000000, -1.000000000000000000, -0.000000000000000000 ) ) ;
#4745 = VECTOR ( 'NONE', #1430, 1000.000000000000000 ) ;
#4746 = ADVANCED_FACE ( 'NONE', ( #2582 ), #3480, .F. ) ;
#4747 = EDGE_CURVE ( 'NONE', #5313, #5797, #2083, .T. ) ;
#4748 = ORIENTED_EDGE ( 'NONE', *, *, #3381, .F. ) ;
#4749 = ORIENTED_EDGE ( 'NONE', *, *, #4669, .F. ) ;
#4750 = CARTESIAN_POINT ( 'NONE',  ( -50.57999013744984751, 26.53751450516924848, 69.99998750000000314 ) ) ;
#4751 = DIRECTION ( 'NONE',  ( -0.000000000000000000, -1.000000000000000000, -0.000000000000000000 ) ) ;
#4752 = CARTESIAN_POINT ( 'NONE',  ( -6.579990137449851062, 25.53751450516925203, 70.99998750000000314 ) ) ;
#4753 = CARTESIAN_POINT ( 'NONE',  ( -69.36737551610424646, 22.53751450516924848, -76.00001250000002528 ) ) ;
#4754 = ORIENTED_EDGE ( 'NONE', *, *, #5366, .T. ) ;
#4755 = DIRECTION ( 'NONE',  ( 0.000000000000000000, -1.000000000000000000, -0.000000000000000000 ) ) ;
#4756 = VECTOR ( 'NONE', #5347, 1000.000000000000000 ) ;
#4757 = VERTEX_POINT ( 'NONE', #1583 ) ;
#4758 = ORIENTED_EDGE ( 'NONE', *, *, #4480, .T. ) ;
#4759 = LINE ( 'NONE', #112, #684 ) ;
#4760 = TOROIDAL_SURFACE ( 'NONE', #3791, 6.290367580801543568, 2.000000000000000000 ) ;
#4761 = CYLINDRICAL_SURFACE ( 'NONE', #2830, 2.250000000000001776 ) ;
#4762 = CARTESIAN_POINT ( 'NONE',  ( -67.36737551610424646, 31.40297912030541028, 25.60237436091453489 ) ) ;
#4763 = ORIENTED_EDGE ( 'NONE', *, *, #2987, .T. ) ;
#4764 = VECTOR ( 'NONE', #3548, 1000.000000000000000 ) ;
#4765 = CARTESIAN_POINT ( 'NONE',  ( -0.5673755161043070316, 21.53751450516924848, -76.00001250000002528 ) ) ;
#4766 = LINE ( 'NONE', #1825, #4345 ) ;
#4767 = CARTESIAN_POINT ( 'NONE',  ( -74.57999013744984040, 21.53751450516924848, -80.25001250000001107 ) ) ;
#4768 = VECTOR ( 'NONE', #2395, 1000.000000000000000 ) ;
#4769 = CARTESIAN_POINT ( 'NONE',  ( -47.36737551610425356, 22.53751450516924848, -71.00001250000001107 ) ) ;
#4770 = VERTEX_POINT ( 'NONE', #2483 ) ;
#4771 =( BOUNDED_CURVE ( )  B_SPLINE_CURVE ( 3, ( #238, #1745, #3284, #5823 ),
 .UNSPECIFIED., .F., .T. ) 
 B_SPLINE_CURVE_WITH_KNOTS ( ( 4, 4 ),
 ( 3.141592653589793116, 4.712388980384689674 ),
 .UNSPECIFIED. ) 
 CURVE ( )  GEOMETRIC_REPRESENTATION_ITEM ( )  RATIONAL_B_SPLINE_CURVE ( ( 1.000000000000000000, 0.8047378541243649375, 0.8047378541243649375, 1.000000000000000000 ) ) 
 REPRESENTATION_ITEM ( '' )  );
#4772 = EDGE_CURVE ( 'NONE', #973, #4922, #3517, .T. ) ;
#4773 = LINE ( 'NONE', #2231, #4637 ) ;
#4774 = DIRECTION ( 'NONE',  ( -1.000000000000000000, 0.000000000000000000, 0.000000000000000000 ) ) ;
#4775 = ORIENTED_EDGE ( 'NONE', *, *, #6235, .F. ) ;
#4776 = AXIS2_PLACEMENT_3D ( 'NONE', #2492, #1921, #2359 ) ;
#4777 = CIRCLE ( 'NONE', #6169, 1.000000000000000888 ) ;
#4778 = DIRECTION ( 'NONE',  ( -1.000000000000000000, 0.000000000000000000, 0.000000000000000000 ) ) ;
#4779 = ORIENTED_EDGE ( 'NONE', *, *, #1472, .T. ) ;
#4780 = LINE ( 'NONE', #2676, #4969 ) ;
#4781 = VERTEX_POINT ( 'NONE', #5558 ) ;
#4782 = CARTESIAN_POINT ( 'NONE',  ( -30.57999013744987238, 22.53751450516924848, -76.00001250000002528 ) ) ;
#4783 = CARTESIAN_POINT ( 'NONE',  ( 20.63262448389573223, 31.25785105076080228, 25.38548150415243754 ) ) ;
#4784 = FACE_OUTER_BOUND ( 'NONE', #3970, .T. ) ;
#4785 = DIRECTION ( 'NONE',  ( -1.000000000000000000, 0.000000000000000000, 0.000000000000000000 ) ) ;
#4786 = ORIENTED_EDGE ( 'NONE', *, *, #2441, .T. ) ;
#4787 = DIRECTION ( 'NONE',  ( 0.000000000000000000, 0.000000000000000000, 1.000000000000000000 ) ) ;
#4788 = EDGE_LOOP ( 'NONE', ( #4045, #2520, #3712, #5329 ) ) ;
#4789 = EDGE_LOOP ( 'NONE', ( #1316, #4708, #3520, #5177 ) ) ;
#4790 = LINE ( 'NONE', #4354, #64 ) ;
#4791 = EDGE_CURVE ( 'NONE', #5714, #4143, #4052, .T. ) ;
#4792 = CARTESIAN_POINT ( 'NONE',  ( 57.42010986255015581, 21.53751450516924848, 68.99998750000000314 ) ) ;
#4793 = CARTESIAN_POINT ( 'NONE',  ( -55.76737551610425214, 22.53751450516924848, -71.00001250000001107 ) ) ;
#4794 = ORIENTED_EDGE ( 'NONE', *, *, #3777, .F. ) ;
#4795 = LINE ( 'NONE', #5331, #5514 ) ;
#4796 = DIRECTION ( 'NONE',  ( -2.593979029498029835E-16, -0.000000000000000000, -1.000000000000000000 ) ) ;
#4797 = FACE_OUTER_BOUND ( 'NONE', #2799, .T. ) ;
#4798 = EDGE_CURVE ( 'NONE', #6131, #5353, #4017, .T. ) ;
#4799 = ORIENTED_EDGE ( 'NONE', *, *, #904, .F. ) ;
#4800 = CARTESIAN_POINT ( 'NONE',  ( -12.98784776853481304, 32.13859167208714496, 26.71785088692838528 ) ) ;
#4801 = CARTESIAN_POINT ( 'NONE',  ( -79.76737551610423793, 33.53751450516924137, -69.00001250000001107 ) ) ;
#4802 = VERTEX_POINT ( 'NONE', #1516 ) ;
#4803 = EDGE_CURVE ( 'NONE', #1090, #749, #1105, .T. ) ;
#4804 = CYLINDRICAL_SURFACE ( 'NONE', #3220, 1.000000000000000888 ) ;
#4805 = EDGE_CURVE ( 'NONE', #4143, #5545, #677, .T. ) ;
#4806 = CARTESIAN_POINT ( 'NONE',  ( -94.57999013744984040, 25.53751450516925203, 70.99998750000000314 ) ) ;
#4807 = ORIENTED_EDGE ( 'NONE', *, *, #577, .T. ) ;
#4808 = CARTESIAN_POINT ( 'NONE',  ( -47.36737551610425356, 21.53751450516924848, -71.00001250000001107 ) ) ;
#4809 = ORIENTED_EDGE ( 'NONE', *, *, #3128, .F. ) ;
#4810 = CYLINDRICAL_SURFACE ( 'NONE', #263, 3.500000000000003109 ) ;
#4811 = FACE_OUTER_BOUND ( 'NONE', #1782, .T. ) ;
#4812 = EDGE_CURVE ( 'NONE', #2961, #629, #5248, .T. ) ;
#4813 = DIRECTION ( 'NONE',  ( 1.216803817915076939E-16, -0.8831515563230876165, 0.4690877621129207475 ) ) ;
#4814 = DIRECTION ( 'NONE',  ( 2.040851148208007259E-16, 0.000000000000000000, 1.000000000000000000 ) ) ;
#4815 = EDGE_LOOP ( 'NONE', ( #3420, #5185, #3268, #203 ) ) ;
#4816 = CARTESIAN_POINT ( 'NONE',  ( -80.56737551610430614, 21.53751450516924848, -76.00001250000002528 ) ) ;
#4817 = ORIENTED_EDGE ( 'NONE', *, *, #1219, .T. ) ;
#4818 = VECTOR ( 'NONE', #5273, 1000.000000000000000 ) ;
#4819 = VERTEX_POINT ( 'NONE', #6223 ) ;
#4820 = CARTESIAN_POINT ( 'NONE',  ( 57.42000986255003880, 27.53751450516924848, -71.00001250000001107 ) ) ;
#4821 = EDGE_CURVE ( 'NONE', #4479, #4271, #6189, .T. ) ;
#4822 = CIRCLE ( 'NONE', #1729, 3.500000000000003109 ) ;
#4823 = CARTESIAN_POINT ( 'NONE',  ( 7.432624483895685863, 27.53751450516924848, 34.99998749999998182 ) ) ;
#4824 = DIRECTION ( 'NONE',  ( 1.000000000000000000, 0.000000000000000000, 0.000000000000000000 ) ) ;
#4825 = ORIENTED_EDGE ( 'NONE', *, *, #4925, .F. ) ;
#4826 = FACE_BOUND ( 'NONE', #4867, .T. ) ;
#4827 = VECTOR ( 'NONE', #2010, 1000.000000000000000 ) ;
#4828 = EDGE_CURVE ( 'NONE', #4614, #2135, #5787, .T. ) ;
#4829 = EDGE_CURVE ( 'NONE', #791, #4970, #2143, .T. ) ;
#4830 = DIRECTION ( 'NONE',  ( -1.000000000000000000, 0.000000000000000000, 0.000000000000000000 ) ) ;
#4831 = DIRECTION ( 'NONE',  ( -1.000000000000000000, -0.000000000000000000, -0.000000000000000000 ) ) ;
#4832 = EDGE_LOOP ( 'NONE', ( #1179, #6156 ) ) ;
#4833 = DIRECTION ( 'NONE',  ( -8.673617379884027583E-16, 0.000000000000000000, -1.000000000000000000 ) ) ;
#4834 = EDGE_CURVE ( 'NONE', #4802, #2944, #1175, .T. ) ;
#4835 = DIRECTION ( 'NONE',  ( 0.000000000000000000, 0.000000000000000000, 1.000000000000000000 ) ) ;
#4836 = ORIENTED_EDGE ( 'NONE', *, *, #94, .F. ) ;
#4837 = LINE ( 'NONE', #199, #5570 ) ;
#4838 = CARTESIAN_POINT ( 'NONE',  ( -87.57999013744984040, 21.53751450516924848, -82.50001250000001107 ) ) ;
#4839 = ORIENTED_EDGE ( 'NONE', *, *, #4155, .F. ) ;
#4840 = DIRECTION ( 'NONE',  ( -1.000000000000000000, -0.000000000000000000, -0.000000000000000000 ) ) ;
#4841 = EDGE_CURVE ( 'NONE', #1640, #4468, #3182, .T. ) ;
#4842 = ORIENTED_EDGE ( 'NONE', *, *, #5096, .F. ) ;
#4843 = PLANE ( 'NONE',  #4100 ) ;
#4844 = PLANE ( 'NONE',  #616 ) ;
#4845 = DIRECTION ( 'NONE',  ( 0.000000000000000000, 0.000000000000000000, 1.000000000000000000 ) ) ;
#4846 = DIRECTION ( 'NONE',  ( 2.618450529776312753E-16, 0.000000000000000000, -1.000000000000000000 ) ) ;
#4847 = ORIENTED_EDGE ( 'NONE', *, *, #2624, .F. ) ;
#4848 = DIRECTION ( 'NONE',  ( 0.000000000000000000, 0.000000000000000000, 1.000000000000000000 ) ) ;
#4849 = EDGE_LOOP ( 'NONE', ( #3438, #5334, #5024, #5289 ) ) ;
#4850 = ADVANCED_FACE ( 'NONE', ( #1680 ), #1744, .T. ) ;
#4851 = VERTEX_POINT ( 'NONE', #3676 ) ;
#4852 = ADVANCED_FACE ( 'NONE', ( #5718 ), #4648, .T. ) ;
#4853 = DIRECTION ( 'NONE',  ( -1.000000000000000000, 0.000000000000000000, -0.000000000000000000 ) ) ;
#4854 = DIRECTION ( 'NONE',  ( 1.224646799147365780E-16, -1.000000000000000000, 0.000000000000000000 ) ) ;
#4855 = CARTESIAN_POINT ( 'NONE',  ( -68.47928729898951872, 32.25219289250070176, 26.89187534081958120 ) ) ;
#4856 = VERTEX_POINT ( 'NONE', #2213 ) ;
#4857 = DIRECTION ( 'NONE',  ( -0.000000000000000000, -0.000000000000000000, 1.000000000000000000 ) ) ;
#4858 = AXIS2_PLACEMENT_3D ( 'NONE', #139, #5180, #712 ) ;
#4859 = CARTESIAN_POINT ( 'NONE',  ( 30.42000986255016670, 27.53751450516924493, -86.00001250000001107 ) ) ;
#4860 = PLANE ( 'NONE',  #3070 ) ;
#4861 = CIRCLE ( 'NONE', #4326, 3.500000000000003109 ) ;
#4862 = EDGE_CURVE ( 'NONE', #2250, #5048, #6295, .T. ) ;
#4863 = EDGE_LOOP ( 'NONE', ( #4056, #3731, #2087, #5908 ) ) ;
#4864 = CARTESIAN_POINT ( 'NONE',  ( -13.71464516561944613, 31.55064183141501033, 25.82452422435029860 ) ) ;
#4865 = AXIS2_PLACEMENT_3D ( 'NONE', #960, #3455, #5538 ) ;
#4866 = FACE_OUTER_BOUND ( 'NONE', #4788, .T. ) ;
#4867 = EDGE_LOOP ( 'NONE', ( #655, #2448 ) ) ;
#4868 = EDGE_CURVE ( 'NONE', #975, #4851, #5686, .T. ) ;
#4869 = CARTESIAN_POINT ( 'NONE',  ( -66.56737551610429193, 27.53751450516924848, -71.00001250000001107 ) ) ;
#4870 = CARTESIAN_POINT ( 'NONE',  ( -11.76737551610423971, 27.24714692436770136, 20.53955778290666956 ) ) ;
#4871 = VERTEX_POINT ( 'NONE', #639 ) ;
#4872 = AXIS2_PLACEMENT_3D ( 'NONE', #1424, #3997, #6040 ) ;
#4873 = DIRECTION ( 'NONE',  ( 0.000000000000000000, 0.000000000000000000, 1.000000000000000000 ) ) ;
#4874 = ORIENTED_EDGE ( 'NONE', *, *, #2350, .F. ) ;
#4875 = CIRCLE ( 'NONE', #2373, 3.500000000000003109 ) ;
#4876 = DIRECTION ( 'NONE',  ( 1.000000000000000000, -0.000000000000000000, -0.000000000000000000 ) ) ;
#4877 = AXIS2_PLACEMENT_3D ( 'NONE', #1990, #2958, #2990 ) ;
#4878 = CARTESIAN_POINT ( 'NONE',  ( -14.56737551610430614, 22.53751450516924848, -76.00001250000002528 ) ) ;
#4879 = VECTOR ( 'NONE', #2211, 1000.000000000000000 ) ;
#4880 = DIRECTION ( 'NONE',  ( -0.000000000000000000, -1.000000000000000000, -0.000000000000000000 ) ) ;
#4881 = DIRECTION ( 'NONE',  ( -1.000000000000000000, 0.000000000000000000, -0.000000000000000000 ) ) ;
#4882 = ADVANCED_FACE ( 'NONE', ( #4716 ), #2752, .F. ) ;
#4883 = ORIENTED_EDGE ( 'NONE', *, *, #3433, .T. ) ;
#4884 = DIRECTION ( 'NONE',  ( -1.000000000000000000, 0.000000000000000000, 0.000000000000000000 ) ) ;
#4885 = ORIENTED_EDGE ( 'NONE', *, *, #2325, .F. ) ;
#4886 = CIRCLE ( 'NONE', #2007, 1.000000000000000888 ) ;
#4887 = ORIENTED_EDGE ( 'NONE', *, *, #2182, .T. ) ;
#4888 = DIRECTION ( 'NONE',  ( 1.000000000000000000, -0.000000000000000000, 0.000000000000000000 ) ) ;
#4889 = VECTOR ( 'NONE', #1789, 1000.000000000000000 ) ;
#4890 = DIRECTION ( 'NONE',  ( -0.000000000000000000, -1.000000000000000000, -0.000000000000000000 ) ) ;
#4891 = DIRECTION ( 'NONE',  ( 0.000000000000000000, 0.000000000000000000, 1.000000000000000000 ) ) ;
#4892 = ADVANCED_FACE ( 'NONE', ( #4784 ), #605, .T. ) ;
#4893 = CARTESIAN_POINT ( 'NONE',  ( 29.43262448389566543, 21.53751450516924848, 68.99998750000001735 ) ) ;
#4894 = EDGE_CURVE ( 'NONE', #2606, #622, #5147, .T. ) ;
#4895 = ORIENTED_EDGE ( 'NONE', *, *, #200, .T. ) ;
#4896 = CARTESIAN_POINT ( 'NONE',  ( 57.42000986255003880, 21.53751450516924848, -76.00001250000002528 ) ) ;
#4897 = EDGE_CURVE ( 'NONE', #754, #1573, #6325, .T. ) ;
#4898 = AXIS2_PLACEMENT_3D ( 'NONE', #1337, #5005, #928 ) ;
#4899 = CARTESIAN_POINT ( 'NONE',  ( -44.56737551610429193, 27.53751450516924848, 34.99998749999998182 ) ) ;
#4900 = LINE ( 'NONE', #1698, #2957 ) ;
#4901 = ORIENTED_EDGE ( 'NONE', *, *, #2281, .T. ) ;
#4902 = CARTESIAN_POINT ( 'NONE',  ( -13.76737551610424148, 31.25785105076080228, 25.38548150415243754 ) ) ;
#4903 = DIRECTION ( 'NONE',  ( 0.000000000000000000, 0.000000000000000000, 1.000000000000000000 ) ) ;
#4904 = ORIENTED_EDGE ( 'NONE', *, *, #3221, .F. ) ;
#4905 = DIRECTION ( 'NONE',  ( -0.000000000000000000, 0.000000000000000000, 1.000000000000000000 ) ) ;
#4906 = CARTESIAN_POINT ( 'NONE',  ( 40.63262448389571091, 22.53751450516924848, -76.00001250000002528 ) ) ;
#4907 = ORIENTED_EDGE ( 'NONE', *, *, #1994, .T. ) ;
#4908 = DIRECTION ( 'NONE',  ( 0.000000000000000000, 0.000000000000000000, 1.000000000000000000 ) ) ;
#4909 = EDGE_CURVE ( 'NONE', #6589, #533, #5498, .T. ) ;
#4910 = DIRECTION ( 'NONE',  ( 1.000000000000000000, 0.000000000000000000, 0.000000000000000000 ) ) ;
#4911 = CARTESIAN_POINT ( 'NONE',  ( -69.36737551610424646, 14.59933898094340421, 34.23368438735381147 ) ) ;
#4912 = ORIENTED_EDGE ( 'NONE', *, *, #5626, .T. ) ;
#4913 = CARTESIAN_POINT ( 'NONE',  ( -94.57999013744984040, 27.53751450516924848, 34.99998749999998182 ) ) ;
#4914 = ORIENTED_EDGE ( 'NONE', *, *, #2994, .F. ) ;
#4915 = ORIENTED_EDGE ( 'NONE', *, *, #2030, .F. ) ;
#4916 = ADVANCED_FACE ( 'NONE', ( #4684 ), #268, .F. ) ;
#4917 = DIRECTION ( 'NONE',  ( -1.000000000000000000, -0.000000000000000000, -0.000000000000000000 ) ) ;
#4918 = CARTESIAN_POINT ( 'NONE',  ( -8.579990137449838628, 27.53751450516924848, 70.99998750000000314 ) ) ;
#4919 = DIRECTION ( 'NONE',  ( 0.000000000000000000, 0.000000000000000000, -1.000000000000000000 ) ) ;
#4920 = AXIS2_PLACEMENT_3D ( 'NONE', #792, #2367, #1231 ) ;
#4921 = DIRECTION ( 'NONE',  ( -1.000000000000000000, 0.000000000000000000, 1.296989514749014917E-16 ) ) ;
#4922 = VERTEX_POINT ( 'NONE', #3314 ) ;
#4923 = CARTESIAN_POINT ( 'NONE',  ( -69.36737551610424646, 35.53751450516924848, -71.00001250000001107 ) ) ;
#4924 = ORIENTED_EDGE ( 'NONE', *, *, #3483, .T. ) ;
#4925 = EDGE_CURVE ( 'NONE', #353, #4614, #2310, .T. ) ;
#4926 = CIRCLE ( 'NONE', #3117, 2.000000000000001776 ) ;
#4927 = CARTESIAN_POINT ( 'NONE',  ( -93.57999013744984040, 26.53751450516924493, -77.00001250000002528 ) ) ;
#4928 = CARTESIAN_POINT ( 'NONE',  ( -28.57999013744986883, 22.53751450516924848, -71.00001250000001107 ) ) ;
#4929 = ORIENTED_EDGE ( 'NONE', *, *, #1056, .F. ) ;
#4930 = VECTOR ( 'NONE', #4778, 1000.000000000000000 ) ;
#4931 = AXIS2_PLACEMENT_3D ( 'NONE', #146, #4184, #2723 ) ;
#4932 = ADVANCED_FACE ( 'NONE', ( #770 ), #802, .F. ) ;
#4933 = EDGE_CURVE ( 'NONE', #2893, #1325, #2344, .T. ) ;
#4934 = DIRECTION ( 'NONE',  ( 0.000000000000000000, 0.000000000000000000, 1.000000000000000000 ) ) ;
#4935 = AXIS2_PLACEMENT_3D ( 'NONE', #3400, #793, #2836 ) ;
#4936 = ORIENTED_EDGE ( 'NONE', *, *, #285, .F. ) ;
#4937 = DIRECTION ( 'NONE',  ( 0.000000000000000000, -1.000000000000000000, 0.000000000000000000 ) ) ;
#4938 = FACE_OUTER_BOUND ( 'NONE', #5996, .T. ) ;
#4939 = EDGE_LOOP ( 'NONE', ( #4412, #5503, #2721, #3780 ) ) ;
#4940 = CARTESIAN_POINT ( 'NONE',  ( 56.23262448389579049, 15.53751450516924493, 35.99998749999998182 ) ) ;
#4941 = EDGE_CURVE ( 'NONE', #2748, #4521, #3283, .T. ) ;
#4942 = CARTESIAN_POINT ( 'NONE',  ( -52.57999013744984751, 27.53751450516924848, 34.99998749999998182 ) ) ;
#4943 = DIRECTION ( 'NONE',  ( 1.000000000000000000, 0.000000000000000000, 0.000000000000000000 ) ) ;
#4944 = CARTESIAN_POINT ( 'NONE',  ( -67.36737551610424646, 35.53751450516924848, 35.99998749999998182 ) ) ;
#4945 = AXIS2_PLACEMENT_3D ( 'NONE', #5506, #6009, #4001 ) ;
#4946 = ORIENTED_EDGE ( 'NONE', *, *, #4189, .F. ) ;
#4947 = CARTESIAN_POINT ( 'NONE',  ( -72.57999013744984040, 25.53751450516925203, 69.99998750000000314 ) ) ;
#4949 = EDGE_CURVE ( 'NONE', #4622, #4174, #2877, .T. ) ;
#4948 = ORIENTED_EDGE ( 'NONE', *, *, #6334, .F. ) ;
#4950 = EDGE_LOOP ( 'NONE', ( #5924, #6573, #4698, #3146 ) ) ;
#4951 = ORIENTED_EDGE ( 'NONE', *, *, #6012, .F. ) ;
#4952 = DIRECTION ( 'NONE',  ( 0.000000000000000000, 0.000000000000000000, 1.000000000000000000 ) ) ;
#4953 = CARTESIAN_POINT ( 'NONE',  ( 10.23262448389572477, 35.53751450516924848, -71.00001250000001107 ) ) ;
#4954 = DIRECTION ( 'NONE',  ( 1.000000000000000000, 0.000000000000000000, 0.000000000000000000 ) ) ;
#4955 =( BOUNDED_CURVE ( )  B_SPLINE_CURVE ( 3, ( #3804, #1868, #2934, #3310 ),
 .UNSPECIFIED., .F., .F. ) 
 B_SPLINE_CURVE_WITH_KNOTS ( ( 4, 4 ),
 ( 1.570796326794896558, 3.141592653589793116 ),
 .UNSPECIFIED. ) 
 CURVE ( )  GEOMETRIC_REPRESENTATION_ITEM ( )  RATIONAL_B_SPLINE_CURVE ( ( 1.000000000000000000, 0.8047378541243649375, 0.8047378541243649375, 1.000000000000000000 ) ) 
 REPRESENTATION_ITEM ( '' )  );
#4956 = CARTESIAN_POINT ( 'NONE',  ( -55.76737551610425214, 35.53751450516924848, -71.00001250000001107 ) ) ;
#4957 = ORIENTED_EDGE ( 'NONE', *, *, #3678, .T. ) ;
#4958 = DIRECTION ( 'NONE',  ( 0.000000000000000000, 0.000000000000000000, -1.000000000000000000 ) ) ;
#4959 = EDGE_LOOP ( 'NONE', ( #3672, #1875 ) ) ;
#4960 = VECTOR ( 'NONE', #3508, 1000.000000000000000 ) ;
#4961 = CIRCLE ( 'NONE', #5818, 1.899999999999999023 ) ;
#4962 = DIRECTION ( 'NONE',  ( 0.000000000000000000, 1.000000000000000000, -0.000000000000000000 ) ) ;
#4963 = LINE ( 'NONE', #352, #4662 ) ;
#4965 = EDGE_CURVE ( 'NONE', #2117, #6136, #1811, .T. ) ;
#4964 = ORIENTED_EDGE ( 'NONE', *, *, #3239, .F. ) ;
#4966 = DIRECTION ( 'NONE',  ( 0.000000000000000000, -0.000000000000000000, 1.000000000000000000 ) ) ;
#4967 = VECTOR ( 'NONE', #3912, 1000.000000000000000 ) ;
#4968 = DIRECTION ( 'NONE',  ( -0.000000000000000000, 1.000000000000000000, -0.000000000000000000 ) ) ;
#4969 = VECTOR ( 'NONE', #733, 999.9999999999998863 ) ;
#4970 = VERTEX_POINT ( 'NONE', #6422 ) ;
#4971 = LINE ( 'NONE', #4438, #2897 ) ;
#4972 = SECURITY_CLASSIFICATION_LEVEL ( 'unclassified' ) ;
#4973 = ORIENTED_EDGE ( 'NONE', *, *, #6039, .F. ) ;
#4974 = CIRCLE ( 'NONE', #3053, 1.000000000000000888 ) ;
#4975 = LINE ( 'NONE', #5947, #6258 ) ;
#4976 = LINE ( 'NONE', #4942, #580 ) ;
#4977 = PLANE ( 'NONE',  #5186 ) ;
#4978 = DIRECTION ( 'NONE',  ( -1.000000000000000000, 0.000000000000000000, 0.000000000000000000 ) ) ;
#4979 = VECTOR ( 'NONE', #1793, 1000.000000000000000 ) ;
#4980 = EDGE_LOOP ( 'NONE', ( #572, #5416, #3995, #4589 ) ) ;
#4981 = CARTESIAN_POINT ( 'NONE',  ( -13.76737551610424148, 21.53751450516924848, 35.99998749999998182 ) ) ;
#4982 = ORIENTED_EDGE ( 'NONE', *, *, #4965, .T. ) ;
#4983 = ORIENTED_EDGE ( 'NONE', *, *, #5460, .F. ) ;
#4984 = CLOSED_SHELL ( 'NONE', ( #4304, #1087, #355, #3208, #969, #1530, #402, #6242, #5149, #4164, #4679, #1976, #6591, #5592, #2498, #5635, #3807, #3115, #4538, #348, #789, #4399, #845, #3707, #3166, #5020, #1155, #1054, #3415, #3536, #5123, #1112, #319, #3588, #1625, #6166, #1129, #6030, #1690, #70, #5634, #1237, #4635, #888, #4916, #3524, #4520, #3502, #1192, #5550, #202, #1936, #3947, #6571, #619, #6139, #2313, #6284, #6510, #4335, #2424, #570, #1616, #2756, #5564, #837, #2870, #5838, #2861, #6107, #4222, #5526, #2058, #5793, #2883, #295, #5535, #500, #3622, #4704, #1624, #4595, #6340, #3605, #4852, #3871, #6083, #3303, #151, #6486, #1767, #5689, #2722, #4430, #6267, #5417, #1764, #3727, #1257, #2515, #5428, #3759, #6517, #4012, #4892, #3529, #1255, #3398, #4315, #5374, #4715, #576, #4461, #1500, #1890, #1053, #4882, #3089, #4314, #6413, #2812, #2380, #690, #5115, #32, #4257, #6533, #135, #2221, #4041, #2431, #809, #6075, #2564, #6560, #3321, #5171, #582, #5870, #828, #9, #2683, #3628, #4478, #2122, #2469, #5135, #3753, #5307, #807, #2829, #4932, #3848, #883, #145, #6511, #4726, #3194, #5011, #1318, #1965, #4850, #1495, #6127, #1863, #784, #2341, #2814, #2438, #1987, #3300, #5975, #1072, #2079, #3121, #646, #468, #5481, #4732, #3587, #6545, #872, #5726, #5480, #4191, #4444, #2927, #2692, #4099, #6227, #3113, #1356, #5876, #6055, #6362, #1872, #5129, #1873, #4213, #5451, #3733, #338, #6426, #4510, #562, #4060, #3474, #4390, #4746 ) ) ;
#4985 = ORIENTED_EDGE ( 'NONE', *, *, #4550, .T. ) ;
#4986 = AXIS2_PLACEMENT_3D ( 'NONE', #5769, #3761, #2260 ) ;
#4987 = DIRECTION ( 'NONE',  ( -0.000000000000000000, -1.000000000000000000, -0.000000000000000000 ) ) ;
#4988 = DIRECTION ( 'NONE',  ( 0.000000000000000000, -1.000000000000000000, 0.000000000000000000 ) ) ;
#4989 = DIRECTION ( 'NONE',  ( 0.000000000000000000, 1.000000000000000000, 0.000000000000000000 ) ) ;
#4990 = CARTESIAN_POINT ( 'NONE',  ( 18.63262448389571446, 22.53751450516924848, -76.00001250000002528 ) ) ;
#4992 = ORIENTED_EDGE ( 'NONE', *, *, #5340, .F. ) ;
#4991 = CIRCLE ( 'NONE', #5849, 1.000000000000000888 ) ;
#4993 = CARTESIAN_POINT ( 'NONE',  ( -80.56737551610427772, 27.53751450516924848, 34.99998749999998182 ) ) ;
#4994 = ORIENTED_EDGE ( 'NONE', *, *, #2733, .F. ) ;
#4995 = PLANE ( 'NONE',  #1735 ) ;
#4996 = EDGE_CURVE ( 'NONE', #5349, #4087, #3844, .T. ) ;
#4997 = DIRECTION ( 'NONE',  ( -0.000000000000000000, 0.4690877621129207475, 0.8831515563230877275 ) ) ;
#4998 = DIRECTION ( 'NONE',  ( 0.000000000000000000, 0.000000000000000000, -1.000000000000000000 ) ) ;
#4999 = VECTOR ( 'NONE', #6260, 1000.000000000000000 ) ;
#5000 = VERTEX_POINT ( 'NONE', #3812 ) ;
#5001 = CARTESIAN_POINT ( 'NONE',  ( -58.56737551610429904, 27.53751450516924848, -71.00001250000001107 ) ) ;
#5002 = EDGE_CURVE ( 'NONE', #2413, #6279, #3405, .T. ) ;
#5003 = FACE_OUTER_BOUND ( 'NONE', #6524, .T. ) ;
#5004 = ORIENTED_EDGE ( 'NONE', *, *, #6125, .F. ) ;
#5005 = DIRECTION ( 'NONE',  ( 1.000000000000000000, 0.000000000000000000, 0.000000000000000000 ) ) ;
#5006 = CARTESIAN_POINT ( 'NONE',  ( -87.57999013744984040, 22.33751450516924564, -84.40001250000001676 ) ) ;
#5007 = ORIENTED_EDGE ( 'NONE', *, *, #979, .F. ) ;
#5008 = DIRECTION ( 'NONE',  ( 0.000000000000000000, 0.000000000000000000, 1.000000000000000000 ) ) ;
#5009 = EDGE_CURVE ( 'NONE', #597, #573, #4445, .T. ) ;
#5010 = DIRECTION ( 'NONE',  ( -0.000000000000000000, -1.000000000000000000, -0.000000000000000000 ) ) ;
#5011 = ADVANCED_FACE ( 'NONE', ( #1305 ), #4760, .T. ) ;
#5012 = CARTESIAN_POINT ( 'NONE',  ( 21.43262448389567254, 21.53751450516924848, 34.99998749999998182 ) ) ;
#5013 = CARTESIAN_POINT ( 'NONE',  ( -28.57999013744984396, 27.53751450516924848, 70.99998750000000314 ) ) ;
#5014 = ORIENTED_EDGE ( 'NONE', *, *, #5436, .T. ) ;
#5015 = CARTESIAN_POINT ( 'NONE',  ( -78.98784776853482015, 32.13859167208717338, 26.71785088692838528 ) ) ;
#5016 = ORIENTED_EDGE ( 'NONE', *, *, #5990, .T. ) ;
#5017 = ORIENTED_EDGE ( 'NONE', *, *, #2401, .F. ) ;
#5018 = ORIENTED_EDGE ( 'NONE', *, *, #2693, .T. ) ;
#5019 = CARTESIAN_POINT ( 'NONE',  ( 57.42000986255003880, 21.53751450516924848, -76.00001250000002528 ) ) ;
#5020 = ADVANCED_FACE ( 'NONE', ( #4410 ), #365, .F. ) ;
#5021 = CARTESIAN_POINT ( 'NONE',  ( 42.63262448389572512, 14.59933898094340421, 34.23368438735381147 ) ) ;
#5022 = CARTESIAN_POINT ( 'NONE',  ( 56.23262448389579049, 15.53751450516924493, 35.99998749999998182 ) ) ;
#5023 = CARTESIAN_POINT ( 'NONE',  ( 31.71412044509012418, 32.32848277886303379, 27.00898926833108149 ) ) ;
#5024 = ORIENTED_EDGE ( 'NONE', *, *, #3148, .T. ) ;
#5025 = FACE_OUTER_BOUND ( 'NONE', #1606, .T. ) ;
#5026 = VERTEX_POINT ( 'NONE', #3877 ) ;
#5027 = DIRECTION ( 'NONE',  ( 1.000000000000000000, 0.000000000000000000, -8.163404592832028049E-16 ) ) ;
#5028 = PLANE ( 'NONE',  #510 ) ;
#5029 = CARTESIAN_POINT ( 'NONE',  ( -69.36737551610424646, 32.36351073365042907, 27.06282506210558481 ) ) ;
#5030 = EDGE_LOOP ( 'NONE', ( #4487, #2878, #3411, #5380, #6566, #4825 ) ) ;
#5031 = CARTESIAN_POINT ( 'NONE',  ( 18.63262448389572867, 27.24714692436770136, 20.53955778290666956 ) ) ;
#5032 = EDGE_CURVE ( 'NONE', #6556, #3275, #6491, .T. ) ;
#5033 = EDGE_CURVE ( 'NONE', #3883, #1880, #5917, .T. ) ;
#5034 = VECTOR ( 'NONE', #3936, 1000.000000000000000 ) ;
#5035 = PLANE ( 'NONE',  #3383 ) ;
#5036 = VERTEX_POINT ( 'NONE', #5378 ) ;
#5037 = VECTOR ( 'NONE', #4196, 1000.000000000000000 ) ;
#5038 = CARTESIAN_POINT ( 'NONE',  ( -13.76737551610426813, 33.53751450516924137, -69.00001250000001107 ) ) ;
#5039 = CARTESIAN_POINT ( 'NONE',  ( -77.76737551610423793, 21.53751450516924848, -69.00001250000001107 ) ) ;
#5040 = COORDINATED_UNIVERSAL_TIME_OFFSET ( 8, 0, .AHEAD. ) ;
#5041 = AXIS2_PLACEMENT_3D ( 'NONE', #3118, #5764, #1650 ) ;
#5042 = ORIENTED_EDGE ( 'NONE', *, *, #2776, .T. ) ;
#5043 = DIRECTION ( 'NONE',  ( 0.000000000000000000, 0.000000000000000000, 1.000000000000000000 ) ) ;
#5044 = AXIS2_PLACEMENT_3D ( 'NONE', #6317, #703, #596 ) ;
#5045 = CYLINDRICAL_SURFACE ( 'NONE', #3890, 1.000000000000000888 ) ;
#5046 = DIRECTION ( 'NONE',  ( 0.000000000000000000, 0.000000000000000000, -1.000000000000000000 ) ) ;
#5047 = CARTESIAN_POINT ( 'NONE',  ( -0.5673755161042931539, 27.53751450516924848, -71.00001250000001107 ) ) ;
#5048 = VERTEX_POINT ( 'NONE', #1371 ) ;
#5049 = CARTESIAN_POINT ( 'NONE',  ( -30.57999013744987238, 22.53751450516924848, -76.00001250000002528 ) ) ;
#5050 = ORIENTED_EDGE ( 'NONE', *, *, #4443, .F. ) ;
#5051 = EDGE_CURVE ( 'NONE', #1325, #5695, #5443, .T. ) ;
#5052 = VERTEX_POINT ( 'NONE', #5822 ) ;
#5053 = ORIENTED_EDGE ( 'NONE', *, *, #4862, .T. ) ;
#5054 = FACE_OUTER_BOUND ( 'NONE', #6206, .T. ) ;
#5055 = AXIS2_PLACEMENT_3D ( 'NONE', #5341, #5911, #2302 ) ;
#5056 = CARTESIAN_POINT ( 'NONE',  ( -80.56737551610429193, 22.53751450516924848, -71.00001250000001107 ) ) ;
#5057 = DIRECTION ( 'NONE',  ( -0.000000000000000000, -1.000000000000000000, -0.000000000000000000 ) ) ;
#5058 = CARTESIAN_POINT ( 'NONE',  ( -1.420105866589058907, 31.55064183141506717, 25.82452422435025596 ) ) ;
#5059 = ORIENTED_EDGE ( 'NONE', *, *, #4561, .F. ) ;
#5060 = EDGE_CURVE ( 'NONE', #1007, #5482, #3775, .T. ) ;
#5061 = CARTESIAN_POINT ( 'NONE',  ( 42.63262448389572512, 33.53751450516924137, 35.99998749999998182 ) ) ;
#5062 = ORIENTED_EDGE ( 'NONE', *, *, #4996, .F. ) ;
#5063 = CARTESIAN_POINT ( 'NONE',  ( -56.93894839135805341, 35.53751450516924848, -71.00001250000001107 ) ) ;
#5064 = DIRECTION ( 'NONE',  ( -0.000000000000000000, -1.000000000000000000, -0.000000000000000000 ) ) ;
#5065 = CARTESIAN_POINT ( 'NONE',  ( -4.579990137449835075, 23.53751450516924493, -86.00001250000001107 ) ) ;
#5066 = ORIENTED_EDGE ( 'NONE', *, *, #6306, .T. ) ;
#5067 = VECTOR ( 'NONE', #3375, 1000.000000000000000 ) ;
#5068 = DIRECTION ( 'NONE',  ( 0.000000000000000000, -1.000000000000000000, 0.000000000000000000 ) ) ;
#5069 = PLANE ( 'NONE',  #604 ) ;
#5070 = EDGE_LOOP ( 'NONE', ( #5899, #773, #1015, #3620 ) ) ;
#5071 = VECTOR ( 'NONE', #2295, 1000.000000000000000 ) ;
#5072 = LINE ( 'NONE', #6481, #1618 ) ;
#5073 = DIRECTION ( 'NONE',  ( 0.000000000000000000, 0.000000000000000000, 1.000000000000000000 ) ) ;
#5074 = LINE ( 'NONE', #5509, #5179 ) ;
#5075 = VECTOR ( 'NONE', #2473, 1000.000000000000000 ) ;
#5076 = CARTESIAN_POINT ( 'NONE',  ( 13.42000986255015249, 27.53751450516924848, 70.99998750000000314 ) ) ;
#5077 = EDGE_CURVE ( 'NONE', #5145, #3096, #4004, .T. ) ;
#5078 = CARTESIAN_POINT ( 'NONE',  ( 56.42000986255003880, 26.53751450516924493, -77.00001250000002528 ) ) ;
#5079 = CARTESIAN_POINT ( 'NONE',  ( -72.57999013744984040, 21.53751450516924848, 68.99998750000000314 ) ) ;
#5080 = AXIS2_PLACEMENT_3D ( 'NONE', #340, #5829, #5384 ) ;
#5081 = CARTESIAN_POINT ( 'NONE',  ( -79.76737551610426635, 31.40297912030127492, 25.60237436091732732 ) ) ;
#5082 = VECTOR ( 'NONE', #3137, 1000.000000000000000 ) ;
#5083 = ORIENTED_EDGE ( 'NONE', *, *, #5696, .T. ) ;
#5084 = ORIENTED_EDGE ( 'NONE', *, *, #261, .T. ) ;
#5085 = ORIENTED_EDGE ( 'NONE', *, *, #5300, .T. ) ;
#5086 = DIRECTION ( 'NONE',  ( 1.000000000000000000, 0.000000000000000000, -0.000000000000000000 ) ) ;
#5088 = EDGE_CURVE ( 'NONE', #1081, #4770, #1340, .T. ) ;
#5087 = VECTOR ( 'NONE', #3596, 1000.000000000000000 ) ;
#5089 = DIRECTION ( 'NONE',  ( 1.000000000000000000, 0.000000000000000000, 0.000000000000000000 ) ) ;
#5090 = CARTESIAN_POINT ( 'NONE',  ( -6.579990137449851062, 27.53751450516924848, 68.99998749999993208 ) ) ;
#5091 = CARTESIAN_POINT ( 'NONE',  ( 32.23262448389574786, 32.36351073365042907, 27.06282506210558481 ) ) ;
#5092 = ORIENTED_EDGE ( 'NONE', *, *, #1576, .F. ) ;
#5093 = VECTOR ( 'NONE', #4158, 1000.000000000000000 ) ;
#5094 = EDGE_LOOP ( 'NONE', ( #2513, #5890, #1997, #2660 ) ) ;
#5095 = DIRECTION ( 'NONE',  ( 1.000000000000000000, -0.000000000000000000, -0.000000000000000000 ) ) ;
#5096 = EDGE_CURVE ( 'NONE', #2108, #6225, #1, .T. ) ;
#5097 = LINE ( 'NONE', #2527, #4879 ) ;
#5098 = CIRCLE ( 'NONE', #2872, 2.250000000000001776 ) ;
#5099 = EDGE_CURVE ( 'NONE', #6136, #5930, #3943, .T. ) ;
#5100 = DIRECTION ( 'NONE',  ( -0.000000000000000000, -1.000000000000000000, -0.000000000000000000 ) ) ;
#5101 = VECTOR ( 'NONE', #4363, 1000.000000000000000 ) ;
#5102 = EDGE_LOOP ( 'NONE', ( #2435, #2713, #563, #5114 ) ) ;
#5103 = DIRECTION ( 'NONE',  ( -1.000000000000000000, 0.000000000000000000, 0.000000000000000000 ) ) ;
#5104 = CARTESIAN_POINT ( 'NONE',  ( -94.57999013744984040, 27.53751450516924848, 34.99998749999998182 ) ) ;
#5105 = VECTOR ( 'NONE', #4685, 1000.000000000000000 ) ;
#5106 = ORIENTED_EDGE ( 'NONE', *, *, #2258, .F. ) ;
#5107 = DIRECTION ( 'NONE',  ( 0.000000000000000000, 0.000000000000000000, 1.000000000000000000 ) ) ;
#5108 = PLANE ( 'NONE',  #4608 ) ;
#5109 = CARTESIAN_POINT ( 'NONE',  ( 42.63262448389572512, 31.25785105076080228, 25.38548150415243754 ) ) ;
#5110 = CARTESIAN_POINT ( 'NONE',  ( -39.57999013744984040, 23.53751450516924493, -82.50001250000001107 ) ) ;
#5111 = ORIENTED_EDGE ( 'NONE', *, *, #522, .F. ) ;
#5112 = DIRECTION ( 'NONE',  ( -0.000000000000000000, -1.000000000000000000, -0.000000000000000000 ) ) ;
#5113 = CARTESIAN_POINT ( 'NONE',  ( -87.57999013744984040, 27.53751450516924493, -84.40001250000001676 ) ) ;
#5114 = ORIENTED_EDGE ( 'NONE', *, *, #3257, .F. ) ;
#5115 = ADVANCED_FACE ( 'NONE', ( #3469 ), #6120, .T. ) ;
#5116 = ORIENTED_EDGE ( 'NONE', *, *, #2378, .F. ) ;
#5117 = ORIENTED_EDGE ( 'NONE', *, *, #3825, .F. ) ;
#5118 = DIRECTION ( 'NONE',  ( -0.000000000000000000, 1.000000000000000000, -0.000000000000000000 ) ) ;
#5119 = DIRECTION ( 'NONE',  ( 0.000000000000000000, 0.000000000000000000, -1.000000000000000000 ) ) ;
#5120 = CARTESIAN_POINT ( 'NONE',  ( -3.367375516104276212, 33.53751450516924137, -71.00001250000001107 ) ) ;
#5121 = CARTESIAN_POINT ( 'NONE',  ( -3.104876369598681851, 32.35639025246003087, 27.05187548765923822 ) ) ;
#5122 = ORIENTED_EDGE ( 'NONE', *, *, #3200, .T. ) ;
#5123 = ADVANCED_FACE ( 'NONE', ( #6016 ), #6585, .T. ) ;
#5124 = ORIENTED_EDGE ( 'NONE', *, *, #3495, .F. ) ;
#5125 = DIRECTION ( 'NONE',  ( 1.000000000000000000, -0.000000000000000000, -0.000000000000000000 ) ) ;
#5126 = LINE ( 'NONE', #5065, #508 ) ;
#5127 = ORIENTED_EDGE ( 'NONE', *, *, #6277, .T. ) ;
#5128 = CARTESIAN_POINT ( 'NONE',  ( 18.63262448389572867, 27.24714692436770136, 20.53955778290666956 ) ) ;
#5129 = ADVANCED_FACE ( 'NONE', ( #1905, #3040 ), #6553, .T. ) ;
#5130 = DIRECTION ( 'NONE',  ( 1.000000000000000000, -0.000000000000000000, 0.000000000000000000 ) ) ;
#5131 = VERTEX_POINT ( 'NONE', #4474 ) ;
#5132 = DIRECTION ( 'NONE',  ( 0.000000000000000000, 0.000000000000000000, 1.000000000000000000 ) ) ;
#5133 = LINE ( 'NONE', #6240, #3968 ) ;
#5134 = VECTOR ( 'NONE', #1130, 1000.000000000000000 ) ;
#5135 = ADVANCED_FACE ( 'NONE', ( #1508 ), #1401, .F. ) ;
#5136 = CARTESIAN_POINT ( 'NONE',  ( 56.23262448389579049, 21.53751450516924848, 32.81307518293911585 ) ) ;
#5137 = CARTESIAN_POINT ( 'NONE',  ( -44.56737551610429193, 21.53751450516924848, 68.99998750000000314 ) ) ;
#5138 = VECTOR ( 'NONE', #3855, 1000.000000000000000 ) ;
#5139 = ORIENTED_EDGE ( 'NONE', *, *, #5909, .T. ) ;
#5140 = CARTESIAN_POINT ( 'NONE',  ( 47.42000986255016670, 21.53751450516924848, -82.50001250000001107 ) ) ;
#5141 = DIRECTION ( 'NONE',  ( -0.000000000000000000, 1.000000000000000000, -0.000000000000000000 ) ) ;
#5142 = ORIENTED_EDGE ( 'NONE', *, *, #753, .F. ) ;
#5143 = VECTOR ( 'NONE', #2146, 1000.000000000000000 ) ;
#5144 = ORIENTED_EDGE ( 'NONE', *, *, #6286, .T. ) ;
#5145 = VERTEX_POINT ( 'NONE', #4509 ) ;
#5146 = DIRECTION ( 'NONE',  ( 1.000000000000000000, 0.000000000000000000, -2.040851148208007012E-16 ) ) ;
#5147 = LINE ( 'NONE', #2245, #6365 ) ;
#5148 = LINE ( 'NONE', #2019, #411 ) ;
#5149 = ADVANCED_FACE ( 'NONE', ( #1969 ), #3437, .F. ) ;
#5150 = CARTESIAN_POINT ( 'NONE',  ( -1.767668936697062820, 31.93975109016794534, 26.41421418141598920 ) ) ;
#5151 = ORIENTED_EDGE ( 'NONE', *, *, #2363, .F. ) ;
#5152 = EDGE_LOOP ( 'NONE', ( #334, #2247, #6069, #1792 ) ) ;
#5153 = LINE ( 'NONE', #3684, #2697 ) ;
#5154 = EDGE_CURVE ( 'NONE', #2336, #4710, #1036, .T. ) ;
#5155 = FACE_OUTER_BOUND ( 'NONE', #4450, .T. ) ;
#5156 = EDGE_LOOP ( 'NONE', ( #6155, #473, #2677, #5964, #2349, #3218, #4460 ) ) ;
#5157 = CARTESIAN_POINT ( 'NONE',  ( 18.63262448389571446, 33.53751450516924137, -71.00001250000001107 ) ) ;
#5158 = DIRECTION ( 'NONE',  ( 1.309225264888156377E-16, 0.000000000000000000, 1.000000000000000000 ) ) ;
#5159 = ORIENTED_EDGE ( 'NONE', *, *, #3278, .F. ) ;
#5160 = EDGE_CURVE ( 'NONE', #6352, #3494, #6087, .T. ) ;
#5161 = FACE_BOUND ( 'NONE', #1709, .T. ) ;
#5162 = CARTESIAN_POINT ( 'NONE',  ( -3.367375516104262445, 33.53751450516924137, 20.53955778290666956 ) ) ;
#5163 = EDGE_LOOP ( 'NONE', ( #2523, #5050, #6150, #4673 ) ) ;
#5164 = CARTESIAN_POINT ( 'NONE',  ( -13.76737551610426813, 35.53751450516924848, -71.00001250000001107 ) ) ;
#5165 = AXIS2_PLACEMENT_3D ( 'NONE', #5474, #3941, #5978 ) ;
#5166 = DIRECTION ( 'NONE',  ( 0.000000000000000000, -1.000000000000000000, 0.000000000000000000 ) ) ;
#5167 = AXIS2_PLACEMENT_3D ( 'NONE', #649, #113, #5327 ) ;
#5168 = EDGE_LOOP ( 'NONE', ( #3554, #1716, #5711, #1284, #5720 ) ) ;
#5169 = EDGE_CURVE ( 'NONE', #1061, #3747, #6050, .T. ) ;
#5170 = CARTESIAN_POINT ( 'NONE',  ( -74.57999013744985461, 21.53751450516924848, 68.99998750000000314 ) ) ;
#5171 = ADVANCED_FACE ( 'NONE', ( #2939 ), #899, .T. ) ;
#5172 = FACE_OUTER_BOUND ( 'NONE', #3448, .T. ) ;
#5173 = VERTEX_POINT ( 'NONE', #3510 ) ;
#5174 = DIRECTION ( 'NONE',  ( -1.296989514749014917E-16, 0.000000000000000000, -1.000000000000000000 ) ) ;
#5175 = AXIS2_PLACEMENT_3D ( 'NONE', #1550, #4114, #1944 ) ;
#5176 = ORIENTED_EDGE ( 'NONE', *, *, #254, .T. ) ;
#5177 = ORIENTED_EDGE ( 'NONE', *, *, #4132, .T. ) ;
#5178 = PLANE ( 'NONE',  #2200 ) ;
#5179 = VECTOR ( 'NONE', #6046, 1000.000000000000000 ) ;
#5180 = DIRECTION ( 'NONE',  ( 1.000000000000000000, 0.000000000000000000, -2.593979029498029835E-16 ) ) ;
#5181 = CARTESIAN_POINT ( 'NONE',  ( -39.57999013744984040, 23.53751450516924493, -82.50001250000001107 ) ) ;
#5182 = CARTESIAN_POINT ( 'NONE',  ( -94.57999013744985461, 27.12330094279615267, -87.58579893762691881 ) ) ;
#5183 = VERTEX_POINT ( 'NONE', #467 ) ;
#5184 = VECTOR ( 'NONE', #4453, 1000.000000000000000 ) ;
#5185 = ORIENTED_EDGE ( 'NONE', *, *, #1034, .F. ) ;
#5186 = AXIS2_PLACEMENT_3D ( 'NONE', #400, #5616, #3509 ) ;
#5187 = DIRECTION ( 'NONE',  ( -0.000000000000000000, 1.000000000000000000, -0.000000000000000000 ) ) ;
#5188 = LINE ( 'NONE', #2152, #1973 ) ;
#5189 = CARTESIAN_POINT ( 'NONE',  ( -74.57999013744984040, 27.53751450516924493, -79.00001250000001107 ) ) ;
#5191 = ORIENTED_EDGE ( 'NONE', *, *, #4437, .F. ) ;
#5190 = AXIS2_PLACEMENT_3D ( 'NONE', #4629, #53, #6172 ) ;
#5192 = LINE ( 'NONE', #2064, #1351 ) ;
#5193 = AXIS2_PLACEMENT_3D ( 'NONE', #3567, #4348, #5542 ) ;
#5194 = EDGE_CURVE ( 'NONE', #5315, #493, #2507, .T. ) ;
#5195 = AXIS2_PLACEMENT_3D ( 'NONE', #4592, #5716, #6294 ) ;
#5196 = LINE ( 'NONE', #1089, #5093 ) ;
#5197 = FACE_OUTER_BOUND ( 'NONE', #5986, .T. ) ;
#5198 = LINE ( 'NONE', #5229, #3189 ) ;
#5199 = LINE ( 'NONE', #1160, #4719 ) ;
#5200 = EDGE_LOOP ( 'NONE', ( #1119, #6300 ) ) ;
#5201 = VECTOR ( 'NONE', #4006, 1000.000000000000000 ) ;
#5202 = DIRECTION ( 'NONE',  ( 0.000000000000000000, 1.000000000000000000, -0.000000000000000000 ) ) ;
#5203 = EDGE_CURVE ( 'NONE', #3000, #1916, #2443, .T. ) ;
#5204 = FACE_OUTER_BOUND ( 'NONE', #4388, .T. ) ;
#5205 = EDGE_LOOP ( 'NONE', ( #226, #4957, #2976, #3105, #4285, #212, #5507 ) ) ;
#5206 = LINE ( 'NONE', #4104, #2579 ) ;
#5207 = CARTESIAN_POINT ( 'NONE',  ( 30.23262448389574075, 33.53751450516924137, 20.53955778290666956 ) ) ;
#5208 = AXIS2_PLACEMENT_3D ( 'NONE', #5655, #6063, #6095 ) ;
#5209 = ORIENTED_EDGE ( 'NONE', *, *, #1375, .T. ) ;
#5210 = DIRECTION ( 'NONE',  ( 8.163404592832028049E-16, -0.000000000000000000, 1.000000000000000000 ) ) ;
#5211 = EDGE_CURVE ( 'NONE', #2154, #4581, #1432, .T. ) ;
#5212 = ORIENTED_EDGE ( 'NONE', *, *, #5549, .T. ) ;
#5213 = VERTEX_POINT ( 'NONE', #2975 ) ;
#5214 = CARTESIAN_POINT ( 'NONE',  ( -3.367375516104276212, 22.53751450516924848, -71.00001250000001107 ) ) ;
#5215 = LINE ( 'NONE', #638, #4239 ) ;
#5216 = DIRECTION ( 'NONE',  ( -0.000000000000000000, 0.000000000000000000, 1.000000000000000000 ) ) ;
#5217 = DIRECTION ( 'NONE',  ( 0.000000000000000000, -1.000000000000000000, -0.000000000000000000 ) ) ;
#5218 = EDGE_LOOP ( 'NONE', ( #2014, #4691, #515, #5922, #2393, #5432, #6548, #110 ) ) ;
#5219 = DIRECTION ( 'NONE',  ( 0.000000000000000000, -1.000000000000000000, 0.000000000000000000 ) ) ;
#5220 = EDGE_LOOP ( 'NONE', ( #5969, #5782, #6074, #2326 ) ) ;
#5221 = ORIENTED_EDGE ( 'NONE', *, *, #904, .T. ) ;
#5222 = EDGE_CURVE ( 'NONE', #4260, #975, #2472, .T. ) ;
#5223 = CARTESIAN_POINT ( 'NONE',  ( -47.36737551610425356, 22.53751450516924848, -71.00001250000001107 ) ) ;
#5224 = DIRECTION ( 'NONE',  ( -0.000000000000000000, -0.000000000000000000, -1.000000000000000000 ) ) ;
#5225 = CARTESIAN_POINT ( 'NONE',  ( 20.63262448389573223, 21.53751450516925203, 31.87504012110299811 ) ) ;
#5226 = VERTEX_POINT ( 'NONE', #1166 ) ;
#5227 = CARTESIAN_POINT ( 'NONE',  ( -94.57999013744984040, 27.53751450516924848, -71.00001250000001107 ) ) ;
#5228 = VERTEX_POINT ( 'NONE', #5170 ) ;
#5229 = CARTESIAN_POINT ( 'NONE',  ( 7.432624483895685863, 27.53751450516924848, -71.00001250000001107 ) ) ;
#5230 = EDGE_CURVE ( 'NONE', #3240, #131, #3750, .T. ) ;
#5231 = LINE ( 'NONE', #2701, #5244 ) ;
#5232 = ORIENTED_EDGE ( 'NONE', *, *, #1071, .F. ) ;
#5233 =( BOUNDED_CURVE ( )  B_SPLINE_CURVE ( 3, ( #4263, #5903, #2798, #6343 ),
 .UNSPECIFIED., .F., .F. ) 
 B_SPLINE_CURVE_WITH_KNOTS ( ( 4, 4 ),
 ( 1.570796326794896780, 3.141592653589793116 ),
 .UNSPECIFIED. ) 
 CURVE ( )  GEOMETRIC_REPRESENTATION_ITEM ( )  RATIONAL_B_SPLINE_CURVE ( ( 1.000000000000000000, 0.8047378541243650485, 0.8047378541243650485, 1.000000000000000000 ) ) 
 REPRESENTATION_ITEM ( '' )  );
#5234 = LINE ( 'NONE', #5807, #3590 ) ;
#5235 = CARTESIAN_POINT ( 'NONE',  ( -52.57999013744984751, 21.53751450516924848, 68.99998750000000314 ) ) ;
#5236 = VERTEX_POINT ( 'NONE', #666 ) ;
#5237 = VECTOR ( 'NONE', #2672, 1000.000000000000000 ) ;
#5238 = DIRECTION ( 'NONE',  ( 0.000000000000000000, 1.000000000000000000, 0.000000000000000000 ) ) ;
#5239 = EDGE_CURVE ( 'NONE', #5464, #4582, #3102, .T. ) ;
#5240 = CYLINDRICAL_SURFACE ( 'NONE', #1203, 2.000000000000001776 ) ;
#5241 = ORIENTED_EDGE ( 'NONE', *, *, #4791, .F. ) ;
#5242 = CARTESIAN_POINT ( 'NONE',  ( -6.579990137449851062, 25.53751450516925203, 68.99998750000000314 ) ) ;
#5243 = VERTEX_POINT ( 'NONE', #5708 ) ;
#5244 = VECTOR ( 'NONE', #1315, 1000.000000000000000 ) ;
#5245 = VERTEX_POINT ( 'NONE', #4201 ) ;
#5246 = LINE ( 'NONE', #3140, #387 ) ;
#5247 = DIRECTION ( 'NONE',  ( 0.000000000000000000, 0.000000000000000000, 1.000000000000000000 ) ) ;
#5248 = LINE ( 'NONE', #1208, #4323 ) ;
#5249 = CARTESIAN_POINT ( 'NONE',  ( -47.36737551610425356, 33.53751450516924137, -71.00001250000001107 ) ) ;
#5250 = EDGE_CURVE ( 'NONE', #6321, #4290, #2074, .T. ) ;
#5251 = ORIENTED_EDGE ( 'NONE', *, *, #5230, .F. ) ;
#5252 = AXIS2_PLACEMENT_3D ( 'NONE', #1683, #5761, #1178 ) ;
#5253 = LINE ( 'NONE', #1717, #6328 ) ;
#5254 = ORIENTED_EDGE ( 'NONE', *, *, #6569, .F. ) ;
#5255 = VECTOR ( 'NONE', #2319, 1000.000000000000000 ) ;
#5256 = ORIENTED_EDGE ( 'NONE', *, *, #5981, .T. ) ;
#5257 = AXIS2_PLACEMENT_3D ( 'NONE', #1478, #2509, #532 ) ;
#5258 = DIRECTION ( 'NONE',  ( 6.084019089575384694E-17, -0.8831515563230877275, 0.4690877621129207475 ) ) ;
#5259 = DIRECTION ( 'NONE',  ( 0.000000000000000000, 1.000000000000000000, -0.000000000000000000 ) ) ;
#5260 = CARTESIAN_POINT ( 'NONE',  ( 30.42000986255016670, 23.53751450516924493, -79.00001250000001107 ) ) ;
#5261 = EDGE_CURVE ( 'NONE', #2907, #5827, #3706, .T. ) ;
#5262 = VERTEX_POINT ( 'NONE', #5747 ) ;
#5263 = DIRECTION ( 'NONE',  ( -1.000000000000000000, 0.000000000000000000, 0.000000000000000000 ) ) ;
#5264 = LINE ( 'NONE', #6409, #1470 ) ;
#5265 = AXIS2_PLACEMENT_3D ( 'NONE', #2269, #6389, #3337 ) ;
#5266 = LINE ( 'NONE', #752, #2002 ) ;
#5267 = AXIS2_PLACEMENT_3D ( 'NONE', #3523, #2490, #6567 ) ;
#5268 = LINE ( 'NONE', #4769, #1406 ) ;
#5269 = ORIENTED_EDGE ( 'NONE', *, *, #2037, .T. ) ;
#5270 = DIRECTION ( 'NONE',  ( -1.000000000000000000, 0.000000000000000000, -0.000000000000000000 ) ) ;
#5271 = CARTESIAN_POINT ( 'NONE',  ( 56.23262448389579049, 35.53751450516924848, 20.53955778290666956 ) ) ;
#5272 = VERTEX_POINT ( 'NONE', #4238 ) ;
#5273 = DIRECTION ( 'NONE',  ( 0.000000000000000000, 0.000000000000000000, 1.000000000000000000 ) ) ;
#5274 = CARTESIAN_POINT ( 'NONE',  ( -80.56737551610429193, 22.53751450516924848, -71.00001250000001107 ) ) ;
#5275 = ORIENTED_EDGE ( 'NONE', *, *, #1776, .F. ) ;
#5276 = LINE ( 'NONE', #705, #1882 ) ;
#5277 = VERTEX_POINT ( 'NONE', #129 ) ;
#5278 = EDGE_CURVE ( 'NONE', #5824, #5026, #4741, .T. ) ;
#5279 = AXIS2_PLACEMENT_3D ( 'NONE', #1883, #1379, #537 ) ;
#5280 = EDGE_CURVE ( 'NONE', #3682, #6297, #5206, .T. ) ;
#5281 = LINE ( 'NONE', #709, #694 ) ;
#5282 = DIRECTION ( 'NONE',  ( 1.000000000000000000, -0.000000000000000000, -0.000000000000000000 ) ) ;
#5283 = CARTESIAN_POINT ( 'NONE',  ( -94.57999013744984040, 27.53751450516924848, 34.99998749999998182 ) ) ;
#5284 = PLANE ( 'NONE',  #5859 ) ;
#5285 = ORIENTED_EDGE ( 'NONE', *, *, #6569, .T. ) ;
#5286 = DIRECTION ( 'NONE',  ( 0.000000000000000000, 0.000000000000000000, 1.000000000000000000 ) ) ;
#5287 = VECTOR ( 'NONE', #980, 999.9999999999998863 ) ;
#5288 = ORIENTED_EDGE ( 'NONE', *, *, #1045, .F. ) ;
#5289 = ORIENTED_EDGE ( 'NONE', *, *, #955, .T. ) ;
#5290 = EDGE_CURVE ( 'NONE', #3204, #852, #2743, .T. ) ;
#5291 = DIRECTION ( 'NONE',  ( -0.000000000000000000, 1.000000000000000000, -0.000000000000000000 ) ) ;
#5292 = CIRCLE ( 'NONE', #3472, 2.250000000000001776 ) ;
#5293 = CARTESIAN_POINT ( 'NONE',  ( -50.57999013744984751, 26.53751450516924848, 70.99998750000000314 ) ) ;
#5294 = LINE ( 'NONE', #3191, #1696 ) ;
#5295 = ORIENTED_EDGE ( 'NONE', *, *, #2234, .T. ) ;
#5296 = VECTOR ( 'NONE', #373, 1000.000000000000000 ) ;
#5297 = DIRECTION ( 'NONE',  ( 0.000000000000000000, 1.000000000000000000, 0.000000000000000000 ) ) ;
#5298 = VECTOR ( 'NONE', #3971, 1000.000000000000000 ) ;
#5299 = EDGE_CURVE ( 'NONE', #1499, #6211, #4711, .T. ) ;
#5300 = EDGE_CURVE ( 'NONE', #1061, #1580, #2604, .T. ) ;
#5301 = LINE ( 'NONE', #3828, #5101 ) ;
#5302 = DIRECTION ( 'NONE',  ( 1.000000000000000000, -0.000000000000000000, -1.296989514749014917E-16 ) ) ;
#5303 = VECTOR ( 'NONE', #2962, 1000.000000000000000 ) ;
#5304 = EDGE_LOOP ( 'NONE', ( #4281, #945, #5418, #1215, #4268 ) ) ;
#5305 = LINE ( 'NONE', #223, #6246 ) ;
#5306 = VECTOR ( 'NONE', #2066, 1000.000000000000000 ) ;
#5307 = ADVANCED_FACE ( 'NONE', ( #1199 ), #3241, .F. ) ;
#5308 = DIRECTION ( 'NONE',  ( 0.000000000000000000, 1.000000000000000000, -0.000000000000000000 ) ) ;
#5309 = ORIENTED_EDGE ( 'NONE', *, *, #2526, .T. ) ;
#5310 = CARTESIAN_POINT ( 'NONE',  ( 40.63262448389571091, 35.53751450516924848, -71.00001250000001107 ) ) ;
#5311 = VECTOR ( 'NONE', #3893, 1000.000000000000000 ) ;
#5312 = CARTESIAN_POINT ( 'NONE',  ( -58.56737551610429193, 27.53751450516924848, 34.99998749999998182 ) ) ;
#5313 = VERTEX_POINT ( 'NONE', #1574 ) ;
#5314 = LINE ( 'NONE', #2240, #1235 ) ;
#5315 = VERTEX_POINT ( 'NONE', #6181 ) ;
#5316 = CARTESIAN_POINT ( 'NONE',  ( -45.36737551610425356, 27.24714692436770136, 20.53955778290666956 ) ) ;
#5317 = FACE_OUTER_BOUND ( 'NONE', #5152, .T. ) ;
#5318 = DIRECTION ( 'NONE',  ( 0.000000000000000000, 0.000000000000000000, 1.000000000000000000 ) ) ;
#5319 = LINE ( 'NONE', #738, #2320 ) ;
#5320 = VERTEX_POINT ( 'NONE', #3171 ) ;
#5321 = DIRECTION ( 'NONE',  ( 0.000000000000000000, 0.000000000000000000, 1.000000000000000000 ) ) ;
#5322 = EDGE_CURVE ( 'NONE', #3253, #5236, #1831, .T. ) ;
#5324 = EDGE_CURVE ( 'NONE', #4687, #3935, #3608, .T. ) ;
#5323 = EDGE_LOOP ( 'NONE', ( #1307, #3289, #4440, #914 ) ) ;
#5325 = ORIENTED_EDGE ( 'NONE', *, *, #2960, .F. ) ;
#5326 = CARTESIAN_POINT ( 'NONE',  ( 30.42000986255016670, 13.53751450516924493, -84.75001250000001107 ) ) ;
#5327 = DIRECTION ( 'NONE',  ( -6.484947573745074586E-17, 0.000000000000000000, -1.000000000000000000 ) ) ;
#5328 = CARTESIAN_POINT ( 'NONE',  ( -87.57999013744984040, 22.33751450516924564, -80.60001250000000539 ) ) ;
#5330 = EDGE_CURVE ( 'NONE', #1649, #4371, #5648, .T. ) ;
#5329 = ORIENTED_EDGE ( 'NONE', *, *, #5460, .T. ) ;
#5331 = CARTESIAN_POINT ( 'NONE',  ( 15.42000986255014006, 21.53751450516924848, 68.99998749999991787 ) ) ;
#5332 = DIRECTION ( 'NONE',  ( 0.000000000000000000, 0.000000000000000000, 1.000000000000000000 ) ) ;
#5333 = CARTESIAN_POINT ( 'NONE',  ( -6.579990137449851062, 27.53751450516924848, 70.99998750000000314 ) ) ;
#5335 = EDGE_CURVE ( 'NONE', #3476, #158, #4639, .T. ) ;
#5334 = ORIENTED_EDGE ( 'NONE', *, *, #3740, .F. ) ;
#5336 = CARTESIAN_POINT ( 'NONE',  ( 30.42000986255016670, 23.53751450516924493, -86.00001250000001107 ) ) ;
#5337 = CARTESIAN_POINT ( 'NONE',  ( 20.63262448389571801, 35.53751450516924848, -69.00001250000001107 ) ) ;
#5338 = ORIENTED_EDGE ( 'NONE', *, *, #692, .T. ) ;
#5339 = LINE ( 'NONE', #760, #2894 ) ;
#5340 = EDGE_CURVE ( 'NONE', #3338, #4819, #1188, .T. ) ;
#5341 = CARTESIAN_POINT ( 'NONE',  ( 0.000000000000000000, 0.000000000000000000, -76.00001250000002528 ) ) ;
#5342 = ORIENTED_EDGE ( 'NONE', *, *, #6332, .T. ) ;
#5343 = LINE ( 'NONE', #1807, #5614 ) ;
#5344 = ORIENTED_EDGE ( 'NONE', *, *, #2300, .T. ) ;
#5345 = DIRECTION ( 'NONE',  ( 0.000000000000000000, 0.000000000000000000, 1.000000000000000000 ) ) ;
#5346 = DIRECTION ( 'NONE',  ( 1.000000000000000000, -0.000000000000000000, -0.000000000000000000 ) ) ;
#5347 = DIRECTION ( 'NONE',  ( -2.618450529776312753E-16, 0.000000000000000000, 1.000000000000000000 ) ) ;
#5348 = CARTESIAN_POINT ( 'NONE',  ( -79.76737551610423793, 35.53751450516924848, -71.00001250000001107 ) ) ;
#5349 = VERTEX_POINT ( 'NONE', #3133 ) ;
#5350 = DIRECTION ( 'NONE',  ( 0.000000000000000000, 1.000000000000000000, -0.000000000000000000 ) ) ;
#5351 = VERTEX_POINT ( 'NONE', #5812 ) ;
#5352 = VECTOR ( 'NONE', #2968, 1000.000000000000000 ) ;
#5353 = VERTEX_POINT ( 'NONE', #856 ) ;
#5354 = LINE ( 'NONE', #2251, #6114 ) ;
#5355 = EDGE_CURVE ( 'NONE', #155, #2224, #3870, .T. ) ;
#5356 = VECTOR ( 'NONE', #379, 1000.000000000000000 ) ;
#5357 = LINE ( 'NONE', #5988, #6460 ) ;
#5358 = CARTESIAN_POINT ( 'NONE',  ( 30.23262448389571588, 35.53751450516924848, -71.00001250000001107 ) ) ;
#5359 = EDGE_LOOP ( 'NONE', ( #3547, #3742, #4594, #4320, #1972, #3287, #5053 ) ) ;
#5360 = LINE ( 'NONE', #5835, #6478 ) ;
#5361 = CIRCLE ( 'NONE', #1411, 3.500000000000003109 ) ;
#5362 = EDGE_CURVE ( 'NONE', #3196, #2555, #1865, .T. ) ;
#5363 = CARTESIAN_POINT ( 'NONE',  ( -52.57999013744984751, 25.53751450516925203, 70.99998750000000314 ) ) ;
#5364 = CARTESIAN_POINT ( 'NONE',  ( 30.42000986255016670, 23.53751450516924493, -80.25001250000001107 ) ) ;
#5365 = ORIENTED_EDGE ( 'NONE', *, *, #3704, .T. ) ;
#5366 = EDGE_CURVE ( 'NONE', #1603, #4598, #5339, .T. ) ;
#5367 = CARTESIAN_POINT ( 'NONE',  ( -55.76737551610425214, 35.53751450516924848, -71.00001250000001107 ) ) ;
#5368 = ORIENTED_EDGE ( 'NONE', *, *, #3751, .F. ) ;
#5369 = PLANE ( 'NONE',  #4920 ) ;
#5370 = CARTESIAN_POINT ( 'NONE',  ( -14.56737551610430614, 22.53751450516924848, -76.00001250000002528 ) ) ;
#5371 = ORIENTED_EDGE ( 'NONE', *, *, #1928, .T. ) ;
#5372 = DIRECTION ( 'NONE',  ( 0.000000000000000000, 0.000000000000000000, 1.000000000000000000 ) ) ;
#5373 = ORIENTED_EDGE ( 'NONE', *, *, #2572, .T. ) ;
#5374 = ADVANCED_FACE ( 'NONE', ( #3835 ), #6102, .T. ) ;
#5375 = LINE ( 'NONE', #1742, #5603 ) ;
#5376 = EDGE_CURVE ( 'NONE', #4729, #415, #4837, .T. ) ;
#5377 = DIRECTION ( 'NONE',  ( 0.000000000000000000, -0.4690877621129208586, -0.8831515563230876165 ) ) ;
#5378 = CARTESIAN_POINT ( 'NONE',  ( 10.23262448389575319, 35.53751450516924848, 20.53955778290666956 ) ) ;
#5379 = FACE_OUTER_BOUND ( 'NONE', #1748, .T. ) ;
#5380 = ORIENTED_EDGE ( 'NONE', *, *, #5032, .T. ) ;
#5381 = DIRECTION ( 'NONE',  ( -0.000000000000000000, 0.000000000000000000, 1.000000000000000000 ) ) ;
#5382 = ORIENTED_EDGE ( 'NONE', *, *, #4480, .F. ) ;
#5383 = ORIENTED_EDGE ( 'NONE', *, *, #2548, .T. ) ;
#5384 = DIRECTION ( 'NONE',  ( 0.000000000000000000, 0.000000000000000000, -1.000000000000000000 ) ) ;
#5385 = AXIS2_PLACEMENT_3D ( 'NONE', #698, #4671, #590 ) ;
#5386 = LINE ( 'NONE', #2417, #4214 ) ;
#5387 = FACE_OUTER_BOUND ( 'NONE', #2918, .T. ) ;
#5388 = FACE_OUTER_BOUND ( 'NONE', #3285, .T. ) ;
#5389 = VERTEX_POINT ( 'NONE', #829 ) ;
#5390 = AXIS2_PLACEMENT_3D ( 'NONE', #4636, #5166, #3203 ) ;
#5391 = CARTESIAN_POINT ( 'NONE',  ( -66.56737551610427772, 22.53751450516924848, -76.00001250000002528 ) ) ;
#5392 = VECTOR ( 'NONE', #306, 1000.000000000000000 ) ;
#5393 = LINE ( 'NONE', #5934, #1581 ) ;
#5394 = CARTESIAN_POINT ( 'NONE',  ( 43.43262448389569386, 22.53751450516924848, -71.00001250000001107 ) ) ;
#5395 = AXIS2_PLACEMENT_3D ( 'NONE', #1299, #832, #5372 ) ;
#5396 = ORIENTED_EDGE ( 'NONE', *, *, #6202, .T. ) ;
#5397 = EDGE_CURVE ( 'NONE', #479, #422, #4404, .T. ) ;
#5398 = CARTESIAN_POINT ( 'NONE',  ( -13.09069161739678755, 32.09212492622219770, 26.64678608497180790 ) ) ;
#5399 = AXIS2_PLACEMENT_3D ( 'NONE', #5031, #1529, #1923 ) ;
#5400 = DIRECTION ( 'NONE',  ( -0.000000000000000000, -1.000000000000000000, -0.000000000000000000 ) ) ;
#5401 = VERTEX_POINT ( 'NONE', #2301 ) ;
#5402 = CARTESIAN_POINT ( 'NONE',  ( 30.42000986255016670, 23.53751450516924493, -82.50001250000001107 ) ) ;
#5403 = CARTESIAN_POINT ( 'NONE',  ( -56.98784776853481304, 32.13859167208717338, 26.71785088692839238 ) ) ;
#5404 = EDGE_LOOP ( 'NONE', ( #2866, #3989, #1608, #3770 ) ) ;
#5406 = EDGE_CURVE ( 'NONE', #2055, #973, #1363, .T. ) ;
#5405 = VECTOR ( 'NONE', #2595, 1000.000000000000000 ) ;
#5407 = CYLINDRICAL_SURFACE ( 'NONE', #5395, 1.000000000000000888 ) ;
#5408 = VECTOR ( 'NONE', #2773, 1000.000000000000000 ) ;
#5409 = AXIS2_PLACEMENT_3D ( 'NONE', #2499, #1998, #4532 ) ;
#5410 = FACE_OUTER_BOUND ( 'NONE', #3081, .T. ) ;
#5411 = PLANE ( 'NONE',  #1258 ) ;
#5412 = VECTOR ( 'NONE', #3359, 1000.000000000000000 ) ;
#5413 = CARTESIAN_POINT ( 'NONE',  ( 57.42000986255003880, 21.53751450516924848, -87.00001250000001107 ) ) ;
#5414 = ORIENTED_EDGE ( 'NONE', *, *, #3002, .T. ) ;
#5415 = CARTESIAN_POINT ( 'NONE',  ( -28.57999013744984396, 26.53751450516924848, 70.99998750000000314 ) ) ;
#5416 = ORIENTED_EDGE ( 'NONE', *, *, #5796, .T. ) ;
#5417 = ADVANCED_FACE ( 'NONE', ( #6416 ), #6388, .T. ) ;
#5418 = ORIENTED_EDGE ( 'NONE', *, *, #2292, .T. ) ;
#5419 = CARTESIAN_POINT ( 'NONE',  ( -11.76737551610426635, 21.53751450516924848, -76.00001250000002528 ) ) ;
#5420 = VECTOR ( 'NONE', #1114, 1000.000000000000000 ) ;
#5421 = DIRECTION ( 'NONE',  ( -1.000000000000000000, 0.000000000000000000, -0.000000000000000000 ) ) ;
#5422 = CYLINDRICAL_SURFACE ( 'NONE', #1051, 2.250000000000001776 ) ;
#5423 =( BOUNDED_CURVE ( )  B_SPLINE_CURVE ( 3, ( #4617, #4145, #1173, #1104 ),
 .UNSPECIFIED., .F., .F. ) 
 B_SPLINE_CURVE_WITH_KNOTS ( ( 4, 4 ),
 ( 3.141592653589793116, 4.712388980384691450 ),
 .UNSPECIFIED. ) 
 CURVE ( )  GEOMETRIC_REPRESENTATION_ITEM ( )  RATIONAL_B_SPLINE_CURVE ( ( 1.000000000000000000, 0.8047378541243646044, 0.8047378541243646044, 1.000000000000000000 ) ) 
 REPRESENTATION_ITEM ( '' )  );
#5424 = CARTESIAN_POINT ( 'NONE',  ( -47.36737551610425356, 35.53751450516924848, -69.00001250000001107 ) ) ;
#5425 = ORIENTED_EDGE ( 'NONE', *, *, #1296, .T. ) ;
#5426 = EDGE_CURVE ( 'NONE', #415, #1580, #1083, .T. ) ;
#5427 = CARTESIAN_POINT ( 'NONE',  ( 47.42000986255016670, 22.33751450516924564, -84.40001250000001676 ) ) ;
#5428 = ADVANCED_FACE ( 'NONE', ( #1832 ), #5369, .F. ) ;
#5429 = PLANE ( 'NONE',  #5952 ) ;
#5430 = AXIS2_PLACEMENT_3D ( 'NONE', #2072, #5745, #6245 ) ;
#5431 = CARTESIAN_POINT ( 'NONE',  ( 57.42000986255003880, 21.53751450516924848, -76.00001250000002528 ) ) ;
#5432 = ORIENTED_EDGE ( 'NONE', *, *, #2021, .T. ) ;
#5433 = CARTESIAN_POINT ( 'NONE',  ( -12.77039256090190200, 32.21842978543089231, 26.84009736096993493 ) ) ;
#5434 = FACE_OUTER_BOUND ( 'NONE', #5359, .T. ) ;
#5435 = ORIENTED_EDGE ( 'NONE', *, *, #2712, .F. ) ;
#5436 = EDGE_CURVE ( 'NONE', #155, #5707, #5910, .T. ) ;
#5437 = CARTESIAN_POINT ( 'NONE',  ( 10.23262448389575319, 21.53751450516924848, 32.81307518293911585 ) ) ;
#5438 = CARTESIAN_POINT ( 'NONE',  ( -57.51571687435649949, 31.81675817218730629, 26.22706656814353465 ) ) ;
#5439 = EDGE_LOOP ( 'NONE', ( #506, #1074, #4948, #2459 ) ) ;
#5440 = DIRECTION ( 'NONE',  ( -0.000000000000000000, 0.000000000000000000, 1.000000000000000000 ) ) ;
#5441 = DIRECTION ( 'NONE',  ( -0.000000000000000000, 1.000000000000000000, -0.000000000000000000 ) ) ;
#5442 = CARTESIAN_POINT ( 'NONE',  ( -68.19580264085044519, 21.53751450516924137, 32.81307518293911585 ) ) ;
#5443 = LINE ( 'NONE', #2407, #3149 ) ;
#5444 = ORIENTED_EDGE ( 'NONE', *, *, #5704, .F. ) ;
#5445 = LINE ( 'NONE', #3915, #2700 ) ;
#5446 = ORIENTED_EDGE ( 'NONE', *, *, #5060, .F. ) ;
#5447 =( BOUNDED_CURVE ( )  B_SPLINE_CURVE ( 3, ( #1111, #1589, #718, #4623 ),
 .UNSPECIFIED., .F., .F. ) 
 B_SPLINE_CURVE_WITH_KNOTS ( ( 4, 4 ),
 ( 1.570796326794896558, 3.141592653589793116 ),
 .UNSPECIFIED. ) 
 CURVE ( )  GEOMETRIC_REPRESENTATION_ITEM ( )  RATIONAL_B_SPLINE_CURVE ( ( 1.000000000000000000, 0.8047378541243649375, 0.8047378541243649375, 1.000000000000000000 ) ) 
 REPRESENTATION_ITEM ( '' )  );
#5448 = ORIENTED_EDGE ( 'NONE', *, *, #3788, .T. ) ;
#5449 = EDGE_LOOP ( 'NONE', ( #3938, #5435, #4572, #5573 ) ) ;
#5450 = DIRECTION ( 'NONE',  ( -0.000000000000000000, -0.000000000000000000, 1.000000000000000000 ) ) ;
#5451 = ADVANCED_FACE ( 'NONE', ( #5848 ), #326, .F. ) ;
#5452 = DIRECTION ( 'NONE',  ( 0.000000000000000000, 1.000000000000000000, 0.000000000000000000 ) ) ;
#5453 = CARTESIAN_POINT ( 'NONE',  ( 18.89512363040131149, 32.35639025246003087, 27.05187548765924888 ) ) ;
#5454 = VECTOR ( 'NONE', #6151, 1000.000000000000000 ) ;
#5455 = DIRECTION ( 'NONE',  ( 1.000000000000000000, 0.000000000000000000, 0.000000000000000000 ) ) ;
#5456 = ORIENTED_EDGE ( 'NONE', *, *, #1946, .T. ) ;
#5457 = CARTESIAN_POINT ( 'NONE',  ( -4.579990137449835075, 23.53751450516924493, -82.50001250000001107 ) ) ;
#5458 = VERTEX_POINT ( 'NONE', #3273 ) ;
#5459 = AXIS2_PLACEMENT_3D ( 'NONE', #6205, #1630, #57 ) ;
#5460 = EDGE_CURVE ( 'NONE', #5351, #3541, #1267, .T. ) ;
#5461 = DIRECTION ( 'NONE',  ( 0.000000000000000000, 1.000000000000000000, -0.000000000000000000 ) ) ;
#5462 =( BOUNDED_CURVE ( )  B_SPLINE_CURVE ( 3, ( #2658, #4655, #5799, #4258 ),
 .UNSPECIFIED., .F., .T. ) 
 B_SPLINE_CURVE_WITH_KNOTS ( ( 4, 4 ),
 ( 1.570796326794896558, 3.141592653589793116 ),
 .UNSPECIFIED. ) 
 CURVE ( )  GEOMETRIC_REPRESENTATION_ITEM ( )  RATIONAL_B_SPLINE_CURVE ( ( 1.000000000000000000, 0.8047378541243649375, 0.8047378541243649375, 1.000000000000000000 ) ) 
 REPRESENTATION_ITEM ( '' )  );
#5463 = DIRECTION ( 'NONE',  ( 1.000000000000000000, -0.000000000000000000, -0.000000000000000000 ) ) ;
#5464 = VERTEX_POINT ( 'NONE', #2775 ) ;
#5465 = CIRCLE ( 'NONE', #5682, 1.899999999999999023 ) ;
#5466 = DIRECTION ( 'NONE',  ( -0.000000000000000000, -1.000000000000000000, -0.000000000000000000 ) ) ;
#5467 = AXIS2_PLACEMENT_3D ( 'NONE', #6605, #5027, #6099 ) ;
#5468 = CARTESIAN_POINT ( 'NONE',  ( 56.42000986255003880, 26.53751450516924493, -77.00001250000002528 ) ) ;
#5469 = VERTEX_POINT ( 'NONE', #730 ) ;
#5470 = PLANE ( 'NONE',  #2800 ) ;
#5471 = CARTESIAN_POINT ( 'NONE',  ( 0.000000000000000000, 0.000000000000000000, 0.000000000000000000 ) ) ;
#5472 = ORIENTED_EDGE ( 'NONE', *, *, #676, .F. ) ;
#5473 = LINE ( 'NONE', #4340, #3055 ) ;
#5474 = CARTESIAN_POINT ( 'NONE',  ( -77.76737551610423793, 27.24714692436770136, 20.53955778290666956 ) ) ;
#5475 = FACE_OUTER_BOUND ( 'NONE', #4316, .T. ) ;
#5476 = DIRECTION ( 'NONE',  ( 0.000000000000000000, 0.000000000000000000, 1.000000000000000000 ) ) ;
#5477 = ORIENTED_EDGE ( 'NONE', *, *, #460, .F. ) ;
#5478 = FACE_OUTER_BOUND ( 'NONE', #4449, .T. ) ;
#5479 = ORIENTED_EDGE ( 'NONE', *, *, #644, .T. ) ;
#5480 = ADVANCED_FACE ( 'NONE', ( #6316 ), #4804, .T. ) ;
#5481 = ADVANCED_FACE ( 'NONE', ( #1326 ), #758, .T. ) ;
#5482 = VERTEX_POINT ( 'NONE', #5437 ) ;
#5483 = ORIENTED_EDGE ( 'NONE', *, *, #6444, .T. ) ;
#5484 = DIRECTION ( 'NONE',  ( 0.000000000000000000, 0.8831515563230876165, -0.4690877621129207475 ) ) ;
#5485 = LINE ( 'NONE', #1445, #2656 ) ;
#5486 = CARTESIAN_POINT ( 'NONE',  ( 57.42000986255003880, 22.53751450516924848, -76.00001250000002528 ) ) ;
#5487 = EDGE_LOOP ( 'NONE', ( #1403, #4809, #4807, #3651 ) ) ;
#5488 = FACE_OUTER_BOUND ( 'NONE', #891, .T. ) ;
#5489 = EDGE_CURVE ( 'NONE', #1342, #1489, #653, .T. ) ;
#5490 = ORIENTED_EDGE ( 'NONE', *, *, #5340, .T. ) ;
#5491 = CARTESIAN_POINT ( 'NONE',  ( 18.63262448389572867, 32.36351073365042907, 27.06282506210558481 ) ) ;
#5492 = CONICAL_SURFACE ( 'NONE', #2192, 1.899999999999999023, 1.029744258676653867 ) ;
#5493 = CARTESIAN_POINT ( 'NONE',  ( -69.36737551610424646, 35.53751450516924848, -71.00001250000001107 ) ) ;
#5494 = CARTESIAN_POINT ( 'NONE',  ( -46.19580264085044519, 35.53751450516924848, -71.00001250000001107 ) ) ;
#5495 = VECTOR ( 'NONE', #6619, 1000.000000000000000 ) ;
#5496 = ORIENTED_EDGE ( 'NONE', *, *, #5667, .T. ) ;
#5497 = DIRECTION ( 'NONE',  ( -0.000000000000000000, -1.000000000000000000, -0.000000000000000000 ) ) ;
#5498 = CIRCLE ( 'NONE', #1229, 1.000000000000000888 ) ;
#5499 = EDGE_CURVE ( 'NONE', #4523, #6557, #1502, .T. ) ;
#5500 = EDGE_CURVE ( 'NONE', #5784, #4394, #5072, .T. ) ;
#5501 = CARTESIAN_POINT ( 'NONE',  ( -58.56737551610429193, 22.53751450516924848, -76.00001250000002528 ) ) ;
#5502 = AXIS2_PLACEMENT_3D ( 'NONE', #2488, #952, #381 ) ;
#5503 = ORIENTED_EDGE ( 'NONE', *, *, #2134, .T. ) ;
#5504 = DIRECTION ( 'NONE',  ( -1.000000000000000000, 0.000000000000000000, -0.000000000000000000 ) ) ;
#5505 = CARTESIAN_POINT ( 'NONE',  ( 37.42000986255013117, 25.53751450516925203, 70.99998750000000314 ) ) ;
#5506 = CARTESIAN_POINT ( 'NONE',  ( 47.42000986255016670, 27.53751450516924493, -82.50001250000001107 ) ) ;
#5507 = ORIENTED_EDGE ( 'NONE', *, *, #2928, .F. ) ;
#5508 = AXIS2_PLACEMENT_3D ( 'NONE', #3614, #566, #2609 ) ;
#5509 = CARTESIAN_POINT ( 'NONE',  ( 56.23262448389579049, 35.53751450516924848, 20.53955778290666956 ) ) ;
#5510 = EDGE_CURVE ( 'NONE', #3856, #2413, #3429, .T. ) ;
#5511 = DIRECTION ( 'NONE',  ( 0.000000000000000000, 0.000000000000000000, -1.000000000000000000 ) ) ;
#5512 = DIRECTION ( 'NONE',  ( -0.000000000000000000, 1.000000000000000000, -0.000000000000000000 ) ) ;
#5513 = CARTESIAN_POINT ( 'NONE',  ( 57.42000986255003880, 27.53751450516924493, -88.00001250000001107 ) ) ;
#5514 = VECTOR ( 'NONE', #2356, 1000.000000000000000 ) ;
#5515 = ORIENTED_EDGE ( 'NONE', *, *, #418, .T. ) ;
#5516 = CARTESIAN_POINT ( 'NONE',  ( -78.41308611156296138, 32.30735151765451718, 26.97652389697435993 ) ) ;
#5517 = ORIENTED_EDGE ( 'NONE', *, *, #195, .F. ) ;
#5518 = VECTOR ( 'NONE', #55, 1000.000000000000000 ) ;
#5519 = ORIENTED_EDGE ( 'NONE', *, *, #31, .T. ) ;
#5520 = AXIS2_PLACEMENT_3D ( 'NONE', #5534, #958, #2392 ) ;
#5521 = ORIENTED_EDGE ( 'NONE', *, *, #2197, .T. ) ;
#5522 = VECTOR ( 'NONE', #4697, 1000.000000000000000 ) ;
#5523 = DIRECTION ( 'NONE',  ( -0.000000000000000000, 1.000000000000000000, -0.000000000000000000 ) ) ;
#5524 = EDGE_CURVE ( 'NONE', #1040, #2078, #2400, .T. ) ;
#5525 = CYLINDRICAL_SURFACE ( 'NONE', #3366, 3.500000000000003109 ) ;
#5526 = ADVANCED_FACE ( 'NONE', ( #5611 ), #3533, .T. ) ;
#5527 = CARTESIAN_POINT ( 'NONE',  ( -45.36737551610425356, 33.53751450516924137, 20.53955778290666956 ) ) ;
#5529 = ORIENTED_EDGE ( 'NONE', *, *, #2548, .F. ) ;
#5528 = CIRCLE ( 'NONE', #2430, 8.290367580801543568 ) ;
#5530 = DIRECTION ( 'NONE',  ( 0.000000000000000000, 0.000000000000000000, 1.000000000000000000 ) ) ;
#5531 = ORIENTED_EDGE ( 'NONE', *, *, #4138, .F. ) ;
#5532 = FACE_OUTER_BOUND ( 'NONE', #2209, .T. ) ;
#5533 = PLANE ( 'NONE',  #191 ) ;
#5534 = CARTESIAN_POINT ( 'NONE',  ( 30.42000986255016670, 21.53751450516924848, -82.50001250000001107 ) ) ;
#5535 = ADVANCED_FACE ( 'NONE', ( #1899 ), #5974, .F. ) ;
#5536 = VECTOR ( 'NONE', #3951, 1000.000000000000000 ) ;
#5537 = VERTEX_POINT ( 'NONE', #965 ) ;
#5538 = DIRECTION ( 'NONE',  ( 0.000000000000000000, 0.000000000000000000, 1.000000000000000000 ) ) ;
#5539 = CARTESIAN_POINT ( 'NONE',  ( -77.76737551610423793, 21.53751450516924848, -76.00001250000002528 ) ) ;
#5540 = VERTEX_POINT ( 'NONE', #1466 ) ;
#5541 = EDGE_CURVE ( 'NONE', #2980, #3306, #4038, .T. ) ;
#5542 = DIRECTION ( 'NONE',  ( 0.000000000000000000, 0.000000000000000000, 1.000000000000000000 ) ) ;
#5543 = DIRECTION ( 'NONE',  ( 1.000000000000000000, -0.000000000000000000, -0.000000000000000000 ) ) ;
#5544 =( NAMED_UNIT ( * ) SI_UNIT ( $, .STERADIAN. ) SOLID_ANGLE_UNIT ( ) );
#5545 = VERTEX_POINT ( 'NONE', #2466 ) ;
#5546 = DIRECTION ( 'NONE',  ( 1.000000000000000000, 0.000000000000000000, 0.000000000000000000 ) ) ;
#5547 = CARTESIAN_POINT ( 'NONE',  ( -39.57999013744984040, 23.53751450516924493, -82.50001250000001107 ) ) ;
#5548 = LINE ( 'NONE', #1431, #1456 ) ;
#5549 = EDGE_CURVE ( 'NONE', #1392, #149, #1927, .T. ) ;
#5550 = ADVANCED_FACE ( 'NONE', ( #4502 ), #2998, .F. ) ;
#5551 = CARTESIAN_POINT ( 'NONE',  ( 0.000000000000000000, 23.53751450516924493, 0.000000000000000000 ) ) ;
#5552 = ORIENTED_EDGE ( 'NONE', *, *, #2584, .F. ) ;
#5553 = LINE ( 'NONE', #4009, #3229 ) ;
#5554 = ORIENTED_EDGE ( 'NONE', *, *, #2462, .F. ) ;
#5555 = ORIENTED_EDGE ( 'NONE', *, *, #374, .T. ) ;
#5556 = ORIENTED_EDGE ( 'NONE', *, *, #2673, .T. ) ;
#5557 = CARTESIAN_POINT ( 'NONE',  ( -6.579990137449851062, 25.53751450516925203, 69.99998750000000314 ) ) ;
#5558 = CARTESIAN_POINT ( 'NONE',  ( 35.42000986255010275, 21.53751450516924848, 34.99998749999998182 ) ) ;
#5559 = CARTESIAN_POINT ( 'NONE',  ( 20.63262448389573223, 21.53751450516924493, 30.54845821467287692 ) ) ;
#5560 = LINE ( 'NONE', #10, #2585 ) ;
#5561 = ORIENTED_EDGE ( 'NONE', *, *, #644, .F. ) ;
#5562 = CARTESIAN_POINT ( 'NONE',  ( -14.56737551610430614, 22.53751450516924848, -76.00001250000002528 ) ) ;
#5563 = EDGE_LOOP ( 'NONE', ( #1057, #439 ) ) ;
#5564 = ADVANCED_FACE ( 'NONE', ( #2538 ), #1961, .F. ) ;
#5565 = CARTESIAN_POINT ( 'NONE',  ( -57.76737551610425214, 33.53751450516924137, -69.00001250000001107 ) ) ;
#5566 = DIRECTION ( 'NONE',  ( 0.000000000000000000, 0.000000000000000000, 1.000000000000000000 ) ) ;
#5567 = CARTESIAN_POINT ( 'NONE',  ( -47.36737551610425356, 35.53751450516924848, -71.00001250000001107 ) ) ;
#5568 = EDGE_LOOP ( 'NONE', ( #5368, #4252, #3709, #2379 ) ) ;
#5569 = DIRECTION ( 'NONE',  ( 1.000000000000000000, -0.000000000000000000, -0.000000000000000000 ) ) ;
#5570 = VECTOR ( 'NONE', #258, 1000.000000000000000 ) ;
#5571 = EDGE_CURVE ( 'NONE', #3513, #3397, #3428, .T. ) ;
#5572 = DIRECTION ( 'NONE',  ( 0.000000000000000000, 1.000000000000000000, -0.000000000000000000 ) ) ;
#5573 = ORIENTED_EDGE ( 'NONE', *, *, #50, .T. ) ;
#5574 = CIRCLE ( 'NONE', #19, 8.290367580801545344 ) ;
#5575 = LINE ( 'NONE', #1464, #4563 ) ;
#5576 = DIRECTION ( 'NONE',  ( -1.000000000000000000, -0.000000000000000000, -0.000000000000000000 ) ) ;
#5577 = DIRECTION ( 'NONE',  ( -0.000000000000000000, -0.000000000000000000, 1.000000000000000000 ) ) ;
#5578 = VECTOR ( 'NONE', #3255, 1000.000000000000000 ) ;
#5579 = CARTESIAN_POINT ( 'NONE',  ( 8.232624483895751411, 27.24714692436770136, 20.53955778290666956 ) ) ;
#5580 = EDGE_CURVE ( 'NONE', #5797, #4243, #2500, .T. ) ;
#5581 = VECTOR ( 'NONE', #4884, 1000.000000000000000 ) ;
#5582 = DIRECTION ( 'NONE',  ( -0.000000000000000000, -1.000000000000000000, -0.000000000000000000 ) ) ;
#5583 = LINE ( 'NONE', #1004, #498 ) ;
#5584 = CARTESIAN_POINT ( 'NONE',  ( -50.57999013744984751, 21.53751450516924848, 68.99998749999998893 ) ) ;
#5585 = CARTESIAN_POINT ( 'NONE',  ( -78.28587955490986872, 32.32848277886303379, 27.00898926833107083 ) ) ;
#5586 = ORIENTED_EDGE ( 'NONE', *, *, #3456, .T. ) ;
#5587 = EDGE_CURVE ( 'NONE', #6165, #4187, #126, .T. ) ;
#5588 = EDGE_LOOP ( 'NONE', ( #1634, #6338, #777, #922 ) ) ;
#5589 = ORIENTED_EDGE ( 'NONE', *, *, #2892, .T. ) ;
#5590 = EDGE_CURVE ( 'NONE', #5349, #2250, #4971, .T. ) ;
#5591 = CARTESIAN_POINT ( 'NONE',  ( 32.23262448389571944, 22.53751450516924848, -76.00001250000002528 ) ) ;
#5592 = ADVANCED_FACE ( 'NONE', ( #3568 ), #5470, .F. ) ;
#5593 = VECTOR ( 'NONE', #2057, 1000.000000000000000 ) ;
#5594 = LINE ( 'NONE', #1979, #6140 ) ;
#5595 = LINE ( 'NONE', #6597, #5105 ) ;
#5596 = CARTESIAN_POINT ( 'NONE',  ( 32.10026192094677810, 32.36351073365042907, 27.06282506210558836 ) ) ;
#5597 = ORIENTED_EDGE ( 'NONE', *, *, #1948, .F. ) ;
#5598 = EDGE_LOOP ( 'NONE', ( #1070, #3560, #2770, #2607, #617 ) ) ;
#5599 = DIRECTION ( 'NONE',  ( -0.000000000000000000, 1.000000000000000000, -0.000000000000000000 ) ) ;
#5600 = LINE ( 'NONE', #2059, #4030 ) ;
#5601 = CARTESIAN_POINT ( 'NONE',  ( 13.42000986255015249, 27.53751450516924848, 68.99998749999986103 ) ) ;
#5602 = ORIENTED_EDGE ( 'NONE', *, *, #1280, .F. ) ;
#5603 = VECTOR ( 'NONE', #799, 1000.000000000000000 ) ;
#5604 = CARTESIAN_POINT ( 'NONE',  ( 29.43262448389566543, 27.53751450516924848, 34.99998749999998182 ) ) ;
#5605 = AXIS2_PLACEMENT_3D ( 'NONE', #279, #4356, #6403 ) ;
#5606 = DIRECTION ( 'NONE',  ( -6.484947573745074586E-17, 0.000000000000000000, -1.000000000000000000 ) ) ;
#5607 = EDGE_LOOP ( 'NONE', ( #1906, #668 ) ) ;
#5608 = FACE_OUTER_BOUND ( 'NONE', #372, .T. ) ;
#5609 = EDGE_CURVE ( 'NONE', #3711, #1992, #2434, .T. ) ;
#5610 = AXIS2_PLACEMENT_3D ( 'NONE', #73, #2177, #208 ) ;
#5611 = FACE_OUTER_BOUND ( 'NONE', #2887, .T. ) ;
#5612 = PERSON_AND_ORGANIZATION ( #4488, #3878 ) ;
#5613 = FACE_OUTER_BOUND ( 'NONE', #1631, .T. ) ;
#5614 = VECTOR ( 'NONE', #1902, 1000.000000000000000 ) ;
#5615 = LINE ( 'NONE', #1602, #6293 ) ;
#5616 = DIRECTION ( 'NONE',  ( 0.000000000000000000, 0.000000000000000000, -1.000000000000000000 ) ) ;
#5617 = CARTESIAN_POINT ( 'NONE',  ( 37.42000986255013117, 26.53751450516924848, 69.99998750000000314 ) ) ;
#5618 = DIRECTION ( 'NONE',  ( -0.000000000000000000, -0.000000000000000000, -1.000000000000000000 ) ) ;
#5619 = AXIS2_PLACEMENT_3D ( 'NONE', #3339, #329, #3432 ) ;
#5620 = ORIENTED_EDGE ( 'NONE', *, *, #1219, .F. ) ;
#5621 = ORIENTED_EDGE ( 'NONE', *, *, #2838, .T. ) ;
#5622 = EDGE_LOOP ( 'NONE', ( #6041, #3514, #3673, #1177 ) ) ;
#5623 = DIRECTION ( 'NONE',  ( 0.000000000000000000, -0.000000000000000000, 1.000000000000000000 ) ) ;
#5624 = CARTESIAN_POINT ( 'NONE',  ( 29.43262448389567965, 27.53751450516924848, -71.00001250000001107 ) ) ;
#5625 = DIRECTION ( 'NONE',  ( 8.163404592832028049E-16, -0.000000000000000000, 1.000000000000000000 ) ) ;
#5626 = EDGE_CURVE ( 'NONE', #5959, #625, #93, .T. ) ;
#5627 = CARTESIAN_POINT ( 'NONE',  ( 31.58691388843703862, 32.30735151765450297, 26.97652389697437414 ) ) ;
#5628 = ORIENTED_EDGE ( 'NONE', *, *, #6219, .F. ) ;
#5629 = ORIENTED_EDGE ( 'NONE', *, *, #4419, .F. ) ;
#5630 = CARTESIAN_POINT ( 'NONE',  ( -14.56737551610430614, 22.53751450516924848, -76.00001250000002528 ) ) ;
#5631 = AXIS2_PLACEMENT_3D ( 'NONE', #3232, #5839, #6308 ) ;
#5632 = CARTESIAN_POINT ( 'NONE',  ( -45.61903415785204174, 31.81675817218732050, 26.22706656814353821 ) ) ;
#5633 = AXIS2_PLACEMENT_3D ( 'NONE', #6071, #1139, #14 ) ;
#5634 = ADVANCED_FACE ( 'NONE', ( #6278 ), #3126, .T. ) ;
#5635 = ADVANCED_FACE ( 'NONE', ( #4632 ), #5108, .F. ) ;
#5636 = ORIENTED_EDGE ( 'NONE', *, *, #956, .F. ) ;
#5637 = DIRECTION ( 'NONE',  ( -1.000000000000000000, 0.000000000000000000, -0.000000000000000000 ) ) ;
#5638 = DIRECTION ( 'NONE',  ( -1.000000000000000000, 0.000000000000000000, -0.000000000000000000 ) ) ;
#5639 = VECTOR ( 'NONE', #5625, 1000.000000000000000 ) ;
#5640 = ORIENTED_EDGE ( 'NONE', *, *, #1487, .T. ) ;
#5641 = DIRECTION ( 'NONE',  ( 0.000000000000000000, 0.000000000000000000, 1.000000000000000000 ) ) ;
#5642 = DIRECTION ( 'NONE',  ( 0.000000000000000000, 0.000000000000000000, -1.000000000000000000 ) ) ;
#5643 =( BOUNDED_CURVE ( )  B_SPLINE_CURVE ( 3, ( #2243, #2308, #2782, #3810 ),
 .UNSPECIFIED., .F., .F. ) 
 B_SPLINE_CURVE_WITH_KNOTS ( ( 4, 4 ),
 ( 0.000000000000000000, 1.570796326794907438 ),
 .UNSPECIFIED. ) 
 CURVE ( )  GEOMETRIC_REPRESENTATION_ITEM ( )  RATIONAL_B_SPLINE_CURVE ( ( 1.000000000000000000, 0.8047378541243623840, 0.8047378541243623840, 1.000000000000000000 ) ) 
 REPRESENTATION_ITEM ( '' )  );
#5644 = CARTESIAN_POINT ( 'NONE',  ( -80.56737551610429193, 22.53751450516924848, -76.00001250000002528 ) ) ;
#5645 = EDGE_CURVE ( 'NONE', #5828, #5827, #3647, .T. ) ;
#5646 = CARTESIAN_POINT ( 'NONE',  ( -93.57999013744984040, 26.53751450516924493, -77.00001250000002528 ) ) ;
#5647 = ORIENTED_EDGE ( 'NONE', *, *, #4791, .T. ) ;
#5648 = LINE ( 'NONE', #4706, #2259 ) ;
#5649 = DIRECTION ( 'NONE',  ( -0.000000000000000000, -1.000000000000000000, -0.000000000000000000 ) ) ;
#5650 = ORIENTED_EDGE ( 'NONE', *, *, #5009, .F. ) ;
#5651 = ORIENTED_EDGE ( 'NONE', *, *, #3406, .T. ) ;
#5652 = ORIENTED_EDGE ( 'NONE', *, *, #6334, .T. ) ;
#5653 = LINE ( 'NONE', #5214, #2095 ) ;
#5654 = DIRECTION ( 'NONE',  ( 6.084019089575383461E-17, -0.8831515563230876165, 0.4690877621129207475 ) ) ;
#5655 = CARTESIAN_POINT ( 'NONE',  ( -58.56737551610429193, 22.53751450516924848, -76.00001250000002528 ) ) ;
#5656 = LINE ( 'NONE', #1078, #1301 ) ;
#5657 = EDGE_LOOP ( 'NONE', ( #5517, #1511, #6406, #1097 ) ) ;
#5658 = ORIENTED_EDGE ( 'NONE', *, *, #5250, .F. ) ;
#5659 = EDGE_CURVE ( 'NONE', #5540, #3735, #1092, .T. ) ;
#5660 = CYLINDRICAL_SURFACE ( 'NONE', #4931, 2.000000000000001776 ) ;
#5661 = CARTESIAN_POINT ( 'NONE',  ( -50.57999013744985461, 27.53751450516924848, 34.99998749999998182 ) ) ;
#5662 = EDGE_LOOP ( 'NONE', ( #5483, #787, #4758, #3169, #5342 ) ) ;
#5663 = FACE_OUTER_BOUND ( 'NONE', #3114, .T. ) ;
#5664 = EDGE_CURVE ( 'NONE', #415, #2077, #4700, .T. ) ;
#5665 = EDGE_CURVE ( 'NONE', #5469, #5458, #656, .T. ) ;
#5666 = DIRECTION ( 'NONE',  ( -0.000000000000000000, -1.000000000000000000, -0.000000000000000000 ) ) ;
#5667 = EDGE_CURVE ( 'NONE', #336, #5243, #2568, .T. ) ;
#5668 = ORIENTED_EDGE ( 'NONE', *, *, #748, .F. ) ;
#5669 = CARTESIAN_POINT ( 'NONE',  ( 40.63262448389571801, 21.53751450516924848, 32.81307518293911585 ) ) ;
#5670 = FACE_OUTER_BOUND ( 'NONE', #5449, .T. ) ;
#5671 = ORIENTED_EDGE ( 'NONE', *, *, #1730, .T. ) ;
#5672 = AXIS2_PLACEMENT_3D ( 'NONE', #164, #3736, #99 ) ;
#5673 = SHAPE_DEFINITION_REPRESENTATION ( #3659, #2184 ) ;
#5674 = DIRECTION ( 'NONE',  ( 0.000000000000000000, -1.000000000000000000, 0.000000000000000000 ) ) ;
#5675 = LINE ( 'NONE', #5137, #5495 ) ;
#5676 = VECTOR ( 'NONE', #3447, 1000.000000000000000 ) ;
#5677 = EDGE_LOOP ( 'NONE', ( #716, #426, #1102, #1770 ) ) ;
#5678 = CARTESIAN_POINT ( 'NONE',  ( -47.36737551610425356, 22.53751450516924848, -76.00001250000002528 ) ) ;
#5679 = FACE_OUTER_BOUND ( 'NONE', #2745, .T. ) ;
#5680 = ORIENTED_EDGE ( 'NONE', *, *, #3278, .T. ) ;
#5681 = DIRECTION ( 'NONE',  ( 0.000000000000000000, 0.000000000000000000, -1.000000000000000000 ) ) ;
#5682 = AXIS2_PLACEMENT_3D ( 'NONE', #1781, #2941, #1814 ) ;
#5683 = ORIENTED_EDGE ( 'NONE', *, *, #5324, .T. ) ;
#5684 = EDGE_LOOP ( 'NONE', ( #1212, #2953, #3580, #2702 ) ) ;
#5685 = CARTESIAN_POINT ( 'NONE',  ( 37.42000986255013117, 25.53751450516925203, 68.99998750000000314 ) ) ;
#5686 = LINE ( 'NONE', #3745, #3048 ) ;
#5687 = CARTESIAN_POINT ( 'NONE',  ( -52.57999013744984751, 21.53751450516924848, 34.99998749999998182 ) ) ;
#5688 = LINE ( 'NONE', #3719, #6106 ) ;
#5689 = ADVANCED_FACE ( 'NONE', ( #4161 ), #4600, .T. ) ;
#5690 = ORIENTED_EDGE ( 'NONE', *, *, #1459, .F. ) ;
#5691 = ORIENTED_EDGE ( 'NONE', *, *, #2530, .T. ) ;
#5692 = PLANE ( 'NONE',  #4722 ) ;
#5693 = LINE ( 'NONE', #4792, #4533 ) ;
#5694 = CARTESIAN_POINT ( 'NONE',  ( -74.57999013744984040, 13.53751450516924493, -84.75001250000001107 ) ) ;
#5696 = EDGE_CURVE ( 'NONE', #916, #5482, #2099, .T. ) ;
#5695 = VERTEX_POINT ( 'NONE', #24 ) ;
#5697 = CARTESIAN_POINT ( 'NONE',  ( -94.57999013744984040, 27.53751450516924848, 68.99998750000000314 ) ) ;
#5698 = FACE_OUTER_BOUND ( 'NONE', #2851, .T. ) ;
#5699 = ORIENTED_EDGE ( 'NONE', *, *, #2120, .F. ) ;
#5700 = DIRECTION ( 'NONE',  ( 1.000000000000000000, 0.000000000000000000, -0.000000000000000000 ) ) ;
#5701 = DIRECTION ( 'NONE',  ( 0.000000000000000000, 0.000000000000000000, 1.000000000000000000 ) ) ;
#5703 = EDGE_CURVE ( 'NONE', #3838, #6418, #2069, .T. ) ;
#5702 = ORIENTED_EDGE ( 'NONE', *, *, #1278, .F. ) ;
#5704 = EDGE_CURVE ( 'NONE', #4417, #2742, #5199, .T. ) ;
#5705 = CARTESIAN_POINT ( 'NONE',  ( 32.23262448389574786, 35.53751450516924848, 20.53955778290666956 ) ) ;
#5706 = DIRECTION ( 'NONE',  ( -0.000000000000000000, -0.000000000000000000, -1.000000000000000000 ) ) ;
#5707 = VERTEX_POINT ( 'NONE', #2666 ) ;
#5708 = CARTESIAN_POINT ( 'NONE',  ( -14.56737551610430614, 22.53751450516924848, -71.00001250000001107 ) ) ;
#5709 = DIRECTION ( 'NONE',  ( -0.000000000000000000, -0.000000000000000000, 1.000000000000000000 ) ) ;
#5710 = EDGE_CURVE ( 'NONE', #4598, #438, #4097, .T. ) ;
#5711 = ORIENTED_EDGE ( 'NONE', *, *, #3863, .T. ) ;
#5712 = CARTESIAN_POINT ( 'NONE',  ( 15.42000986255014006, 26.53751450516924848, 69.99998750000000314 ) ) ;
#5713 = AXIS2_PLACEMENT_3D ( 'NONE', #442, #4988, #3616 ) ;
#5714 = VERTEX_POINT ( 'NONE', #6176 ) ;
#5715 = ORIENTED_EDGE ( 'NONE', *, *, #934, .T. ) ;
#5716 = DIRECTION ( 'NONE',  ( 0.000000000000000000, 0.000000000000000000, 1.000000000000000000 ) ) ;
#5717 = AXIS2_PLACEMENT_3D ( 'NONE', #2304, #4305, #5440 ) ;
#5718 = FACE_OUTER_BOUND ( 'NONE', #4465, .T. ) ;
#5719 = DIRECTION ( 'NONE',  ( 0.000000000000000000, 0.000000000000000000, 1.000000000000000000 ) ) ;
#5720 = ORIENTED_EDGE ( 'NONE', *, *, #3564, .T. ) ;
#5721 = DIRECTION ( 'NONE',  ( -1.000000000000000000, 0.000000000000000000, -0.000000000000000000 ) ) ;
#5722 = ORIENTED_EDGE ( 'NONE', *, *, #92, .T. ) ;
#5723 = ORIENTED_EDGE ( 'NONE', *, *, #2673, .F. ) ;
#5724 = AXIS2_PLACEMENT_3D ( 'NONE', #6504, #2919, #4958 ) ;
#5725 = DIRECTION ( 'NONE',  ( 0.000000000000000000, -1.000000000000000000, 0.000000000000000000 ) ) ;
#5726 = ADVANCED_FACE ( 'NONE', ( #5670 ), #3663, .F. ) ;
#5727 = EDGE_CURVE ( 'NONE', #1509, #3802, #5133, .T. ) ;
#5728 = CARTESIAN_POINT ( 'NONE',  ( -0.5673755161043070316, 27.53751450516924848, 34.99998749999998182 ) ) ;
#5729 = DIRECTION ( 'NONE',  ( -0.000000000000000000, 1.000000000000000000, -0.000000000000000000 ) ) ;
#5731 = EDGE_LOOP ( 'NONE', ( #1668, #4255, #5425, #2641 ) ) ;
#5730 = AXIS2_PLACEMENT_3D ( 'NONE', #2496, #3965, #4530 ) ;
#5732 = DIRECTION ( 'NONE',  ( 0.000000000000000000, 0.4690877621129208586, 0.8831515563230876165 ) ) ;
#5733 = AXIS2_PLACEMENT_3D ( 'NONE', #1566, #3600, #5738 ) ;
#5734 = AXIS2_PLACEMENT_3D ( 'NONE', #1856, #851, #1151 ) ;
#5735 = VECTOR ( 'NONE', #1855, 1000.000000000000000 ) ;
#5736 = FACE_OUTER_BOUND ( 'NONE', #3703, .T. ) ;
#5737 = ORIENTED_EDGE ( 'NONE', *, *, #5300, .F. ) ;
#5738 = DIRECTION ( 'NONE',  ( 0.000000000000000000, 0.000000000000000000, -1.000000000000000000 ) ) ;
#5739 = DIRECTION ( 'NONE',  ( 1.982541115402065110E-16, 0.000000000000000000, 1.000000000000000000 ) ) ;
#5740 = VERTEX_POINT ( 'NONE', #1122 ) ;
#5741 = VECTOR ( 'NONE', #2042, 1000.000000000000000 ) ;
#5742 = CYLINDRICAL_SURFACE ( 'NONE', #1019, 2.000000000000000000 ) ;
#5743 = VECTOR ( 'NONE', #6129, 1000.000000000000000 ) ;
#5744 = EDGE_CURVE ( 'NONE', #4216, #2108, #3162, .T. ) ;
#5745 = DIRECTION ( 'NONE',  ( -0.000000000000000000, -1.000000000000000000, -0.000000000000000000 ) ) ;
#5746 = VERTEX_POINT ( 'NONE', #3198 ) ;
#5747 = CARTESIAN_POINT ( 'NONE',  ( -30.57999013744984396, 27.53751450516924848, 70.99998750000000314 ) ) ;
#5748 = CARTESIAN_POINT ( 'NONE',  ( -30.57999013744987238, 22.53751450516924848, -71.00001250000001107 ) ) ;
#5749 = ORIENTED_EDGE ( 'NONE', *, *, #4400, .F. ) ;
#5750 = PLANE ( 'NONE',  #812 ) ;
#5751 = ORIENTED_EDGE ( 'NONE', *, *, #2237, .T. ) ;
#5752 = ORIENTED_EDGE ( 'NONE', *, *, #94, .T. ) ;
#5753 = EDGE_CURVE ( 'NONE', #6165, #5277, #5231, .T. ) ;
#5754 = CARTESIAN_POINT ( 'NONE',  ( -1.367375516104260669, 31.25785105076080228, 25.38548150415243754 ) ) ;
#5755 = VECTOR ( 'NONE', #2634, 1000.000000000000000 ) ;
#5756 = LINE ( 'NONE', #1713, #723 ) ;
#5757 = EDGE_CURVE ( 'NONE', #5048, #4970, #3887, .T. ) ;
#5758 = CARTESIAN_POINT ( 'NONE',  ( -3.367375516104276212, 22.53751450516924848, -76.00001250000002528 ) ) ;
#5759 = CARTESIAN_POINT ( 'NONE',  ( -39.57999013744984040, 21.53751450516924848, -80.25001250000001107 ) ) ;
#5760 = EDGE_LOOP ( 'NONE', ( #6318, #3930, #454, #1496, #671, #4723, #2566, #5344, #4665, #3082, #2131, #6476, #5671, #2804, #2881, #1161, #2268, #2196, #104, #2045, #4014, #5144, #6532, #4498, #1463, #6457, #5776, #5647, #4236, #3349, #4106, #3888, #5209, #3088, #1022, #47, #3977, #1396, #3022, #1826, #681, #4494, #4049, #1512, #4754, #2140, #6180, #4531 ) ) ;
#5761 = DIRECTION ( 'NONE',  ( -0.000000000000000000, 1.000000000000000000, -0.000000000000000000 ) ) ;
#5762 = EDGE_LOOP ( 'NONE', ( #2332, #181, #2219, #252 ) ) ;
#5763 = ORIENTED_EDGE ( 'NONE', *, *, #3219, .F. ) ;
#5764 = DIRECTION ( 'NONE',  ( 0.000000000000000000, 1.000000000000000000, -0.000000000000000000 ) ) ;
#5765 = DIRECTION ( 'NONE',  ( 0.000000000000000000, 0.000000000000000000, -1.000000000000000000 ) ) ;
#5766 = CARTESIAN_POINT ( 'NONE',  ( -68.14690326367367845, 32.13859167208714496, 26.71785088692839594 ) ) ;
#5767 = ORIENTED_EDGE ( 'NONE', *, *, #2994, .T. ) ;
#5768 = PLANE ( 'NONE',  #182 ) ;
#5769 = CARTESIAN_POINT ( 'NONE',  ( -47.36737551610426067, 27.24714692436770136, 20.53955778290666956 ) ) ;
#5770 = CARTESIAN_POINT ( 'NONE',  ( 35.42000986255013117, 27.53751450516924848, 70.99998750000000314 ) ) ;
#5771 = CARTESIAN_POINT ( 'NONE',  ( 42.63262448389572512, 21.53751450516924848, 35.99998749999998182 ) ) ;
#5772 = VERTEX_POINT ( 'NONE', #3234 ) ;
#5773 = EDGE_CURVE ( 'NONE', #5353, #3862, #6436, .T. ) ;
#5774 = DIRECTION ( 'NONE',  ( 2.593979029498029835E-16, 0.000000000000000000, 1.000000000000000000 ) ) ;
#5775 = DIRECTION ( 'NONE',  ( -0.000000000000000000, -1.000000000000000000, -0.000000000000000000 ) ) ;
#5776 = ORIENTED_EDGE ( 'NONE', *, *, #692, .F. ) ;
#5777 = VECTOR ( 'NONE', #298, 1000.000000000000000 ) ;
#5778 = CARTESIAN_POINT ( 'NONE',  ( -55.76737551610425214, 21.53751450516924848, -76.00001250000002528 ) ) ;
#5779 = DIRECTION ( 'NONE',  ( 0.000000000000000000, 0.000000000000000000, -1.000000000000000000 ) ) ;
#5780 = ORIENTED_EDGE ( 'NONE', *, *, #153, .F. ) ;
#5781 = CARTESIAN_POINT ( 'NONE',  ( 42.63262448389571091, 21.53751450516924848, -69.00001250000001107 ) ) ;
#5782 = ORIENTED_EDGE ( 'NONE', *, *, #3933, .T. ) ;
#5783 = VECTOR ( 'NONE', #2629, 1000.000000000000000 ) ;
#5784 = VERTEX_POINT ( 'NONE', #6531 ) ;
#5785 = CARTESIAN_POINT ( 'NONE',  ( -77.76737551610425214, 21.53751450516924848, -76.00001250000002528 ) ) ;
#5786 = LINE ( 'NONE', #3026, #401 ) ;
#5787 = LINE ( 'NONE', #5283, #1121 ) ;
#5788 = PLANE ( 'NONE',  #2635 ) ;
#5789 = ORIENTED_EDGE ( 'NONE', *, *, #6488, .T. ) ;
#5790 = AXIS2_PLACEMENT_3D ( 'NONE', #3134, #4707, #4676 ) ;
#5791 = DIRECTION ( 'NONE',  ( 0.000000000000000000, 1.000000000000000000, -0.000000000000000000 ) ) ;
#5792 = ORIENTED_EDGE ( 'NONE', *, *, #2946, .T. ) ;
#5793 = ADVANCED_FACE ( 'NONE', ( #5388 ), #3952, .F. ) ;
#5794 = VECTOR ( 'NONE', #5599, 1000.000000000000000 ) ;
#5795 = PRODUCT_DEFINITION ( '�', '', #6229, #1402 ) ;
#5796 = EDGE_CURVE ( 'NONE', #5131, #5827, #5574, .T. ) ;
#5797 = VERTEX_POINT ( 'NONE', #2324 ) ;
#5798 = FACE_OUTER_BOUND ( 'NONE', #5439, .T. ) ;
#5799 = CARTESIAN_POINT ( 'NONE',  ( 19.80419735914952639, 35.53751450516924848, -71.00001250000001107 ) ) ;
#5800 = DIRECTION ( 'NONE',  ( 0.000000000000000000, 0.000000000000000000, 1.000000000000000000 ) ) ;
#5801 = ORIENTED_EDGE ( 'NONE', *, *, #1419, .T. ) ;
#5802 = PLANE ( 'NONE',  #1991 ) ;
#5803 = DIRECTION ( 'NONE',  ( -1.000000000000000000, 0.000000000000000000, 0.000000000000000000 ) ) ;
#5804 = VECTOR ( 'NONE', #6580, 1000.000000000000000 ) ;
#5805 = DIRECTION ( 'NONE',  ( -1.000000000000000000, 0.000000000000000000, 1.296989514749014917E-16 ) ) ;
#5806 = VERTEX_POINT ( 'NONE', #815 ) ;
#5807 = CARTESIAN_POINT ( 'NONE',  ( 43.43262448389566543, 22.53751450516924848, -76.00001250000002528 ) ) ;
#5808 = CARTESIAN_POINT ( 'NONE',  ( -77.76737551610423793, 22.53751450516924848, -76.00001250000002528 ) ) ;
#5809 = EDGE_CURVE ( 'NONE', #296, #3916, #5268, .T. ) ;
#5810 = ORIENTED_EDGE ( 'NONE', *, *, #4278, .F. ) ;
#5811 = EDGE_CURVE ( 'NONE', #6492, #5173, #4456, .T. ) ;
#5812 = CARTESIAN_POINT ( 'NONE',  ( 40.63262448389571091, 35.53751450516924848, -71.00001250000001107 ) ) ;
#5813 = FACE_OUTER_BOUND ( 'NONE', #4980, .T. ) ;
#5814 = ORIENTED_EDGE ( 'NONE', *, *, #2081, .T. ) ;
#5815 = CARTESIAN_POINT ( 'NONE',  ( -67.36737551610424646, 21.53751450516924848, -69.00001250000001107 ) ) ;
#5816 = AXIS2_PLACEMENT_3D ( 'NONE', #5316, #4876, #834 ) ;
#5817 = VERTEX_POINT ( 'NONE', #3387 ) ;
#5818 = AXIS2_PLACEMENT_3D ( 'NONE', #6302, #614, #2253 ) ;
#5819 = CARTESIAN_POINT ( 'NONE',  ( 32.23262448389574786, 21.53751450516924848, 32.81307518293911585 ) ) ;
#5820 = CARTESIAN_POINT ( 'NONE',  ( 0.000000000000000000, 22.53751450516924848, -88.00001250000001107 ) ) ;
#5821 = EDGE_CURVE ( 'NONE', #4260, #239, #2366, .T. ) ;
#5822 = CARTESIAN_POINT ( 'NONE',  ( 32.23262448389571944, 21.53751450516924848, -76.00001250000002528 ) ) ;
#5823 = CARTESIAN_POINT ( 'NONE',  ( 8.232624483895751411, 21.53751450516924848, 30.54845821467287692 ) ) ;
#5824 = VERTEX_POINT ( 'NONE', #4990 ) ;
#5825 = FACE_OUTER_BOUND ( 'NONE', #5731, .T. ) ;
#5826 = VECTOR ( 'NONE', #568, 1000.000000000000000 ) ;
#5827 = VERTEX_POINT ( 'NONE', #1947 ) ;
#5828 = VERTEX_POINT ( 'NONE', #3353 ) ;
#5829 = DIRECTION ( 'NONE',  ( -0.000000000000000000, -1.000000000000000000, -0.000000000000000000 ) ) ;
#5830 = AXIS2_PLACEMENT_3D ( 'NONE', #4940, #1397, #3839 ) ;
#5831 = FACE_OUTER_BOUND ( 'NONE', #1010, .T. ) ;
#5832 = CARTESIAN_POINT ( 'NONE',  ( -6.579990137449878596, 27.53751450516924848, 34.99998749999998182 ) ) ;
#5833 = EDGE_LOOP ( 'NONE', ( #6345, #349, #311, #6462 ) ) ;
#5834 = VECTOR ( 'NONE', #2175, 1000.000000000000000 ) ;
#5835 = CARTESIAN_POINT ( 'NONE',  ( -8.579990137449867049, 27.53751450516924848, 34.99998749999998182 ) ) ;
#5836 = EDGE_CURVE ( 'NONE', #1103, #1007, #5992, .T. ) ;
#5837 = PLANE ( 'NONE',  #2218 ) ;
#5838 = ADVANCED_FACE ( 'NONE', ( #2737 ), #281, .F. ) ;
#5839 = DIRECTION ( 'NONE',  ( -0.000000000000000000, 0.000000000000000000, 1.000000000000000000 ) ) ;
#5840 = AXIS2_PLACEMENT_3D ( 'NONE', #3122, #548, #3093 ) ;
#5841 = ORIENTED_EDGE ( 'NONE', *, *, #5932, .F. ) ;
#5842 = VECTOR ( 'NONE', #2162, 1000.000000000000000 ) ;
#5843 = DIRECTION ( 'NONE',  ( 0.000000000000000000, -1.000000000000000000, 0.000000000000000000 ) ) ;
#5844 = AXIS2_PLACEMENT_3D ( 'NONE', #2261, #5805, #786 ) ;
#5845 = VECTOR ( 'NONE', #3867, 1000.000000000000000 ) ;
#5846 = LINE ( 'NONE', #4332, #4559 ) ;
#5847 = ORIENTED_EDGE ( 'NONE', *, *, #59, .T. ) ;
#5848 = FACE_OUTER_BOUND ( 'NONE', #362, .T. ) ;
#5849 = AXIS2_PLACEMENT_3D ( 'NONE', #207, #1304, #768 ) ;
#5850 = FACE_OUTER_BOUND ( 'NONE', #6503, .T. ) ;
#5851 = ORIENTED_EDGE ( 'NONE', *, *, #1808, .T. ) ;
#5852 = LINE ( 'NONE', #1270, #706 ) ;
#5853 = EDGE_CURVE ( 'NONE', #369, #3370, #4822, .T. ) ;
#5854 = ORIENTED_EDGE ( 'NONE', *, *, #6616, .F. ) ;
#5855 = CARTESIAN_POINT ( 'NONE',  ( -94.57999013744984040, 27.53751450516924848, 34.99998749999998182 ) ) ;
#5856 = DIRECTION ( 'NONE',  ( 0.000000000000000000, 0.000000000000000000, -1.000000000000000000 ) ) ;
#5857 = CARTESIAN_POINT ( 'NONE',  ( -94.57999013744984040, 26.53751450516924493, -88.00001250000001107 ) ) ;
#5858 = CARTESIAN_POINT ( 'NONE',  ( -6.579990137449878596, 27.53751450516924848, 34.99998749999998182 ) ) ;
#5859 = AXIS2_PLACEMENT_3D ( 'NONE', #5348, #5719, #1243 ) ;
#5860 = ORIENTED_EDGE ( 'NONE', *, *, #1609, .T. ) ;
#5861 = CARTESIAN_POINT ( 'NONE',  ( 37.42000986255013117, 25.53751450516925203, 68.99998750000000314 ) ) ;
#5862 = ORIENTED_EDGE ( 'NONE', *, *, #2889, .T. ) ;
#5863 = EDGE_CURVE ( 'NONE', #4394, #2900, #6405, .T. ) ;
#5864 = ORIENTED_EDGE ( 'NONE', *, *, #1664, .F. ) ;
#5865 = DIRECTION ( 'NONE',  ( -1.000000000000000000, -0.000000000000000000, 2.040851148208007012E-16 ) ) ;
#5866 = CARTESIAN_POINT ( 'NONE',  ( 56.42000986255003880, 27.53751450516924493, -88.00001250000001107 ) ) ;
#5867 = CARTESIAN_POINT ( 'NONE',  ( -55.76737551610425214, 22.53751450516924848, -76.00001250000002528 ) ) ;
#5868 = ORIENTED_EDGE ( 'NONE', *, *, #4798, .F. ) ;
#5869 = DIRECTION ( 'NONE',  ( -1.000000000000000000, -0.000000000000000000, 2.593979029498029835E-16 ) ) ;
#5870 = ADVANCED_FACE ( 'NONE', ( #2354 ), #4387, .T. ) ;
#5871 = DIRECTION ( 'NONE',  ( -0.000000000000000000, 1.000000000000000000, -0.000000000000000000 ) ) ;
#5872 = DIRECTION ( 'NONE',  ( 0.000000000000000000, -1.000000000000000000, 0.000000000000000000 ) ) ;
#5873 = ORIENTED_EDGE ( 'NONE', *, *, #5299, .F. ) ;
#5874 = EDGE_CURVE ( 'NONE', #5828, #1640, #6432, .T. ) ;
#5875 = LINE ( 'NONE', #1321, #5071 ) ;
#5876 = ADVANCED_FACE ( 'NONE', ( #6467 ), #1915, .T. ) ;
#5877 = LINE ( 'NONE', #699, #1575 ) ;
#5878 = ORIENTED_EDGE ( 'NONE', *, *, #6320, .F. ) ;
#5879 = DIRECTION ( 'NONE',  ( -0.000000000000000000, -0.000000000000000000, 1.000000000000000000 ) ) ;
#5880 = LINE ( 'NONE', #6417, #3028 ) ;
#5881 = ORIENTED_EDGE ( 'NONE', *, *, #5973, .T. ) ;
#5882 = CARTESIAN_POINT ( 'NONE',  ( -28.57999013744984396, 25.53751450516925203, 69.99998750000000314 ) ) ;
#5883 = EDGE_LOOP ( 'NONE', ( #6290, #429 ) ) ;
#5884 = LINE ( 'NONE', #5855, #5067 ) ;
#5885 = CARTESIAN_POINT ( 'NONE',  ( -1.367375516104260669, 35.53751450516924848, 35.99998749999998182 ) ) ;
#5886 = DIRECTION ( 'NONE',  ( -0.000000000000000000, 1.000000000000000000, -0.000000000000000000 ) ) ;
#5887 = LINE ( 'NONE', #964, #3489 ) ;
#5888 = ORIENTED_EDGE ( 'NONE', *, *, #6286, .F. ) ;
#5889 = PLANE ( 'NONE',  #3868 ) ;
#5890 = ORIENTED_EDGE ( 'NONE', *, *, #1016, .T. ) ;
#5891 = VECTOR ( 'NONE', #941, 1000.000000000000000 ) ;
#5892 = VERTEX_POINT ( 'NONE', #878 ) ;
#5893 = FACE_OUTER_BOUND ( 'NONE', #3464, .T. ) ;
#5894 = VECTOR ( 'NONE', #1981, 1000.000000000000000 ) ;
#5895 = EDGE_CURVE ( 'NONE', #1580, #422, #2917, .T. ) ;
#5896 = CARTESIAN_POINT ( 'NONE',  ( -94.57999013744984040, 27.53751450516924848, 68.99998750000000314 ) ) ;
#5897 = DIRECTION ( 'NONE',  ( 0.000000000000000000, 0.000000000000000000, 1.000000000000000000 ) ) ;
#5898 = CARTESIAN_POINT ( 'NONE',  ( 57.42000986255003880, 21.53751450516924848, -76.00001250000002528 ) ) ;
#5899 = ORIENTED_EDGE ( 'NONE', *, *, #4396, .F. ) ;
#5900 = CARTESIAN_POINT ( 'NONE',  ( -94.57999013744984040, 27.53751450516924848, -71.00001250000001107 ) ) ;
#5901 = VECTOR ( 'NONE', #3042, 1000.000000000000000 ) ;
#5902 = DIRECTION ( 'NONE',  ( 1.000000000000000000, -0.000000000000000000, 0.000000000000000000 ) ) ;
#5903 = CARTESIAN_POINT ( 'NONE',  ( 30.23262448389571944, 34.70908738042304975, -70.17158537525382656 ) ) ;
#5904 = ORIENTED_EDGE ( 'NONE', *, *, #4909, .F. ) ;
#5905 = DIRECTION ( 'NONE',  ( 0.000000000000000000, -1.000000000000000000, 0.000000000000000000 ) ) ;
#5906 = CC_DESIGN_APPROVAL ( #933, ( #6229 ) ) ;
#5907 = LINE ( 'NONE', #5271, #4452 ) ;
#5908 = ORIENTED_EDGE ( 'NONE', *, *, #3961, .T. ) ;
#5909 = EDGE_CURVE ( 'NONE', #1365, #3340, #2418, .T. ) ;
#5910 = LINE ( 'NONE', #4869, #1933 ) ;
#5911 = DIRECTION ( 'NONE',  ( 0.000000000000000000, -0.000000000000000000, 1.000000000000000000 ) ) ;
#5912 = ORIENTED_EDGE ( 'NONE', *, *, #5096, .T. ) ;
#5913 = DIRECTION ( 'NONE',  ( 8.163404592832028049E-16, -0.000000000000000000, 1.000000000000000000 ) ) ;
#5914 = DIRECTION ( 'NONE',  ( 1.309225264888156377E-16, -0.000000000000000000, 1.000000000000000000 ) ) ;
#5915 = CARTESIAN_POINT ( 'NONE',  ( 29.43262448389566543, 22.53751450516924848, -76.00001250000002528 ) ) ;
#5916 = EDGE_CURVE ( 'NONE', #5052, #1603, #2485, .T. ) ;
#5917 = LINE ( 'NONE', #5953, #56 ) ;
#5918 = CARTESIAN_POINT ( 'NONE',  ( -6.579990137449851062, 25.53751450516925203, 69.99998750000000314 ) ) ;
#5919 = VERTEX_POINT ( 'NONE', #4116 ) ;
#5920 = TOROIDAL_SURFACE ( 'NONE', #5165, 6.290367580801543568, 2.000000000000000000 ) ;
#5921 = CARTESIAN_POINT ( 'NONE',  ( 57.42000986255003880, 27.12330094279615267, -87.58579893762691881 ) ) ;
#5922 = ORIENTED_EDGE ( 'NONE', *, *, #4322, .F. ) ;
#5923 =( BOUNDED_CURVE ( )  B_SPLINE_CURVE ( 3, ( #3392, #2426, #5494, #5567 ),
 .UNSPECIFIED., .F., .F. ) 
 B_SPLINE_CURVE_WITH_KNOTS ( ( 4, 4 ),
 ( 1.570796326794896558, 3.141592653589793116 ),
 .UNSPECIFIED. ) 
 CURVE ( )  GEOMETRIC_REPRESENTATION_ITEM ( )  RATIONAL_B_SPLINE_CURVE ( ( 1.000000000000000000, 0.8047378541243649375, 0.8047378541243649375, 1.000000000000000000 ) ) 
 REPRESENTATION_ITEM ( '' )  );
#5924 = ORIENTED_EDGE ( 'NONE', *, *, #253, .F. ) ;
#5925 = FACE_OUTER_BOUND ( 'NONE', #1181, .T. ) ;
#5926 = AXIS2_PLACEMENT_3D ( 'NONE', #4319, #2321, #1788 ) ;
#5927 = CARTESIAN_POINT ( 'NONE',  ( -93.57999013744984040, 22.53751450516924848, -76.00001250000002528 ) ) ;
#5928 = CYLINDRICAL_SURFACE ( 'NONE', #4361, 1.999999999999998446 ) ;
#5929 = DIRECTION ( 'NONE',  ( 0.000000000000000000, -1.000000000000000000, -0.000000000000000000 ) ) ;
#5930 = VERTEX_POINT ( 'NONE', #4555 ) ;
#5931 = CARTESIAN_POINT ( 'NONE',  ( 35.42000986255013117, 27.53751450516924848, 68.99998750000000314 ) ) ;
#5932 = EDGE_CURVE ( 'NONE', #4687, #1889, #5560, .T. ) ;
#5933 = EDGE_CURVE ( 'NONE', #6526, #205, #3111, .T. ) ;
#5934 = CARTESIAN_POINT ( 'NONE',  ( -3.367375516104276212, 22.53751450516924848, -71.00001250000001107 ) ) ;
#5935 = CARTESIAN_POINT ( 'NONE',  ( -66.56737551610429193, 27.53751450516924848, -71.00001250000001107 ) ) ;
#5936 = AXIS2_PLACEMENT_3D ( 'NONE', #4713, #137, #674 ) ;
#5937 = VECTOR ( 'NONE', #231, 999.9999999999998863 ) ;
#5938 = ORIENTED_EDGE ( 'NONE', *, *, #2528, .T. ) ;
#5939 = CARTESIAN_POINT ( 'NONE',  ( -11.76737551610423971, 32.36351073365042907, 27.06282506210558481 ) ) ;
#5940 = VECTOR ( 'NONE', #2563, 1000.000000000000000 ) ;
#5941 = LINE ( 'NONE', #5539, #1037 ) ;
#5942 = ORIENTED_EDGE ( 'NONE', *, *, #4108, .T. ) ;
#5943 = CARTESIAN_POINT ( 'NONE',  ( -55.76737551610425214, 21.53751450516924848, -69.00001250000001107 ) ) ;
#5944 = DIRECTION ( 'NONE',  ( 0.000000000000000000, 1.000000000000000000, 0.000000000000000000 ) ) ;
#5945 = ORIENTED_EDGE ( 'NONE', *, *, #2732, .F. ) ;
#5946 = TOROIDAL_SURFACE ( 'NONE', #4986, 6.290367580801543568, 2.000000000000000000 ) ;
#5947 = CARTESIAN_POINT ( 'NONE',  ( 32.23262448389571944, 35.53751450516924848, -71.00001250000001107 ) ) ;
#5948 = EDGE_CURVE ( 'NONE', #1392, #2748, #2519, .T. ) ;
#5949 = CARTESIAN_POINT ( 'NONE',  ( 15.42000986255014006, 27.53751450516924848, 70.99998750000000314 ) ) ;
#5950 = VECTOR ( 'NONE', #2228, 1000.000000000000000 ) ;
#5951 = DIRECTION ( 'NONE',  ( -1.000000000000000000, 0.000000000000000000, 0.000000000000000000 ) ) ;
#5952 = AXIS2_PLACEMENT_3D ( 'NONE', #2956, #957, #2390 ) ;
#5953 = CARTESIAN_POINT ( 'NONE',  ( -67.36737551610424646, 35.53751450516924848, -69.00001250000001107 ) ) ;
#5954 = ORIENTED_EDGE ( 'NONE', *, *, #297, .F. ) ;
#5955 = PLANE ( 'NONE',  #4613 ) ;
#5956 = VERTEX_POINT ( 'NONE', #3021 ) ;
#5957 = EDGE_CURVE ( 'NONE', #5131, #1640, #1360, .T. ) ;
#5958 = ORIENTED_EDGE ( 'NONE', *, *, #1847, .T. ) ;
#5959 = VERTEX_POINT ( 'NONE', #1552 ) ;
#5960 = LINE ( 'NONE', #3320, #665 ) ;
#5961 = FACE_OUTER_BOUND ( 'NONE', #4416, .T. ) ;
#5962 = LINE ( 'NONE', #2855, #3184 ) ;
#5963 = DIRECTION ( 'NONE',  ( 0.000000000000000000, -1.000000000000000000, 0.000000000000000000 ) ) ;
#5964 = ORIENTED_EDGE ( 'NONE', *, *, #2071, .F. ) ;
#5965 = DIRECTION ( 'NONE',  ( 0.000000000000000000, 1.000000000000000000, -0.000000000000000000 ) ) ;
#5966 = ORIENTED_EDGE ( 'NONE', *, *, #6488, .F. ) ;
#5967 = DIRECTION ( 'NONE',  ( 8.163404592832028049E-16, -0.000000000000000000, 1.000000000000000000 ) ) ;
#5968 = CARTESIAN_POINT ( 'NONE',  ( -72.57999013744984040, 27.53751450516924848, 70.99998750000000314 ) ) ;
#5969 = ORIENTED_EDGE ( 'NONE', *, *, #1419, .F. ) ;
#5970 = FACE_OUTER_BOUND ( 'NONE', #2303, .T. ) ;
#5971 = CARTESIAN_POINT ( 'NONE',  ( -8.579990137449838628, 27.53751450516924848, 68.99998749999993208 ) ) ;
#5972 = ORIENTED_EDGE ( 'NONE', *, *, #2528, .F. ) ;
#5973 = EDGE_CURVE ( 'NONE', #3000, #4638, #2391, .T. ) ;
#5974 = PLANE ( 'NONE',  #15 ) ;
#5975 = ADVANCED_FACE ( 'NONE', ( #539 ), #42, .T. ) ;
#5976 = ORIENTED_EDGE ( 'NONE', *, *, #1094, .F. ) ;
#5977 = CARTESIAN_POINT ( 'NONE',  ( 30.42000986255016670, 23.53751450516924493, -82.50001250000001107 ) ) ;
#5978 = DIRECTION ( 'NONE',  ( 0.000000000000000000, 0.000000000000000000, -1.000000000000000000 ) ) ;
#5979 = DIRECTION ( 'NONE',  ( 0.000000000000000000, -1.000000000000000000, 0.000000000000000000 ) ) ;
#5980 = DIRECTION ( 'NONE',  ( 1.000000000000000000, 0.000000000000000000, -8.163404592832028049E-16 ) ) ;
#5981 = EDGE_CURVE ( 'NONE', #3450, #3204, #5656, .T. ) ;
#5982 = VERTEX_POINT ( 'NONE', #3112 ) ;
#5983 = CARTESIAN_POINT ( 'NONE',  ( 30.42000986255016670, 21.53751450516924848, -82.50001250000001107 ) ) ;
#5984 = ORIENTED_EDGE ( 'NONE', *, *, #4805, .F. ) ;
#5985 = ORIENTED_EDGE ( 'NONE', *, *, #3751, .T. ) ;
#5986 = EDGE_LOOP ( 'NONE', ( #2984, #2316, #5954, #1377 ) ) ;
#5987 = FACE_OUTER_BOUND ( 'NONE', #282, .T. ) ;
#5988 = CARTESIAN_POINT ( 'NONE',  ( -94.57999013744984040, 27.53751450516924848, 70.99998750000000314 ) ) ;
#5989 = CARTESIAN_POINT ( 'NONE',  ( -39.57999013744984040, 13.53751450516924493, -82.50001250000001107 ) ) ;
#5990 = EDGE_CURVE ( 'NONE', #2757, #3370, #3985, .T. ) ;
#5991 = VECTOR ( 'NONE', #2706, 1000.000000000000000 ) ;
#5992 = LINE ( 'NONE', #414, #766 ) ;
#5993 = EDGE_CURVE ( 'NONE', #3757, #5315, #1446, .T. ) ;
#5994 = VERTEX_POINT ( 'NONE', #5527 ) ;
#5995 = CARTESIAN_POINT ( 'NONE',  ( -58.56737551610429193, 21.53751450516924848, -76.00001250000002528 ) ) ;
#5996 = EDGE_LOOP ( 'NONE', ( #871, #1085, #5116, #3346 ) ) ;
#5997 = AXIS2_PLACEMENT_3D ( 'NONE', #2452, #3923, #1414 ) ;
#5998 = CARTESIAN_POINT ( 'NONE',  ( 15.42000986255011341, 27.53751450516924848, 34.99998749999998182 ) ) ;
#5999 = LINE ( 'NONE', #1453, #4670 ) ;
#6000 = CARTESIAN_POINT ( 'NONE',  ( 9.586913888437049280, 32.30735151765448876, 26.97652389697436703 ) ) ;
#6001 = EDGE_CURVE ( 'NONE', #749, #5228, #950, .T. ) ;
#6002 = EDGE_LOOP ( 'NONE', ( #3260, #4887, #3361, #3661, #5004, #3998 ) ) ;
#6003 = AXIS2_PLACEMENT_3D ( 'NONE', #1876, #2909, #4848 ) ;
#6004 = CARTESIAN_POINT ( 'NONE',  ( 57.42000986255003880, 21.53751450516924848, -88.00001250000001107 ) ) ;
#6005 = B_SPLINE_CURVE_WITH_KNOTS ( 'NONE', 3,
 ( #3274, #259, #1900, #1327, #327, #4439, #6482, #5403, #2338, #2806, #5438, #3937, #2777, #3801 ),
 .UNSPECIFIED., .F., .F.,
 ( 4, 2, 2, 2, 2, 2, 4 ),
 ( 0.000000000000000000, 0.0003914435603716362455, 0.0007828871207432724910, 0.001174330681114908737, 0.001565774241486544982, 0.002348661362229838290, 0.003131548482973131597 ),
 .UNSPECIFIED. ) ;
#6006 = LINE ( 'NONE', #2396, #1995 ) ;
#6007 = EDGE_LOOP ( 'NONE', ( #6480, #3216, #5519, #4128, #509 ) ) ;
#6008 = DIRECTION ( 'NONE',  ( -1.000000000000000000, 0.000000000000000000, -0.000000000000000000 ) ) ;
#6009 = DIRECTION ( 'NONE',  ( -0.000000000000000000, 1.000000000000000000, -0.000000000000000000 ) ) ;
#6010 = EDGE_LOOP ( 'NONE', ( #4008, #2033, #5780, #1974 ) ) ;
#6011 = LINE ( 'NONE', #3506, #5298 ) ;
#6012 = EDGE_CURVE ( 'NONE', #1325, #2154, #3842, .T. ) ;
#6013 = EDGE_CURVE ( 'NONE', #726, #2262, #2685, .T. ) ;
#6014 = LINE ( 'NONE', #2471, #3356 ) ;
#6015 = LINE ( 'NONE', #898, #1033 ) ;
#6016 = FACE_OUTER_BOUND ( 'NONE', #1172, .T. ) ;
#6017 = ORIENTED_EDGE ( 'NONE', *, *, #2850, .F. ) ;
#6018 = LINE ( 'NONE', #1542, #133 ) ;
#6019 = ORIENTED_EDGE ( 'NONE', *, *, #499, .T. ) ;
#6020 = VERTEX_POINT ( 'NONE', #6329 ) ;
#6021 = ORIENTED_EDGE ( 'NONE', *, *, #2363, .T. ) ;
#6022 = EDGE_CURVE ( 'NONE', #408, #5982, #5688, .T. ) ;
#6023 = CARTESIAN_POINT ( 'NONE',  ( -2.195802640850451848, 21.53751450516925203, 32.81307518293911585 ) ) ;
#6024 = FACE_OUTER_BOUND ( 'NONE', #6007, .T. ) ;
#6025 = FACE_OUTER_BOUND ( 'NONE', #5762, .T. ) ;
#6026 = DIRECTION ( 'NONE',  ( -0.000000000000000000, 1.000000000000000000, -0.000000000000000000 ) ) ;
#6027 = ORIENTED_EDGE ( 'NONE', *, *, #4065, .T. ) ;
#6028 = LINE ( 'NONE', #1887, #1027 ) ;
#6029 = ORIENTED_EDGE ( 'NONE', *, *, #3686, .T. ) ;
#6030 = ADVANCED_FACE ( 'NONE', ( #4720 ), #2116, .T. ) ;
#6031 = PLANE ( 'NONE',  #1525 ) ;
#6032 = VECTOR ( 'NONE', #123, 1000.000000000000000 ) ;
#6033 = CARTESIAN_POINT ( 'NONE',  ( -11.76737551610423971, 35.53751450516924848, 20.53955778290666956 ) ) ;
#6034 = CARTESIAN_POINT ( 'NONE',  ( 9.012152231465181629, 32.13859167208715206, 26.71785088692837817 ) ) ;
#6035 = VECTOR ( 'NONE', #5706, 1000.000000000000000 ) ;
#6036 = VERTEX_POINT ( 'NONE', #4816 ) ;
#6037 = LINE ( 'NONE', #3561, #2531 ) ;
#6038 = VECTOR ( 'NONE', #3141, 1000.000000000000000 ) ;
#6039 = EDGE_CURVE ( 'NONE', #3916, #2933, #4926, .T. ) ;
#6040 = DIRECTION ( 'NONE',  ( 0.000000000000000000, 0.000000000000000000, -1.000000000000000000 ) ) ;
#6041 = ORIENTED_EDGE ( 'NONE', *, *, #1756, .T. ) ;
#6042 = CARTESIAN_POINT ( 'NONE',  ( -94.57999013744984040, 21.53751450516924848, 34.99998749999998182 ) ) ;
#6043 = DIRECTION ( 'NONE',  ( 0.000000000000000000, 0.000000000000000000, -1.000000000000000000 ) ) ;
#6044 = ORIENTED_EDGE ( 'NONE', *, *, #3343, .T. ) ;
#6045 = AXIS2_PLACEMENT_3D ( 'NONE', #3478, #5523, #2945 ) ;
#6046 = DIRECTION ( 'NONE',  ( 1.000000000000000000, 0.000000000000000000, 0.000000000000000000 ) ) ;
#6047 = VECTOR ( 'NONE', #6574, 1000.000000000000000 ) ;
#6048 = LINE ( 'NONE', #2439, #4960 ) ;
#6049 = CARTESIAN_POINT ( 'NONE',  ( -72.57999013744984040, 27.53751450516924848, 70.99998750000000314 ) ) ;
#6050 = LINE ( 'NONE', #531, #3859 ) ;
#6051 = VECTOR ( 'NONE', #5638, 1000.000000000000000 ) ;
#6052 = ORIENTED_EDGE ( 'NONE', *, *, #4894, .F. ) ;
#6053 = CARTESIAN_POINT ( 'NONE',  ( -79.09069161739677156, 32.09212492622223323, 26.64678608497179368 ) ) ;
#6055 = ADVANCED_FACE ( 'NONE', ( #5825 ), #142, .F. ) ;
#6054 = ORIENTED_EDGE ( 'NONE', *, *, #2159, .F. ) ;
#6056 = AXIS2_PLACEMENT_3D ( 'NONE', #4699, #4666, #91 ) ;
#6057 = VERTEX_POINT ( 'NONE', #1211 ) ;
#6058 = AXIS2_PLACEMENT_3D ( 'NONE', #2160, #4194, #6237 ) ;
#6059 = ORIENTED_EDGE ( 'NONE', *, *, #5863, .T. ) ;
#6060 = AXIS2_PLACEMENT_3D ( 'NONE', #2813, #3404, #267 ) ;
#6061 = LINE ( 'NONE', #1482, #3905 ) ;
#6062 = CARTESIAN_POINT ( 'NONE',  ( 57.42000986255003880, 22.53751450516924848, -77.00001250000002528 ) ) ;
#6063 = DIRECTION ( 'NONE',  ( 0.000000000000000000, -1.000000000000000000, -0.000000000000000000 ) ) ;
#6064 = CARTESIAN_POINT ( 'NONE',  ( 30.63291790448854712, 31.93975109016792402, 26.41421418141602118 ) ) ;
#6065 = EDGE_CURVE ( 'NONE', #405, #2215, #3217, .T. ) ;
#6067 = VERTEX_POINT ( 'NONE', #4149 ) ;
#6066 = VECTOR ( 'NONE', #5979, 1000.000000000000000 ) ;
#6068 = CARTESIAN_POINT ( 'NONE',  ( 30.42000986255016670, 23.53751450516924493, -82.50001250000001107 ) ) ;
#6069 = ORIENTED_EDGE ( 'NONE', *, *, #1220, .F. ) ;
#6070 = VECTOR ( 'NONE', #3821, 1000.000000000000000 ) ;
#6071 = CARTESIAN_POINT ( 'NONE',  ( -74.57999013744984040, 23.53751450516924493, -82.50001250000001107 ) ) ;
#6072 = CARTESIAN_POINT ( 'NONE',  ( -66.56737551610427772, 21.53751450516924848, 34.99998749999998182 ) ) ;
#6073 = AXIS2_PLACEMENT_3D ( 'NONE', #4018, #1380, #4919 ) ;
#6075 = ADVANCED_FACE ( 'NONE', ( #740 ), #3186, .F. ) ;
#6074 = ORIENTED_EDGE ( 'NONE', *, *, #4076, .T. ) ;
#6076 = DIRECTION ( 'NONE',  ( -0.000000000000000000, -0.000000000000000000, -1.000000000000000000 ) ) ;
#6077 = CARTESIAN_POINT ( 'NONE',  ( 35.42000986255010275, 27.53751450516924848, 34.99998749999998182 ) ) ;
#6078 = ORIENTED_EDGE ( 'NONE', *, *, #3011, .T. ) ;
#6079 = DIRECTION ( 'NONE',  ( 1.982541115402065110E-16, 0.000000000000000000, 1.000000000000000000 ) ) ;
#6080 = CARTESIAN_POINT ( 'NONE',  ( -94.57999013744984040, 27.53751450516924848, 70.99998750000000314 ) ) ;
#6081 = EDGE_CURVE ( 'NONE', #1349, #6411, #5253, .T. ) ;
#6082 = PERSON_AND_ORGANIZATION_ROLE ( 'classification_officer' ) ;
#6083 = ADVANCED_FACE ( 'NONE', ( #6298 ), #2719, .F. ) ;
#6084 = CARTESIAN_POINT ( 'NONE',  ( 41.95594058518827296, 32.09212492622222612, 26.64678608497181500 ) ) ;
#6085 = FACE_OUTER_BOUND ( 'NONE', #6594, .T. ) ;
#6086 = CARTESIAN_POINT ( 'NONE',  ( 56.23262448389579049, 27.24714692436770136, 20.53955778290666956 ) ) ;
#6087 = LINE ( 'NONE', #5047, #1725 ) ;
#6088 = ORIENTED_EDGE ( 'NONE', *, *, #3607, .F. ) ;
#6089 = DIRECTION ( 'NONE',  ( 0.000000000000000000, 1.000000000000000000, -0.000000000000000000 ) ) ;
#6090 = EDGE_LOOP ( 'NONE', ( #1110, #6017, #3367, #5142 ) ) ;
#6091 = ORIENTED_EDGE ( 'NONE', *, *, #5362, .T. ) ;
#6092 = VERTEX_POINT ( 'NONE', #211 ) ;
#6093 = CARTESIAN_POINT ( 'NONE',  ( 30.23262448389571588, 21.53751450516924848, -69.00001250000001107 ) ) ;
#6094 = CARTESIAN_POINT ( 'NONE',  ( -57.76737551610425214, 33.53751450516924137, -69.00001250000001107 ) ) ;
#6095 = DIRECTION ( 'NONE',  ( 0.000000000000000000, 0.000000000000000000, -1.000000000000000000 ) ) ;
#6096 = CARTESIAN_POINT ( 'NONE',  ( 56.42000986255003880, 26.53751450516924493, -77.00001250000002528 ) ) ;
#6097 = ORIENTED_EDGE ( 'NONE', *, *, #1955, .F. ) ;
#6098 = ORIENTED_EDGE ( 'NONE', *, *, #3135, .F. ) ;
#6099 = DIRECTION ( 'NONE',  ( -8.163404592832028049E-16, 0.000000000000000000, -1.000000000000000000 ) ) ;
#6100 = EDGE_CURVE ( 'NONE', #5806, #2757, #5361, .T. ) ;
#6101 = CARTESIAN_POINT ( 'NONE',  ( -4.579990137449835075, 23.53751450516924493, -82.50001250000001107 ) ) ;
#6102 = TOROIDAL_SURFACE ( 'NONE', #3963, 6.290367580801543568, 2.000000000000000000 ) ;
#6103 = FACE_OUTER_BOUND ( 'NONE', #5156, .T. ) ;
#6104 = ORIENTED_EDGE ( 'NONE', *, *, #1664, .T. ) ;
#6105 = LINE ( 'NONE', #6477, #2746 ) ;
#6106 = VECTOR ( 'NONE', #642, 1000.000000000000000 ) ;
#6107 = ADVANCED_FACE ( 'NONE', ( #3143 ), #4253, .T. ) ;
#6108 = LINE ( 'NONE', #2535, #504 ) ;
#6109 = EDGE_LOOP ( 'NONE', ( #1079, #992, #524, #2780 ) ) ;
#6110 = AXIS2_PLACEMENT_3D ( 'NONE', #4046, #6523, #6153 ) ;
#6111 = CARTESIAN_POINT ( 'NONE',  ( 21.43262448389567254, 22.53751450516924848, -76.00001250000002528 ) ) ;
#6112 = DIRECTION ( 'NONE',  ( 0.000000000000000000, 0.000000000000000000, -1.000000000000000000 ) ) ;
#6113 =( BOUNDED_CURVE ( )  B_SPLINE_CURVE ( 3, ( #863, #2343, #3876, #3774 ),
 .UNSPECIFIED., .F., .F. ) 
 B_SPLINE_CURVE_WITH_KNOTS ( ( 4, 4 ),
 ( 3.141592653589793116, 4.712388980384691450 ),
 .UNSPECIFIED. ) 
 CURVE ( )  GEOMETRIC_REPRESENTATION_ITEM ( )  RATIONAL_B_SPLINE_CURVE ( ( 1.000000000000000000, 0.8047378541243646044, 0.8047378541243646044, 1.000000000000000000 ) ) 
 REPRESENTATION_ITEM ( '' )  );
#6114 = VECTOR ( 'NONE', #778, 1000.000000000000000 ) ;
#6115 = CARTESIAN_POINT ( 'NONE',  ( 57.42000986255003880, 26.53751450516924493, -88.00001250000001107 ) ) ;
#6116 = AXIS2_PLACEMENT_3D ( 'NONE', #4906, #3903, #300 ) ;
#6117 = EDGE_CURVE ( 'NONE', #4710, #3914, #715, .T. ) ;
#6118 = CARTESIAN_POINT ( 'NONE',  ( -30.57999013744984396, 26.53751450516924848, 70.99998750000000314 ) ) ;
#6119 = FACE_OUTER_BOUND ( 'NONE', #3586, .T. ) ;
#6120 = CYLINDRICAL_SURFACE ( 'NONE', #1557, 1.999999999999998446 ) ;
#6121 = CARTESIAN_POINT ( 'NONE',  ( -94.57999013744984040, 27.53751450516924848, 68.99998750000000314 ) ) ;
#6122 = ORIENTED_EDGE ( 'NONE', *, *, #4941, .F. ) ;
#6123 = ORIENTED_EDGE ( 'NONE', *, *, #5499, .T. ) ;
#6124 = ORIENTED_EDGE ( 'NONE', *, *, #356, .T. ) ;
#6125 = EDGE_CURVE ( 'NONE', #1491, #346, #607, .T. ) ;
#6126 = CARTESIAN_POINT ( 'NONE',  ( -3.367375516104262445, 21.53751450516924848, 32.81307518293911585 ) ) ;
#6127 = ADVANCED_FACE ( 'NONE', ( #4180 ), #1646, .F. ) ;
#6128 = CARTESIAN_POINT ( 'NONE',  ( -6.579990137449851062, 26.53751450516924848, 70.99998750000000314 ) ) ;
#6129 = DIRECTION ( 'NONE',  ( 1.000000000000000000, -0.000000000000000000, 0.000000000000000000 ) ) ;
#6130 = CARTESIAN_POINT ( 'NONE',  ( -2.848871477298632549, 32.32848277886303379, 27.00898926833107794 ) ) ;
#6131 = VERTEX_POINT ( 'NONE', #3847 ) ;
#6132 = ORIENTED_EDGE ( 'NONE', *, *, #3763, .F. ) ;
#6133 = LINE ( 'NONE', #2559, #5794 ) ;
#6134 = DIRECTION ( 'NONE',  ( -0.000000000000000000, 1.000000000000000000, -0.000000000000000000 ) ) ;
#6135 = FACE_OUTER_BOUND ( 'NONE', #1830, .T. ) ;
#6136 = VERTEX_POINT ( 'NONE', #6399 ) ;
#6137 = CIRCLE ( 'NONE', #48, 3.500000000000003109 ) ;
#6138 = LINE ( 'NONE', #4696, #5087 ) ;
#6139 = ADVANCED_FACE ( 'NONE', ( #4312 ), #5889, .F. ) ;
#6140 = VECTOR ( 'NONE', #5089, 1000.000000000000000 ) ;
#6141 = CARTESIAN_POINT ( 'NONE',  ( -93.57999013744984040, 26.53751450516924493, -77.00001250000002528 ) ) ;
#6142 = ORIENTED_EDGE ( 'NONE', *, *, #31, .F. ) ;
#6143 = DIRECTION ( 'NONE',  ( 0.000000000000000000, 0.000000000000000000, 1.000000000000000000 ) ) ;
#6144 = AXIS2_PLACEMENT_3D ( 'NONE', #6596, #5119, #2018 ) ;
#6145 = CARTESIAN_POINT ( 'NONE',  ( 40.63262448389571091, 22.53751450516924848, -76.00001250000002528 ) ) ;
#6146 = DATE_AND_TIME ( #4133, #2283 ) ;
#6147 = CARTESIAN_POINT ( 'NONE',  ( 40.89512363040130793, 32.35639025246003087, 27.05187548765924888 ) ) ;
#6148 = VECTOR ( 'NONE', #2502, 1000.000000000000000 ) ;
#6149 = CARTESIAN_POINT ( 'NONE',  ( -28.57999013744984396, 27.53751450516924848, 70.99998750000000314 ) ) ;
#6150 = ORIENTED_EDGE ( 'NONE', *, *, #6022, .T. ) ;
#6151 = DIRECTION ( 'NONE',  ( 1.000000000000000000, 0.000000000000000000, 0.000000000000000000 ) ) ;
#6152 = VECTOR ( 'NONE', #5118, 1000.000000000000000 ) ;
#6153 = DIRECTION ( 'NONE',  ( 1.000000000000000000, 0.000000000000000000, 0.000000000000000000 ) ) ;
#6154 = AXIS2_PLACEMENT_3D ( 'NONE', #6280, #4702, #2739 ) ;
#6155 = ORIENTED_EDGE ( 'NONE', *, *, #626, .F. ) ;
#6156 = ORIENTED_EDGE ( 'NONE', *, *, #4645, .T. ) ;
#6157 = ORIENTED_EDGE ( 'NONE', *, *, #2197, .F. ) ;
#6158 = PLANE ( 'NONE',  #3797 ) ;
#6159 = AXIS2_PLACEMENT_3D ( 'NONE', #2695, #4730, #6200 ) ;
#6160 = CARTESIAN_POINT ( 'NONE',  ( -69.36737551610424646, 22.53751450516924848, -71.00001250000001107 ) ) ;
#6161 = DIRECTION ( 'NONE',  ( 0.000000000000000000, 1.000000000000000000, -0.000000000000000000 ) ) ;
#6162 = DIRECTION ( 'NONE',  ( -0.000000000000000000, -0.000000000000000000, -1.000000000000000000 ) ) ;
#6163 = ORIENTED_EDGE ( 'NONE', *, *, #81, .F. ) ;
#6164 = AXIS2_PLACEMENT_3D ( 'NONE', #3457, #4467, #4497 ) ;
#6165 = VERTEX_POINT ( 'NONE', #4947 ) ;
#6166 = ADVANCED_FACE ( 'NONE', ( #6458 ), #4379, .F. ) ;
#6167 = LINE ( 'NONE', #4217, #3760 ) ;
#6168 = CARTESIAN_POINT ( 'NONE',  ( -46.36435847130658772, 32.21842978543089941, 26.84009736096995624 ) ) ;
#6169 = AXIS2_PLACEMENT_3D ( 'NONE', #4248, #3675, #4027 ) ;
#6170 = ORIENTED_EDGE ( 'NONE', *, *, #2655, .F. ) ;
#6171 = CARTESIAN_POINT ( 'NONE',  ( -69.36737551610424646, 22.53751450516924848, -76.00001250000002528 ) ) ;
#6172 = DIRECTION ( 'NONE',  ( 0.000000000000000000, 0.000000000000000000, 1.000000000000000000 ) ) ;
#6173 = VECTOR ( 'NONE', #209, 1000.000000000000000 ) ;
#6174 = ORIENTED_EDGE ( 'NONE', *, *, #6235, .T. ) ;
#6175 = CARTESIAN_POINT ( 'NONE',  ( -94.57999013744984040, 21.53751450516924848, 34.99998749999998182 ) ) ;
#6176 = CARTESIAN_POINT ( 'NONE',  ( -11.76737551610426635, 21.53751450516924848, -76.00001250000002528 ) ) ;
#6177 = CARTESIAN_POINT ( 'NONE',  ( -50.57999013744984751, 25.53751450516925203, 69.99998750000000314 ) ) ;
#6178 = DIRECTION ( 'NONE',  ( 1.000000000000000000, -0.000000000000000000, 0.000000000000000000 ) ) ;
#6179 = EDGE_CURVE ( 'NONE', #214, #1480, #2267, .T. ) ;
#6180 = ORIENTED_EDGE ( 'NONE', *, *, #3358, .F. ) ;
#6181 = CARTESIAN_POINT ( 'NONE',  ( -50.57999013744985461, 21.53751450516924848, 34.99998749999998182 ) ) ;
#6182 = CARTESIAN_POINT ( 'NONE',  ( -30.57999013744987238, 27.53751450516924848, -71.00001250000001107 ) ) ;
#6183 = ORIENTED_EDGE ( 'NONE', *, *, #5609, .T. ) ;
#6184 = LINE ( 'NONE', #1638, #4113 ) ;
#6185 = ORIENTED_EDGE ( 'NONE', *, *, #761, .F. ) ;
#6186 = ORIENTED_EDGE ( 'NONE', *, *, #403, .T. ) ;
#6187 = DIRECTION ( 'NONE',  ( 1.000000000000000000, 0.000000000000000000, 0.000000000000000000 ) ) ;
#6188 = EDGE_CURVE ( 'NONE', #276, #2062, #1373, .T. ) ;
#6189 = LINE ( 'NONE', #1141, #489 ) ;
#6190 = DIRECTION ( 'NONE',  ( 8.163404592832029035E-16, 0.000000000000000000, 1.000000000000000000 ) ) ;
#6191 = CARTESIAN_POINT ( 'NONE',  ( -57.76737551610425214, 35.53751450516924848, -71.00001250000001107 ) ) ;
#6192 = EDGE_LOOP ( 'NONE', ( #2389, #1621, #559, #963, #907, #5556, #1842 ) ) ;
#6193 = VERTEX_POINT ( 'NONE', #3347 ) ;
#6194 = CARTESIAN_POINT ( 'NONE',  ( -4.579990137449835075, 27.53751450516924493, -86.00001250000001107 ) ) ;
#6195 = EDGE_CURVE ( 'NONE', #1672, #1374, #5445, .T. ) ;
#6196 = FACE_OUTER_BOUND ( 'NONE', #5404, .T. ) ;
#6197 = EDGE_CURVE ( 'NONE', #2729, #4582, #805, .T. ) ;
#6198 = CARTESIAN_POINT ( 'NONE',  ( -45.42010586658906135, 31.55064183141503875, 25.82452422435029504 ) ) ;
#6199 = ORIENTED_EDGE ( 'NONE', *, *, #5609, .F. ) ;
#6200 = DIRECTION ( 'NONE',  ( 0.000000000000000000, 0.000000000000000000, 1.000000000000000000 ) ) ;
#6201 = CARTESIAN_POINT ( 'NONE',  ( 18.63262448389571446, 21.53751450516924848, -71.00001250000001107 ) ) ;
#6202 = EDGE_CURVE ( 'NONE', #573, #4581, #645, .T. ) ;
#6203 = ORIENTED_EDGE ( 'NONE', *, *, #5664, .T. ) ;
#6204 = FACE_OUTER_BOUND ( 'NONE', #3442, .T. ) ;
#6205 = CARTESIAN_POINT ( 'NONE',  ( -30.57999013744984396, 27.53751450516924848, 68.99998749999998893 ) ) ;
#6206 = EDGE_LOOP ( 'NONE', ( #651, #6021, #5477, #4264 ) ) ;
#6207 = AXIS2_PLACEMENT_3D ( 'NONE', #5943, #3336, #6349 ) ;
#6208 = CARTESIAN_POINT ( 'NONE',  ( -52.57999013744984751, 26.53751450516924848, 70.99998750000000314 ) ) ;
#6209 = CARTESIAN_POINT ( 'NONE',  ( -72.57999013744984040, 27.53751450516924848, 34.99998749999998182 ) ) ;
#6210 = VECTOR ( 'NONE', #2613, 1000.000000000000000 ) ;
#6211 = VERTEX_POINT ( 'NONE', #2279 ) ;
#6212 = CIRCLE ( 'NONE', #452, 8.290367580801543568 ) ;
#6213 = DIRECTION ( 'NONE',  ( 0.000000000000000000, 0.000000000000000000, -1.000000000000000000 ) ) ;
#6214 = LINE ( 'NONE', #4202, #1733 ) ;
#6215 = ORIENTED_EDGE ( 'NONE', *, *, #1001, .F. ) ;
#6216 = DIRECTION ( 'NONE',  ( -1.000000000000000000, -0.000000000000000000, -0.000000000000000000 ) ) ;
#6217 = VECTOR ( 'NONE', #3242, 1000.000000000000000 ) ;
#6218 = EDGE_CURVE ( 'NONE', #1908, #6193, #5465, .T. ) ;
#6219 = EDGE_CURVE ( 'NONE', #6092, #1417, #3550, .T. ) ;
#6220 = EDGE_LOOP ( 'NONE', ( #2339, #17, #5456, #4985 ) ) ;
#6221 = ORIENTED_EDGE ( 'NONE', *, *, #1180, .T. ) ;
#6222 = DIRECTION ( 'NONE',  ( 0.000000000000000000, 0.000000000000000000, 1.000000000000000000 ) ) ;
#6223 = CARTESIAN_POINT ( 'NONE',  ( -4.579990137449835075, 23.53751450516924493, -84.75001250000001107 ) ) ;
#6224 = LINE ( 'NONE', #2717, #6173 ) ;
#6225 = VERTEX_POINT ( 'NONE', #5415 ) ;
#6226 = ORIENTED_EDGE ( 'NONE', *, *, #6344, .T. ) ;
#6227 = ADVANCED_FACE ( 'NONE', ( #3439 ), #2409, .T. ) ;
#6228 = ORIENTED_EDGE ( 'NONE', *, *, #3704, .F. ) ;
#6229 = PRODUCT_DEFINITION_FORMATION_WITH_SPECIFIED_SOURCE ( '�', '', #4675, .NOT_KNOWN. ) ;
#6230 = LINE ( 'NONE', #183, #4182 ) ;
#6231 = DIRECTION ( 'NONE',  ( 0.000000000000000000, 0.000000000000000000, -1.000000000000000000 ) ) ;
#6232 = CARTESIAN_POINT ( 'NONE',  ( -46.84887147729862278, 32.32848277886300536, 27.00898926833109925 ) ) ;
#6233 = EDGE_LOOP ( 'NONE', ( #827, #4701, #3354, #5275 ) ) ;
#6234 = PLANE ( 'NONE',  #1248 ) ;
#6235 = EDGE_CURVE ( 'NONE', #2794, #5828, #4413, .T. ) ;
#6236 = CARTESIAN_POINT ( 'NONE',  ( 8.232624483895751411, 35.53751450516924848, 35.99998749999998182 ) ) ;
#6237 = DIRECTION ( 'NONE',  ( 0.000000000000000000, -0.4690877621129208586, -0.8831515563230876165 ) ) ;
#6238 = VECTOR ( 'NONE', #6420, 1000.000000000000000 ) ;
#6239 = DIRECTION ( 'NONE',  ( 0.000000000000000000, 1.000000000000000000, 0.000000000000000000 ) ) ;
#6240 = CARTESIAN_POINT ( 'NONE',  ( -14.56737551610430614, 27.53751450516924848, 34.99998749999998182 ) ) ;
#6241 = VERTEX_POINT ( 'NONE', #3815 ) ;
#6242 = ADVANCED_FACE ( 'NONE', ( #5478 ), #2377, .F. ) ;
#6243 = FACE_OUTER_BOUND ( 'NONE', #3499, .T. ) ;
#6244 = EDGE_CURVE ( 'NONE', #1653, #3882, #1907, .T. ) ;
#6245 = DIRECTION ( 'NONE',  ( 0.000000000000000000, 0.000000000000000000, 1.000000000000000000 ) ) ;
#6246 = VECTOR ( 'NONE', #2264, 1000.000000000000000 ) ;
#6247 = EDGE_LOOP ( 'NONE', ( #1951, #2167, #2837, #2873 ) ) ;
#6248 = CARTESIAN_POINT ( 'NONE',  ( -74.57999013744984040, 21.53751450516924848, -82.50001250000001107 ) ) ;
#6249 = DIRECTION ( 'NONE',  ( -0.000000000000000000, -1.000000000000000000, -0.000000000000000000 ) ) ;
#6250 = ORIENTED_EDGE ( 'NONE', *, *, #4346, .T. ) ;
#6251 = CARTESIAN_POINT ( 'NONE',  ( 30.42000986255016670, 27.53751450516924493, -79.00001250000001107 ) ) ;
#6252 = AXIS2_PLACEMENT_3D ( 'NONE', #333, #1840, #5318 ) ;
#6253 = ORIENTED_EDGE ( 'NONE', *, *, #2094, .F. ) ;
#6254 = ORIENTED_EDGE ( 'NONE', *, *, #195, .T. ) ;
#6255 = CARTESIAN_POINT ( 'NONE',  ( -74.57999013744984040, 13.53751450516924493, -80.25001250000001107 ) ) ;
#6256 = CARTESIAN_POINT ( 'NONE',  ( 56.23262448389579049, 32.36351073365042907, 27.06282506210558481 ) ) ;
#6257 = AXIS2_PLACEMENT_3D ( 'NONE', #1785, #2351, #3384 ) ;
#6258 = VECTOR ( 'NONE', #1367, 1000.000000000000000 ) ;
#6259 = DIRECTION ( 'NONE',  ( 1.982541115402065110E-16, -0.000000000000000000, 1.000000000000000000 ) ) ;
#6260 = DIRECTION ( 'NONE',  ( -0.000000000000000000, -1.000000000000000000, -0.000000000000000000 ) ) ;
#6261 = VERTEX_POINT ( 'NONE', #1277 ) ;
#6262 = DIRECTION ( 'NONE',  ( 0.000000000000000000, 1.000000000000000000, -0.000000000000000000 ) ) ;
#6263 = EDGE_LOOP ( 'NONE', ( #1017, #2996, #3918, #6283 ) ) ;
#6264 = ORIENTED_EDGE ( 'NONE', *, *, #5957, .F. ) ;
#6265 = VECTOR ( 'NONE', #4529, 1000.000000000000000 ) ;
#6266 = DIRECTION ( 'NONE',  ( 1.000000000000000000, -0.000000000000000000, -0.000000000000000000 ) ) ;
#6267 = ADVANCED_FACE ( 'NONE', ( #775 ), #5955, .F. ) ;
#6268 = CARTESIAN_POINT ( 'NONE',  ( -94.57999013744984040, 27.53751450516924848, -71.00001250000001107 ) ) ;
#6269 = CARTESIAN_POINT ( 'NONE',  ( 18.63262448389572867, 32.36351073365042907, 27.06282506210557770 ) ) ;
#6271 = ORIENTED_EDGE ( 'NONE', *, *, #2572, .F. ) ;
#6270 = VECTOR ( 'NONE', #5400, 1000.000000000000000 ) ;
#6272 = CYLINDRICAL_SURFACE ( 'NONE', #925, 2.000000000000001776 ) ;
#6273 = AXIS2_PLACEMENT_3D ( 'NONE', #256, #4774, #3271 ) ;
#6274 = VECTOR ( 'NONE', #3714, 1000.000000000000000 ) ;
#6275 = LINE ( 'NONE', #724, #2759 ) ;
#6276 = FACE_OUTER_BOUND ( 'NONE', #2299, .T. ) ;
#6277 = EDGE_CURVE ( 'NONE', #4458, #5262, #4350, .T. ) ;
#6278 = FACE_OUTER_BOUND ( 'NONE', #2809, .T. ) ;
#6279 = VERTEX_POINT ( 'NONE', #5113 ) ;
#6280 = CARTESIAN_POINT ( 'NONE',  ( 37.42000986255013117, 25.53751450516925203, 70.99998750000000314 ) ) ;
#6281 = VECTOR ( 'NONE', #4259, 1000.000000000000000 ) ;
#6282 = CARTESIAN_POINT ( 'NONE',  ( -39.57999013744984040, 23.53751450516924493, -82.50001250000001107 ) ) ;
#6283 = ORIENTED_EDGE ( 'NONE', *, *, #2191, .F. ) ;
#6284 = ADVANCED_FACE ( 'NONE', ( #4580 ), #3609, .T. ) ;
#6285 = DIRECTION ( 'NONE',  ( 0.000000000000000000, 0.000000000000000000, 1.000000000000000000 ) ) ;
#6286 = EDGE_CURVE ( 'NONE', #1889, #6057, #1069, .T. ) ;
#6287 = DIRECTION ( 'NONE',  ( 0.000000000000000000, -1.000000000000000000, 0.000000000000000000 ) ) ;
#6288 = ORIENTED_EDGE ( 'NONE', *, *, #2921, .F. ) ;
#6289 = DIRECTION ( 'NONE',  ( 0.000000000000000000, 0.000000000000000000, 1.000000000000000000 ) ) ;
#6290 = ORIENTED_EDGE ( 'NONE', *, *, #4297, .F. ) ;
#6291 = ORIENTED_EDGE ( 'NONE', *, *, #4803, .T. ) ;
#6292 = DIRECTION ( 'NONE',  ( 0.000000000000000000, -1.000000000000000000, 0.000000000000000000 ) ) ;
#6293 = VECTOR ( 'NONE', #3667, 1000.000000000000000 ) ;
#6294 = DIRECTION ( 'NONE',  ( 1.000000000000000000, 0.000000000000000000, 0.000000000000000000 ) ) ;
#6295 = LINE ( 'NONE', #1714, #6038 ) ;
#6296 = DIRECTION ( 'NONE',  ( 0.000000000000000000, 0.000000000000000000, -1.000000000000000000 ) ) ;
#6297 = VERTEX_POINT ( 'NONE', #2044 ) ;
#6298 = FACE_OUTER_BOUND ( 'NONE', #2138, .T. ) ;
#6299 = ORIENTED_EDGE ( 'NONE', *, *, #6219, .T. ) ;
#6300 = ORIENTED_EDGE ( 'NONE', *, *, #403, .F. ) ;
#6301 = LINE ( 'NONE', #2657, #3563 ) ;
#6302 = CARTESIAN_POINT ( 'NONE',  ( -87.57999013744984040, 22.33751450516924564, -82.50001250000001107 ) ) ;
#6303 = FACE_OUTER_BOUND ( 'NONE', #1073, .T. ) ;
#6304 = ORIENTED_EDGE ( 'NONE', *, *, #5753, .F. ) ;
#6305 = PLANE ( 'NONE',  #72 ) ;
#6306 = EDGE_CURVE ( 'NONE', #1362, #3389, #6555, .T. ) ;
#6307 = LINE ( 'NONE', #4731, #3165 ) ;
#6308 = DIRECTION ( 'NONE',  ( 1.000000000000000000, 0.000000000000000000, 0.000000000000000000 ) ) ;
#6309 = ORIENTED_EDGE ( 'NONE', *, *, #3156, .F. ) ;
#6310 = FACE_OUTER_BOUND ( 'NONE', #248, .T. ) ;
#6311 = EDGE_CURVE ( 'NONE', #2789, #5959, #2371, .T. ) ;
#6312 = CARTESIAN_POINT ( 'NONE',  ( -11.76737551610426635, 35.53751450516924848, -71.00001250000001107 ) ) ;
#6313 =( BOUNDED_CURVE ( )  B_SPLINE_CURVE ( 3, ( #1127, #3074, #529, #3167 ),
 .UNSPECIFIED., .F., .F. ) 
 B_SPLINE_CURVE_WITH_KNOTS ( ( 4, 4 ),
 ( 0.000000000000000000, 1.570796326794896558 ),
 .UNSPECIFIED. ) 
 CURVE ( )  GEOMETRIC_REPRESENTATION_ITEM ( )  RATIONAL_B_SPLINE_CURVE ( ( 1.000000000000000000, 0.8047378541243649375, 0.8047378541243649375, 1.000000000000000000 ) ) 
 REPRESENTATION_ITEM ( '' )  );
#6314 = ORIENTED_EDGE ( 'NONE', *, *, #4240, .T. ) ;
#6315 = AXIS2_PLACEMENT_3D ( 'NONE', #1541, #2008, #3575 ) ;
#6316 = FACE_OUTER_BOUND ( 'NONE', #3299, .T. ) ;
#6317 = CARTESIAN_POINT ( 'NONE',  ( 56.23262448389579049, 27.24714692436770136, 20.53955778290666956 ) ) ;
#6318 = ORIENTED_EDGE ( 'NONE', *, *, #5948, .T. ) ;
#6319 = FACE_OUTER_BOUND ( 'NONE', #4863, .T. ) ;
#6320 = EDGE_CURVE ( 'NONE', #1477, #4668, #2445, .T. ) ;
#6321 = VERTEX_POINT ( 'NONE', #2576 ) ;
#6322 = AXIS2_PLACEMENT_3D ( 'NONE', #3035, #4067, #6112 ) ;
#6323 = CARTESIAN_POINT ( 'NONE',  ( -80.56737551610427772, 21.53751450516924848, 68.99998750000000314 ) ) ;
#6324 = DIRECTION ( 'NONE',  ( 1.296989514749014917E-16, 0.000000000000000000, 1.000000000000000000 ) ) ;
#6325 = LINE ( 'NONE', #1076, #5826 ) ;
#6326 = CARTESIAN_POINT ( 'NONE',  ( 8.232624483895722989, 21.53751450516924848, -69.00001250000001107 ) ) ;
#6327 = EDGE_LOOP ( 'NONE', ( #5269, #4705, #2820, #831 ) ) ;
#6328 = VECTOR ( 'NONE', #5219, 1000.000000000000000 ) ;
#6329 = CARTESIAN_POINT ( 'NONE',  ( 10.23262448389572477, 22.53751450516924848, -71.00001250000001107 ) ) ;
#6330 = ORIENTED_EDGE ( 'NONE', *, *, #424, .T. ) ;
#6331 = CONICAL_SURFACE ( 'NONE', #1854, 1.899999999999999023, 1.029744258676653867 ) ;
#6332 = EDGE_CURVE ( 'NONE', #1910, #2249, #406, .T. ) ;
#6333 = ORIENTED_EDGE ( 'NONE', *, *, #460, .T. ) ;
#6334 = EDGE_CURVE ( 'NONE', #4856, #1910, #552, .T. ) ;
#6335 = CARTESIAN_POINT ( 'NONE',  ( 43.43262448389566543, 22.53751450516924848, -76.00001250000002528 ) ) ;
#6336 = DIRECTION ( 'NONE',  ( 0.000000000000000000, 0.000000000000000000, 1.000000000000000000 ) ) ;
#6337 = CARTESIAN_POINT ( 'NONE',  ( -1.367375516104274435, 21.53751450516924848, -69.00001250000001107 ) ) ;
#6338 = ORIENTED_EDGE ( 'NONE', *, *, #6100, .F. ) ;
#6339 = FACE_OUTER_BOUND ( 'NONE', #1236, .T. ) ;
#6340 = ADVANCED_FACE ( 'NONE', ( #4545 ), #1938, .T. ) ;
#6341 = PLANE ( 'NONE',  #2963 ) ;
#6342 = LOCAL_TIME ( 19, 18, 41.00000000000000000, #496 ) ;
#6343 = CARTESIAN_POINT ( 'NONE',  ( 32.23262448389571944, 35.53751450516924848, -71.00001250000001107 ) ) ;
#6344 = EDGE_CURVE ( 'NONE', #6297, #6020, #1577, .T. ) ;
#6345 = ORIENTED_EDGE ( 'NONE', *, *, #3304, .T. ) ;
#6346 = PLANE ( 'NONE',  #3919 ) ;
#6347 = ORIENTED_EDGE ( 'NONE', *, *, #5099, .F. ) ;
#6348 = EDGE_CURVE ( 'NONE', #4490, #3145, #6018, .T. ) ;
#6349 = DIRECTION ( 'NONE',  ( 0.000000000000000000, 0.000000000000000000, 1.000000000000000000 ) ) ;
#6350 = EDGE_CURVE ( 'NONE', #6020, #3814, #5553, .T. ) ;
#6351 = FACE_OUTER_BOUND ( 'NONE', #5760, .T. ) ;
#6352 = VERTEX_POINT ( 'NONE', #974 ) ;
#6353 = DIRECTION ( 'NONE',  ( -0.000000000000000000, 1.000000000000000000, -0.000000000000000000 ) ) ;
#6354 = CIRCLE ( 'NONE', #1324, 2.000000000000001776 ) ;
#6355 = EDGE_LOOP ( 'NONE', ( #2486, #657, #2588, #5640, #4211 ) ) ;
#6356 = AXIS2_PLACEMENT_3D ( 'NONE', #83, #4288, #686 ) ;
#6357 = CYLINDRICAL_SURFACE ( 'NONE', #367, 3.500000000000003109 ) ;
#6358 = CYLINDRICAL_SURFACE ( 'NONE', #1148, 1.000000000000000888 ) ;
#6359 = AXIS2_PLACEMENT_3D ( 'NONE', #5110, #2133, #592 ) ;
#6360 = CARTESIAN_POINT ( 'NONE',  ( -69.36737551610424646, 27.24714692436770136, 20.53955778290666956 ) ) ;
#6361 = CARTESIAN_POINT ( 'NONE',  ( 15.42000986255014006, 26.53751450516924848, 70.99998750000000314 ) ) ;
#6362 = ADVANCED_FACE ( 'NONE', ( #3008, #1038 ), #3078, .T. ) ;
#6363 = ORIENTED_EDGE ( 'NONE', *, *, #3967, .F. ) ;
#6364 = CARTESIAN_POINT ( 'NONE',  ( 57.00579630017696076, 27.53751450516924493, -88.00001250000001107 ) ) ;
#6365 = VECTOR ( 'NONE', #4279, 1000.000000000000000 ) ;
#6366 = ORIENTED_EDGE ( 'NONE', *, *, #5160, .T. ) ;
#6367 = ORIENTED_EDGE ( 'NONE', *, *, #1576, .T. ) ;
#6368 = CARTESIAN_POINT ( 'NONE',  ( 30.42000986255016670, 21.53751450516924848, -80.25001250000001107 ) ) ;
#6369 = VECTOR ( 'NONE', #497, 1000.000000000000000 ) ;
#6370 = PLANE ( 'NONE',  #3681 ) ;
#6371 = LINE ( 'NONE', #4357, #6070 ) ;
#6372 = EDGE_CURVE ( 'NONE', #1221, #481, #2420, .T. ) ;
#6373 = EDGE_CURVE ( 'NONE', #2270, #2980, #2545, .T. ) ;
#6374 = ORIENTED_EDGE ( 'NONE', *, *, #4093, .T. ) ;
#6375 = AXIS2_PLACEMENT_3D ( 'NONE', #6431, #1846, #245 ) ;
#6376 = FACE_BOUND ( 'NONE', #11, .T. ) ;
#6377 = AXIS2_PLACEMENT_3D ( 'NONE', #2594, #4627, #5732 ) ;
#6378 = FACE_OUTER_BOUND ( 'NONE', #881, .T. ) ;
#6379 = CARTESIAN_POINT ( 'NONE',  ( 8.232624483895722989, 33.53751450516924137, -69.00001250000001107 ) ) ;
#6380 = VECTOR ( 'NONE', #6076, 1000.000000000000000 ) ;
#6381 = ORIENTED_EDGE ( 'NONE', *, *, #356, .F. ) ;
#6382 = AXIS2_PLACEMENT_3D ( 'NONE', #3500, #6614, #6546 ) ;
#6383 = LINE ( 'NONE', #1799, #370 ) ;
#6384 = VECTOR ( 'NONE', #6474, 1000.000000000000000 ) ;
#6385 = CIRCLE ( 'NONE', #2959, 1.899999999999999023 ) ;
#6386 = CARTESIAN_POINT ( 'NONE',  ( 30.23262448389571588, 35.53751450516924848, -71.00001250000001107 ) ) ;
#6387 = ORIENTED_EDGE ( 'NONE', *, *, #4396, .T. ) ;
#6388 = PLANE ( 'NONE',  #3326 ) ;
#6389 = DIRECTION ( 'NONE',  ( -1.000000000000000000, 0.000000000000000000, -0.000000000000000000 ) ) ;
#6390 = ORIENTED_EDGE ( 'NONE', *, *, #5541, .T. ) ;
#6391 = PLANE ( 'NONE',  #5717 ) ;
#6392 = ORIENTED_EDGE ( 'NONE', *, *, #3993, .T. ) ;
#6393 = EDGE_CURVE ( 'NONE', #2262, #4668, #1737, .T. ) ;
#6394 = DIRECTION ( 'NONE',  ( 0.000000000000000000, 0.000000000000000000, -1.000000000000000000 ) ) ;
#6395 = DIRECTION ( 'NONE',  ( -1.000000000000000000, 0.000000000000000000, 1.296989514749014917E-16 ) ) ;
#6396 = CARTESIAN_POINT ( 'NONE',  ( -80.56737551610429193, 22.53751450516924848, -76.00001250000002528 ) ) ;
#6397 = LINE ( 'NONE', #307, #1684 ) ;
#6398 = ORIENTED_EDGE ( 'NONE', *, *, #5933, .T. ) ;
#6399 = CARTESIAN_POINT ( 'NONE',  ( -72.57999013744984040, 21.53751450516924848, 34.99998749999998182 ) ) ;
#6400 = EDGE_LOOP ( 'NONE', ( #2859, #1171, #6461, #4904 ) ) ;
#6401 = EDGE_CURVE ( 'NONE', #804, #3513, #165, .T. ) ;
#6402 = CARTESIAN_POINT ( 'NONE',  ( -80.56737551610429193, 27.53751450516924848, -71.00001250000001107 ) ) ;
#6403 = DIRECTION ( 'NONE',  ( 1.000000000000000000, 0.000000000000000000, 0.000000000000000000 ) ) ;
#6404 = DIRECTION ( 'NONE',  ( -0.000000000000000000, 1.000000000000000000, -0.000000000000000000 ) ) ;
#6405 = LINE ( 'NONE', #4893, #2696 ) ;
#6406 = ORIENTED_EDGE ( 'NONE', *, *, #3991, .T. ) ;
#6407 = FACE_OUTER_BOUND ( 'NONE', #4206, .T. ) ;
#6408 = EDGE_CURVE ( 'NONE', #5173, #4922, #3669, .T. ) ;
#6409 = CARTESIAN_POINT ( 'NONE',  ( -8.579990137449838628, 27.53751450516924848, 70.99998750000000314 ) ) ;
#6410 = CARTESIAN_POINT ( 'NONE',  ( 56.23262448389579049, 15.53751450516924493, 35.99998749999998182 ) ) ;
#6411 = VERTEX_POINT ( 'NONE', #65 ) ;
#6412 = CARTESIAN_POINT ( 'NONE',  ( -57.76737551610424504, 31.25785105076080228, 25.38548150415243754 ) ) ;
#6413 = ADVANCED_FACE ( 'NONE', ( #5813 ), #2605, .T. ) ;
#6414 = CARTESIAN_POINT ( 'NONE',  ( -77.76737551610423793, 22.53751450516924848, -76.00001250000002528 ) ) ;
#6415 = ORIENTED_EDGE ( 'NONE', *, *, #5744, .F. ) ;
#6416 = FACE_OUTER_BOUND ( 'NONE', #4678, .T. ) ;
#6417 = CARTESIAN_POINT ( 'NONE',  ( 7.432624483895685863, 22.53751450516924848, -71.00001250000001107 ) ) ;
#6418 = VERTEX_POINT ( 'NONE', #2744 ) ;
#6419 = DIRECTION ( 'NONE',  ( 0.000000000000000000, 0.000000000000000000, 1.000000000000000000 ) ) ;
#6420 = DIRECTION ( 'NONE',  ( 0.000000000000000000, 0.000000000000000000, 1.000000000000000000 ) ) ;
#6421 = CARTESIAN_POINT ( 'NONE',  ( 56.42000986255003880, 0.000000000000000000, -87.00001250000001107 ) ) ;
#6422 = CARTESIAN_POINT ( 'NONE',  ( -28.57999013744984396, 21.53751450516924848, 68.99998750000000314 ) ) ;
#6423 = CARTESIAN_POINT ( 'NONE',  ( 10.23262448389575319, 32.36351073365042907, 27.06282506210558481 ) ) ;
#6424 = VERTEX_POINT ( 'NONE', #1706 ) ;
#6425 = DIRECTION ( 'NONE',  ( -0.000000000000000000, -1.000000000000000000, -0.000000000000000000 ) ) ;
#6426 = ADVANCED_FACE ( 'NONE', ( #5172 ), #3103, .F. ) ;
#6428 = EDGE_CURVE ( 'NONE', #6352, #4479, #2238, .T. ) ;
#6427 = ORIENTED_EDGE ( 'NONE', *, *, #1711, .F. ) ;
#6429 = AXIS2_PLACEMENT_3D ( 'NONE', #5402, #6449, #228 ) ;
#6430 = ORIENTED_EDGE ( 'NONE', *, *, #2265, .T. ) ;
#6431 = CARTESIAN_POINT ( 'NONE',  ( -77.76737551610423793, 30.19847240966123891, 25.94817264411100055 ) ) ;
#6432 = CIRCLE ( 'NONE', #337, 6.290367580801543568 ) ;
#6433 = CARTESIAN_POINT ( 'NONE',  ( -3.367375516104276212, 35.53751450516924848, -71.00001250000001107 ) ) ;
#6434 = CARTESIAN_POINT ( 'NONE',  ( -94.57999013744984040, 25.53751450516925203, 70.99998750000000314 ) ) ;
#6435 = AXIS2_PLACEMENT_3D ( 'NONE', #3754, #1216, #2285 ) ;
#6436 = LINE ( 'NONE', #5771, #1836 ) ;
#6438 = EDGE_CURVE ( 'NONE', #242, #6136, #2107, .T. ) ;
#6437 = VERTEX_POINT ( 'NONE', #5748 ) ;
#6439 = LINE ( 'NONE', #1254, #4979 ) ;
#6440 = AXIS2_PLACEMENT_3D ( 'NONE', #4913, #3945, #3317 ) ;
#6441 = PLANE ( 'NONE',  #3071 ) ;
#6442 = DIRECTION ( 'NONE',  ( -1.000000000000000000, 0.000000000000000000, 0.000000000000000000 ) ) ;
#6444 = EDGE_CURVE ( 'NONE', #2249, #3513, #4270, .T. ) ;
#6443 = EDGE_LOOP ( 'NONE', ( #3454, #6203, #5789, #717, #6027 ) ) ;
#6445 = CARTESIAN_POINT ( 'NONE',  ( -77.76737551610423793, 35.53751450516924848, -71.00001250000001107 ) ) ;
#6446 = DIRECTION ( 'NONE',  ( -1.000000000000000000, -0.000000000000000000, -0.000000000000000000 ) ) ;
#6447 = CIRCLE ( 'NONE', #2060, 2.000000000000000000 ) ;
#6448 = ORIENTED_EDGE ( 'NONE', *, *, #1966, .F. ) ;
#6449 = DIRECTION ( 'NONE',  ( -0.000000000000000000, 1.000000000000000000, -0.000000000000000000 ) ) ;
#6450 = EDGE_CURVE ( 'NONE', #3682, #2048, #4139, .T. ) ;
#6451 = DIRECTION ( 'NONE',  ( -1.000000000000000000, -0.000000000000000000, -0.000000000000000000 ) ) ;
#6452 = VERTEX_POINT ( 'NONE', #6182 ) ;
#6453 = DIRECTION ( 'NONE',  ( 1.000000000000000000, -0.000000000000000000, 0.000000000000000000 ) ) ;
#6454 = LINE ( 'NONE', #3808, #4426 ) ;
#6455 = CARTESIAN_POINT ( 'NONE',  ( -39.57999013744984040, 13.53751450516924493, -80.25001250000001107 ) ) ;
#6456 = CARTESIAN_POINT ( 'NONE',  ( 21.43262448389565833, 21.53751450516924848, 68.99998750000003156 ) ) ;
#6457 = ORIENTED_EDGE ( 'NONE', *, *, #4355, .T. ) ;
#6458 = FACE_OUTER_BOUND ( 'NONE', #5094, .T. ) ;
#6459 = VERTEX_POINT ( 'NONE', #5207 ) ;
#6460 = VECTOR ( 'NONE', #4854, 1000.000000000000000 ) ;
#6461 = ORIENTED_EDGE ( 'NONE', *, *, #254, .F. ) ;
#6462 = ORIENTED_EDGE ( 'NONE', *, *, #3263, .T. ) ;
#6463 = LINE ( 'NONE', #811, #3230 ) ;
#6464 = VECTOR ( 'NONE', #3344, 1000.000000000000000 ) ;
#6465 = DIRECTION ( 'NONE',  ( -1.000000000000000000, 0.000000000000000000, -0.000000000000000000 ) ) ;
#6466 = PLANE ( 'NONE',  #6073 ) ;
#6467 = FACE_OUTER_BOUND ( 'NONE', #4382, .T. ) ;
#6468 = ORIENTED_EDGE ( 'NONE', *, *, #5489, .F. ) ;
#6469 = PLANE ( 'NONE',  #1561 ) ;
#6470 = ORIENTED_EDGE ( 'NONE', *, *, #3094, .F. ) ;
#6471 = VECTOR ( 'NONE', #3244, 1000.000000000000000 ) ;
#6472 = EDGE_CURVE ( 'NONE', #1499, #3316, #1605, .T. ) ;
#6473 = LINE ( 'NONE', #1319, #940 ) ;
#6474 = DIRECTION ( 'NONE',  ( -1.000000000000000000, -0.000000000000000000, -0.000000000000000000 ) ) ;
#6475 = AXIS2_PLACEMENT_3D ( 'NONE', #6549, #430, #5008 ) ;
#6476 = ORIENTED_EDGE ( 'NONE', *, *, #1290, .T. ) ;
#6477 = CARTESIAN_POINT ( 'NONE',  ( -47.36737551610425356, 22.53751450516924848, -76.00001250000002528 ) ) ;
#6478 = VECTOR ( 'NONE', #689, 1000.000000000000000 ) ;
#6479 = PLANE ( 'NONE',  #1679 ) ;
#6480 = ORIENTED_EDGE ( 'NONE', *, *, #3343, .F. ) ;
#6481 = CARTESIAN_POINT ( 'NONE',  ( 29.43262448389566543, 22.53751450516924848, -76.00001250000002528 ) ) ;
#6482 = CARTESIAN_POINT ( 'NONE',  ( -56.77039256090190378, 32.21842978543090652, 26.84009736096994558 ) ) ;
#6483 = ORIENTED_EDGE ( 'NONE', *, *, #4925, .T. ) ;
#6484 = VECTOR ( 'NONE', #3692, 1000.000000000000000 ) ;
#6485 = CARTESIAN_POINT ( 'NONE',  ( 47.42000986255016670, 22.33751450516924564, -82.50001250000001107 ) ) ;
#6486 = ADVANCED_FACE ( 'NONE', ( #5679 ), #2674, .F. ) ;
#6487 = LINE ( 'NONE', #1505, #1861 ) ;
#6488 = EDGE_CURVE ( 'NONE', #2077, #4338, #2640, .T. ) ;
#6489 = CARTESIAN_POINT ( 'NONE',  ( 47.42000986255016670, 22.33751450516924564, -82.50001250000001107 ) ) ;
#6490 = VECTOR ( 'NONE', #1493, 1000.000000000000000 ) ;
#6491 = LINE ( 'NONE', #6456, #4218 ) ;
#6492 = VERTEX_POINT ( 'NONE', #4168 ) ;
#6493 = CARTESIAN_POINT ( 'NONE',  ( 57.42000986255003880, 26.53751450516924493, -77.00001250000002528 ) ) ;
#6494 = EDGE_LOOP ( 'NONE', ( #3107, #1939, #2306, #3163 ) ) ;
#6495 = EDGE_LOOP ( 'NONE', ( #6253, #2512, #43, #2653 ) ) ;
#6496 = VERTEX_POINT ( 'NONE', #667 ) ;
#6497 = DIRECTION ( 'NONE',  ( -1.309225264888156377E-16, 0.000000000000000000, 1.000000000000000000 ) ) ;
#6498 = EDGE_CURVE ( 'NONE', #1514, #4757, #6214, .T. ) ;
#6499 = VECTOR ( 'NONE', #6190, 1000.000000000000000 ) ;
#6500 = FACE_OUTER_BOUND ( 'NONE', #232, .T. ) ;
#6501 = LINE ( 'NONE', #1914, #5536 ) ;
#6502 = DIRECTION ( 'NONE',  ( -1.000000000000000000, -0.000000000000000000, -0.000000000000000000 ) ) ;
#6503 = EDGE_LOOP ( 'NONE', ( #448, #6577, #4036, #4091, #2562 ) ) ;
#6504 = CARTESIAN_POINT ( 'NONE',  ( -30.57999013744987238, 22.53751450516924848, -76.00001250000002528 ) ) ;
#6505 = ORIENTED_EDGE ( 'NONE', *, *, #2039, .T. ) ;
#6506 = CARTESIAN_POINT ( 'NONE',  ( -87.57999013744984040, 22.33751450516924564, -82.50001250000001107 ) ) ;
#6507 = LINE ( 'NONE', #5431, #3491 ) ;
#6508 = ORIENTED_EDGE ( 'NONE', *, *, #5203, .T. ) ;
#6509 = CARTESIAN_POINT ( 'NONE',  ( -30.57999013744984396, 21.53751450516924848, 68.99998749999998893 ) ) ;
#6510 = ADVANCED_FACE ( 'NONE', ( #1670 ), #3708, .T. ) ;
#6511 = ADVANCED_FACE ( 'NONE', ( #3206 ), #5240, .T. ) ;
#6512 = DIRECTION ( 'NONE',  ( 0.000000000000000000, -1.000000000000000000, 0.000000000000000000 ) ) ;
#6513 = ORIENTED_EDGE ( 'NONE', *, *, #4812, .T. ) ;
#6514 = CARTESIAN_POINT ( 'NONE',  ( -94.57999013744984040, 27.53751450516924848, 34.99998749999998182 ) ) ;
#6515 = CALENDAR_DATE ( 2025, 8, 12 ) ;
#6516 = ORIENTED_EDGE ( 'NONE', *, *, #3556, .T. ) ;
#6517 = ADVANCED_FACE ( 'NONE', ( #4938 ), #762, .T. ) ;
#6518 = CARTESIAN_POINT ( 'NONE',  ( 42.63262448389573223, 31.40297912031114080, 25.60237436091070862 ) ) ;
#6519 = DIRECTION ( 'NONE',  ( -1.000000000000000000, -0.000000000000000000, -0.000000000000000000 ) ) ;
#6520 = LINE ( 'NONE', #466, #2846 ) ;
#6521 = DIRECTION ( 'NONE',  ( -8.163404592832028049E-16, 0.000000000000000000, -1.000000000000000000 ) ) ;
#6522 = ORIENTED_EDGE ( 'NONE', *, *, #2974, .F. ) ;
#6523 = DIRECTION ( 'NONE',  ( 0.000000000000000000, -0.000000000000000000, 1.000000000000000000 ) ) ;
#6524 = EDGE_LOOP ( 'NONE', ( #781, #2284, #3946, #3595, #3029, #1168 ) ) ;
#6525 = EDGE_CURVE ( 'NONE', #1862, #1090, #361, .T. ) ;
#6526 = VERTEX_POINT ( 'NONE', #4405 ) ;
#6527 = ORIENTED_EDGE ( 'NONE', *, *, #1828, .F. ) ;
#6528 = CARTESIAN_POINT ( 'NONE',  ( -94.57999013744984040, 21.53751450516924848, 68.99998750000000314 ) ) ;
#6529 = CYLINDRICAL_SURFACE ( 'NONE', #5175, 2.000000000000001776 ) ;
#6530 = DIRECTION ( 'NONE',  ( 0.000000000000000000, 0.5150380749100547106, 0.8571673007021120005 ) ) ;
#6531 = CARTESIAN_POINT ( 'NONE',  ( 29.43262448389566543, 22.53751450516924848, -76.00001250000002528 ) ) ;
#6532 = ORIENTED_EDGE ( 'NONE', *, *, #2949, .F. ) ;
#6533 = ADVANCED_FACE ( 'NONE', ( #2368 ), #2063, .T. ) ;
#6534 = CARTESIAN_POINT ( 'NONE',  ( -67.36737551610424646, 33.53751450516924137, -69.00001250000001107 ) ) ;
#6535 = ORIENTED_EDGE ( 'NONE', *, *, #3556, .F. ) ;
#6536 = EDGE_CURVE ( 'NONE', #5401, #5320, #3308, .T. ) ;
#6537 = VECTOR ( 'NONE', #588, 1000.000000000000000 ) ;
#6538 = DIRECTION ( 'NONE',  ( 1.000000000000000000, 0.000000000000000000, -0.000000000000000000 ) ) ;
#6539 = CARTESIAN_POINT ( 'NONE',  ( 15.42000986255014006, 25.53751450516925203, 69.99998750000000314 ) ) ;
#6540 = CARTESIAN_POINT ( 'NONE',  ( -44.56737551610429193, 27.53751450516924848, 68.99998750000000314 ) ) ;
#6541 = ORIENTED_EDGE ( 'NONE', *, *, #3974, .F. ) ;
#6542 = AXIS2_PLACEMENT_3D ( 'NONE', #6121, #2, #1971 ) ;
#6543 = LINE ( 'NONE', #5604, #6047 ) ;
#6544 = ORIENTED_EDGE ( 'NONE', *, *, #6350, .T. ) ;
#6545 = ADVANCED_FACE ( 'NONE', ( #2402 ), #2899, .F. ) ;
#6546 = DIRECTION ( 'NONE',  ( 0.000000000000000000, 0.000000000000000000, 1.000000000000000000 ) ) ;
#6547 = DIRECTION ( 'NONE',  ( 1.000000000000000000, 0.000000000000000000, 0.000000000000000000 ) ) ;
#6548 = ORIENTED_EDGE ( 'NONE', *, *, #4690, .T. ) ;
#6549 = CARTESIAN_POINT ( 'NONE',  ( 0.000000000000000000, 23.53751450516924493, 0.000000000000000000 ) ) ;
#6550 = DIRECTION ( 'NONE',  ( 0.000000000000000000, 1.000000000000000000, 0.000000000000000000 ) ) ;
#6551 = EDGE_CURVE ( 'NONE', #3856, #3138, #350, .T. ) ;
#6552 = CARTESIAN_POINT ( 'NONE',  ( -13.76737551610423971, 21.53751450516924137, 31.87504012110299811 ) ) ;
#6553 = PLANE ( 'NONE',  #122 ) ;
#6554 = EDGE_LOOP ( 'NONE', ( #6291, #3024, #4749, #270 ) ) ;
#6555 = LINE ( 'NONE', #4981, #3652 ) ;
#6556 = VERTEX_POINT ( 'NONE', #1232 ) ;
#6557 = VERTEX_POINT ( 'NONE', #4337 ) ;
#6558 = ORIENTED_EDGE ( 'NONE', *, *, #3219, .T. ) ;
#6559 = CYLINDRICAL_SURFACE ( 'NONE', #6045, 2.250000000000001776 ) ;
#6560 = ADVANCED_FACE ( 'NONE', ( #5850 ), #1268, .F. ) ;
#6561 = DIRECTION ( 'NONE',  ( -0.000000000000000000, 1.000000000000000000, -0.000000000000000000 ) ) ;
#6562 = CARTESIAN_POINT ( 'NONE',  ( 19.85309673632630378, 32.13859167208715917, 26.71785088692839238 ) ) ;
#6563 = DIRECTION ( 'NONE',  ( -2.593979029498029835E-16, -0.000000000000000000, -1.000000000000000000 ) ) ;
#6564 = ORIENTED_EDGE ( 'NONE', *, *, #6372, .F. ) ;
#6565 = CARTESIAN_POINT ( 'NONE',  ( 57.42010986255015581, 21.53751450516924848, -71.00001250000001107 ) ) ;
#6566 = ORIENTED_EDGE ( 'NONE', *, *, #602, .F. ) ;
#6567 = DIRECTION ( 'NONE',  ( 0.000000000000000000, 0.000000000000000000, -1.000000000000000000 ) ) ;
#6568 = AXIS2_PLACEMENT_3D ( 'NONE', #6268, #5765, #6465 ) ;
#6569 = EDGE_CURVE ( 'NONE', #975, #4338, #6005, .T. ) ;
#6570 = FACE_OUTER_BOUND ( 'NONE', #5168, .T. ) ;
#6571 = ADVANCED_FACE ( 'NONE', ( #229 ), #4370, .T. ) ;
#6572 = DIRECTION ( 'NONE',  ( -1.000000000000000000, -0.000000000000000000, -0.000000000000000000 ) ) ;
#6573 = ORIENTED_EDGE ( 'NONE', *, *, #5436, .F. ) ;
#6574 = DIRECTION ( 'NONE',  ( -0.000000000000000000, -1.000000000000000000, -0.000000000000000000 ) ) ;
#6575 = CARTESIAN_POINT ( 'NONE',  ( -87.57999013744984040, 22.33751450516924564, -84.40001250000001676 ) ) ;
#6576 = AXIS2_PLACEMENT_3D ( 'NONE', #4505, #1429, #968 ) ;
#6577 = ORIENTED_EDGE ( 'NONE', *, *, #4501, .T. ) ;
#6578 = DIRECTION ( 'NONE',  ( -0.000000000000000000, -0.000000000000000000, 1.000000000000000000 ) ) ;
#6579 = CARTESIAN_POINT ( 'NONE',  ( -72.57999013744984040, 27.53751450516924848, 68.99998750000000314 ) ) ;
#6580 = DIRECTION ( 'NONE',  ( -0.000000000000000000, -0.000000000000000000, 1.000000000000000000 ) ) ;
#6581 = DIRECTION ( 'NONE',  ( 0.000000000000000000, 0.000000000000000000, 1.000000000000000000 ) ) ;
#6582 = VECTOR ( 'NONE', #5103, 1000.000000000000000 ) ;
#6583 = LINE ( 'NONE', #5076, #2397 ) ;
#6584 = DIRECTION ( 'NONE',  ( 1.000000000000000000, 0.000000000000000000, 0.000000000000000000 ) ) ;
#6585 = PLANE ( 'NONE',  #4433 ) ;
#6586 = AXIS2_PLACEMENT_3D ( 'NONE', #5971, #1958, #1391 ) ;
#6587 = VERTEX_POINT ( 'NONE', #3872 ) ;
#6588 = CARTESIAN_POINT ( 'NONE',  ( -77.89973807905317926, 32.36351073365043618, 27.06282506210558481 ) ) ;
#6589 = VERTEX_POINT ( 'NONE', #4302 ) ;
#6590 = AXIS2_PLACEMENT_3D ( 'NONE', #2967, #3532, #2465 ) ;
#6591 = ADVANCED_FACE ( 'NONE', ( #6351 ), #1769, .T. ) ;
#6592 = ORIENTED_EDGE ( 'NONE', *, *, #685, .F. ) ;
#6593 = VECTOR ( 'NONE', #4186, 1000.000000000000000 ) ;
#6594 = EDGE_LOOP ( 'NONE', ( #632, #6019, #2880, #436 ) ) ;
#6595 = VECTOR ( 'NONE', #5346, 1000.000000000000000 ) ;
#6596 = CARTESIAN_POINT ( 'NONE',  ( -69.36737551610424646, 33.53751450516924137, -71.00001250000001107 ) ) ;
#6597 = CARTESIAN_POINT ( 'NONE',  ( -69.36737551610424646, 22.53751450516924848, -71.00001250000001107 ) ) ;
#6598 = DIRECTION ( 'NONE',  ( 1.000000000000000000, 0.000000000000000000, 0.000000000000000000 ) ) ;
#6600 = ORIENTED_EDGE ( 'NONE', *, *, #6179, .F. ) ;
#6599 = CIRCLE ( 'NONE', #1152, 8.290367580801543568 ) ;
#6601 = DIRECTION ( 'NONE',  ( 0.000000000000000000, 0.000000000000000000, -1.000000000000000000 ) ) ;
#6602 = EDGE_CURVE ( 'NONE', #3494, #3735, #5880, .T. ) ;
#6603 = EDGE_LOOP ( 'NONE', ( #4095, #4544, #5124, #144 ) ) ;
#6604 = CIRCLE ( 'NONE', #3717, 3.500000000000003109 ) ;
#6605 = CARTESIAN_POINT ( 'NONE',  ( 15.42000986255014006, 27.53751450516924848, 68.99998749999991787 ) ) ;
#6606 = DIRECTION ( 'NONE',  ( 0.000000000000000000, -1.000000000000000000, 0.000000000000000000 ) ) ;
#6607 = CARTESIAN_POINT ( 'NONE',  ( -14.56737551610430614, 27.53751450516924848, -71.00001250000001107 ) ) ;
#6608 = ORIENTED_EDGE ( 'NONE', *, *, #3434, .T. ) ;
#6609 = LINE ( 'NONE', #1023, #4768 ) ;
#6610 = EDGE_CURVE ( 'NONE', #3752, #5243, #1297, .T. ) ;
#6611 =( BOUNDED_CURVE ( )  B_SPLINE_CURVE ( 3, ( #5038, #494, #3033, #1960 ),
 .UNSPECIFIED., .F., .F. ) 
 B_SPLINE_CURVE_WITH_KNOTS ( ( 4, 4 ),
 ( 1.570796326794896780, 3.141592653589793116 ),
 .UNSPECIFIED. ) 
 CURVE ( )  GEOMETRIC_REPRESENTATION_ITEM ( )  RATIONAL_B_SPLINE_CURVE ( ( 1.000000000000000000, 0.8047378541243650485, 0.8047378541243650485, 1.000000000000000000 ) ) 
 REPRESENTATION_ITEM ( '' )  );
#6612 = CARTESIAN_POINT ( 'NONE',  ( 56.23262448389579049, 21.53751450516924848, 32.81307518293911585 ) ) ;
#6613 = ORIENTED_EDGE ( 'NONE', *, *, #50, .F. ) ;
#6614 = DIRECTION ( 'NONE',  ( -1.000000000000000000, -0.000000000000000000, -0.000000000000000000 ) ) ;
#6615 = DIRECTION ( 'NONE',  ( 0.000000000000000000, 0.000000000000000000, -1.000000000000000000 ) ) ;
#6616 = EDGE_CURVE ( 'NONE', #6193, #1908, #159, .T. ) ;
#6617 = PLANE ( 'NONE',  #6154 ) ;
#6618 = EDGE_CURVE ( 'NONE', #3611, #5707, #1427, .T. ) ;
#6619 = DIRECTION ( 'NONE',  ( 0.000000000000000000, 0.000000000000000000, 1.000000000000000000 ) ) ;
#6620 = DIRECTION ( 'NONE',  ( -1.000000000000000000, -0.000000000000000000, -0.000000000000000000 ) ) ;
ENDSEC;
END-ISO-10303-21;
