ISO-10303-21;
HEADER;
FILE_DESCRIPTION (( 'STEP AP203' ),
    '1' );
FILE_NAME ('¿ÇÌå.STEP',
    '2025-12-08T11:24:51',
    ( '' ),
    ( '' ),
    'SwSTEP 2.0',
    'SolidWorks 2025',
    '' );
FILE_SCHEMA (( 'CONFIG_CONTROL_DESIGN' ));
ENDSEC;

DATA;
#1 = EDGE_CURVE ( 'NONE', #2184, #138, #765, .T. ) ;
#2 = CARTESIAN_POINT ( 'NONE',  ( 182.2000000000000171, 151.7391149236989065, 11.00000000000000000 ) ) ;
#3 = DIRECTION ( 'NONE',  ( -1.000000000000000000, 0.000000000000000000, -0.000000000000000000 ) ) ;
#4 = CARTESIAN_POINT ( 'NONE',  ( 72.20000000000001705, 151.7391149236989065, 0.9999999999999991118 ) ) ;
#5 = DIRECTION ( 'NONE',  ( 0.000000000000000000, -1.000000000000000000, -0.000000000000000000 ) ) ;
#6 = EDGE_LOOP ( 'NONE', ( #2296, #468, #3014, #24 ) ) ;
#7 = ORIENTED_EDGE ( 'NONE', *, *, #125, .F. ) ;
#8 = FACE_OUTER_BOUND ( 'NONE', #3120, .T. ) ;
#9 = CARTESIAN_POINT ( 'NONE',  ( 3.000000000000002665, 161.8000000000000398, 20.99999999999999645 ) ) ;
#10 = EDGE_CURVE ( 'NONE', #1379, #58, #1051, .T. ) ;
#11 = CARTESIAN_POINT ( 'NONE',  ( 28.20000000000003126, 136.0391149236989179, 0.9999999999999991118 ) ) ;
#12 = VERTEX_POINT ( 'NONE', #3010 ) ;
#13 = ORIENTED_EDGE ( 'NONE', *, *, #597, .T. ) ;
#14 = CARTESIAN_POINT ( 'NONE',  ( 3.000000000000030198, 133.7999999999999545, 11.00000000000000000 ) ) ;
#15 = PLANE ( 'NONE',  #2999 ) ;
#16 = EDGE_CURVE ( 'NONE', #219, #302, #3602, .T. ) ;
#17 = VECTOR ( 'NONE', #1912, 1000.000000000000000 ) ;
#18 = CARTESIAN_POINT ( 'NONE',  ( 75.20000000000015916, 98.29999999999994031, 11.00000000000000000 ) ) ;
#19 = DIRECTION ( 'NONE',  ( 0.000000000000000000, -0.000000000000000000, -1.000000000000000000 ) ) ;
#20 = VECTOR ( 'NONE', #1879, 1000.000000000000000 ) ;
#21 = CARTESIAN_POINT ( 'NONE',  ( 116.2000000000000313, 151.7391149236989065, 0.9999999999999991118 ) ) ;
#22 = ORIENTED_EDGE ( 'NONE', *, *, #3075, .T. ) ;
#23 = CARTESIAN_POINT ( 'NONE',  ( 152.5000000000000284, 136.0391149236989179, 11.00000000000000000 ) ) ;
#24 = ORIENTED_EDGE ( 'NONE', *, *, #2130, .T. ) ;
#25 = VECTOR ( 'NONE', #851, 1000.000000000000000 ) ;
#26 = ORIENTED_EDGE ( 'NONE', *, *, #3467, .F. ) ;
#27 = LINE ( 'NONE', #1138, #2477 ) ;
#28 = VECTOR ( 'NONE', #2351, 1000.000000000000000 ) ;
#29 = DIRECTION ( 'NONE',  ( 0.000000000000000000, -1.000000000000000000, -0.000000000000000000 ) ) ;
#30 = CARTESIAN_POINT ( 'NONE',  ( 204.2000000000000171, 136.0391149236989179, 0.9999999999999991118 ) ) ;
#31 = EDGE_LOOP ( 'NONE', ( #547, #688, #957, #419 ) ) ;
#32 = ORIENTED_EDGE ( 'NONE', *, *, #3032, .T. ) ;
#33 = ADVANCED_FACE ( 'NONE', ( #2695 ), #488, .F. ) ;
#34 = LINE ( 'NONE', #1126, #1032 ) ;
#35 = LINE ( 'NONE', #2879, #3590 ) ;
#36 = EDGE_CURVE ( 'NONE', #1398, #1342, #3050, .T. ) ;
#37 = CARTESIAN_POINT ( 'NONE',  ( 233.0000000000000000, 161.8000000000000398, 0.000000000000000000 ) ) ;
#38 = DIRECTION ( 'NONE',  ( 0.000000000000000000, 1.000000000000000000, 0.000000000000000000 ) ) ;
#39 = DIRECTION ( 'NONE',  ( 0.000000000000000000, 0.000000000000000000, -1.000000000000000000 ) ) ;
#40 = VECTOR ( 'NONE', #3281, 1000.000000000000000 ) ;
#41 = CARTESIAN_POINT ( 'NONE',  ( 130.5000000000000284, 151.7391149236989065, 0.9999999999999991118 ) ) ;
#42 = ORIENTED_EDGE ( 'NONE', *, *, #504, .F. ) ;
#43 = EDGE_LOOP ( 'NONE', ( #3214, #3493, #869, #1821 ) ) ;
#44 = PLANE ( 'NONE',  #2297 ) ;
#45 = CARTESIAN_POINT ( 'NONE',  ( 50.20000000000002416, 151.7391149236989065, 0.9999999999999991118 ) ) ;
#46 = PLANE ( 'NONE',  #2968 ) ;
#47 = VECTOR ( 'NONE', #2441, 1000.000000000000000 ) ;
#48 = ORIENTED_EDGE ( 'NONE', *, *, #1462, .F. ) ;
#49 = VERTEX_POINT ( 'NONE', #2438 ) ;
#50 = CARTESIAN_POINT ( 'NONE',  ( 16.90000000000016556, 98.29999999999992610, 0.9999999999999991118 ) ) ;
#51 = LINE ( 'NONE', #1163, #2471 ) ;
#52 = EDGE_CURVE ( 'NONE', #92, #3136, #1306, .T. ) ;
#53 = LINE ( 'NONE', #1002, #90 ) ;
#54 = CARTESIAN_POINT ( 'NONE',  ( 138.2000000000000171, 151.7391149236989065, 0.9999999999999991118 ) ) ;
#55 = ADVANCED_FACE ( 'NONE', ( #3290 ), #507, .F. ) ;
#56 = ADVANCED_FACE ( 'NONE', ( #1996 ), #2288, .F. ) ;
#57 = ORIENTED_EDGE ( 'NONE', *, *, #1061, .T. ) ;
#58 = VERTEX_POINT ( 'NONE', #1722 ) ;
#59 = CARTESIAN_POINT ( 'NONE',  ( 28.20000000000003126, 136.0391149236989179, 11.00000000000000000 ) ) ;
#60 = DIRECTION ( 'NONE',  ( -0.000000000000000000, -1.000000000000000000, -0.000000000000000000 ) ) ;
#61 = CARTESIAN_POINT ( 'NONE',  ( 229.2000000000001592, 98.29999999999995453, 0.9999999999999991118 ) ) ;
#62 = ADVANCED_FACE ( 'NONE', ( #1466 ), #44, .T. ) ;
#63 = ORIENTED_EDGE ( 'NONE', *, *, #763, .T. ) ;
#64 = ORIENTED_EDGE ( 'NONE', *, *, #3614, .T. ) ;
#65 = CARTESIAN_POINT ( 'NONE',  ( 53.20000000000016627, 98.29999999999992610, 0.9999999999999991118 ) ) ;
#66 = CARTESIAN_POINT ( 'NONE',  ( 50.20000000000002416, 151.7391149236989065, 11.00000000000000000 ) ) ;
#67 = VERTEX_POINT ( 'NONE', #599 ) ;
#68 = LINE ( 'NONE', #609, #153 ) ;
#69 = CARTESIAN_POINT ( 'NONE',  ( 174.5000000000000568, 136.0391149236989179, 0.9999999999999991118 ) ) ;
#70 = VECTOR ( 'NONE', #904, 1000.000000000000000 ) ;
#71 = ADVANCED_FACE ( 'NONE', ( #2254 ), #3122, .T. ) ;
#72 = CARTESIAN_POINT ( 'NONE',  ( 3.000000000000017764, 14.99999999999997158, 8.999999999999998224 ) ) ;
#73 = ORIENTED_EDGE ( 'NONE', *, *, #3352, .T. ) ;
#74 = ORIENTED_EDGE ( 'NONE', *, *, #1043, .T. ) ;
#75 = EDGE_CURVE ( 'NONE', #2011, #602, #2578, .T. ) ;
#76 = ADVANCED_FACE ( 'NONE', ( #632 ), #320, .F. ) ;
#77 = CARTESIAN_POINT ( 'NONE',  ( 20.50000000000004619, 136.0391149236989179, 0.9999999999999991118 ) ) ;
#78 = CARTESIAN_POINT ( 'NONE',  ( 155.0000000000000853, 8.800000000000196110, 3.799999999999997158 ) ) ;
#79 = CARTESIAN_POINT ( 'NONE',  ( 170.9000000000001762, 98.29999999999995453, 0.9999999999999991118 ) ) ;
#80 = AXIS2_PLACEMENT_3D ( 'NONE', #1436, #2825, #3417 ) ;
#81 = VERTEX_POINT ( 'NONE', #903 ) ;
#82 = VERTEX_POINT ( 'NONE', #615 ) ;
#83 = AXIS2_PLACEMENT_3D ( 'NONE', #3224, #1517, #3480 ) ;
#84 = FACE_OUTER_BOUND ( 'NONE', #2326, .T. ) ;
#85 = DIRECTION ( 'NONE',  ( 0.000000000000000000, 1.000000000000000000, 0.000000000000000000 ) ) ;
#86 = VERTEX_POINT ( 'NONE', #1739 ) ;
#87 = LINE ( 'NONE', #3445, #444 ) ;
#88 = DIRECTION ( 'NONE',  ( 1.000000000000000000, 0.000000000000000000, -0.000000000000000000 ) ) ;
#89 = CARTESIAN_POINT ( 'NONE',  ( 108.5000000000000426, 136.0391149236989179, 0.9999999999999991118 ) ) ;
#90 = VECTOR ( 'NONE', #2663, 1000.000000000000000 ) ;
#91 = EDGE_CURVE ( 'NONE', #3601, #2528, #2858, .T. ) ;
#92 = VERTEX_POINT ( 'NONE', #1171 ) ;
#93 = EDGE_LOOP ( 'NONE', ( #2888, #2751, #768, #3511 ) ) ;
#94 = VECTOR ( 'NONE', #1294, 1000.000000000000000 ) ;
#95 = DIRECTION ( 'NONE',  ( -0.000000000000000000, -0.000000000000000000, 1.000000000000000000 ) ) ;
#96 = DIRECTION ( 'NONE',  ( -0.000000000000000000, -0.000000000000000000, 1.000000000000000000 ) ) ;
#97 = PLANE ( 'NONE',  #1917 ) ;
#98 = EDGE_CURVE ( 'NONE', #2754, #3326, #3401, .T. ) ;
#99 = ORIENTED_EDGE ( 'NONE', *, *, #300, .T. ) ;
#100 = VERTEX_POINT ( 'NONE', #77 ) ;
#101 = VECTOR ( 'NONE', #1538, 1000.000000000000000 ) ;
#102 = ORIENTED_EDGE ( 'NONE', *, *, #2786, .T. ) ;
#103 = DIRECTION ( 'NONE',  ( -0.000000000000000000, -0.000000000000000000, 1.000000000000000000 ) ) ;
#104 = AXIS2_PLACEMENT_3D ( 'NONE', #3052, #2718, #1675 ) ;
#105 = DIRECTION ( 'NONE',  ( 1.000000000000000000, 0.000000000000000000, 0.000000000000000000 ) ) ;
#106 = ORIENTED_EDGE ( 'NONE', *, *, #859, .T. ) ;
#107 = VECTOR ( 'NONE', #316, 1000.000000000000000 ) ;
#108 = LINE ( 'NONE', #2247, #2488 ) ;
#109 = CARTESIAN_POINT ( 'NONE',  ( 196.5000000000000284, 136.0391149236989179, 11.00000000000000000 ) ) ;
#110 = ADVANCED_FACE ( 'NONE', ( #583 ), #1453, .F. ) ;
#111 = PLANE ( 'NONE',  #1291 ) ;
#112 = ORIENTED_EDGE ( 'NONE', *, *, #91, .F. ) ;
#113 = EDGE_LOOP ( 'NONE', ( #1871, #1771, #1979, #3044 ) ) ;
#114 = CARTESIAN_POINT ( 'NONE',  ( 130.5000000000000284, 136.0391149236989179, 0.9999999999999991118 ) ) ;
#115 = CARTESIAN_POINT ( 'NONE',  ( 53.20000000000016627, 113.9999999999999289, 11.00000000000000000 ) ) ;
#116 = DIRECTION ( 'NONE',  ( 0.000000000000000000, 0.000000000000000000, -1.000000000000000000 ) ) ;
#117 = ORIENTED_EDGE ( 'NONE', *, *, #928, .T. ) ;
#118 = EDGE_LOOP ( 'NONE', ( #210, #1742, #3606, #2955 ) ) ;
#119 = EDGE_LOOP ( 'NONE', ( #3600, #997, #941, #3270 ) ) ;
#120 = EDGE_CURVE ( 'NONE', #1050, #575, #3106, .T. ) ;
#121 = DIRECTION ( 'NONE',  ( -0.000000000000000000, -0.000000000000000000, 1.000000000000000000 ) ) ;
#122 = DIRECTION ( 'NONE',  ( 1.000000000000000000, -0.000000000000000000, -0.000000000000000000 ) ) ;
#123 = ORIENTED_EDGE ( 'NONE', *, *, #1076, .F. ) ;
#124 = DIRECTION ( 'NONE',  ( 0.000000000000000000, 1.000000000000000000, 0.000000000000000000 ) ) ;
#125 = EDGE_CURVE ( 'NONE', #3136, #2566, #832, .T. ) ;
#126 = ADVANCED_FACE ( 'NONE', ( #8 ), #1690, .F. ) ;
#127 = DIRECTION ( 'NONE',  ( 1.000000000000000000, 0.000000000000000000, -0.000000000000000000 ) ) ;
#128 = DIRECTION ( 'NONE',  ( 0.000000000000000000, -0.000000000000000000, 1.000000000000000000 ) ) ;
#129 = DIRECTION ( 'NONE',  ( -0.000000000000000000, -0.000000000000000000, 1.000000000000000000 ) ) ;
#130 = ORIENTED_EDGE ( 'NONE', *, *, #532, .F. ) ;
#131 = VECTOR ( 'NONE', #2513, 1000.000000000000000 ) ;
#132 = LINE ( 'NONE', #3450, #898 ) ;
#133 = DIRECTION ( 'NONE',  ( 0.000000000000000000, 0.000000000000000000, 1.000000000000000000 ) ) ;
#134 = VECTOR ( 'NONE', #398, 1000.000000000000000 ) ;
#135 = CARTESIAN_POINT ( 'NONE',  ( 233.0000000000000000, 96.79999999999995453, 11.00000000000000000 ) ) ;
#136 = VERTEX_POINT ( 'NONE', #1118 ) ;
#137 = ORIENTED_EDGE ( 'NONE', *, *, #794, .T. ) ;
#138 = VERTEX_POINT ( 'NONE', #303 ) ;
#139 = PERSON_AND_ORGANIZATION_ROLE ( 'design_supplier' ) ;
#140 = DIRECTION ( 'NONE',  ( -0.000000000000000000, -0.000000000000000000, 1.000000000000000000 ) ) ;
#141 = CARTESIAN_POINT ( 'NONE',  ( 16.90000000000006608, 8.800000000000451905, 3.799999999999997158 ) ) ;
#142 = ORIENTED_EDGE ( 'NONE', *, *, #1373, .T. ) ;
#143 = EDGE_CURVE ( 'NONE', #543, #1581, #2809, .T. ) ;
#144 = AXIS2_PLACEMENT_3D ( 'NONE', #1610, #2928, #2596 ) ;
#145 = LINE ( 'NONE', #1843, #2427 ) ;
#146 = LINE ( 'NONE', #736, #28 ) ;
#147 = EDGE_CURVE ( 'NONE', #1779, #1031, #27, .T. ) ;
#148 = CARTESIAN_POINT ( 'NONE',  ( 42.50000000000003553, 136.0391149236989179, 0.9999999999999991118 ) ) ;
#149 = LINE ( 'NONE', #1261, #1491 ) ;
#150 = ORIENTED_EDGE ( 'NONE', *, *, #3407, .T. ) ;
#151 = DIRECTION ( 'NONE',  ( -1.000000000000000000, 0.000000000000000000, -0.000000000000000000 ) ) ;
#152 = LINE ( 'NONE', #115, #2820 ) ;
#153 = VECTOR ( 'NONE', #2043, 1000.000000000000000 ) ;
#154 = CARTESIAN_POINT ( 'NONE',  ( 233.0000000000000000, 136.0391149236989179, 0.9999999999999991118 ) ) ;
#155 = ORIENTED_EDGE ( 'NONE', *, *, #2489, .T. ) ;
#156 = EDGE_CURVE ( 'NONE', #2846, #814, #1486, .T. ) ;
#157 = ORIENTED_EDGE ( 'NONE', *, *, #608, .T. ) ;
#158 = VECTOR ( 'NONE', #531, 1000.000000000000000 ) ;
#159 = EDGE_LOOP ( 'NONE', ( #3350, #762, #1867, #787 ) ) ;
#160 = LINE ( 'NONE', #961, #2700 ) ;
#161 = DIRECTION ( 'NONE',  ( 0.000000000000000000, 1.000000000000000000, 0.000000000000000000 ) ) ;
#162 = ORIENTED_EDGE ( 'NONE', *, *, #2108, .T. ) ;
#163 = CARTESIAN_POINT ( 'NONE',  ( 108.5000000000000426, 136.0391149236989179, 11.00000000000000000 ) ) ;
#164 = CARTESIAN_POINT ( 'NONE',  ( 185.2000000000001307, 113.9999999999999574, 0.9999999999999991118 ) ) ;
#165 = VECTOR ( 'NONE', #1455, 1000.000000000000000 ) ;
#166 = DIRECTION ( 'NONE',  ( 1.000000000000000000, 0.000000000000000000, -0.000000000000000000 ) ) ;
#167 = ADVANCED_FACE ( 'NONE', ( #3488 ), #1226, .F. ) ;
#168 = EDGE_CURVE ( 'NONE', #511, #3227, #132, .T. ) ;
#169 = CARTESIAN_POINT ( 'NONE',  ( 229.2000000000001592, 98.29999999999995453, 11.00000000000000000 ) ) ;
#170 = ORIENTED_EDGE ( 'NONE', *, *, #1282, .T. ) ;
#171 = ADVANCED_FACE ( 'NONE', ( #971 ), #921, .F. ) ;
#172 = DIRECTION ( 'NONE',  ( -1.000000000000000000, 0.000000000000000000, 0.000000000000000000 ) ) ;
#173 = FACE_OUTER_BOUND ( 'NONE', #3239, .T. ) ;
#174 = ORIENTED_EDGE ( 'NONE', *, *, #1551, .T. ) ;
#175 = VERTEX_POINT ( 'NONE', #3468 ) ;
#176 = ORIENTED_EDGE ( 'NONE', *, *, #1209, .T. ) ;
#177 = PERSON_AND_ORGANIZATION ( #1539, #3473 ) ;
#178 = LINE ( 'NONE', #197, #487 ) ;
#179 = CARTESIAN_POINT ( 'NONE',  ( 75.20000000000015916, 113.9999999999999432, 0.9999999999999991118 ) ) ;
#180 = ORIENTED_EDGE ( 'NONE', *, *, #3055, .T. ) ;
#181 = VECTOR ( 'NONE', #2250, 1000.000000000000000 ) ;
#182 = CARTESIAN_POINT ( 'NONE',  ( 64.50000000000002842, 136.0391149236989179, 0.9999999999999991118 ) ) ;
#183 = PLANE ( 'NONE',  #1187 ) ;
#184 = CARTESIAN_POINT ( 'NONE',  ( 86.50000000000002842, 151.7391149236989065, 0.9999999999999991118 ) ) ;
#185 = DIRECTION ( 'NONE',  ( -1.000000000000000000, 0.000000000000000000, 0.000000000000000000 ) ) ;
#186 = ORIENTED_EDGE ( 'NONE', *, *, #2246, .F. ) ;
#187 = ADVANCED_FACE ( 'NONE', ( #2891 ), #1811, .T. ) ;
#188 = CARTESIAN_POINT ( 'NONE',  ( 104.9000000000001620, 98.29999999999994031, 0.9999999999999991118 ) ) ;
#189 = PLANE ( 'NONE',  #3387 ) ;
#190 = EDGE_LOOP ( 'NONE', ( #360, #3208, #2303, #2188 ) ) ;
#191 = ORIENTED_EDGE ( 'NONE', *, *, #168, .F. ) ;
#192 = EDGE_CURVE ( 'NONE', #2527, #911, #2323, .T. ) ;
#193 = EDGE_CURVE ( 'NONE', #219, #3528, #727, .T. ) ;
#194 = CIRCLE ( 'NONE', #425, 1.899999999999999023 ) ;
#195 = DIRECTION ( 'NONE',  ( 0.000000000000000000, 1.000000000000000000, 0.000000000000000000 ) ) ;
#196 = PERSON_AND_ORGANIZATION ( #1539, #3473 ) ;
#197 = CARTESIAN_POINT ( 'NONE',  ( 6.200000000000038369, 151.7391149236989065, 0.9999999999999991118 ) ) ;
#198 = CARTESIAN_POINT ( 'NONE',  ( 38.90000000000015490, 113.9999999999999289, 0.9999999999999991118 ) ) ;
#199 = ORIENTED_EDGE ( 'NONE', *, *, #1079, .T. ) ;
#200 = DIRECTION ( 'NONE',  ( 0.000000000000000000, 1.000000000000000000, 0.000000000000000000 ) ) ;
#201 = DIRECTION ( 'NONE',  ( -0.000000000000000000, -0.000000000000000000, 1.000000000000000000 ) ) ;
#202 = AXIS2_PLACEMENT_3D ( 'NONE', #3077, #1937, #553 ) ;
#203 = DIRECTION ( 'NONE',  ( -0.000000000000000000, -1.000000000000000000, -0.000000000000000000 ) ) ;
#204 = AXIS2_PLACEMENT_3D ( 'NONE', #2540, #3446, #3132 ) ;
#205 = CARTESIAN_POINT ( 'NONE',  ( 0.000000000000000000, 161.8000000000000398, 0.000000000000000000 ) ) ;
#206 = VERTEX_POINT ( 'NONE', #3228 ) ;
#207 = CARTESIAN_POINT ( 'NONE',  ( 126.9000000000001478, 113.9999999999999432, 11.00000000000000000 ) ) ;
#208 = EDGE_CURVE ( 'NONE', #2068, #1924, #1522, .T. ) ;
#209 = CARTESIAN_POINT ( 'NONE',  ( 119.2000000000001734, 98.29999999999994031, 0.9999999999999991118 ) ) ;
#210 = ORIENTED_EDGE ( 'NONE', *, *, #842, .T. ) ;
#211 = VERTEX_POINT ( 'NONE', #2358 ) ;
#212 = DIRECTION ( 'NONE',  ( 0.000000000000000000, 1.000000000000000000, 0.000000000000000000 ) ) ;
#213 = DATE_TIME_ROLE ( 'creation_date' ) ;
#214 = CARTESIAN_POINT ( 'NONE',  ( 214.9000000000001478, 113.9999999999999574, 0.9999999999999991118 ) ) ;
#215 = EDGE_CURVE ( 'NONE', #855, #371, #2105, .T. ) ;
#216 = CARTESIAN_POINT ( 'NONE',  ( -44.00000000000000000, 0.000000000000000000, 0.9999999999999991118 ) ) ;
#217 = VERTEX_POINT ( 'NONE', #720 ) ;
#218 = VECTOR ( 'NONE', #2667, 1000.000000000000000 ) ;
#219 = VERTEX_POINT ( 'NONE', #3001 ) ;
#220 = LINE ( 'NONE', #3015, #1323 ) ;
#221 = PLANE ( 'NONE',  #662 ) ;
#222 = DIRECTION ( 'NONE',  ( 1.000000000000000000, 0.000000000000000000, 0.000000000000000000 ) ) ;
#223 = DIRECTION ( 'NONE',  ( -0.000000000000000000, -0.000000000000000000, 1.000000000000000000 ) ) ;
#224 = EDGE_CURVE ( 'NONE', #1840, #1834, #1882, .T. ) ;
#225 = LINE ( 'NONE', #1921, #1508 ) ;
#226 = VECTOR ( 'NONE', #3200, 1000.000000000000000 ) ;
#227 = VERTEX_POINT ( 'NONE', #3210 ) ;
#228 = AXIS2_PLACEMENT_3D ( 'NONE', #1149, #592, #2782 ) ;
#229 = FACE_OUTER_BOUND ( 'NONE', #619, .T. ) ;
#230 = CARTESIAN_POINT ( 'NONE',  ( -44.00000000000000000, -5.309762291685530800E-15, 0.9999999999999991118 ) ) ;
#231 = EDGE_LOOP ( 'NONE', ( #1404, #930, #1412, #3414 ) ) ;
#232 = EDGE_LOOP ( 'NONE', ( #3472, #1225, #3584, #1618 ) ) ;
#233 = EDGE_LOOP ( 'NONE', ( #3465, #3561, #1636, #1635 ) ) ;
#234 = APPROVAL_DATE_TIME ( #1929, #3382 ) ;
#235 = DIRECTION ( 'NONE',  ( 0.000000000000000000, 1.000000000000000000, 0.000000000000000000 ) ) ;
#236 = DIRECTION ( 'NONE',  ( 0.000000000000000000, -0.000000000000000000, 1.000000000000000000 ) ) ;
#237 = ORIENTED_EDGE ( 'NONE', *, *, #2615, .F. ) ;
#238 = EDGE_CURVE ( 'NONE', #1600, #175, #703, .T. ) ;
#239 = CARTESIAN_POINT ( 'NONE',  ( 3.000000000000002665, 161.8000000000000398, 3.000000000000000000 ) ) ;
#240 = LINE ( 'NONE', #1953, #2178 ) ;
#241 = ADVANCED_FACE ( 'NONE', ( #2652 ), #990, .F. ) ;
#242 = EDGE_CURVE ( 'NONE', #3499, #1581, #2305, .T. ) ;
#243 = DIRECTION ( 'NONE',  ( 0.000000000000000000, 1.000000000000000000, 0.000000000000000000 ) ) ;
#244 = DIRECTION ( 'NONE',  ( 0.000000000000000000, 0.000000000000000000, -1.000000000000000000 ) ) ;
#245 = DIRECTION ( 'NONE',  ( -1.000000000000000000, -1.206764157201257291E-16, 0.000000000000000000 ) ) ;
#246 = CARTESIAN_POINT ( 'NONE',  ( 152.5000000000000284, 151.7391149236989065, 11.00000000000000000 ) ) ;
#247 = CARTESIAN_POINT ( 'NONE',  ( 75.20000000000015916, 98.29999999999994031, 0.9999999999999991118 ) ) ;
#248 = ORIENTED_EDGE ( 'NONE', *, *, #262, .F. ) ;
#249 = ORIENTED_EDGE ( 'NONE', *, *, #481, .F. ) ;
#250 = ORIENTED_EDGE ( 'NONE', *, *, #2371, .F. ) ;
#251 = DIRECTION ( 'NONE',  ( -0.000000000000000000, -1.000000000000000000, -0.000000000000000000 ) ) ;
#252 = CARTESIAN_POINT ( 'NONE',  ( 218.5000000000000284, 136.0391149236989179, 0.9999999999999991118 ) ) ;
#253 = ORIENTED_EDGE ( 'NONE', *, *, #3555, .F. ) ;
#254 = VECTOR ( 'NONE', #3402, 1000.000000000000000 ) ;
#255 = CARTESIAN_POINT ( 'NONE',  ( 72.20000000000001705, 136.0391149236989179, 0.9999999999999991118 ) ) ;
#256 = CARTESIAN_POINT ( 'NONE',  ( 233.0000000000000000, 151.7391149236989065, 11.00000000000000000 ) ) ;
#257 = ADVANCED_FACE ( 'NONE', ( #1505 ), #3155, .F. ) ;
#258 = CARTESIAN_POINT ( 'NONE',  ( 207.2000000000001592, 113.9999999999999574, 0.9999999999999991118 ) ) ;
#259 = DIRECTION ( 'NONE',  ( 1.000000000000000000, -0.000000000000000000, 0.000000000000000000 ) ) ;
#260 = AXIS2_PLACEMENT_3D ( 'NONE', #2506, #244, #3 ) ;
#261 = FACE_OUTER_BOUND ( 'NONE', #31, .T. ) ;
#262 = EDGE_CURVE ( 'NONE', #1710, #2337, #3172, .T. ) ;
#263 = VECTOR ( 'NONE', #2702, 1000.000000000000000 ) ;
#264 = DIRECTION ( 'NONE',  ( -1.000000000000000000, 0.000000000000000000, 0.000000000000000000 ) ) ;
#265 = CARTESIAN_POINT ( 'NONE',  ( 196.5000000000000284, 151.7391149236989065, 0.9999999999999991118 ) ) ;
#266 = EDGE_LOOP ( 'NONE', ( #2728, #3176, #2182, #2518 ) ) ;
#267 = VERTEX_POINT ( 'NONE', #1774 ) ;
#268 = VERTEX_POINT ( 'NONE', #391 ) ;
#269 = PLANE ( 'NONE',  #2467 ) ;
#270 = DIRECTION ( 'NONE',  ( -0.000000000000000000, -0.000000000000000000, 1.000000000000000000 ) ) ;
#271 = EDGE_CURVE ( 'NONE', #2200, #3626, #2746, .T. ) ;
#272 = ORIENTED_EDGE ( 'NONE', *, *, #3394, .F. ) ;
#273 = ORIENTED_EDGE ( 'NONE', *, *, #417, .T. ) ;
#274 = LINE ( 'NONE', #1899, #3557 ) ;
#275 = FACE_OUTER_BOUND ( 'NONE', #3177, .T. ) ;
#276 = VECTOR ( 'NONE', #3354, 1000.000000000000000 ) ;
#277 = AXIS2_PLACEMENT_3D ( 'NONE', #605, #588, #2294 ) ;
#278 = CARTESIAN_POINT ( 'NONE',  ( 233.0000000000000000, 133.7999999999999829, 3.000000000000000000 ) ) ;
#279 = DIRECTION ( 'NONE',  ( -1.000000000000000000, 0.000000000000000000, 0.000000000000000000 ) ) ;
#280 = PLANE ( 'NONE',  #1685 ) ;
#281 = ADVANCED_FACE ( 'NONE', ( #2485 ), #3612, .F. ) ;
#282 = VECTOR ( 'NONE', #2710, 1000.000000000000000 ) ;
#283 = CARTESIAN_POINT ( 'NONE',  ( 53.20000000000016627, 98.29999999999992610, 0.9999999999999991118 ) ) ;
#284 = ORIENTED_EDGE ( 'NONE', *, *, #1780, .F. ) ;
#285 = EDGE_LOOP ( 'NONE', ( #976, #3178, #413, #2092 ) ) ;
#286 = AXIS2_PLACEMENT_3D ( 'NONE', #3020, #1374, #3594 ) ;
#287 = DIRECTION ( 'NONE',  ( -1.000000000000000000, 0.000000000000000000, 0.000000000000000000 ) ) ;
#288 = CARTESIAN_POINT ( 'NONE',  ( 3.000000000000019096, 2.799999999999972733, 20.99999999999999645 ) ) ;
#289 = LINE ( 'NONE', #2479, #1152 ) ;
#290 = VERTEX_POINT ( 'NONE', #862 ) ;
#291 = EDGE_LOOP ( 'NONE', ( #137, #2073, #2771, #1492 ) ) ;
#292 = CARTESIAN_POINT ( 'NONE',  ( 226.2000000000000171, 151.7391149236989065, 11.00000000000000000 ) ) ;
#293 = DIRECTION ( 'NONE',  ( -0.000000000000000000, -0.000000000000000000, 1.000000000000000000 ) ) ;
#294 = CARTESIAN_POINT ( 'NONE',  ( 20.50000000000004619, 151.7391149236989065, 0.9999999999999991118 ) ) ;
#295 = CARTESIAN_POINT ( 'NONE',  ( 42.50000000000003553, 136.0391149236989179, 11.00000000000000000 ) ) ;
#296 = DIRECTION ( 'NONE',  ( -0.000000000000000000, -0.000000000000000000, 1.000000000000000000 ) ) ;
#297 = VECTOR ( 'NONE', #1185, 1000.000000000000000 ) ;
#298 = EDGE_LOOP ( 'NONE', ( #199, #3092, #918, #2641 ) ) ;
#299 = CARTESIAN_POINT ( 'NONE',  ( 233.0000000000000000, 153.7999999999999545, 11.00000000000000000 ) ) ;
#300 = EDGE_CURVE ( 'NONE', #1948, #2994, #1697, .T. ) ;
#301 = ORIENTED_EDGE ( 'NONE', *, *, #1245, .T. ) ;
#302 = VERTEX_POINT ( 'NONE', #792 ) ;
#303 = CARTESIAN_POINT ( 'NONE',  ( 38.90000000000015490, 98.29999999999992610, 0.9999999999999991118 ) ) ;
#304 = CARTESIAN_POINT ( 'NONE',  ( 130.5000000000000284, 151.7391149236989065, 0.9999999999999991118 ) ) ;
#305 = LINE ( 'NONE', #705, #1330 ) ;
#306 = ADVANCED_FACE ( 'NONE', ( #3061 ), #591, .F. ) ;
#307 = ORIENTED_EDGE ( 'NONE', *, *, #2098, .T. ) ;
#308 = EDGE_CURVE ( 'NONE', #1033, #2619, #1336, .T. ) ;
#309 = ORIENTED_EDGE ( 'NONE', *, *, #3216, .T. ) ;
#310 = DIRECTION ( 'NONE',  ( 1.000000000000000000, -0.000000000000000000, -0.000000000000000000 ) ) ;
#311 = FACE_OUTER_BOUND ( 'NONE', #3529, .T. ) ;
#312 = AXIS2_PLACEMENT_3D ( 'NONE', #9, #2548, #1191 ) ;
#313 = CARTESIAN_POINT ( 'NONE',  ( 42.50000000000003553, 151.7391149236989065, 11.00000000000000000 ) ) ;
#314 = DIRECTION ( 'NONE',  ( -1.000000000000000000, 0.000000000000000000, 0.000000000000000000 ) ) ;
#315 = VECTOR ( 'NONE', #2998, 1000.000000000000000 ) ;
#316 = DIRECTION ( 'NONE',  ( -0.000000000000000000, -0.000000000000000000, 1.000000000000000000 ) ) ;
#317 = CC_DESIGN_SECURITY_CLASSIFICATION ( #2704, ( #492 ) ) ;
#318 = PLANE ( 'NONE',  #1869 ) ;
#319 = ORIENTED_EDGE ( 'NONE', *, *, #271, .T. ) ;
#320 = PLANE ( 'NONE',  #80 ) ;
#321 = EDGE_CURVE ( 'NONE', #1571, #3363, #1131, .T. ) ;
#322 = DIRECTION ( 'NONE',  ( 1.000000000000000000, -0.000000000000000000, -0.000000000000000000 ) ) ;
#323 = DIRECTION ( 'NONE',  ( 0.000000000000000000, 0.000000000000000000, 1.000000000000000000 ) ) ;
#324 = EDGE_LOOP ( 'NONE', ( #3137, #284, #2304, #1311 ) ) ;
#325 = EDGE_LOOP ( 'NONE', ( #1872, #2931, #2861, #935 ) ) ;
#326 = DIRECTION ( 'NONE',  ( -0.000000000000000000, -1.000000000000000000, -0.000000000000000000 ) ) ;
#327 = ADVANCED_FACE ( 'NONE', ( #2818 ), #1666, .F. ) ;
#328 = EDGE_CURVE ( 'NONE', #1527, #1562, #518, .T. ) ;
#329 = CARTESIAN_POINT ( 'NONE',  ( 155.0000000000000853, 8.800000000000196110, 8.999999999999998224 ) ) ;
#330 = DIRECTION ( 'NONE',  ( -0.000000000000000000, -0.000000000000000000, 1.000000000000000000 ) ) ;
#331 = EDGE_CURVE ( 'NONE', #2969, #1450, #809, .T. ) ;
#332 = CARTESIAN_POINT ( 'NONE',  ( 204.2000000000000171, 136.0391149236989179, 0.9999999999999991118 ) ) ;
#333 = AXIS2_PLACEMENT_3D ( 'NONE', #1870, #128, #166 ) ;
#334 = ADVANCED_FACE ( 'NONE', ( #3374 ), #1973, .F. ) ;
#335 = LINE ( 'NONE', #1941, #1110 ) ;
#336 = VERTEX_POINT ( 'NONE', #1059 ) ;
#337 = ORIENTED_EDGE ( 'NONE', *, *, #1167, .T. ) ;
#338 = CARTESIAN_POINT ( 'NONE',  ( 108.5000000000000426, 136.0391149236989179, 0.9999999999999991118 ) ) ;
#339 = PLANE ( 'NONE',  #2407 ) ;
#340 = DIRECTION ( 'NONE',  ( 0.000000000000000000, -1.000000000000000000, -0.000000000000000000 ) ) ;
#341 = VECTOR ( 'NONE', #564, 1000.000000000000000 ) ;
#342 = ORIENTED_EDGE ( 'NONE', *, *, #3030, .F. ) ;
#343 = VERTEX_POINT ( 'NONE', #536 ) ;
#344 = FACE_OUTER_BOUND ( 'NONE', #233, .T. ) ;
#345 = CARTESIAN_POINT ( 'NONE',  ( 75.20000000000015916, 113.9999999999999432, 0.9999999999999991118 ) ) ;
#346 = ORIENTED_EDGE ( 'NONE', *, *, #2573, .F. ) ;
#347 = EDGE_CURVE ( 'NONE', #3195, #1562, #1410, .T. ) ;
#348 = CARTESIAN_POINT ( 'NONE',  ( 174.5000000000000568, 151.7391149236989065, 0.9999999999999991118 ) ) ;
#349 = LINE ( 'NONE', #1785, #2412 ) ;
#350 = EDGE_CURVE ( 'NONE', #3084, #2400, #2229, .T. ) ;
#351 = EDGE_CURVE ( 'NONE', #575, #3084, #1077, .T. ) ;
#352 = CARTESIAN_POINT ( 'NONE',  ( 31.20000000000017337, 113.9999999999999289, 11.00000000000000000 ) ) ;
#353 = ORIENTED_EDGE ( 'NONE', *, *, #2066, .F. ) ;
#354 = APPROVAL ( #1326, 'æœª' ) ;
#355 = VERTEX_POINT ( 'NONE', #1352 ) ;
#356 = DIRECTION ( 'NONE',  ( 0.000000000000000000, -0.000000000000000000, 1.000000000000000000 ) ) ;
#357 = FACE_OUTER_BOUND ( 'NONE', #1160, .T. ) ;
#358 = DIRECTION ( 'NONE',  ( 0.000000000000000000, -0.000000000000000000, 1.000000000000000000 ) ) ;
#359 = EDGE_LOOP ( 'NONE', ( #2877, #250, #1761, #907 ) ) ;
#360 = ORIENTED_EDGE ( 'NONE', *, *, #3314, .T. ) ;
#361 = DIRECTION ( 'NONE',  ( 1.000000000000000000, -0.000000000000000000, -0.000000000000000000 ) ) ;
#362 = CARTESIAN_POINT ( 'NONE',  ( -132.0000000000000000, 0.000000000000000000, 0.9999999999999991118 ) ) ;
#363 = ORIENTED_EDGE ( 'NONE', *, *, #948, .T. ) ;
#364 = CARTESIAN_POINT ( 'NONE',  ( 185.2000000000001307, 98.29999999999995453, 11.00000000000000000 ) ) ;
#365 = DIRECTION ( 'NONE',  ( -0.000000000000000000, -1.000000000000000000, -0.000000000000000000 ) ) ;
#366 = EDGE_CURVE ( 'NONE', #1161, #514, #1683, .T. ) ;
#367 = VECTOR ( 'NONE', #2843, 1000.000000000000000 ) ;
#368 = EDGE_CURVE ( 'NONE', #81, #3523, #2174, .T. ) ;
#369 = CARTESIAN_POINT ( 'NONE',  ( 3.000000000000002665, 160.6000000000004775, 13.00000000000000178 ) ) ;
#370 = EDGE_LOOP ( 'NONE', ( #1011, #472, #2677, #3067 ) ) ;
#371 = VERTEX_POINT ( 'NONE', #3320 ) ;
#372 = DIRECTION ( 'NONE',  ( 0.000000000000000000, 0.000000000000000000, 1.000000000000000000 ) ) ;
#373 = CARTESIAN_POINT ( 'NONE',  ( 53.20000000000016627, 98.29999999999992610, 0.9999999999999991118 ) ) ;
#374 = CARTESIAN_POINT ( 'NONE',  ( 229.2000000000001592, 98.29999999999995453, 0.9999999999999991118 ) ) ;
#375 = VECTOR ( 'NONE', #1716, 1000.000000000000000 ) ;
#376 = ORIENTED_EDGE ( 'NONE', *, *, #3578, .F. ) ;
#377 = ORIENTED_EDGE ( 'NONE', *, *, #1898, .T. ) ;
#378 = VECTOR ( 'NONE', #1588, 1000.000000000000000 ) ;
#379 = ORIENTED_EDGE ( 'NONE', *, *, #461, .F. ) ;
#380 = CC_DESIGN_PERSON_AND_ORGANIZATION_ASSIGNMENT ( #2716, #489, ( #2974 ) ) ;
#381 = DIRECTION ( 'NONE',  ( -1.000000000000000000, 0.000000000000000000, 0.000000000000000000 ) ) ;
#382 = CARTESIAN_POINT ( 'NONE',  ( 155.0000000000000853, 8.800000000000196110, 8.999999999999998224 ) ) ;
#383 = DIRECTION ( 'NONE',  ( 1.000000000000000000, -0.000000000000000000, -0.000000000000000000 ) ) ;
#384 = CARTESIAN_POINT ( 'NONE',  ( 104.9000000000001620, 113.9999999999999432, 11.00000000000000000 ) ) ;
#385 = CARTESIAN_POINT ( 'NONE',  ( 233.0000000000000000, 136.0391149236989179, 11.00000000000000000 ) ) ;
#386 = VECTOR ( 'NONE', #420, 1000.000000000000000 ) ;
#387 = ORIENTED_EDGE ( 'NONE', *, *, #98, .F. ) ;
#388 = EDGE_LOOP ( 'NONE', ( #3361, #995, #1174, #363 ) ) ;
#389 = ADVANCED_FACE ( 'NONE', ( #3040 ), #1649, .F. ) ;
#390 = VECTOR ( 'NONE', #1607, 1000.000000000000000 ) ;
#391 = CARTESIAN_POINT ( 'NONE',  ( 3.000000000000007550, 116.7999999999999545, 11.00000000000000000 ) ) ;
#392 = FACE_OUTER_BOUND ( 'NONE', #775, .T. ) ;
#393 = CARTESIAN_POINT ( 'NONE',  ( 3.000000000000002665, 161.8000000000000398, 13.00000000000000178 ) ) ;
#394 = ORIENTED_EDGE ( 'NONE', *, *, #3485, .T. ) ;
#395 = ORIENTED_EDGE ( 'NONE', *, *, #2558, .F. ) ;
#396 = EDGE_CURVE ( 'NONE', #1117, #3437, #896, .T. ) ;
#397 = VERTEX_POINT ( 'NONE', #3427 ) ;
#398 = DIRECTION ( 'NONE',  ( -1.000000000000000000, 0.000000000000000000, 0.000000000000000000 ) ) ;
#399 = VECTOR ( 'NONE', #853, 1000.000000000000000 ) ;
#400 = LINE ( 'NONE', #1990, #107 ) ;
#401 = EDGE_LOOP ( 'NONE', ( #22, #612, #983, #1853 ) ) ;
#402 = AXIS2_PLACEMENT_3D ( 'NONE', #1847, #758, #1903 ) ;
#403 = DIRECTION ( 'NONE',  ( 1.000000000000000000, 1.206764157201257291E-16, -0.000000000000000000 ) ) ;
#404 = FACE_OUTER_BOUND ( 'NONE', #2379, .T. ) ;
#405 = DIRECTION ( 'NONE',  ( -0.000000000000000000, -0.000000000000000000, 1.000000000000000000 ) ) ;
#406 = CARTESIAN_POINT ( 'NONE',  ( 226.2000000000000171, 151.7391149236989065, 0.9999999999999991118 ) ) ;
#407 = ADVANCED_BREP_SHAPE_REPRESENTATION ( '\X2\58f34f53\X0\', ( #3262, #1301 ), #2410 ) ;
#408 = ORIENTED_EDGE ( 'NONE', *, *, #2398, .T. ) ;
#409 = CARTESIAN_POINT ( 'NONE',  ( 155.0000000000000853, 8.800000000000196110, 3.799999999999997158 ) ) ;
#410 = CARTESIAN_POINT ( 'NONE',  ( 0.000000000000000000, 0.000000000000000000, 11.00000000000000000 ) ) ;
#411 = EDGE_CURVE ( 'NONE', #602, #2934, #3462, .T. ) ;
#412 = DIRECTION ( 'NONE',  ( 1.000000000000000000, 0.000000000000000000, -0.000000000000000000 ) ) ;
#413 = ORIENTED_EDGE ( 'NONE', *, *, #3486, .F. ) ;
#414 = ORIENTED_EDGE ( 'NONE', *, *, #1995, .T. ) ;
#415 = ORIENTED_EDGE ( 'NONE', *, *, #1127, .F. ) ;
#416 = LINE ( 'NONE', #1233, #1423 ) ;
#417 = EDGE_CURVE ( 'NONE', #2775, #2783, #349, .T. ) ;
#418 = PLANE ( 'NONE',  #866 ) ;
#419 = ORIENTED_EDGE ( 'NONE', *, *, #1166, .F. ) ;
#420 = DIRECTION ( 'NONE',  ( 0.000000000000000000, 1.000000000000000000, 0.000000000000000000 ) ) ;
#421 = DIRECTION ( 'NONE',  ( 0.000000000000000000, -1.000000000000000000, 0.000000000000000000 ) ) ;
#422 = CARTESIAN_POINT ( 'NONE',  ( 130.5000000000000284, 151.7391149236989065, 0.9999999999999991118 ) ) ;
#423 = LINE ( 'NONE', #3463, #3280 ) ;
#424 = ORIENTED_EDGE ( 'NONE', *, *, #366, .T. ) ;
#425 = AXIS2_PLACEMENT_3D ( 'NONE', #1506, #96, #2090 ) ;
#426 = CARTESIAN_POINT ( 'NONE',  ( 94.20000000000003126, 136.0391149236989179, 11.00000000000000000 ) ) ;
#427 = LINE ( 'NONE', #1775, #2637 ) ;
#428 = AXIS2_PLACEMENT_3D ( 'NONE', #3440, #857, #1971 ) ;
#429 = LINE ( 'NONE', #2616, #1096 ) ;
#430 = VERTEX_POINT ( 'NONE', #880 ) ;
#431 = ORIENTED_EDGE ( 'NONE', *, *, #3100, .T. ) ;
#432 = ADVANCED_FACE ( 'NONE', ( #3393 ), #677, .T. ) ;
#433 = ORIENTED_EDGE ( 'NONE', *, *, #125, .T. ) ;
#434 = LINE ( 'NONE', #3236, #1536 ) ;
#435 = LINE ( 'NONE', #1530, #3206 ) ;
#436 = VECTOR ( 'NONE', #195, 1000.000000000000000 ) ;
#437 = ADVANCED_FACE ( 'NONE', ( #932 ), #1221, .F. ) ;
#438 = CARTESIAN_POINT ( 'NONE',  ( 214.9000000000001478, 98.29999999999995453, 11.00000000000000000 ) ) ;
#439 = LINE ( 'NONE', #2645, #3365 ) ;
#440 = DIRECTION ( 'NONE',  ( 0.000000000000000000, 1.000000000000000000, 0.000000000000000000 ) ) ;
#441 = CARTESIAN_POINT ( 'NONE',  ( 233.0000000000000000, 116.7999999999999545, 11.00000000000000000 ) ) ;
#442 = ORIENTED_EDGE ( 'NONE', *, *, #1769, .T. ) ;
#443 = FACE_OUTER_BOUND ( 'NONE', #525, .T. ) ;
#444 = VECTOR ( 'NONE', #2606, 1000.000000000000000 ) ;
#445 = CARTESIAN_POINT ( 'NONE',  ( 94.20000000000003126, 151.7391149236989065, 0.9999999999999991118 ) ) ;
#446 = ORIENTED_EDGE ( 'NONE', *, *, #2414, .F. ) ;
#447 = ORIENTED_EDGE ( 'NONE', *, *, #238, .F. ) ;
#448 = VECTOR ( 'NONE', #2333, 1000.000000000000000 ) ;
#449 = VERTEX_POINT ( 'NONE', #946 ) ;
#450 = CALENDAR_DATE ( 2025, 8, 12 ) ;
#451 = CARTESIAN_POINT ( 'NONE',  ( 28.20000000000003126, 136.0391149236989179, 0.9999999999999991118 ) ) ;
#452 = LINE ( 'NONE', #2698, #1504 ) ;
#453 = ORIENTED_EDGE ( 'NONE', *, *, #3004, .T. ) ;
#454 = CARTESIAN_POINT ( 'NONE',  ( 31.20000000000017337, 98.29999999999992610, 11.00000000000000000 ) ) ;
#455 = VECTOR ( 'NONE', #2920, 1000.000000000000000 ) ;
#456 = CARTESIAN_POINT ( 'NONE',  ( 86.50000000000002842, 151.7391149236989065, 11.00000000000000000 ) ) ;
#457 = EDGE_CURVE ( 'NONE', #2018, #511, #2836, .T. ) ;
#458 = VECTOR ( 'NONE', #694, 1000.000000000000000 ) ;
#459 = CARTESIAN_POINT ( 'NONE',  ( 72.20000000000001705, 136.0391149236989179, 0.9999999999999991118 ) ) ;
#460 = DIRECTION ( 'NONE',  ( -0.000000000000000000, -0.000000000000000000, 1.000000000000000000 ) ) ;
#461 = EDGE_CURVE ( 'NONE', #3159, #290, #1165, .T. ) ;
#462 = EDGE_CURVE ( 'NONE', #1577, #689, #1989, .T. ) ;
#463 = ORIENTED_EDGE ( 'NONE', *, *, #3597, .F. ) ;
#464 = DIRECTION ( 'NONE',  ( 1.000000000000000000, -0.000000000000000000, -0.000000000000000000 ) ) ;
#465 = PLANE ( 'NONE',  #2262 ) ;
#466 = EDGE_LOOP ( 'NONE', ( #2501, #2758, #2345, #889 ) ) ;
#467 = VERTEX_POINT ( 'NONE', #3410 ) ;
#468 = ORIENTED_EDGE ( 'NONE', *, *, #2885, .F. ) ;
#469 = PERSON_AND_ORGANIZATION_ROLE ( 'design_owner' ) ;
#470 = DIRECTION ( 'NONE',  ( 1.000000000000000000, -0.000000000000000000, -0.000000000000000000 ) ) ;
#471 = CARTESIAN_POINT ( 'NONE',  ( 42.50000000000003553, 136.0391149236989179, 0.9999999999999991118 ) ) ;
#472 = ORIENTED_EDGE ( 'NONE', *, *, #2651, .F. ) ;
#473 = VECTOR ( 'NONE', #2749, 1000.000000000000000 ) ;
#474 = DIRECTION ( 'NONE',  ( 0.000000000000000000, 0.000000000000000000, 1.000000000000000000 ) ) ;
#475 = CARTESIAN_POINT ( 'NONE',  ( 86.50000000000002842, 136.0391149236989179, 0.9999999999999991118 ) ) ;
#476 = VECTOR ( 'NONE', #1770, 1000.000000000000000 ) ;
#477 = LINE ( 'NONE', #2983, #914 ) ;
#478 = EDGE_CURVE ( 'NONE', #561, #3195, #644, .T. ) ;
#479 = DIRECTION ( 'NONE',  ( 0.000000000000000000, 1.000000000000000000, 0.000000000000000000 ) ) ;
#480 = VERTEX_POINT ( 'NONE', #384 ) ;
#481 = EDGE_CURVE ( 'NONE', #3148, #211, #2027, .T. ) ;
#482 = DIRECTION ( 'NONE',  ( 0.000000000000000000, 0.000000000000000000, -1.000000000000000000 ) ) ;
#483 = DIRECTION ( 'NONE',  ( -1.000000000000000000, 0.000000000000000000, 0.000000000000000000 ) ) ;
#484 = VECTOR ( 'NONE', #3549, 1000.000000000000000 ) ;
#485 = ORIENTED_EDGE ( 'NONE', *, *, #16, .T. ) ;
#486 = ORIENTED_EDGE ( 'NONE', *, *, #411, .F. ) ;
#487 = VECTOR ( 'NONE', #1549, 1000.000000000000000 ) ;
#488 = PLANE ( 'NONE',  #2948 ) ;
#489 = PERSON_AND_ORGANIZATION_ROLE ( 'creator' ) ;
#490 = CARTESIAN_POINT ( 'NONE',  ( 86.50000000000002842, 151.7391149236989065, 0.9999999999999991118 ) ) ;
#491 = CARTESIAN_POINT ( 'NONE',  ( 207.2000000000001592, 98.29999999999995453, 0.9999999999999991118 ) ) ;
#492 = PRODUCT_DEFINITION_FORMATION_WITH_SPECIFIED_SOURCE ( 'ä»', '', #3482, .NOT_KNOWN. ) ;
#493 = EDGE_CURVE ( 'NONE', #2216, #1117, #2008, .T. ) ;
#494 = CARTESIAN_POINT ( 'NONE',  ( 182.2000000000000171, 136.0391149236989179, 0.9999999999999991118 ) ) ;
#495 = CARTESIAN_POINT ( 'NONE',  ( 75.20000000000015916, 113.9999999999999432, 0.9999999999999991118 ) ) ;
#496 = AXIS2_PLACEMENT_3D ( 'NONE', #2512, #287, #1673 ) ;
#497 = DIRECTION ( 'NONE',  ( 1.000000000000000000, 0.000000000000000000, 0.000000000000000000 ) ) ;
#498 = VECTOR ( 'NONE', #38, 1000.000000000000000 ) ;
#499 = CARTESIAN_POINT ( 'NONE',  ( 116.2000000000000313, 151.7391149236989065, 0.9999999999999991118 ) ) ;
#500 = DIRECTION ( 'NONE',  ( -0.000000000000000000, -0.000000000000000000, 1.000000000000000000 ) ) ;
#501 = ORIENTED_EDGE ( 'NONE', *, *, #972, .T. ) ;
#502 = DIRECTION ( 'NONE',  ( 0.000000000000000000, -0.000000000000000000, 1.000000000000000000 ) ) ;
#503 = DIRECTION ( 'NONE',  ( 0.000000000000000000, -0.000000000000000000, 1.000000000000000000 ) ) ;
#504 = EDGE_CURVE ( 'NONE', #2001, #1224, #2868, .T. ) ;
#505 = ORIENTED_EDGE ( 'NONE', *, *, #3507, .F. ) ;
#506 = ORIENTED_EDGE ( 'NONE', *, *, #638, .F. ) ;
#507 = PLANE ( 'NONE',  #1601 ) ;
#508 = CARTESIAN_POINT ( 'NONE',  ( 64.50000000000002842, 136.0391149236989179, 11.00000000000000000 ) ) ;
#509 = DIRECTION ( 'NONE',  ( -0.000000000000000000, -0.000000000000000000, 1.000000000000000000 ) ) ;
#510 = ADVANCED_FACE ( 'NONE', ( #2044 ), #1429, .F. ) ;
#511 = VERTEX_POINT ( 'NONE', #1148 ) ;
#512 = EDGE_CURVE ( 'NONE', #267, #1592, #626, .T. ) ;
#513 = VECTOR ( 'NONE', #405, 1000.000000000000000 ) ;
#514 = VERTEX_POINT ( 'NONE', #2264 ) ;
#515 = LINE ( 'NONE', #2425, #2964 ) ;
#516 = CARTESIAN_POINT ( 'NONE',  ( 15.00000000000006928, 8.800000000000451905, 8.999999999999998224 ) ) ;
#517 = DIRECTION ( 'NONE',  ( 5.854691731421726902E-16, -1.000000000000000000, -0.000000000000000000 ) ) ;
#518 = LINE ( 'NONE', #2780, #3303 ) ;
#519 = LINE ( 'NONE', #2468, #1156 ) ;
#520 = VECTOR ( 'NONE', #3012, 1000.000000000000000 ) ;
#521 = ORIENTED_EDGE ( 'NONE', *, *, #3283, .T. ) ;
#522 = LINE ( 'NONE', #2180, #2567 ) ;
#523 = CARTESIAN_POINT ( 'NONE',  ( 130.5000000000000284, 136.0391149236989179, 11.00000000000000000 ) ) ;
#524 = ORIENTED_EDGE ( 'NONE', *, *, #168, .T. ) ;
#525 = EDGE_LOOP ( 'NONE', ( #782, #1154, #556, #2866 ) ) ;
#526 = ORIENTED_EDGE ( 'NONE', *, *, #900, .F. ) ;
#527 = EDGE_CURVE ( 'NONE', #3618, #3028, #3165, .T. ) ;
#528 = DIRECTION ( 'NONE',  ( 0.000000000000000000, 1.000000000000000000, 0.000000000000000000 ) ) ;
#529 = CARTESIAN_POINT ( 'NONE',  ( 192.9000000000001478, 113.9999999999999574, 11.00000000000000000 ) ) ;
#530 = VERTEX_POINT ( 'NONE', #1766 ) ;
#531 = DIRECTION ( 'NONE',  ( -1.000000000000000000, 0.000000000000000000, 0.000000000000000000 ) ) ;
#532 = EDGE_CURVE ( 'NONE', #2959, #2731, #1461, .T. ) ;
#533 = CARTESIAN_POINT ( 'NONE',  ( 196.5000000000000284, 136.0391149236989179, 0.9999999999999991118 ) ) ;
#534 = VECTOR ( 'NONE', #464, 1000.000000000000000 ) ;
#535 = CARTESIAN_POINT ( 'NONE',  ( 233.0000000000000000, 133.7999999999999829, 11.00000000000000000 ) ) ;
#536 = CARTESIAN_POINT ( 'NONE',  ( 0.000000000000000000, 161.8000000000000398, 20.99999999999999645 ) ) ;
#537 = DIRECTION ( 'NONE',  ( -0.000000000000000000, -1.000000000000000000, -0.000000000000000000 ) ) ;
#538 = EDGE_CURVE ( 'NONE', #800, #1398, #610, .T. ) ;
#539 = DIRECTION ( 'NONE',  ( -1.000000000000000000, 0.000000000000000000, 0.000000000000000000 ) ) ;
#540 = DIRECTION ( 'NONE',  ( 1.000000000000000000, 0.000000000000000000, -0.000000000000000000 ) ) ;
#541 = ORIENTED_EDGE ( 'NONE', *, *, #350, .T. ) ;
#542 = ORIENTED_EDGE ( 'NONE', *, *, #3258, .F. ) ;
#543 = VERTEX_POINT ( 'NONE', #698 ) ;
#544 = DIRECTION ( 'NONE',  ( 1.000000000000000000, -0.000000000000000000, -0.000000000000000000 ) ) ;
#545 = DIRECTION ( 'NONE',  ( 0.000000000000000000, 0.000000000000000000, -1.000000000000000000 ) ) ;
#546 = ORIENTED_EDGE ( 'NONE', *, *, #945, .T. ) ;
#547 = ORIENTED_EDGE ( 'NONE', *, *, #2623, .F. ) ;
#548 = VECTOR ( 'NONE', #2340, 1000.000000000000000 ) ;
#549 = LINE ( 'NONE', #1661, #2314 ) ;
#550 = CARTESIAN_POINT ( 'NONE',  ( 226.2000000000000171, 136.0391149236989179, 0.9999999999999991118 ) ) ;
#551 = EDGE_CURVE ( 'NONE', #2566, #1777, #439, .T. ) ;
#552 = PLANE ( 'NONE',  #3318 ) ;
#553 = DIRECTION ( 'NONE',  ( 0.000000000000000000, 0.000000000000000000, -1.000000000000000000 ) ) ;
#554 = VECTOR ( 'NONE', #572, 1000.000000000000000 ) ;
#555 = DIRECTION ( 'NONE',  ( 0.000000000000000000, 0.000000000000000000, -1.000000000000000000 ) ) ;
#556 = ORIENTED_EDGE ( 'NONE', *, *, #1150, .T. ) ;
#557 = VECTOR ( 'NONE', #1406, 1000.000000000000000 ) ;
#558 = FACE_OUTER_BOUND ( 'NONE', #2093, .T. ) ;
#559 = ORIENTED_EDGE ( 'NONE', *, *, #147, .F. ) ;
#560 = CC_DESIGN_DATE_AND_TIME_ASSIGNMENT ( #1566, #2679, ( #2704 ) ) ;
#561 = VERTEX_POINT ( 'NONE', #164 ) ;
#562 = DIRECTION ( 'NONE',  ( -0.000000000000000000, -0.000000000000000000, -1.000000000000000000 ) ) ;
#563 = DIRECTION ( 'NONE',  ( 0.000000000000000000, 1.000000000000000000, 0.000000000000000000 ) ) ;
#564 = DIRECTION ( 'NONE',  ( 1.000000000000000000, -0.000000000000000000, -0.000000000000000000 ) ) ;
#565 = ORIENTED_EDGE ( 'NONE', *, *, #1799, .F. ) ;
#566 = EDGE_LOOP ( 'NONE', ( #174, #395, #2374, #433, #712, #884 ) ) ;
#567 = LINE ( 'NONE', #1916, #1089 ) ;
#568 = DIRECTION ( 'NONE',  ( 0.000000000000000000, -0.000000000000000000, 1.000000000000000000 ) ) ;
#569 = AXIS2_PLACEMENT_3D ( 'NONE', #2134, #2625, #2117 ) ;
#570 = VECTOR ( 'NONE', #1878, 1000.000000000000000 ) ;
#571 = CARTESIAN_POINT ( 'NONE',  ( 156.9000000000000625, 8.800000000000196110, 3.799999999999997158 ) ) ;
#572 = DIRECTION ( 'NONE',  ( 1.000000000000000000, -0.000000000000000000, -0.000000000000000000 ) ) ;
#573 = EDGE_CURVE ( 'NONE', #2510, #2602, #1573, .T. ) ;
#574 = DIRECTION ( 'NONE',  ( -0.000000000000000000, -0.000000000000000000, 1.000000000000000000 ) ) ;
#575 = VERTEX_POINT ( 'NONE', #2156 ) ;
#576 = VECTOR ( 'NONE', #2473, 1000.000000000000000 ) ;
#577 = EDGE_CURVE ( 'NONE', #1932, #3322, #146, .T. ) ;
#578 = ADVANCED_FACE ( 'NONE', ( #1535 ), #1258, .F. ) ;
#579 = CARTESIAN_POINT ( 'NONE',  ( 31.20000000000017337, 113.9999999999999289, 0.9999999999999991118 ) ) ;
#580 = ORIENTED_EDGE ( 'NONE', *, *, #3547, .F. ) ;
#581 = ORIENTED_EDGE ( 'NONE', *, *, #2210, .F. ) ;
#582 = VECTOR ( 'NONE', #846, 1000.000000000000000 ) ;
#583 = FACE_OUTER_BOUND ( 'NONE', #3383, .T. ) ;
#584 = DIRECTION ( 'NONE',  ( 1.000000000000000000, 0.000000000000000000, 0.000000000000000000 ) ) ;
#585 = DIRECTION ( 'NONE',  ( 1.000000000000000000, 0.000000000000000000, -0.000000000000000000 ) ) ;
#586 = ORIENTED_EDGE ( 'NONE', *, *, #3055, .F. ) ;
#587 = ORIENTED_EDGE ( 'NONE', *, *, #2349, .F. ) ;
#588 = DIRECTION ( 'NONE',  ( 0.000000000000000000, -0.000000000000000000, 1.000000000000000000 ) ) ;
#589 = CARTESIAN_POINT ( 'NONE',  ( 119.2000000000001734, 98.29999999999994031, 11.00000000000000000 ) ) ;
#590 = PLANE ( 'NONE',  #1672 ) ;
#591 = PLANE ( 'NONE',  #202 ) ;
#592 = DIRECTION ( 'NONE',  ( -1.000000000000000000, 0.000000000000000000, 0.000000000000000000 ) ) ;
#593 = VECTOR ( 'NONE', #1153, 1000.000000000000000 ) ;
#594 = ADVANCED_FACE ( 'NONE', ( #1277 ), #714, .T. ) ;
#595 = CARTESIAN_POINT ( 'NONE',  ( 218.5000000000000284, 136.0391149236989179, 11.00000000000000000 ) ) ;
#596 = EDGE_LOOP ( 'NONE', ( #541, #2037, #725, #117 ) ) ;
#597 = EDGE_CURVE ( 'NONE', #3033, #1386, #3536, .T. ) ;
#598 = VECTOR ( 'NONE', #700, 1000.000000000000000 ) ;
#599 = CARTESIAN_POINT ( 'NONE',  ( 104.9000000000001620, 98.29999999999994031, 11.00000000000000000 ) ) ;
#600 = CARTESIAN_POINT ( 'NONE',  ( 152.5000000000000284, 136.0391149236989179, 0.9999999999999991118 ) ) ;
#601 = DIRECTION ( 'NONE',  ( 0.000000000000000000, 0.000000000000000000, -1.000000000000000000 ) ) ;
#602 = VERTEX_POINT ( 'NONE', #1861 ) ;
#603 = ORIENTED_EDGE ( 'NONE', *, *, #2448, .T. ) ;
#604 = ADVANCED_FACE ( 'NONE', ( #1807 ), #2685, .F. ) ;
#605 = CARTESIAN_POINT ( 'NONE',  ( 0.000000000000000000, 0.000000000000000000, 0.9999999999999991118 ) ) ;
#606 = PLANE ( 'NONE',  #2059 ) ;
#607 = VECTOR ( 'NONE', #943, 1000.000000000000000 ) ;
#608 = EDGE_CURVE ( 'NONE', #1342, #467, #1314, .T. ) ;
#609 = CARTESIAN_POINT ( 'NONE',  ( 20.50000000000004619, 151.7391149236989065, 0.9999999999999991118 ) ) ;
#610 = LINE ( 'NONE', #69, #1833 ) ;
#611 = PLANE ( 'NONE',  #1796 ) ;
#612 = ORIENTED_EDGE ( 'NONE', *, *, #1373, .F. ) ;
#613 = AXIS2_PLACEMENT_3D ( 'NONE', #409, #95, #3508 ) ;
#614 = ORIENTED_EDGE ( 'NONE', *, *, #2623, .T. ) ;
#615 = CARTESIAN_POINT ( 'NONE',  ( 192.9000000000001478, 98.29999999999995453, 0.9999999999999991118 ) ) ;
#616 = FACE_OUTER_BOUND ( 'NONE', #2871, .T. ) ;
#617 = ADVANCED_FACE ( 'NONE', ( #771 ), #2388, .F. ) ;
#618 = LINE ( 'NONE', #2828, #2087 ) ;
#619 = EDGE_LOOP ( 'NONE', ( #2380, #186, #463, #74 ) ) ;
#620 = ORIENTED_EDGE ( 'NONE', *, *, #1791, .T. ) ;
#621 = LINE ( 'NONE', #1985, #3083 ) ;
#622 = CYLINDRICAL_SURFACE ( 'NONE', #2233, 1.900000000000012790 ) ;
#623 = ADVANCED_FACE ( 'NONE', ( #404 ), #183, .F. ) ;
#624 = ADVANCED_FACE ( 'NONE', ( #1022 ), #3520, .F. ) ;
#625 = LINE ( 'NONE', #1733, #1728 ) ;
#626 = LINE ( 'NONE', #1734, #498 ) ;
#627 = VECTOR ( 'NONE', #1147, 1000.000000000000000 ) ;
#628 = VECTOR ( 'NONE', #3056, 1000.000000000000000 ) ;
#629 = DIRECTION ( 'NONE',  ( -1.000000000000000000, 0.000000000000000000, 0.000000000000000000 ) ) ;
#630 = ORIENTED_EDGE ( 'NONE', *, *, #2349, .T. ) ;
#631 = ORIENTED_EDGE ( 'NONE', *, *, #3163, .T. ) ;
#632 = FACE_OUTER_BOUND ( 'NONE', #2424, .T. ) ;
#633 = DIRECTION ( 'NONE',  ( -1.000000000000000000, 0.000000000000000000, 0.000000000000000000 ) ) ;
#634 = DIRECTION ( 'NONE',  ( -0.000000000000000000, -1.000000000000000000, -0.000000000000000000 ) ) ;
#635 = AXIS2_PLACEMENT_3D ( 'NONE', #2565, #905, #3452 ) ;
#636 = ORIENTED_EDGE ( 'NONE', *, *, #143, .T. ) ;
#637 = ORIENTED_EDGE ( 'NONE', *, *, #2063, .F. ) ;
#638 = EDGE_CURVE ( 'NONE', #449, #3142, #2126, .T. ) ;
#639 = LINE ( 'NONE', #2864, #2062 ) ;
#640 = CARTESIAN_POINT ( 'NONE',  ( 53.20000000000016627, 98.29999999999992610, 11.00000000000000000 ) ) ;
#641 = EDGE_LOOP ( 'NONE', ( #2436, #3415, #415, #2829 ) ) ;
#642 = EDGE_CURVE ( 'NONE', #2587, #731, #2963, .T. ) ;
#643 = CARTESIAN_POINT ( 'NONE',  ( 218.5000000000000284, 151.7391149236989065, 0.9999999999999991118 ) ) ;
#644 = LINE ( 'NONE', #2607, #1954 ) ;
#645 = PRODUCT_DEFINITION_SHAPE ( 'NONE', 'NONE',  #2974 ) ;
#646 = DIRECTION ( 'NONE',  ( 1.000000000000000000, -0.000000000000000000, 0.000000000000000000 ) ) ;
#647 = VERTEX_POINT ( 'NONE', #456 ) ;
#648 = ORIENTED_EDGE ( 'NONE', *, *, #794, .F. ) ;
#649 = EDGE_CURVE ( 'NONE', #1193, #2527, #3203, .T. ) ;
#650 = CARTESIAN_POINT ( 'NONE',  ( 38.90000000000015490, 98.29999999999992610, 0.9999999999999991118 ) ) ;
#651 = CARTESIAN_POINT ( 'NONE',  ( 160.2000000000000171, 136.0391149236989179, 0.9999999999999991118 ) ) ;
#652 = FACE_OUTER_BOUND ( 'NONE', #3072, .T. ) ;
#653 = ORIENTED_EDGE ( 'NONE', *, *, #3534, .T. ) ;
#654 = ORIENTED_EDGE ( 'NONE', *, *, #1747, .F. ) ;
#655 = CARTESIAN_POINT ( 'NONE',  ( 196.5000000000000284, 136.0391149236989179, 0.9999999999999991118 ) ) ;
#656 = DIRECTION ( 'NONE',  ( 1.000000000000000000, -0.000000000000000000, -0.000000000000000000 ) ) ;
#657 = ORIENTED_EDGE ( 'NONE', *, *, #1347, .T. ) ;
#658 = FACE_OUTER_BOUND ( 'NONE', #3307, .T. ) ;
#659 = DIRECTION ( 'NONE',  ( 1.000000000000000000, 1.206764157201257291E-16, -0.000000000000000000 ) ) ;
#660 = AXIS2_PLACEMENT_3D ( 'NONE', #2306, #1120, #584 ) ;
#661 = ADVANCED_FACE ( 'NONE', ( #754 ), #2426, .F. ) ;
#662 = AXIS2_PLACEMENT_3D ( 'NONE', #2504, #3337, #1128 ) ;
#663 = CARTESIAN_POINT ( 'NONE',  ( 0.000000000000000000, 0.000000000000000000, 8.999999999999998224 ) ) ;
#664 = ORIENTED_EDGE ( 'NONE', *, *, #3059, .T. ) ;
#665 = CARTESIAN_POINT ( 'NONE',  ( 233.0000000000000000, 0.000000000000000000, 3.000000000000000000 ) ) ;
#666 = CARTESIAN_POINT ( 'NONE',  ( 182.2000000000000171, 136.0391149236989179, 0.9999999999999991118 ) ) ;
#667 = FACE_OUTER_BOUND ( 'NONE', #2545, .T. ) ;
#668 = VECTOR ( 'NONE', #3086, 1000.000000000000000 ) ;
#669 = ORIENTED_EDGE ( 'NONE', *, *, #3504, .F. ) ;
#670 = ORIENTED_EDGE ( 'NONE', *, *, #16, .F. ) ;
#671 = VECTOR ( 'NONE', #2446, 1000.000000000000000 ) ;
#672 = ORIENTED_EDGE ( 'NONE', *, *, #2781, .F. ) ;
#673 = CARTESIAN_POINT ( 'NONE',  ( 64.50000000000002842, 136.0391149236989179, 0.9999999999999991118 ) ) ;
#674 = LINE ( 'NONE', #2802, #3094 ) ;
#675 = EDGE_LOOP ( 'NONE', ( #1605, #2275, #1836, #2655 ) ) ;
#676 = FACE_OUTER_BOUND ( 'NONE', #641, .T. ) ;
#677 = PLANE ( 'NONE',  #3244 ) ;
#678 = LINE ( 'NONE', #2354, #218 ) ;
#679 = EDGE_CURVE ( 'NONE', #3326, #2109, #2463, .T. ) ;
#680 = PLANE ( 'NONE',  #3049 ) ;
#681 = VECTOR ( 'NONE', #3521, 1000.000000000000000 ) ;
#682 = ORIENTED_EDGE ( 'NONE', *, *, #3614, .F. ) ;
#683 = ORIENTED_EDGE ( 'NONE', *, *, #1017, .F. ) ;
#684 = EDGE_CURVE ( 'NONE', #3601, #602, #840, .T. ) ;
#685 = DIRECTION ( 'NONE',  ( 0.000000000000000000, 1.000000000000000000, 0.000000000000000000 ) ) ;
#686 = FACE_BOUND ( 'NONE', #3605, .T. ) ;
#687 = PLANE ( 'NONE',  #2499 ) ;
#688 = ORIENTED_EDGE ( 'NONE', *, *, #3258, .T. ) ;
#689 = VERTEX_POINT ( 'NONE', #1900 ) ;
#690 = ORIENTED_EDGE ( 'NONE', *, *, #2023, .T. ) ;
#691 = PERSON_AND_ORGANIZATION_ROLE ( 'creator' ) ;
#692 = CARTESIAN_POINT ( 'NONE',  ( 13.10000000000007070, 8.800000000000451905, 3.799999999999997158 ) ) ;
#693 = AXIS2_PLACEMENT_3D ( 'NONE', #3046, #3306, #1320 ) ;
#694 = DIRECTION ( 'NONE',  ( -0.000000000000000000, -1.000000000000000000, -0.000000000000000000 ) ) ;
#695 = ORIENTED_EDGE ( 'NONE', *, *, #1898, .F. ) ;
#696 = AXIS2_PLACEMENT_3D ( 'NONE', #3533, #161, #1274 ) ;
#697 = CARTESIAN_POINT ( 'NONE',  ( 104.9000000000001620, 113.9999999999999432, 0.9999999999999991118 ) ) ;
#698 = CARTESIAN_POINT ( 'NONE',  ( 141.2000000000001592, 113.9999999999999432, 11.00000000000000000 ) ) ;
#699 = LINE ( 'NONE', #1519, #2368 ) ;
#700 = DIRECTION ( 'NONE',  ( -0.000000000000000000, -1.000000000000000000, -0.000000000000000000 ) ) ;
#701 = ADVANCED_FACE ( 'NONE', ( #3628 ), #3353, .F. ) ;
#702 = ORIENTED_EDGE ( 'NONE', *, *, #1908, .T. ) ;
#703 = LINE ( 'NONE', #1541, #3478 ) ;
#704 = LINE ( 'NONE', #2673, #1998 ) ;
#705 = CARTESIAN_POINT ( 'NONE',  ( 0.000000000000000000, 161.8000000000000398, 3.000000000000000000 ) ) ;
#706 = EDGE_CURVE ( 'NONE', #1790, #2097, #1074, .T. ) ;
#707 = ORIENTED_EDGE ( 'NONE', *, *, #2847, .T. ) ;
#708 = ORIENTED_EDGE ( 'NONE', *, *, #156, .T. ) ;
#709 = ORIENTED_EDGE ( 'NONE', *, *, #3325, .T. ) ;
#710 = CARTESIAN_POINT ( 'NONE',  ( 182.2000000000000171, 136.0391149236989179, 0.9999999999999991118 ) ) ;
#711 = LINE ( 'NONE', #179, #1627 ) ;
#712 = ORIENTED_EDGE ( 'NONE', *, *, #1240, .F. ) ;
#713 = CARTESIAN_POINT ( 'NONE',  ( 3.000000000000030198, 133.7999999999999545, 11.00000000000000000 ) ) ;
#714 = PLANE ( 'NONE',  #2300 ) ;
#715 = ADVANCED_FACE ( 'NONE', ( #2723 ), #2172, .F. ) ;
#716 = CARTESIAN_POINT ( 'NONE',  ( 160.2000000000000171, 136.0391149236989179, 11.00000000000000000 ) ) ;
#717 = CARTESIAN_POINT ( 'NONE',  ( 42.50000000000003553, 151.7391149236989065, 0.9999999999999991118 ) ) ;
#718 = ORIENTED_EDGE ( 'NONE', *, *, #2022, .T. ) ;
#719 = VECTOR ( 'NONE', #60, 1000.000000000000000 ) ;
#720 = CARTESIAN_POINT ( 'NONE',  ( 233.0000000000000000, 151.7391149236989065, 0.9999999999999991118 ) ) ;
#721 = FACE_BOUND ( 'NONE', #2593, .T. ) ;
#722 = DIRECTION ( 'NONE',  ( -0.000000000000000000, -0.000000000000000000, 1.000000000000000000 ) ) ;
#723 = ORIENTED_EDGE ( 'NONE', *, *, #2961, .T. ) ;
#724 = EDGE_LOOP ( 'NONE', ( #2975, #342, #2470, #2715 ) ) ;
#725 = ORIENTED_EDGE ( 'NONE', *, *, #156, .F. ) ;
#726 = ADVANCED_FACE ( 'NONE', ( #275 ), #2642, .F. ) ;
#727 = CIRCLE ( 'NONE', #613, 1.899999999999985034 ) ;
#728 = CARTESIAN_POINT ( 'NONE',  ( 15.00000000000006750, 8.800000000000451905, 2.658364823847631619 ) ) ;
#729 = LINE ( 'NONE', #1838, #897 ) ;
#730 = LINE ( 'NONE', #3550, #455 ) ;
#731 = VERTEX_POINT ( 'NONE', #2520 ) ;
#732 = ORIENTED_EDGE ( 'NONE', *, *, #2398, .F. ) ;
#733 = VECTOR ( 'NONE', #2299, 1000.000000000000000 ) ;
#734 = LINE ( 'NONE', #1276, #2491 ) ;
#735 = ADVANCED_FACE ( 'NONE', ( #3371 ), #15, .F. ) ;
#736 = CARTESIAN_POINT ( 'NONE',  ( 152.5000000000000284, 136.0391149236989179, 0.9999999999999991118 ) ) ;
#737 = CARTESIAN_POINT ( 'NONE',  ( 126.9000000000001478, 98.29999999999994031, 11.00000000000000000 ) ) ;
#738 = CARTESIAN_POINT ( 'NONE',  ( 15.00000000000006928, 8.800000000000451905, 8.999999999999998224 ) ) ;
#739 = EDGE_LOOP ( 'NONE', ( #764, #505, #2657, #2576 ) ) ;
#740 = DIRECTION ( 'NONE',  ( 0.000000000000000000, 1.000000000000000000, 0.000000000000000000 ) ) ;
#741 = VECTOR ( 'NONE', #2966, 1000.000000000000000 ) ;
#742 = CARTESIAN_POINT ( 'NONE',  ( 20.50000000000004619, 136.0391149236989179, 0.9999999999999991118 ) ) ;
#743 = VERTEX_POINT ( 'NONE', #256 ) ;
#744 = ORIENTED_EDGE ( 'NONE', *, *, #3146, .F. ) ;
#745 = VECTOR ( 'NONE', #3129, 1000.000000000000000 ) ;
#746 = ORIENTED_EDGE ( 'NONE', *, *, #1676, .F. ) ;
#747 = APPROVAL_STATUS ( 'not_yet_approved' ) ;
#748 = DIRECTION ( 'NONE',  ( -0.000000000000000000, -0.000000000000000000, 1.000000000000000000 ) ) ;
#749 = FACE_OUTER_BOUND ( 'NONE', #596, .T. ) ;
#750 = ORIENTED_EDGE ( 'NONE', *, *, #2889, .F. ) ;
#751 = ADVANCED_FACE ( 'NONE', ( #3608 ), #221, .F. ) ;
#752 = PLANE ( 'NONE',  #1499 ) ;
#753 = VECTOR ( 'NONE', #3324, 1000.000000000000000 ) ;
#754 = FACE_OUTER_BOUND ( 'NONE', #466, .T. ) ;
#755 = AXIS2_PLACEMENT_3D ( 'NONE', #1337, #479, #2765 ) ;
#756 = EDGE_CURVE ( 'NONE', #430, #2109, #2244, .T. ) ;
#757 = PLANE ( 'NONE',  #804 ) ;
#758 = DIRECTION ( 'NONE',  ( 0.000000000000000000, -1.000000000000000000, -0.000000000000000000 ) ) ;
#759 = ORIENTED_EDGE ( 'NONE', *, *, #2098, .F. ) ;
#760 = DIRECTION ( 'NONE',  ( 0.000000000000000000, -1.000000000000000000, -0.000000000000000000 ) ) ;
#761 = PLANE ( 'NONE',  #333 ) ;
#762 = ORIENTED_EDGE ( 'NONE', *, *, #3187, .F. ) ;
#763 = EDGE_CURVE ( 'NONE', #3322, #2223, #1388, .T. ) ;
#764 = ORIENTED_EDGE ( 'NONE', *, *, #2530, .T. ) ;
#765 = LINE ( 'NONE', #1893, #2881 ) ;
#766 = LINE ( 'NONE', #1344, #254 ) ;
#767 = DIRECTION ( 'NONE',  ( 0.000000000000000000, -1.000000000000000000, -0.000000000000000000 ) ) ;
#768 = ORIENTED_EDGE ( 'NONE', *, *, #1, .F. ) ;
#769 = AXIS2_PLACEMENT_3D ( 'NONE', #663, #2668, #3505 ) ;
#770 = CARTESIAN_POINT ( 'NONE',  ( 192.9000000000001478, 98.29999999999995453, 0.9999999999999991118 ) ) ;
#771 = FACE_OUTER_BOUND ( 'NONE', #1114, .T. ) ;
#772 = CARTESIAN_POINT ( 'NONE',  ( 155.0000000000000853, 8.800000000000196110, 8.999999999999998224 ) ) ;
#773 = ADVANCED_FACE ( 'NONE', ( #2209 ), #1608, .F. ) ;
#774 = CARTESIAN_POINT ( 'NONE',  ( 185.2000000000001307, 98.29999999999995453, 0.9999999999999991118 ) ) ;
#775 = EDGE_LOOP ( 'NONE', ( #2432, #1521, #272, #2269 ) ) ;
#776 = EDGE_CURVE ( 'NONE', #2187, #514, #1056, .T. ) ;
#777 = EDGE_CURVE ( 'NONE', #82, #901, #1662, .T. ) ;
#778 = PLANE ( 'NONE',  #2389 ) ;
#779 = CARTESIAN_POINT ( 'NONE',  ( 60.90000000000014779, 98.29999999999994031, 11.00000000000000000 ) ) ;
#780 = AXIS2_PLACEMENT_3D ( 'NONE', #78, #3140, #1965 ) ;
#781 = ORIENTED_EDGE ( 'NONE', *, *, #3032, .F. ) ;
#782 = ORIENTED_EDGE ( 'NONE', *, *, #3146, .T. ) ;
#783 = VECTOR ( 'NONE', #1762, 1000.000000000000000 ) ;
#784 = ORIENTED_EDGE ( 'NONE', *, *, #3167, .T. ) ;
#785 = LINE ( 'NONE', #2737, #1764 ) ;
#786 = DIRECTION ( 'NONE',  ( 0.000000000000000000, 0.000000000000000000, -1.000000000000000000 ) ) ;
#787 = ORIENTED_EDGE ( 'NONE', *, *, #3416, .T. ) ;
#788 = LINE ( 'NONE', #1368, #2788 ) ;
#789 = DIRECTION ( 'NONE',  ( -0.000000000000000000, -0.000000000000000000, 1.000000000000000000 ) ) ;
#790 = VECTOR ( 'NONE', #562, 1000.000000000000000 ) ;
#791 = DIRECTION ( 'NONE',  ( 1.000000000000000000, -0.000000000000000000, -0.000000000000000000 ) ) ;
#792 = CARTESIAN_POINT ( 'NONE',  ( 153.1000000000000796, 8.800000000000196110, 8.999999999999998224 ) ) ;
#793 = CARTESIAN_POINT ( 'NONE',  ( 207.2000000000001592, 98.29999999999995453, 0.9999999999999991118 ) ) ;
#794 = EDGE_CURVE ( 'NONE', #2862, #1910, #1625, .T. ) ;
#795 = CARTESIAN_POINT ( 'NONE',  ( 60.90000000000014779, 113.9999999999999432, 0.9999999999999991118 ) ) ;
#796 = DIRECTION ( 'NONE',  ( -0.000000000000000000, -0.000000000000000000, 1.000000000000000000 ) ) ;
#797 = ORIENTED_EDGE ( 'NONE', *, *, #2393, .T. ) ;
#798 = ORIENTED_EDGE ( 'NONE', *, *, #3397, .F. ) ;
#799 = EDGE_CURVE ( 'NONE', #217, #743, #240, .T. ) ;
#800 = VERTEX_POINT ( 'NONE', #3316 ) ;
#801 = CARTESIAN_POINT ( 'NONE',  ( 108.5000000000000426, 151.7391149236989065, 0.9999999999999991118 ) ) ;
#802 = LINE ( 'NONE', #3367, #47 ) ;
#803 = ORIENTED_EDGE ( 'NONE', *, *, #1977, .T. ) ;
#804 = AXIS2_PLACEMENT_3D ( 'NONE', #1315, #2408, #3538 ) ;
#805 = LINE ( 'NONE', #2722, #628 ) ;
#806 = DIRECTION ( 'NONE',  ( -0.000000000000000000, -0.000000000000000000, 1.000000000000000000 ) ) ;
#807 = EDGE_CURVE ( 'NONE', #3423, #2337, #1918, .T. ) ;
#808 = DIRECTION ( 'NONE',  ( 1.206764157201257291E-16, -1.000000000000000000, 0.000000000000000000 ) ) ;
#809 = LINE ( 'NONE', #3576, #3128 ) ;
#810 = CYLINDRICAL_SURFACE ( 'NONE', #1211, 1.899999999999999023 ) ;
#811 = VECTOR ( 'NONE', #1302, 1000.000000000000000 ) ;
#812 = DIRECTION ( 'NONE',  ( 1.000000000000000000, 0.000000000000000000, -0.000000000000000000 ) ) ;
#813 = CARTESIAN_POINT ( 'NONE',  ( 218.5000000000000284, 151.7391149236989065, 11.00000000000000000 ) ) ;
#814 = VERTEX_POINT ( 'NONE', #2004 ) ;
#815 = ORIENTED_EDGE ( 'NONE', *, *, #3485, .F. ) ;
#816 = ORIENTED_EDGE ( 'NONE', *, *, #1134, .T. ) ;
#817 = FACE_OUTER_BOUND ( 'NONE', #298, .T. ) ;
#818 = EDGE_CURVE ( 'NONE', #925, #1379, #3161, .T. ) ;
#819 = CARTESIAN_POINT ( 'NONE',  ( 3.000000000000009326, 96.79999999999992610, 11.00000000000000000 ) ) ;
#820 = ORIENTED_EDGE ( 'NONE', *, *, #1024, .T. ) ;
#821 = ORIENTED_EDGE ( 'NONE', *, *, #551, .F. ) ;
#822 = FACE_OUTER_BOUND ( 'NONE', #1088, .T. ) ;
#823 = CARTESIAN_POINT ( 'NONE',  ( 0.000000000000000000, 0.000000000000000000, 0.000000000000000000 ) ) ;
#824 = AXIS2_PLACEMENT_3D ( 'NONE', #2161, #2766, #2490 ) ;
#825 = LINE ( 'NONE', #1682, #2311 ) ;
#826 = DIRECTION ( 'NONE',  ( -0.000000000000000000, -1.000000000000000000, -0.000000000000000000 ) ) ;
#827 = LINE ( 'NONE', #2265, #582 ) ;
#828 = EDGE_LOOP ( 'NONE', ( #453, #414, #176, #1659 ) ) ;
#829 = CARTESIAN_POINT ( 'NONE',  ( 116.2000000000000313, 136.0391149236989179, 0.9999999999999991118 ) ) ;
#830 = VERTEX_POINT ( 'NONE', #1443 ) ;
#831 = ORIENTED_EDGE ( 'NONE', *, *, #2690, .T. ) ;
#832 = LINE ( 'NONE', #1945, #790 ) ;
#833 = FACE_OUTER_BOUND ( 'NONE', #1570, .T. ) ;
#834 = FACE_OUTER_BOUND ( 'NONE', #1179, .T. ) ;
#835 = ORIENTED_EDGE ( 'NONE', *, *, #3621, .F. ) ;
#836 = ORIENTED_EDGE ( 'NONE', *, *, #1057, .T. ) ;
#837 = CIRCLE ( 'NONE', #1590, 1.899999999999999023 ) ;
#838 = ADVANCED_FACE ( 'NONE', ( #1144 ), #3130, .F. ) ;
#839 = DIRECTION ( 'NONE',  ( 1.000000000000000000, -0.000000000000000000, -0.000000000000000000 ) ) ;
#840 = LINE ( 'NONE', #533, #1772 ) ;
#841 = EDGE_CURVE ( 'NONE', #2404, #3227, #2021, .T. ) ;
#842 = EDGE_CURVE ( 'NONE', #926, #206, #35, .T. ) ;
#843 = LOCAL_TIME ( 19, 24, 51.00000000000000000, #1856 ) ;
#844 = LINE ( 'NONE', #1919, #3196 ) ;
#845 = DIRECTION ( 'NONE',  ( 0.000000000000000000, 1.000000000000000000, 0.000000000000000000 ) ) ;
#846 = DIRECTION ( 'NONE',  ( 0.000000000000000000, 1.000000000000000000, 0.000000000000000000 ) ) ;
#847 = AXIS2_PLACEMENT_3D ( 'NONE', #2557, #3184, #2853 ) ;
#848 = CARTESIAN_POINT ( 'NONE',  ( 0.000000000000000000, 0.000000000000000000, 20.99999999999999645 ) ) ;
#849 = ORIENTED_EDGE ( 'NONE', *, *, #1819, .F. ) ;
#850 = ORIENTED_EDGE ( 'NONE', *, *, #3352, .F. ) ;
#851 = DIRECTION ( 'NONE',  ( 1.000000000000000000, -0.000000000000000000, -0.000000000000000000 ) ) ;
#852 = CARTESIAN_POINT ( 'NONE',  ( 130.5000000000000284, 136.0391149236989179, 0.9999999999999991118 ) ) ;
#853 = DIRECTION ( 'NONE',  ( -0.000000000000000000, -0.000000000000000000, -1.000000000000000000 ) ) ;
#854 = ORIENTED_EDGE ( 'NONE', *, *, #504, .T. ) ;
#855 = VERTEX_POINT ( 'NONE', #2586 ) ;
#856 = PLANE ( 'NONE',  #3432 ) ;
#857 = DIRECTION ( 'NONE',  ( 0.000000000000000000, 0.000000000000000000, -1.000000000000000000 ) ) ;
#858 = VECTOR ( 'NONE', #2684, 1000.000000000000000 ) ;
#859 = EDGE_CURVE ( 'NONE', #1960, #1341, #893, .T. ) ;
#860 = AXIS2_PLACEMENT_3D ( 'NONE', #3315, #1039, #1933 ) ;
#861 = DIRECTION ( 'NONE',  ( -0.000000000000000000, -0.000000000000000000, 1.000000000000000000 ) ) ;
#862 = CARTESIAN_POINT ( 'NONE',  ( 160.2000000000000171, 151.7391149236989065, 0.9999999999999991118 ) ) ;
#863 = CARTESIAN_POINT ( 'NONE',  ( 185.2000000000001307, 98.29999999999995453, 0.9999999999999991118 ) ) ;
#864 = ADVANCED_FACE ( 'NONE', ( #2833 ), #622, .F. ) ;
#865 = VERTEX_POINT ( 'NONE', #3391 ) ;
#866 = AXIS2_PLACEMENT_3D ( 'NONE', #1255, #2365, #786 ) ;
#867 = DIRECTION ( 'NONE',  ( 0.000000000000000000, 1.000000000000000000, 0.000000000000000000 ) ) ;
#868 = EDGE_LOOP ( 'NONE', ( #2205, #2629, #683, #657 ) ) ;
#869 = ORIENTED_EDGE ( 'NONE', *, *, #1791, .F. ) ;
#870 = VECTOR ( 'NONE', #944, 1000.000000000000000 ) ;
#871 = DIRECTION ( 'NONE',  ( 1.000000000000000000, 0.000000000000000000, -0.000000000000000000 ) ) ;
#872 = PLANE ( 'NONE',  #1418 ) ;
#873 = FACE_OUTER_BOUND ( 'NONE', #2343, .T. ) ;
#874 = EDGE_CURVE ( 'NONE', #1482, #3499, #2313, .T. ) ;
#875 = VERTEX_POINT ( 'NONE', #640 ) ;
#876 = EDGE_LOOP ( 'NONE', ( #157, #2840, #379, #603 ) ) ;
#877 = CARTESIAN_POINT ( 'NONE',  ( -22.00000000000000000, 0.000000000000000000, 0.9999999999999991118 ) ) ;
#878 = CARTESIAN_POINT ( 'NONE',  ( 233.0000000000000000, 136.0391149236989179, 11.00000000000000000 ) ) ;
#879 = CARTESIAN_POINT ( 'NONE',  ( 130.5000000000000284, 136.0391149236989179, 0.9999999999999991118 ) ) ;
#880 = CARTESIAN_POINT ( 'NONE',  ( 108.5000000000000426, 151.7391149236989065, 0.9999999999999991118 ) ) ;
#881 = LINE ( 'NONE', #2819, #924 ) ;
#882 = ADVANCED_FACE ( 'NONE', ( #1745 ), #2295, .T. ) ;
#883 = FACE_OUTER_BOUND ( 'NONE', #2332, .T. ) ;
#884 = ORIENTED_EDGE ( 'NONE', *, *, #2414, .T. ) ;
#885 = ORIENTED_EDGE ( 'NONE', *, *, #1955, .F. ) ;
#886 = EDGE_CURVE ( 'NONE', #3003, #1805, #1458, .T. ) ;
#887 = CARTESIAN_POINT ( 'NONE',  ( 174.5000000000000568, 151.7391149236989065, 11.00000000000000000 ) ) ;
#888 = FACE_BOUND ( 'NONE', #3308, .T. ) ;
#889 = ORIENTED_EDGE ( 'NONE', *, *, #3460, .F. ) ;
#890 = ORIENTED_EDGE ( 'NONE', *, *, #1151, .F. ) ;
#891 = CC_DESIGN_PERSON_AND_ORGANIZATION_ASSIGNMENT ( #2918, #139, ( #492 ) ) ;
#892 = DIRECTION ( 'NONE',  ( 0.8571673007021117785, 0.000000000000000000, 0.5150380749100550437 ) ) ;
#893 = LINE ( 'NONE', #345, #2348 ) ;
#894 = VECTOR ( 'NONE', #121, 1000.000000000000000 ) ;
#895 = CARTESIAN_POINT ( 'NONE',  ( 64.50000000000002842, 136.0391149236989179, 0.9999999999999991118 ) ) ;
#896 = LINE ( 'NONE', #1182, #1951 ) ;
#897 = VECTOR ( 'NONE', #3254, 1000.000000000000000 ) ;
#898 = VECTOR ( 'NONE', #1246, 1000.000000000000000 ) ;
#899 = CARTESIAN_POINT ( 'NONE',  ( 182.2000000000000171, 151.7391149236989065, 0.9999999999999991118 ) ) ;
#900 = EDGE_CURVE ( 'NONE', #2600, #1840, #1986, .T. ) ;
#901 = VERTEX_POINT ( 'NONE', #2603 ) ;
#902 = VERTEX_POINT ( 'NONE', #1197 ) ;
#903 = CARTESIAN_POINT ( 'NONE',  ( 16.90000000000016556, 113.9999999999999289, 0.9999999999999991118 ) ) ;
#904 = DIRECTION ( 'NONE',  ( -0.000000000000000000, -0.000000000000000000, 1.000000000000000000 ) ) ;
#905 = DIRECTION ( 'NONE',  ( 0.000000000000000000, 1.000000000000000000, 0.000000000000000000 ) ) ;
#906 = ADVANCED_FACE ( 'NONE', ( #311 ), #1425, .F. ) ;
#907 = ORIENTED_EDGE ( 'NONE', *, *, #262, .T. ) ;
#908 = ORIENTED_EDGE ( 'NONE', *, *, #2130, .F. ) ;
#909 = LINE ( 'NONE', #3389, #1385 ) ;
#910 = DIRECTION ( 'NONE',  ( -1.000000000000000000, 0.000000000000000000, 0.000000000000000000 ) ) ;
#911 = VERTEX_POINT ( 'NONE', #66 ) ;
#912 = CARTESIAN_POINT ( 'NONE',  ( 16.90000000000006608, 8.800000000000451905, 8.999999999999998224 ) ) ;
#913 = DIRECTION ( 'NONE',  ( 1.000000000000000000, -0.000000000000000000, -0.000000000000000000 ) ) ;
#914 = VECTOR ( 'NONE', #1004, 1000.000000000000000 ) ;
#915 = ADVANCED_FACE ( 'NONE', ( #2260 ), #606, .F. ) ;
#916 = VECTOR ( 'NONE', #2759, 1000.000000000000000 ) ;
#917 = DIRECTION ( 'NONE',  ( 0.000000000000000000, 1.000000000000000000, 0.000000000000000000 ) ) ;
#918 = ORIENTED_EDGE ( 'NONE', *, *, #1009, .F. ) ;
#919 = ORIENTED_EDGE ( 'NONE', *, *, #3023, .T. ) ;
#920 = VECTOR ( 'NONE', #2988, 1000.000000000000000 ) ;
#921 = PLANE ( 'NONE',  #2946 ) ;
#922 = DIRECTION ( 'NONE',  ( 1.000000000000000000, 0.000000000000000000, -0.000000000000000000 ) ) ;
#923 = PLANE ( 'NONE',  #635 ) ;
#924 = VECTOR ( 'NONE', #1113, 1000.000000000000000 ) ;
#925 = VERTEX_POINT ( 'NONE', #3095 ) ;
#926 = VERTEX_POINT ( 'NONE', #589 ) ;
#927 = PLANE ( 'NONE',  #277 ) ;
#928 = EDGE_CURVE ( 'NONE', #2846, #3084, #1696, .T. ) ;
#929 = CARTESIAN_POINT ( 'NONE',  ( 141.2000000000001592, 98.29999999999994031, 0.9999999999999991118 ) ) ;
#930 = ORIENTED_EDGE ( 'NONE', *, *, #3125, .F. ) ;
#931 = DIRECTION ( 'NONE',  ( 0.000000000000000000, 1.000000000000000000, 0.000000000000000000 ) ) ;
#932 = FACE_OUTER_BOUND ( 'NONE', #388, .T. ) ;
#933 = DIRECTION ( 'NONE',  ( 0.000000000000000000, 1.000000000000000000, 0.000000000000000000 ) ) ;
#934 = AXIS2_PLACEMENT_3D ( 'NONE', #3323, #1613, #2729 ) ;
#935 = ORIENTED_EDGE ( 'NONE', *, *, #538, .T. ) ;
#936 = EDGE_LOOP ( 'NONE', ( #3048, #3310, #2768, #26 ) ) ;
#937 = DIRECTION ( 'NONE',  ( -1.000000000000000000, 0.000000000000000000, 0.000000000000000000 ) ) ;
#938 = CARTESIAN_POINT ( 'NONE',  ( 20.50000000000004619, 136.0391149236989179, 11.00000000000000000 ) ) ;
#939 = LINE ( 'NONE', #1706, #2904 ) ;
#940 = ORIENTED_EDGE ( 'NONE', *, *, #1177, .F. ) ;
#941 = ORIENTED_EDGE ( 'NONE', *, *, #2274, .F. ) ;
#942 = VERTEX_POINT ( 'NONE', #2553 ) ;
#943 = DIRECTION ( 'NONE',  ( -0.000000000000000000, -0.000000000000000000, 1.000000000000000000 ) ) ;
#944 = DIRECTION ( 'NONE',  ( -1.000000000000000000, 0.000000000000000000, 0.000000000000000000 ) ) ;
#945 = EDGE_CURVE ( 'NONE', #3453, #1194, #51, .T. ) ;
#946 = CARTESIAN_POINT ( 'NONE',  ( 13.10000000000007070, 8.800000000000451905, 8.999999999999998224 ) ) ;
#947 = VECTOR ( 'NONE', #563, 1000.000000000000000 ) ;
#948 = EDGE_CURVE ( 'NONE', #2932, #925, #3408, .T. ) ;
#949 = VECTOR ( 'NONE', #2226, 1000.000000000000000 ) ;
#950 = DIRECTION ( 'NONE',  ( -0.000000000000000000, -0.000000000000000000, 1.000000000000000000 ) ) ;
#951 = EDGE_LOOP ( 'NONE', ( #2921, #1470, #2770, #1915 ) ) ;
#952 = ORIENTED_EDGE ( 'NONE', *, *, #874, .F. ) ;
#953 = DIRECTION ( 'NONE',  ( 0.000000000000000000, 0.000000000000000000, -1.000000000000000000 ) ) ;
#954 = CARTESIAN_POINT ( 'NONE',  ( 192.9000000000001478, 113.9999999999999574, 0.9999999999999991118 ) ) ;
#955 = FACE_OUTER_BOUND ( 'NONE', #2694, .T. ) ;
#956 = VECTOR ( 'NONE', #2376, 1000.000000000000000 ) ;
#957 = ORIENTED_EDGE ( 'NONE', *, *, #638, .T. ) ;
#958 = ORIENTED_EDGE ( 'NONE', *, *, #3237, .T. ) ;
#959 = ORIENTED_EDGE ( 'NONE', *, *, #1262, .F. ) ;
#960 = DATE_AND_TIME ( #998, #3418 ) ;
#961 = CARTESIAN_POINT ( 'NONE',  ( 233.0000000000000000, 0.000000000000000000, 3.000000000000000000 ) ) ;
#962 = LINE ( 'NONE', #2078, #226 ) ;
#963 = EDGE_LOOP ( 'NONE', ( #2551, #1065, #2047, #3065 ) ) ;
#964 = DIRECTION ( 'NONE',  ( -1.000000000000000000, 0.000000000000000000, 0.000000000000000000 ) ) ;
#965 = DIRECTION ( 'NONE',  ( 0.000000000000000000, 1.000000000000000000, 0.000000000000000000 ) ) ;
#966 = ADVANCED_FACE ( 'NONE', ( #1289 ), #2659, .T. ) ;
#967 = CARTESIAN_POINT ( 'NONE',  ( 204.2000000000000171, 151.7391149236989065, 0.9999999999999991118 ) ) ;
#968 = EDGE_CURVE ( 'NONE', #336, #2011, #2957, .T. ) ;
#969 = DIRECTION ( 'NONE',  ( -1.000000000000000000, 0.000000000000000000, 0.000000000000000000 ) ) ;
#970 = EDGE_LOOP ( 'NONE', ( #1136, #1689, #587, #2533 ) ) ;
#971 = FACE_OUTER_BOUND ( 'NONE', #2381, .T. ) ;
#972 = EDGE_CURVE ( 'NONE', #830, #1050, #2937, .T. ) ;
#973 = DIRECTION ( 'NONE',  ( -1.033980273487537931E-16, 1.000000000000000000, -0.000000000000000000 ) ) ;
#974 = PLANE ( 'NONE',  #1206 ) ;
#975 = ORIENTED_EDGE ( 'NONE', *, *, #3166, .F. ) ;
#976 = ORIENTED_EDGE ( 'NONE', *, *, #3578, .T. ) ;
#977 = ORIENTED_EDGE ( 'NONE', *, *, #642, .F. ) ;
#978 = EDGE_CURVE ( 'NONE', #1465, #2990, #434, .T. ) ;
#979 = APPROVAL_ROLE ( '' ) ;
#980 = DIRECTION ( 'NONE',  ( -0.000000000000000000, -0.000000000000000000, 1.000000000000000000 ) ) ;
#981 = AXIS2_PLACEMENT_3D ( 'NONE', #252, #3568, #545 ) ;
#982 = FACE_OUTER_BOUND ( 'NONE', #159, .T. ) ;
#983 = ORIENTED_EDGE ( 'NONE', *, *, #2961, .F. ) ;
#984 = LINE ( 'NONE', #438, #3610 ) ;
#985 = DIRECTION ( 'NONE',  ( 0.000000000000000000, 0.000000000000000000, -1.000000000000000000 ) ) ;
#986 = CARTESIAN_POINT ( 'NONE',  ( 6.200000000000038369, 136.0391149236989179, 0.9999999999999991118 ) ) ;
#987 = DIRECTION ( 'NONE',  ( -0.000000000000000000, 1.000000000000000000, 0.000000000000000000 ) ) ;
#988 = ORIENTED_EDGE ( 'NONE', *, *, #1303, .T. ) ;
#989 = EDGE_CURVE ( 'NONE', #3136, #343, #2402, .T. ) ;
#990 = PLANE ( 'NONE',  #3421 ) ;
#991 = FACE_BOUND ( 'NONE', #1789, .T. ) ;
#992 = VECTOR ( 'NONE', #3398, 1000.000000000000000 ) ;
#993 = DIRECTION ( 'NONE',  ( -0.000000000000000000, -0.000000000000000000, 1.000000000000000000 ) ) ;
#994 = ORIENTED_EDGE ( 'NONE', *, *, #1866, .F. ) ;
#995 = ORIENTED_EDGE ( 'NONE', *, *, #3041, .F. ) ;
#996 = EDGE_CURVE ( 'NONE', #1632, #1512, #178, .T. ) ;
#997 = ORIENTED_EDGE ( 'NONE', *, *, #756, .F. ) ;
#998 = CALENDAR_DATE ( 2025, 8, 12 ) ;
#999 = CARTESIAN_POINT ( 'NONE',  ( 119.2000000000001734, 113.9999999999999432, 0.9999999999999991118 ) ) ;
#1000 = LINE ( 'NONE', #1876, #2608 ) ;
#1001 = ORIENTED_EDGE ( 'NONE', *, *, #2480, .F. ) ;
#1002 = CARTESIAN_POINT ( 'NONE',  ( 192.9000000000001478, 98.29999999999995453, 11.00000000000000000 ) ) ;
#1003 = CARTESIAN_POINT ( 'NONE',  ( 207.2000000000001592, 113.9999999999999574, 0.9999999999999991118 ) ) ;
#1004 = DIRECTION ( 'NONE',  ( -0.000000000000000000, -0.000000000000000000, 1.000000000000000000 ) ) ;
#1005 = CARTESIAN_POINT ( 'NONE',  ( 108.5000000000000426, 151.7391149236989065, 11.00000000000000000 ) ) ;
#1006 = ORIENTED_EDGE ( 'NONE', *, *, #224, .F. ) ;
#1007 = AXIS2_PLACEMENT_3D ( 'NONE', #410, #2124, #1850 ) ;
#1008 = CARTESIAN_POINT ( 'NONE',  ( 214.9000000000001478, 113.9999999999999574, 11.00000000000000000 ) ) ;
#1009 = EDGE_CURVE ( 'NONE', #942, #2959, #416, .T. ) ;
#1010 = DIRECTION ( 'NONE',  ( 0.000000000000000000, -0.000000000000000000, 1.000000000000000000 ) ) ;
#1011 = ORIENTED_EDGE ( 'NONE', *, *, #1819, .T. ) ;
#1012 = ORIENTED_EDGE ( 'NONE', *, *, #706, .T. ) ;
#1013 = VERTEX_POINT ( 'NONE', #451 ) ;
#1014 = AXIS2_PLACEMENT_3D ( 'NONE', #3301, #1391, #3339 ) ;
#1015 = DIRECTION ( 'NONE',  ( 1.000000000000000000, 0.000000000000000000, 0.000000000000000000 ) ) ;
#1016 = CARTESIAN_POINT ( 'NONE',  ( 50.20000000000002416, 151.7391149236989065, 0.9999999999999991118 ) ) ;
#1017 = EDGE_CURVE ( 'NONE', #2880, #3251, #1529, .T. ) ;
#1018 = DIRECTION ( 'NONE',  ( 0.000000000000000000, 0.000000000000000000, -1.000000000000000000 ) ) ;
#1019 = ORIENTED_EDGE ( 'NONE', *, *, #3133, .T. ) ;
#1020 = VECTOR ( 'NONE', #3151, 1000.000000000000000 ) ;
#1021 = LINE ( 'NONE', #3202, #386 ) ;
#1022 = FACE_OUTER_BOUND ( 'NONE', #1638, .T. ) ;
#1023 = CARTESIAN_POINT ( 'NONE',  ( 64.50000000000002842, 136.0391149236989179, 0.9999999999999991118 ) ) ;
#1024 = EDGE_CURVE ( 'NONE', #1840, #268, #729, .T. ) ;
#1025 = PLANE ( 'NONE',  #402 ) ;
#1026 = ORIENTED_EDGE ( 'NONE', *, *, #2210, .T. ) ;
#1027 = PLANE ( 'NONE',  #3043 ) ;
#1028 = VECTOR ( 'NONE', #2902, 1000.000000000000000 ) ;
#1029 = FACE_OUTER_BOUND ( 'NONE', #2342, .T. ) ;
#1030 = EDGE_LOOP ( 'NONE', ( #64, #672, #3422, #1877 ) ) ;
#1031 = VERTEX_POINT ( 'NONE', #1016 ) ;
#1032 = VECTOR ( 'NONE', #1162, 1000.000000000000000 ) ;
#1033 = VERTEX_POINT ( 'NONE', #3179 ) ;
#1034 = APPLICATION_PROTOCOL_DEFINITION ( 'international standard', 'config_control_design', 1994, #1828 ) ;
#1035 = CARTESIAN_POINT ( 'NONE',  ( 233.0000000000000000, 0.000000000000000000, 20.99999999999999645 ) ) ;
#1036 = DIRECTION ( 'NONE',  ( -1.000000000000000000, 0.000000000000000000, 0.000000000000000000 ) ) ;
#1037 = ORIENTED_EDGE ( 'NONE', *, *, #192, .F. ) ;
#1038 = EDGE_CURVE ( 'NONE', #1834, #2990, #160, .T. ) ;
#1039 = DIRECTION ( 'NONE',  ( -1.206764157201257291E-16, 1.000000000000000000, 0.000000000000000000 ) ) ;
#1040 = VECTOR ( 'NONE', #122, 1000.000000000000000 ) ;
#1041 = DIRECTION ( 'NONE',  ( -1.000000000000000000, 0.000000000000000000, 0.000000000000000000 ) ) ;
#1042 = VECTOR ( 'NONE', #574, 1000.000000000000000 ) ;
#1043 = EDGE_CURVE ( 'NONE', #2418, #67, #2384, .T. ) ;
#1044 = PLANE ( 'NONE',  #1732 ) ;
#1045 = CARTESIAN_POINT ( 'NONE',  ( 75.20000000000015916, 113.9999999999999432, 0.9999999999999991118 ) ) ;
#1046 = EDGE_LOOP ( 'NONE', ( #73, #1137, #2976, #707 ) ) ;
#1047 = DIRECTION ( 'NONE',  ( -0.000000000000000000, -0.000000000000000000, -1.000000000000000000 ) ) ;
#1048 = LINE ( 'NONE', #1356, #3265 ) ;
#1049 = ORIENTED_EDGE ( 'NONE', *, *, #1977, .F. ) ;
#1050 = VERTEX_POINT ( 'NONE', #1584 ) ;
#1051 = LINE ( 'NONE', #1873, #3242 ) ;
#1052 = DIRECTION ( 'NONE',  ( -1.000000000000000000, 0.000000000000000000, 0.000000000000000000 ) ) ;
#1053 = CARTESIAN_POINT ( 'NONE',  ( 141.2000000000001592, 113.9999999999999432, 0.9999999999999991118 ) ) ;
#1054 = EDGE_LOOP ( 'NONE', ( #709, #3252, #2689, #3582 ) ) ;
#1055 = DIRECTION ( 'NONE',  ( 1.000000000000000000, -0.000000000000000000, 0.000000000000000000 ) ) ;
#1056 = LINE ( 'NONE', #823, #2703 ) ;
#1057 = EDGE_CURVE ( 'NONE', #290, #467, #1567, .T. ) ;
#1058 = LINE ( 'NONE', #2228, #276 ) ;
#1059 = CARTESIAN_POINT ( 'NONE',  ( 182.2000000000000171, 136.0391149236989179, 0.9999999999999991118 ) ) ;
#1060 = FACE_OUTER_BOUND ( 'NONE', #876, .T. ) ;
#1061 = EDGE_CURVE ( 'NONE', #3363, #1439, #1513, .T. ) ;
#1062 = CARTESIAN_POINT ( 'NONE',  ( 38.90000000000015490, 113.9999999999999289, 0.9999999999999991118 ) ) ;
#1063 = CARTESIAN_POINT ( 'NONE',  ( 94.20000000000003126, 136.0391149236989179, 0.9999999999999991118 ) ) ;
#1064 = AXIS2_PLACEMENT_3D ( 'NONE', #2912, #3489, #3173 ) ;
#1065 = ORIENTED_EDGE ( 'NONE', *, *, #1888, .F. ) ;
#1066 = ORIENTED_EDGE ( 'NONE', *, *, #308, .F. ) ;
#1067 = VECTOR ( 'NONE', #85, 1000.000000000000000 ) ;
#1068 = ORIENTED_EDGE ( 'NONE', *, *, #1866, .T. ) ;
#1069 = DIRECTION ( 'NONE',  ( -0.000000000000000000, -0.000000000000000000, 1.000000000000000000 ) ) ;
#1070 = DIRECTION ( 'NONE',  ( 0.000000000000000000, -1.000000000000000000, -0.000000000000000000 ) ) ;
#1071 = ORIENTED_EDGE ( 'NONE', *, *, #192, .T. ) ;
#1072 = EDGE_LOOP ( 'NONE', ( #1198, #759, #2995, #2417 ) ) ;
#1073 = CARTESIAN_POINT ( 'NONE',  ( 214.9000000000001478, 113.9999999999999574, 0.9999999999999991118 ) ) ;
#1074 = LINE ( 'NONE', #550, #557 ) ;
#1075 = LINE ( 'NONE', #1390, #1264 ) ;
#1076 = EDGE_CURVE ( 'NONE', #1194, #1193, #1857, .T. ) ;
#1077 = LINE ( 'NONE', #295, #554 ) ;
#1078 = FACE_OUTER_BOUND ( 'NONE', #1082, .T. ) ;
#1079 = EDGE_CURVE ( 'NONE', #3464, #2713, #2077, .T. ) ;
#1080 = DIRECTION ( 'NONE',  ( -1.000000000000000000, 0.000000000000000000, 0.000000000000000000 ) ) ;
#1081 = LINE ( 'NONE', #265, #3257 ) ;
#1082 = EDGE_LOOP ( 'NONE', ( #3541, #1292, #669, #1256 ) ) ;
#1083 = ORIENTED_EDGE ( 'NONE', *, *, #3435, .F. ) ;
#1084 = VECTOR ( 'NONE', #1098, 1000.000000000000000 ) ;
#1085 = DIRECTION ( 'NONE',  ( -0.000000000000000000, -0.000000000000000000, 1.000000000000000000 ) ) ;
#1086 = CARTESIAN_POINT ( 'NONE',  ( 0.000000000000000000, 161.8000000000000398, 20.99999999999999645 ) ) ;
#1087 = DIRECTION ( 'NONE',  ( 0.000000000000000000, 1.000000000000000000, 0.000000000000000000 ) ) ;
#1088 = EDGE_LOOP ( 'NONE', ( #2534, #2202, #2612, #155 ) ) ;
#1089 = VECTOR ( 'NONE', #200, 1000.000000000000000 ) ;
#1090 = ORIENTED_EDGE ( 'NONE', *, *, #1842, .T. ) ;
#1091 = FACE_OUTER_BOUND ( 'NONE', #3506, .T. ) ;
#1092 = CARTESIAN_POINT ( 'NONE',  ( 152.5000000000000284, 151.7391149236989065, 0.9999999999999991118 ) ) ;
#1093 = CARTESIAN_POINT ( 'NONE',  ( 31.20000000000017337, 113.9999999999999289, 0.9999999999999991118 ) ) ;
#1094 = CARTESIAN_POINT ( 'NONE',  ( 31.20000000000017337, 98.29999999999992610, 0.9999999999999991118 ) ) ;
#1095 = DIRECTION ( 'NONE',  ( 0.000000000000000000, 0.000000000000000000, -1.000000000000000000 ) ) ;
#1096 = VECTOR ( 'NONE', #2415, 1000.000000000000000 ) ;
#1097 = DIRECTION ( 'NONE',  ( -0.000000000000000000, -0.000000000000000000, 1.000000000000000000 ) ) ;
#1098 = DIRECTION ( 'NONE',  ( -1.000000000000000000, 0.000000000000000000, 0.000000000000000000 ) ) ;
#1099 = ADVANCED_FACE ( 'NONE', ( #3458 ), #3199, .F. ) ;
#1100 = VERTEX_POINT ( 'NONE', #692 ) ;
#1101 = EDGE_LOOP ( 'NONE', ( #1582, #732, #850, #2457 ) ) ;
#1102 = ORIENTED_EDGE ( 'NONE', *, *, #462, .T. ) ;
#1103 = LINE ( 'NONE', #801, #2933 ) ;
#1104 = CARTESIAN_POINT ( 'NONE',  ( 226.2000000000000171, 151.7391149236989065, 0.9999999999999991118 ) ) ;
#1105 = EDGE_CURVE ( 'NONE', #1559, #2000, #2919, .T. ) ;
#1106 = VERTEX_POINT ( 'NONE', #2364 ) ;
#1107 = ORIENTED_EDGE ( 'NONE', *, *, #1599, .T. ) ;
#1108 = DIRECTION ( 'NONE',  ( -0.000000000000000000, -0.000000000000000000, 1.000000000000000000 ) ) ;
#1109 = DIRECTION ( 'NONE',  ( -0.000000000000000000, -0.000000000000000000, 1.000000000000000000 ) ) ;
#1110 = VECTOR ( 'NONE', #1719, 1000.000000000000000 ) ;
#1111 = FACE_OUTER_BOUND ( 'NONE', #1338, .T. ) ;
#1112 = DIRECTION ( 'NONE',  ( -0.000000000000000000, -0.000000000000000000, 1.000000000000000000 ) ) ;
#1113 = DIRECTION ( 'NONE',  ( -1.000000000000000000, 0.000000000000000000, 0.000000000000000000 ) ) ;
#1114 = EDGE_LOOP ( 'NONE', ( #3221, #1904, #798, #1116 ) ) ;
#1115 = CARTESIAN_POINT ( 'NONE',  ( 126.9000000000001478, 98.29999999999994031, 0.9999999999999991118 ) ) ;
#1116 = ORIENTED_EDGE ( 'NONE', *, *, #2066, .T. ) ;
#1117 = VERTEX_POINT ( 'NONE', #3497 ) ;
#1118 = CARTESIAN_POINT ( 'NONE',  ( 226.2000000000000171, 151.7391149236989065, 11.00000000000000000 ) ) ;
#1119 = ADVANCED_FACE ( 'NONE', ( #1895 ), #269, .F. ) ;
#1120 = DIRECTION ( 'NONE',  ( -0.000000000000000000, -0.000000000000000000, 1.000000000000000000 ) ) ;
#1121 = AXIS2_PLACEMENT_3D ( 'NONE', #673, #2056, #1781 ) ;
#1122 = LINE ( 'NONE', #2739, #399 ) ;
#1123 = ORIENTED_EDGE ( 'NONE', *, *, #461, .T. ) ;
#1124 = ORIENTED_EDGE ( 'NONE', *, *, #242, .F. ) ;
#1125 = VECTOR ( 'NONE', #980, 1000.000000000000000 ) ;
#1126 = CARTESIAN_POINT ( 'NONE',  ( 60.90000000000014779, 98.29999999999994031, 0.9999999999999991118 ) ) ;
#1127 = EDGE_CURVE ( 'NONE', #430, #2682, #1103, .T. ) ;
#1128 = DIRECTION ( 'NONE',  ( 0.000000000000000000, 0.000000000000000000, 1.000000000000000000 ) ) ;
#1129 = LOCAL_TIME ( 19, 24, 51.00000000000000000, #1837 ) ;
#1130 = DIRECTION ( 'NONE',  ( 1.000000000000000000, -0.000000000000000000, -0.000000000000000000 ) ) ;
#1131 = LINE ( 'NONE', #2450, #1249 ) ;
#1132 = DIRECTION ( 'NONE',  ( -0.000000000000000000, -0.000000000000000000, -1.000000000000000000 ) ) ;
#1133 = AXIS2_PLACEMENT_3D ( 'NONE', #2944, #1553, #2367 ) ;
#1134 = EDGE_CURVE ( 'NONE', #2455, #1720, #2497, .T. ) ;
#1135 = DIRECTION ( 'NONE',  ( -1.000000000000000000, -1.206764157201257291E-16, 0.000000000000000000 ) ) ;
#1136 = ORIENTED_EDGE ( 'NONE', *, *, #2221, .F. ) ;
#1137 = ORIENTED_EDGE ( 'NONE', *, *, #874, .T. ) ;
#1138 = CARTESIAN_POINT ( 'NONE',  ( 64.50000000000002842, 151.7391149236989065, 0.9999999999999991118 ) ) ;
#1139 = CARTESIAN_POINT ( 'NONE',  ( 116.2000000000000313, 136.0391149236989179, 11.00000000000000000 ) ) ;
#1140 = DIRECTION ( 'NONE',  ( 1.000000000000000000, -0.000000000000000000, -0.000000000000000000 ) ) ;
#1141 = ORIENTED_EDGE ( 'NONE', *, *, #3435, .T. ) ;
#1142 = ORIENTED_EDGE ( 'NONE', *, *, #900, .T. ) ;
#1143 = LINE ( 'NONE', #1695, #3138 ) ;
#1144 = FACE_OUTER_BOUND ( 'NONE', #1502, .T. ) ;
#1145 = VECTOR ( 'NONE', #2138, 1000.000000000000000 ) ;
#1146 = EDGE_CURVE ( 'NONE', #100, #1451, #2421, .T. ) ;
#1147 = DIRECTION ( 'NONE',  ( 0.000000000000000000, 1.000000000000000000, 0.000000000000000000 ) ) ;
#1148 = CARTESIAN_POINT ( 'NONE',  ( 138.2000000000000171, 151.7391149236989065, 11.00000000000000000 ) ) ;
#1149 = CARTESIAN_POINT ( 'NONE',  ( 126.9000000000001478, 98.29999999999994031, 0.9999999999999991118 ) ) ;
#1150 = EDGE_CURVE ( 'NONE', #1031, #3453, #3585, .T. ) ;
#1151 = EDGE_CURVE ( 'NONE', #2097, #49, #2439, .T. ) ;
#1152 = VECTOR ( 'NONE', #2514, 1000.000000000000000 ) ;
#1153 = DIRECTION ( 'NONE',  ( -0.000000000000000000, -1.000000000000000000, -0.000000000000000000 ) ) ;
#1154 = ORIENTED_EDGE ( 'NONE', *, *, #147, .T. ) ;
#1155 = ORIENTED_EDGE ( 'NONE', *, *, #3309, .F. ) ;
#1156 = VECTOR ( 'NONE', #2121, 1000.000000000000000 ) ;
#1157 = DIRECTION ( 'NONE',  ( -1.000000000000000000, 0.000000000000000000, 0.000000000000000000 ) ) ;
#1158 = DIRECTION ( 'NONE',  ( 0.000000000000000000, 1.000000000000000000, 0.000000000000000000 ) ) ;
#1159 = CARTESIAN_POINT ( 'NONE',  ( 196.5000000000000284, 151.7391149236989065, 0.9999999999999991118 ) ) ;
#1160 = EDGE_LOOP ( 'NONE', ( #2025, #958, #854, #653 ) ) ;
#1161 = VERTEX_POINT ( 'NONE', #1035 ) ;
#1162 = DIRECTION ( 'NONE',  ( -0.000000000000000000, -0.000000000000000000, 1.000000000000000000 ) ) ;
#1163 = CARTESIAN_POINT ( 'NONE',  ( 50.20000000000002416, 136.0391149236989179, 0.9999999999999991118 ) ) ;
#1164 = CARTESIAN_POINT ( 'NONE',  ( 0.000000000000000000, 0.000000000000000000, 3.000000000000000000 ) ) ;
#1165 = LINE ( 'NONE', #1477, #2772 ) ;
#1166 = EDGE_CURVE ( 'NONE', #2310, #3142, #1327, .T. ) ;
#1167 = EDGE_CURVE ( 'NONE', #731, #647, #3623, .T. ) ;
#1168 = CARTESIAN_POINT ( 'NONE',  ( 233.0000000000000000, 96.79999999999995453, 11.00000000000000000 ) ) ;
#1169 = ORIENTED_EDGE ( 'NONE', *, *, #3583, .F. ) ;
#1170 = ORIENTED_EDGE ( 'NONE', *, *, #1594, .F. ) ;
#1171 = CARTESIAN_POINT ( 'NONE',  ( 3.000000000000019096, 2.799999999999972733, 20.99999999999999645 ) ) ;
#1172 = CARTESIAN_POINT ( 'NONE',  ( 86.50000000000002842, 136.0391149236989179, 0.9999999999999991118 ) ) ;
#1173 = CARTESIAN_POINT ( 'NONE',  ( 64.50000000000002842, 136.0391149236989179, 0.9999999999999991118 ) ) ;
#1174 = ORIENTED_EDGE ( 'NONE', *, *, #2690, .F. ) ;
#1175 = ORIENTED_EDGE ( 'NONE', *, *, #2282, .F. ) ;
#1176 = DIRECTION ( 'NONE',  ( 0.000000000000000000, 0.000000000000000000, -1.000000000000000000 ) ) ;
#1177 = EDGE_CURVE ( 'NONE', #2310, #1100, #837, .T. ) ;
#1178 = DIRECTION ( 'NONE',  ( -0.000000000000000000, -0.000000000000000000, 1.000000000000000000 ) ) ;
#1179 = EDGE_LOOP ( 'NONE', ( #2707, #1980, #1815, #3381 ) ) ;
#1180 = VECTOR ( 'NONE', #3219, 1000.000000000000000 ) ;
#1181 = CARTESIAN_POINT ( 'NONE',  ( 86.50000000000002842, 136.0391149236989179, 0.9999999999999991118 ) ) ;
#1182 = CARTESIAN_POINT ( 'NONE',  ( 218.5000000000000284, 136.0391149236989179, 11.00000000000000000 ) ) ;
#1183 = VECTOR ( 'NONE', #2848, 1000.000000000000000 ) ;
#1184 = VECTOR ( 'NONE', #2212, 1000.000000000000000 ) ;
#1185 = DIRECTION ( 'NONE',  ( 1.000000000000000000, -0.000000000000000000, -0.000000000000000000 ) ) ;
#1186 = EDGE_LOOP ( 'NONE', ( #586, #1456, #3566 ) ) ;
#1187 = AXIS2_PLACEMENT_3D ( 'NONE', #2100, #965, #2118 ) ;
#1188 = VERTEX_POINT ( 'NONE', #214 ) ;
#1189 = EDGE_CURVE ( 'NONE', #343, #2839, #3603, .T. ) ;
#1190 = DIRECTION ( 'NONE',  ( 0.000000000000000000, 1.000000000000000000, 0.000000000000000000 ) ) ;
#1191 = DIRECTION ( 'NONE',  ( 1.033980273487537808E-16, -1.000000000000000000, 0.000000000000000000 ) ) ;
#1192 = DIRECTION ( 'NONE',  ( 0.000000000000000000, 1.000000000000000000, 0.000000000000000000 ) ) ;
#1193 = VERTEX_POINT ( 'NONE', #508 ) ;
#1194 = VERTEX_POINT ( 'NONE', #1603 ) ;
#1195 = EDGE_CURVE ( 'NONE', #1559, #2510, #2203, .T. ) ;
#1196 = LINE ( 'NONE', #1472, #745 ) ;
#1197 = CARTESIAN_POINT ( 'NONE',  ( 72.20000000000001705, 151.7391149236989065, 11.00000000000000000 ) ) ;
#1198 = ORIENTED_EDGE ( 'NONE', *, *, #3145, .F. ) ;
#1199 = LINE ( 'NONE', #895, #627 ) ;
#1200 = DIRECTION ( 'NONE',  ( 0.000000000000000000, 1.000000000000000000, 0.000000000000000000 ) ) ;
#1201 = VECTOR ( 'NONE', #1476, 1000.000000000000000 ) ;
#1202 = VECTOR ( 'NONE', #2813, 1000.000000000000000 ) ;
#1203 = DIRECTION ( 'NONE',  ( 1.000000000000000000, -0.000000000000000000, -0.000000000000000000 ) ) ;
#1204 = ORIENTED_EDGE ( 'NONE', *, *, #1189, .T. ) ;
#1205 = ORIENTED_EDGE ( 'NONE', *, *, #1359, .F. ) ;
#1206 = AXIS2_PLACEMENT_3D ( 'NONE', #2107, #3490, #116 ) ;
#1207 = DIRECTION ( 'NONE',  ( 0.000000000000000000, 0.000000000000000000, -1.000000000000000000 ) ) ;
#1208 = FACE_OUTER_BOUND ( 'NONE', #3047, .T. ) ;
#1209 = EDGE_CURVE ( 'NONE', #1188, #1559, #3330, .T. ) ;
#1210 = CARTESIAN_POINT ( 'NONE',  ( 0.000000000000000000, 0.000000000000000000, 11.00000000000000000 ) ) ;
#1211 = AXIS2_PLACEMENT_3D ( 'NONE', #738, #500, #3321 ) ;
#1212 = ORIENTED_EDGE ( 'NONE', *, *, #2914, .F. ) ;
#1213 = EDGE_LOOP ( 'NONE', ( #2086, #1123, #3085, #2953 ) ) ;
#1214 = ORIENTED_EDGE ( 'NONE', *, *, #3527, .T. ) ;
#1215 = CARTESIAN_POINT ( 'NONE',  ( 141.2000000000001592, 113.9999999999999432, 0.9999999999999991118 ) ) ;
#1216 = ADVANCED_FACE ( 'NONE', ( #833 ), #1357, .F. ) ;
#1217 = CARTESIAN_POINT ( 'NONE',  ( 207.2000000000001592, 98.29999999999995453, 0.9999999999999991118 ) ) ;
#1218 = ADVANCED_FACE ( 'NONE', ( #817 ), #1674, .F. ) ;
#1219 = ORIENTED_EDGE ( 'NONE', *, *, #3547, .T. ) ;
#1220 = CARTESIAN_POINT ( 'NONE',  ( 141.2000000000001592, 98.29999999999994031, 0.9999999999999991118 ) ) ;
#1221 = PLANE ( 'NONE',  #847 ) ;
#1222 = CARTESIAN_POINT ( 'NONE',  ( 86.50000000000002842, 151.7391149236989065, 0.9999999999999991118 ) ) ;
#1223 = AXIS2_PLACEMENT_3D ( 'NONE', #2543, #5, #3064 ) ;
#1224 = VERTEX_POINT ( 'NONE', #3291 ) ;
#1225 = ORIENTED_EDGE ( 'NONE', *, *, #763, .F. ) ;
#1226 = PLANE ( 'NONE',  #2123 ) ;
#1227 = FACE_BOUND ( 'NONE', #3569, .T. ) ;
#1228 = FACE_OUTER_BOUND ( 'NONE', #190, .T. ) ;
#1229 = ORIENTED_EDGE ( 'NONE', *, *, #649, .F. ) ;
#1230 = ORIENTED_EDGE ( 'NONE', *, *, #1127, .T. ) ;
#1231 = EDGE_CURVE ( 'NONE', #1727, #2223, #3029, .T. ) ;
#1232 = ORIENTED_EDGE ( 'NONE', *, *, #2108, .F. ) ;
#1233 = CARTESIAN_POINT ( 'NONE',  ( 60.90000000000014779, 98.29999999999994031, 0.9999999999999991118 ) ) ;
#1234 = CARTESIAN_POINT ( 'NONE',  ( 174.5000000000000568, 136.0391149236989179, 0.9999999999999991118 ) ) ;
#1235 = ORIENTED_EDGE ( 'NONE', *, *, #2869, .T. ) ;
#1236 = EDGE_CURVE ( 'NONE', #92, #3127, #2792, .T. ) ;
#1237 = LINE ( 'NONE', #2387, #1028 ) ;
#1238 = DIRECTION ( 'NONE',  ( -0.000000000000000000, -1.000000000000000000, -0.000000000000000000 ) ) ;
#1239 = AXIS2_PLACEMENT_3D ( 'NONE', #666, #1267, #133 ) ;
#1240 = EDGE_CURVE ( 'NONE', #689, #2566, #785, .T. ) ;
#1241 = VECTOR ( 'NONE', #748, 1000.000000000000000 ) ;
#1242 = CARTESIAN_POINT ( 'NONE',  ( 0.000000000000000000, 0.000000000000000000, 20.99999999999999645 ) ) ;
#1243 = LINE ( 'NONE', #2592, #2227 ) ;
#1244 = ORIENTED_EDGE ( 'NONE', *, *, #573, .F. ) ;
#1245 = EDGE_CURVE ( 'NONE', #1597, #2775, #766, .T. ) ;
#1246 = DIRECTION ( 'NONE',  ( -0.000000000000000000, -1.000000000000000000, -0.000000000000000000 ) ) ;
#1247 = CARTESIAN_POINT ( 'NONE',  ( 233.0000000000000000, 153.7999999999999545, 11.00000000000000000 ) ) ;
#1248 = CARTESIAN_POINT ( 'NONE',  ( 31.20000000000017337, 113.9999999999999289, 0.9999999999999991118 ) ) ;
#1249 = VECTOR ( 'NONE', #3355, 1000.000000000000000 ) ;
#1250 = ORIENTED_EDGE ( 'NONE', *, *, #331, .T. ) ;
#1251 = ORIENTED_EDGE ( 'NONE', *, *, #818, .F. ) ;
#1252 = ORIENTED_EDGE ( 'NONE', *, *, #2761, .T. ) ;
#1253 = SECURITY_CLASSIFICATION_LEVEL ( 'unclassified' ) ;
#1254 = CARTESIAN_POINT ( 'NONE',  ( 6.200000000000038369, 136.0391149236989179, 0.9999999999999991118 ) ) ;
#1255 = CARTESIAN_POINT ( 'NONE',  ( 53.20000000000016627, 98.29999999999992610, 0.9999999999999991118 ) ) ;
#1256 = ORIENTED_EDGE ( 'NONE', *, *, #3332, .T. ) ;
#1257 = CARTESIAN_POINT ( 'NONE',  ( 233.0000000000000000, 0.000000000000000000, 20.99999999999999645 ) ) ;
#1258 = PLANE ( 'NONE',  #1133 ) ;
#1259 = EDGE_CURVE ( 'NONE', #49, #217, #1467, .T. ) ;
#1260 = CARTESIAN_POINT ( 'NONE',  ( 233.0000000000000000, 160.6000000000004775, 13.00000000000000178 ) ) ;
#1261 = CARTESIAN_POINT ( 'NONE',  ( 108.5000000000000426, 136.0391149236989179, 11.00000000000000000 ) ) ;
#1262 = EDGE_CURVE ( 'NONE', #1031, #911, #2289, .T. ) ;
#1263 = ADVANCED_FACE ( 'NONE', ( #357 ), #1724, .T. ) ;
#1264 = VECTOR ( 'NONE', #243, 1000.000000000000000 ) ;
#1265 = ORIENTED_EDGE ( 'NONE', *, *, #1043, .F. ) ;
#1266 = DIRECTION ( 'NONE',  ( 0.000000000000000000, -0.000000000000000000, 1.000000000000000000 ) ) ;
#1267 = DIRECTION ( 'NONE',  ( -1.000000000000000000, 0.000000000000000000, 0.000000000000000000 ) ) ;
#1268 = PLANE ( 'NONE',  #2319 ) ;
#1269 = ORIENTED_EDGE ( 'NONE', *, *, #2743, .T. ) ;
#1270 = ORIENTED_EDGE ( 'NONE', *, *, #2666, .F. ) ;
#1271 = ORIENTED_EDGE ( 'NONE', *, *, #2890, .T. ) ;
#1272 = DIRECTION ( 'NONE',  ( 0.000000000000000000, 1.000000000000000000, 0.000000000000000000 ) ) ;
#1273 = VECTOR ( 'NONE', #2978, 1000.000000000000000 ) ;
#1274 = DIRECTION ( 'NONE',  ( 0.000000000000000000, -0.000000000000000000, 1.000000000000000000 ) ) ;
#1275 = ORIENTED_EDGE ( 'NONE', *, *, #3456, .F. ) ;
#1276 = CARTESIAN_POINT ( 'NONE',  ( 160.2000000000000171, 136.0391149236989179, 0.9999999999999991118 ) ) ;
#1277 = FACE_OUTER_BOUND ( 'NONE', #951, .T. ) ;
#1278 = LINE ( 'NONE', #967, #513 ) ;
#1279 = EDGE_CURVE ( 'NONE', #530, #1597, #2859, .T. ) ;
#1280 = DIRECTION ( 'NONE',  ( 1.000000000000000000, -0.000000000000000000, -0.000000000000000000 ) ) ;
#1281 = VERTEX_POINT ( 'NONE', #2014 ) ;
#1282 = EDGE_CURVE ( 'NONE', #1924, #175, #2272, .T. ) ;
#1283 = DIRECTION ( 'NONE',  ( 1.000000000000000000, 0.000000000000000000, -0.000000000000000000 ) ) ;
#1284 = VECTOR ( 'NONE', #2214, 1000.000000000000000 ) ;
#1285 = CARTESIAN_POINT ( 'NONE',  ( -197.9999999999999716, 0.000000000000000000, 0.9999999999999991118 ) ) ;
#1286 = EDGE_LOOP ( 'NONE', ( #1721, #1322, #2170, #2901 ) ) ;
#1287 = ORIENTED_EDGE ( 'NONE', *, *, #1195, .F. ) ;
#1288 = ORIENTED_EDGE ( 'NONE', *, *, #351, .F. ) ;
#1289 = FACE_OUTER_BOUND ( 'NONE', #2611, .T. ) ;
#1290 = LINE ( 'NONE', #2403, #458 ) ;
#1291 = AXIS2_PLACEMENT_3D ( 'NONE', #2391, #2628, #3188 ) ;
#1292 = ORIENTED_EDGE ( 'NONE', *, *, #538, .F. ) ;
#1293 = ADVANCED_FACE ( 'NONE', ( #2826 ), #339, .F. ) ;
#1294 = DIRECTION ( 'NONE',  ( 1.000000000000000000, -0.000000000000000000, -0.000000000000000000 ) ) ;
#1295 = DIRECTION ( 'NONE',  ( 0.000000000000000000, 1.000000000000000000, 0.000000000000000000 ) ) ;
#1296 = LINE ( 'NONE', #2428, #3552 ) ;
#1297 = DIRECTION ( 'NONE',  ( -0.000000000000000000, -0.000000000000000000, -1.000000000000000000 ) ) ;
#1298 = VERTEX_POINT ( 'NONE', #2810 ) ;
#1299 = VECTOR ( 'NONE', #1875, 1000.000000000000000 ) ;
#1300 = LINE ( 'NONE', #3542, #1284 ) ;
#1301 = AXIS2_PLACEMENT_3D ( 'NONE', #3548, #2420, #1015 ) ;
#1302 = DIRECTION ( 'NONE',  ( -0.000000000000000000, -0.000000000000000000, 1.000000000000000000 ) ) ;
#1303 = EDGE_CURVE ( 'NONE', #3528, #219, #2764, .T. ) ;
#1304 = VERTEX_POINT ( 'NONE', #852 ) ;
#1305 = ORIENTED_EDGE ( 'NONE', *, *, #1995, .F. ) ;
#1306 = LINE ( 'NONE', #3546, #3066 ) ;
#1307 = AXIS2_PLACEMENT_3D ( 'NONE', #3364, #3139, #1963 ) ;
#1308 =( LENGTH_UNIT ( ) NAMED_UNIT ( * ) SI_UNIT ( .MILLI., .METRE. ) );
#1309 = CARTESIAN_POINT ( 'NONE',  ( 64.50000000000002842, 136.0391149236989179, 11.00000000000000000 ) ) ;
#1310 = FACE_OUTER_BOUND ( 'NONE', #1317, .T. ) ;
#1311 = ORIENTED_EDGE ( 'NONE', *, *, #608, .F. ) ;
#1312 = VECTOR ( 'NONE', #365, 1000.000000000000000 ) ;
#1313 = CARTESIAN_POINT ( 'NONE',  ( 20.50000000000004619, 151.7391149236989065, 0.9999999999999991118 ) ) ;
#1314 = LINE ( 'NONE', #3260, #263 ) ;
#1315 = CARTESIAN_POINT ( 'NONE',  ( 138.2000000000000171, 136.0391149236989179, 0.9999999999999991118 ) ) ;
#1316 = CARTESIAN_POINT ( 'NONE',  ( 53.20000000000016627, 98.29999999999992610, 0.9999999999999991118 ) ) ;
#1317 = EDGE_LOOP ( 'NONE', ( #307, #1232, #885, #816 ) ) ;
#1318 = FACE_OUTER_BOUND ( 'NONE', #1617, .T. ) ;
#1319 = VECTOR ( 'NONE', #2316, 1000.000000000000000 ) ;
#1320 = DIRECTION ( 'NONE',  ( 0.000000000000000000, 0.000000000000000000, -1.000000000000000000 ) ) ;
#1321 = ORIENTED_EDGE ( 'NONE', *, *, #2573, .T. ) ;
#1322 = ORIENTED_EDGE ( 'NONE', *, *, #2785, .T. ) ;
#1323 = VECTOR ( 'NONE', #839, 1000.000000000000000 ) ;
#1324 = CARTESIAN_POINT ( 'NONE',  ( 233.0000000000000000, 116.7999999999999545, 11.00000000000000000 ) ) ;
#1325 = EDGE_CURVE ( 'NONE', #290, #12, #2579, .T. ) ;
#1326 = APPROVAL_STATUS ( 'not_yet_approved' ) ;
#1327 = LINE ( 'NONE', #2992, #2344 ) ;
#1328 = PLANE ( 'NONE',  #2208 ) ;
#1329 = PLANE ( 'NONE',  #2140 ) ;
#1330 = VECTOR ( 'NONE', #3175, 1000.000000000000000 ) ;
#1331 = EDGE_CURVE ( 'NONE', #3148, #3437, #3419, .T. ) ;
#1332 = ADVANCED_FACE ( 'NONE', ( #1997 ), #1704, .F. ) ;
#1333 = DIRECTION ( 'NONE',  ( 0.000000000000000000, -1.000000000000000000, 0.000000000000000000 ) ) ;
#1334 = VECTOR ( 'NONE', #1611, 1000.000000000000000 ) ;
#1335 = DIRECTION ( 'NONE',  ( 0.000000000000000000, 0.000000000000000000, -1.000000000000000000 ) ) ;
#1336 = LINE ( 'NONE', #1902, #2831 ) ;
#1337 = CARTESIAN_POINT ( 'NONE',  ( 174.5000000000000568, 151.7391149236989065, 0.9999999999999991118 ) ) ;
#1338 = EDGE_LOOP ( 'NONE', ( #3232, #2823, #1012, #2122 ) ) ;
#1339 = PLANE ( 'NONE',  #1987 ) ;
#1340 = DIRECTION ( 'NONE',  ( -1.000000000000000000, 0.000000000000000000, 0.000000000000000000 ) ) ;
#1341 = VERTEX_POINT ( 'NONE', #3366 ) ;
#1342 = VERTEX_POINT ( 'NONE', #887 ) ;
#1343 = ORIENTED_EDGE ( 'NONE', *, *, #2719, .T. ) ;
#1344 = CARTESIAN_POINT ( 'NONE',  ( 233.0000000000000000, 14.99999999999997158, 8.999999999999998224 ) ) ;
#1345 = DIRECTION ( 'NONE',  ( -0.000000000000000000, -0.000000000000000000, -1.000000000000000000 ) ) ;
#1346 = ORIENTED_EDGE ( 'NONE', *, *, #396, .F. ) ;
#1347 = EDGE_CURVE ( 'NONE', #2880, #206, #3123, .T. ) ;
#1348 = CARTESIAN_POINT ( 'NONE',  ( 3.000000000000009326, 96.79999999999992610, 3.000000000000000000 ) ) ;
#1349 = CARTESIAN_POINT ( 'NONE',  ( 3.000000000000019096, 2.799999999999972733, 8.999999999999998224 ) ) ;
#1350 = ADVANCED_FACE ( 'NONE', ( #616 ), #1740, .F. ) ;
#1351 = CARTESIAN_POINT ( 'NONE',  ( 42.50000000000003553, 136.0391149236989179, 11.00000000000000000 ) ) ;
#1352 = CARTESIAN_POINT ( 'NONE',  ( 156.9000000000000909, 8.800000000000196110, 8.999999999999998224 ) ) ;
#1353 = LINE ( 'NONE', #3042, #3267 ) ;
#1354 = ORIENTED_EDGE ( 'NONE', *, *, #3150, .T. ) ;
#1355 = CARTESIAN_POINT ( 'NONE',  ( 229.2000000000001592, 113.9999999999999574, 0.9999999999999991118 ) ) ;
#1356 = CARTESIAN_POINT ( 'NONE',  ( 233.0000000000000000, 136.0391149236989179, 0.9999999999999991118 ) ) ;
#1357 = CONICAL_SURFACE ( 'NONE', #2054, 1.899999999999999023, 1.029744258676653423 ) ;
#1358 = ORIENTED_EDGE ( 'NONE', *, *, #2869, .F. ) ;
#1359 = EDGE_CURVE ( 'NONE', #302, #355, #2996, .T. ) ;
#1360 = EDGE_LOOP ( 'NONE', ( #1693, #3170, #1983, #1619 ) ) ;
#1361 = VECTOR ( 'NONE', #2977, 1000.000000000000000 ) ;
#1362 = ORIENTED_EDGE ( 'NONE', *, *, #2266, .T. ) ;
#1363 = CARTESIAN_POINT ( 'NONE',  ( 233.0000000000000000, 136.0391149236989179, 0.9999999999999991118 ) ) ;
#1364 = CARTESIAN_POINT ( 'NONE',  ( 3.000000000000002665, 161.8000000000000398, 3.000000000000000000 ) ) ;
#1365 = ORIENTED_EDGE ( 'NONE', *, *, #193, .F. ) ;
#1366 = APPROVAL_PERSON_ORGANIZATION ( #2076, #354, #1602 ) ;
#1367 = VECTOR ( 'NONE', #937, 1000.000000000000000 ) ;
#1368 = CARTESIAN_POINT ( 'NONE',  ( 75.20000000000015916, 98.29999999999994031, 0.9999999999999991118 ) ) ;
#1369 = CARTESIAN_POINT ( 'NONE',  ( 108.5000000000000426, 151.7391149236989065, 0.9999999999999991118 ) ) ;
#1370 = VECTOR ( 'NONE', #2923, 1000.000000000000000 ) ;
#1371 = LINE ( 'NONE', #2211, #2841 ) ;
#1372 = DIRECTION ( 'NONE',  ( 0.000000000000000000, 0.000000000000000000, -1.000000000000000000 ) ) ;
#1373 = EDGE_CURVE ( 'NONE', #2927, #2392, #1691, .T. ) ;
#1374 = DIRECTION ( 'NONE',  ( -1.206764157201257291E-16, 1.000000000000000000, 0.000000000000000000 ) ) ;
#1375 = ADVANCED_FACE ( 'NONE', ( #3385 ), #872, .F. ) ;
#1376 = EDGE_CURVE ( 'NONE', #2404, #1932, #3107, .T. ) ;
#1377 = CARTESIAN_POINT ( 'NONE',  ( 233.0000000000000000, 160.6000000000004206, 3.000000000000000000 ) ) ;
#1378 = LINE ( 'NONE', #813, #1084 ) ;
#1379 = VERTEX_POINT ( 'NONE', #938 ) ;
#1380 = ORIENTED_EDGE ( 'NONE', *, *, #2908, .T. ) ;
#1381 = AXIS2_PLACEMENT_3D ( 'NONE', #772, #3000, #497 ) ;
#1382 = VERTEX_POINT ( 'NONE', #1247 ) ;
#1383 = CARTESIAN_POINT ( 'NONE',  ( 170.9000000000001762, 98.29999999999995453, 0.9999999999999991118 ) ) ;
#1384 = FACE_OUTER_BOUND ( 'NONE', #2577, .T. ) ;
#1385 = VECTOR ( 'NONE', #326, 1000.000000000000000 ) ;
#1386 = VERTEX_POINT ( 'NONE', #954 ) ;
#1387 = DIRECTION ( 'NONE',  ( -0.000000000000000000, -1.000000000000000000, -0.000000000000000000 ) ) ;
#1388 = LINE ( 'NONE', #1092, #315 ) ;
#1389 = VECTOR ( 'NONE', #3604, 1000.000000000000000 ) ;
#1390 = CARTESIAN_POINT ( 'NONE',  ( 130.5000000000000284, 136.0391149236989179, 11.00000000000000000 ) ) ;
#1391 = DIRECTION ( 'NONE',  ( 0.000000000000000000, -1.000000000000000000, -0.000000000000000000 ) ) ;
#1392 = CARTESIAN_POINT ( 'NONE',  ( 108.5000000000000426, 151.7391149236989065, 11.00000000000000000 ) ) ;
#1393 = VECTOR ( 'NONE', #1297, 1000.000000000000000 ) ;
#1394 = ORIENTED_EDGE ( 'NONE', *, *, #1686, .F. ) ;
#1395 = EDGE_CURVE ( 'NONE', #1224, #1117, #2951, .T. ) ;
#1396 = LINE ( 'NONE', #1168, #1637 ) ;
#1397 = EDGE_LOOP ( 'NONE', ( #2386, #1026, #2110, #2638 ) ) ;
#1398 = VERTEX_POINT ( 'NONE', #1542 ) ;
#1399 = EDGE_CURVE ( 'NONE', #3626, #1033, #152, .T. ) ;
#1400 = DIRECTION ( 'NONE',  ( 0.000000000000000000, 0.000000000000000000, 1.000000000000000000 ) ) ;
#1401 = DIRECTION ( 'NONE',  ( -0.000000000000000000, -1.000000000000000000, -0.000000000000000000 ) ) ;
#1402 = LINE ( 'NONE', #2774, #3090 ) ;
#1403 = ORIENTED_EDGE ( 'NONE', *, *, #841, .F. ) ;
#1404 = ORIENTED_EDGE ( 'NONE', *, *, #10, .T. ) ;
#1405 = DIRECTION ( 'NONE',  ( 0.000000000000000000, -0.000000000000000000, 1.000000000000000000 ) ) ;
#1406 = DIRECTION ( 'NONE',  ( -0.000000000000000000, -1.000000000000000000, -0.000000000000000000 ) ) ;
#1407 = AXIS2_PLACEMENT_3D ( 'NONE', #1978, #3101, #3082 ) ;
#1408 = EDGE_CURVE ( 'NONE', #3195, #2455, #2106, .T. ) ;
#1409 = FACE_OUTER_BOUND ( 'NONE', #1186, .T. ) ;
#1410 = LINE ( 'NONE', #3097, #1544 ) ;
#1411 = LINE ( 'NONE', #3115, #2906 ) ;
#1412 = ORIENTED_EDGE ( 'NONE', *, *, #1146, .F. ) ;
#1413 = LINE ( 'NONE', #3117, #181 ) ;
#1414 = ORIENTED_EDGE ( 'NONE', *, *, #2786, .F. ) ;
#1415 = ORIENTED_EDGE ( 'NONE', *, *, #1528, .F. ) ;
#1416 = CARTESIAN_POINT ( 'NONE',  ( 141.2000000000001592, 113.9999999999999432, 11.00000000000000000 ) ) ;
#1417 = DIRECTION ( 'NONE',  ( -0.000000000000000000, -0.000000000000000000, 1.000000000000000000 ) ) ;
#1418 = AXIS2_PLACEMENT_3D ( 'NONE', #2531, #29, #1981 ) ;
#1419 = EDGE_CURVE ( 'NONE', #800, #3159, #704, .T. ) ;
#1420 = DIRECTION ( 'NONE',  ( -1.000000000000000000, 0.000000000000000000, 0.000000000000000000 ) ) ;
#1421 = ORIENTED_EDGE ( 'NONE', *, *, #1647, .F. ) ;
#1422 = ORIENTED_EDGE ( 'NONE', *, *, #1887, .F. ) ;
#1423 = VECTOR ( 'NONE', #2620, 1000.000000000000000 ) ;
#1424 = CARTESIAN_POINT ( 'NONE',  ( 156.9000000000000625, 8.800000000000196110, 3.799999999999997158 ) ) ;
#1425 = PLANE ( 'NONE',  #428 ) ;
#1426 = ADVANCED_FACE ( 'NONE', ( #392 ), #2653, .F. ) ;
#1427 = ADVANCED_FACE ( 'NONE', ( #443 ), #3525, .T. ) ;
#1428 = DIRECTION ( 'NONE',  ( -0.000000000000000000, -0.000000000000000000, -1.000000000000000000 ) ) ;
#1429 = PLANE ( 'NONE',  #204 ) ;
#1430 = VECTOR ( 'NONE', #2339, 1000.000000000000000 ) ;
#1431 = LINE ( 'NONE', #2057, #2150 ) ;
#1432 = EDGE_LOOP ( 'NONE', ( #524, #1403, #1212, #3457 ) ) ;
#1433 = FACE_OUTER_BOUND ( 'NONE', #2678, .T. ) ;
#1434 = ORIENTED_EDGE ( 'NONE', *, *, #3593, .F. ) ;
#1435 = EDGE_LOOP ( 'NONE', ( #2897, #506 ) ) ;
#1436 = CARTESIAN_POINT ( 'NONE',  ( 94.20000000000003126, 136.0391149236989179, 0.9999999999999991118 ) ) ;
#1437 = CARTESIAN_POINT ( 'NONE',  ( 233.0000000000000000, 136.0391149236989179, 0.9999999999999991118 ) ) ;
#1438 = FACE_OUTER_BOUND ( 'NONE', #291, .T. ) ;
#1439 = VERTEX_POINT ( 'NONE', #1008 ) ;
#1440 = ORIENTED_EDGE ( 'NONE', *, *, #2719, .F. ) ;
#1441 = EDGE_CURVE ( 'NONE', #3142, #449, #194, .T. ) ;
#1442 = LINE ( 'NONE', #2552, #1202 ) ;
#1443 = CARTESIAN_POINT ( 'NONE',  ( 28.20000000000003126, 151.7391149236989065, 0.9999999999999991118 ) ) ;
#1444 = VECTOR ( 'NONE', #3338, 999.9999999999998863 ) ;
#1445 = ADVANCED_FACE ( 'NONE', ( #1208 ), #2324, .F. ) ;
#1446 = LINE ( 'NONE', #364, #1319 ) ;
#1447 = DIRECTION ( 'NONE',  ( -1.000000000000000000, -0.000000000000000000, -0.000000000000000000 ) ) ;
#1448 = VECTOR ( 'NONE', #2598, 1000.000000000000000 ) ;
#1449 = PLANE ( 'NONE',  #1407 ) ;
#1450 = VERTEX_POINT ( 'NONE', #3451 ) ;
#1451 = VERTEX_POINT ( 'NONE', #2614 ) ;
#1452 = ADVANCED_FACE ( 'NONE', ( #2050 ), #1760, .F. ) ;
#1453 = PLANE ( 'NONE',  #2648 ) ;
#1454 = DIRECTION ( 'NONE',  ( -0.000000000000000000, -0.000000000000000000, 1.000000000000000000 ) ) ;
#1455 = DIRECTION ( 'NONE',  ( -0.000000000000000000, -0.000000000000000000, -1.000000000000000000 ) ) ;
#1456 = ORIENTED_EDGE ( 'NONE', *, *, #3038, .T. ) ;
#1457 = CARTESIAN_POINT ( 'NONE',  ( 53.20000000000016627, 98.29999999999992610, 0.9999999999999991118 ) ) ;
#1458 = LINE ( 'NONE', #878, #3174 ) ;
#1459 = ORIENTED_EDGE ( 'NONE', *, *, #886, .F. ) ;
#1460 = DIRECTION ( 'NONE',  ( 0.000000000000000000, -0.000000000000000000, 1.000000000000000000 ) ) ;
#1461 = LINE ( 'NONE', #2572, #1606 ) ;
#1462 = EDGE_CURVE ( 'NONE', #865, #86, #427, .T. ) ;
#1463 = CARTESIAN_POINT ( 'NONE',  ( 233.0000000000000000, 116.7999999999999545, 3.000000000000000000 ) ) ;
#1464 = ORIENTED_EDGE ( 'NONE', *, *, #366, .F. ) ;
#1465 = VERTEX_POINT ( 'NONE', #2377 ) ;
#1466 = FACE_OUTER_BOUND ( 'NONE', #3169, .T. ) ;
#1467 = LINE ( 'NONE', #1437, #2290 ) ;
#1468 = DIRECTION ( 'NONE',  ( 1.000000000000000000, 0.000000000000000000, 0.000000000000000000 ) ) ;
#1469 = CC_DESIGN_PERSON_AND_ORGANIZATION_ASSIGNMENT ( #196, #691, ( #492 ) ) ;
#1470 = ORIENTED_EDGE ( 'NONE', *, *, #1017, .T. ) ;
#1471 = ORIENTED_EDGE ( 'NONE', *, *, #1501, .F. ) ;
#1472 = CARTESIAN_POINT ( 'NONE',  ( 20.50000000000004619, 151.7391149236989065, 11.00000000000000000 ) ) ;
#1473 = DIRECTION ( 'NONE',  ( 1.000000000000000000, -0.000000000000000000, -0.000000000000000000 ) ) ;
#1474 = EDGE_LOOP ( 'NONE', ( #2257, #353, #130, #1214 ) ) ;
#1475 = VECTOR ( 'NONE', #251, 1000.000000000000000 ) ;
#1476 = DIRECTION ( 'NONE',  ( -1.000000000000000000, 0.000000000000000000, 0.000000000000000000 ) ) ;
#1477 = CARTESIAN_POINT ( 'NONE',  ( 174.5000000000000568, 151.7391149236989065, 0.9999999999999991118 ) ) ;
#1478 = VECTOR ( 'NONE', #2658, 1000.000000000000000 ) ;
#1479 = ADVANCED_FACE ( 'NONE', ( #1227, #2070, #3211, #3509, #2929, #991, #3229, #2394, #721, #686, #1794 ), #1831, .T. ) ;
#1480 = VECTOR ( 'NONE', #2466, 1000.000000000000000 ) ;
#1481 = CARTESIAN_POINT ( 'NONE',  ( 64.50000000000002842, 151.7391149236989065, 0.9999999999999991118 ) ) ;
#1482 = VERTEX_POINT ( 'NONE', #1523 ) ;
#1483 = AXIS2_PLACEMENT_3D ( 'NONE', #3241, #2406, #2664 ) ;
#1484 = ORIENTED_EDGE ( 'NONE', *, *, #1024, .F. ) ;
#1485 = EDGE_CURVE ( 'NONE', #2017, #2200, #3248, .T. ) ;
#1486 = LINE ( 'NONE', #3191, #3005 ) ;
#1487 = DIRECTION ( 'NONE',  ( 0.000000000000000000, 1.000000000000000000, 0.000000000000000000 ) ) ;
#1488 = LINE ( 'NONE', #1173, #1448 ) ;
#1489 = ORIENTED_EDGE ( 'NONE', *, *, #2274, .T. ) ;
#1490 = EDGE_LOOP ( 'NONE', ( #1994, #1612, #1773, #1019 ) ) ;
#1491 = VECTOR ( 'NONE', #2373, 1000.000000000000000 ) ;
#1492 = ORIENTED_EDGE ( 'NONE', *, *, #3119, .T. ) ;
#1493 = DIRECTION ( 'NONE',  ( 1.000000000000000000, 0.000000000000000000, -0.000000000000000000 ) ) ;
#1494 = DIRECTION ( 'NONE',  ( -0.000000000000000000, -0.000000000000000000, 1.000000000000000000 ) ) ;
#1495 = EDGE_LOOP ( 'NONE', ( #1250, #2845, #3369, #3189 ) ) ;
#1496 = LINE ( 'NONE', #313, #1201 ) ;
#1497 = DIRECTION ( 'NONE',  ( 0.000000000000000000, 1.000000000000000000, 0.000000000000000000 ) ) ;
#1498 = VECTOR ( 'NONE', #2941, 1000.000000000000000 ) ;
#1499 = AXIS2_PLACEMENT_3D ( 'NONE', #2405, #1860, #474 ) ;
#1500 = LINE ( 'NONE', #1222, #2753 ) ;
#1501 = EDGE_CURVE ( 'NONE', #942, #3464, #3045, .T. ) ;
#1502 = EDGE_LOOP ( 'NONE', ( #170, #447, #1440, #2036 ) ) ;
#1503 = ORIENTED_EDGE ( 'NONE', *, *, #706, .F. ) ;
#1504 = VECTOR ( 'NONE', #2423, 1000.000000000000000 ) ;
#1505 = FACE_OUTER_BOUND ( 'NONE', #93, .T. ) ;
#1506 = CARTESIAN_POINT ( 'NONE',  ( 15.00000000000006928, 8.800000000000451905, 8.999999999999998224 ) ) ;
#1507 = CARTESIAN_POINT ( 'NONE',  ( 152.5000000000000284, 136.0391149236989179, 0.9999999999999991118 ) ) ;
#1508 = VECTOR ( 'NONE', #185, 1000.000000000000000 ) ;
#1509 = ADVANCED_FACE ( 'NONE', ( #1651 ), #1905, .F. ) ;
#1510 = ORIENTED_EDGE ( 'NONE', *, *, #2834, .T. ) ;
#1511 = ORIENTED_EDGE ( 'NONE', *, *, #3237, .F. ) ;
#1512 = VERTEX_POINT ( 'NONE', #3286 ) ;
#1513 = LINE ( 'NONE', #3515, #3294 ) ;
#1514 = FACE_OUTER_BOUND ( 'NONE', #325, .T. ) ;
#1515 = ORIENTED_EDGE ( 'NONE', *, *, #1563, .F. ) ;
#1516 = FACE_OUTER_BOUND ( 'NONE', #970, .T. ) ;
#1517 = DIRECTION ( 'NONE',  ( -1.000000000000000000, 0.000000000000000000, 0.000000000000000000 ) ) ;
#1518 = ADVANCED_FACE ( 'NONE', ( #1318 ), #1339, .F. ) ;
#1519 = CARTESIAN_POINT ( 'NONE',  ( 156.9000000000000909, 8.800000000000196110, 8.999999999999998224 ) ) ;
#1520 = CARTESIAN_POINT ( 'NONE',  ( 86.50000000000002842, 136.0391149236989179, 11.00000000000000000 ) ) ;
#1521 = ORIENTED_EDGE ( 'NONE', *, *, #968, .F. ) ;
#1522 = LINE ( 'NONE', #499, #956 ) ;
#1523 = CARTESIAN_POINT ( 'NONE',  ( 141.2000000000001592, 113.9999999999999432, 0.9999999999999991118 ) ) ;
#1524 = CARTESIAN_POINT ( 'NONE',  ( 86.50000000000002842, 136.0391149236989179, 0.9999999999999991118 ) ) ;
#1525 = ORIENTED_EDGE ( 'NONE', *, *, #2048, .T. ) ;
#1526 = ORIENTED_EDGE ( 'NONE', *, *, #3150, .F. ) ;
#1527 = VERTEX_POINT ( 'NONE', #2433 ) ;
#1528 = EDGE_CURVE ( 'NONE', #2184, #1033, #3598, .T. ) ;
#1529 = LINE ( 'NONE', #999, #134 ) ;
#1530 = CARTESIAN_POINT ( 'NONE',  ( 72.20000000000001705, 136.0391149236989179, 11.00000000000000000 ) ) ;
#1531 = ORIENTED_EDGE ( 'NONE', *, *, #573, .T. ) ;
#1532 = PLANE ( 'NONE',  #2900 ) ;
#1533 = ADVANCED_FACE ( 'NONE', ( #3580 ), #778, .T. ) ;
#1534 = EDGE_CURVE ( 'NONE', #2392, #1924, #522, .T. ) ;
#1535 = FACE_OUTER_BOUND ( 'NONE', #1655, .T. ) ;
#1536 = VECTOR ( 'NONE', #2898, 1000.000000000000000 ) ;
#1537 = DIRECTION ( 'NONE',  ( 0.000000000000000000, -0.000000000000000000, 1.000000000000000000 ) ) ;
#1538 = DIRECTION ( 'NONE',  ( -0.000000000000000000, -1.000000000000000000, -0.000000000000000000 ) ) ;
#1539 = PERSON ( 'æœª', 'æœª', 'æœª', ('æœª'), ('æœª'), ('æœª') ) ;
#1540 = EDGE_LOOP ( 'NONE', ( #2361, #2252, #815, #162 ) ) ;
#1541 = CARTESIAN_POINT ( 'NONE',  ( 116.2000000000000313, 136.0391149236989179, 0.9999999999999991118 ) ) ;
#1542 = CARTESIAN_POINT ( 'NONE',  ( 174.5000000000000568, 136.0391149236989179, 11.00000000000000000 ) ) ;
#1543 = FACE_OUTER_BOUND ( 'NONE', #2075, .T. ) ;
#1544 = VECTOR ( 'NONE', #1112, 1000.000000000000000 ) ;
#1545 = ORIENTED_EDGE ( 'NONE', *, *, #396, .T. ) ;
#1546 = EDGE_LOOP ( 'NONE', ( #2909, #3474, #1925, #836 ) ) ;
#1547 = EDGE_LOOP ( 'NONE', ( #2986, #1464, #1155, #3495 ) ) ;
#1548 = PERSON_AND_ORGANIZATION_ROLE ( 'classification_officer' ) ;
#1549 = DIRECTION ( 'NONE',  ( -0.000000000000000000, -0.000000000000000000, 1.000000000000000000 ) ) ;
#1550 = PLANE ( 'NONE',  #2503 ) ;
#1551 = EDGE_CURVE ( 'NONE', #3126, #1961, #1868, .T. ) ;
#1552 = DIRECTION ( 'NONE',  ( -0.000000000000000000, -1.000000000000000000, -0.000000000000000000 ) ) ;
#1553 = DIRECTION ( 'NONE',  ( 0.000000000000000000, -1.000000000000000000, -0.000000000000000000 ) ) ;
#1554 = ADVANCED_FACE ( 'NONE', ( #2472 ), #2691, .F. ) ;
#1555 = VECTOR ( 'NONE', #2298, 1000.000000000000000 ) ;
#1556 = FACE_OUTER_BOUND ( 'NONE', #370, .T. ) ;
#1557 = FACE_OUTER_BOUND ( 'NONE', #2732, .T. ) ;
#1558 = VECTOR ( 'NONE', #3073, 1000.000000000000000 ) ;
#1559 = VERTEX_POINT ( 'NONE', #3616 ) ;
#1560 = DIRECTION ( 'NONE',  ( 0.000000000000000000, 0.000000000000000000, -1.000000000000000000 ) ) ;
#1561 = LINE ( 'NONE', #1580, #2672 ) ;
#1562 = VERTEX_POINT ( 'NONE', #1633 ) ;
#1563 = EDGE_CURVE ( 'NONE', #2223, #511, #2709, .T. ) ;
#1564 = EDGE_LOOP ( 'NONE', ( #2516, #180, #988 ) ) ;
#1565 = ORIENTED_EDGE ( 'NONE', *, *, #1408, .T. ) ;
#1566 = DATE_AND_TIME ( #450, #1129 ) ;
#1567 = LINE ( 'NONE', #2095, #607 ) ;
#1568 = AXIS2_PLACEMENT_3D ( 'NONE', #154, #2051, #2633 ) ;
#1569 = CARTESIAN_POINT ( 'NONE',  ( 204.2000000000000171, 151.7391149236989065, 11.00000000000000000 ) ) ;
#1570 = EDGE_LOOP ( 'NONE', ( #1169, #1525, #614 ) ) ;
#1571 = VERTEX_POINT ( 'NONE', #1355 ) ;
#1572 = LINE ( 'NONE', #2366, #2197 ) ;
#1573 = LINE ( 'NONE', #1823, #378 ) ;
#1574 = DIRECTION ( 'NONE',  ( 1.000000000000000000, -0.000000000000000000, -0.000000000000000000 ) ) ;
#1575 = ADVANCED_FACE ( 'NONE', ( #2196 ), #3563, .F. ) ;
#1576 = DIRECTION ( 'NONE',  ( -1.000000000000000000, 0.000000000000000000, 0.000000000000000000 ) ) ;
#1577 = VERTEX_POINT ( 'NONE', #1922 ) ;
#1578 = CARTESIAN_POINT ( 'NONE',  ( -88.00000000000000000, -1.061952458337106160E-14, 0.9999999999999991118 ) ) ;
#1579 = VECTOR ( 'NONE', #2787, 1000.000000000000000 ) ;
#1580 = CARTESIAN_POINT ( 'NONE',  ( 185.2000000000001307, 113.9999999999999574, 0.9999999999999991118 ) ) ;
#1581 = VERTEX_POINT ( 'NONE', #207 ) ;
#1582 = ORIENTED_EDGE ( 'NONE', *, *, #3245, .T. ) ;
#1583 = ORIENTED_EDGE ( 'NONE', *, *, #3059, .F. ) ;
#1584 = CARTESIAN_POINT ( 'NONE',  ( 28.20000000000003126, 151.7391149236989065, 11.00000000000000000 ) ) ;
#1585 = CARTESIAN_POINT ( 'NONE',  ( 0.000000000000000000, 0.000000000000000000, 0.000000000000000000 ) ) ;
#1586 = ORIENTED_EDGE ( 'NONE', *, *, #3334, .F. ) ;
#1587 = LINE ( 'NONE', #1220, #448 ) ;
#1588 = DIRECTION ( 'NONE',  ( -0.000000000000000000, -0.000000000000000000, 1.000000000000000000 ) ) ;
#1589 = DIRECTION ( 'NONE',  ( -0.000000000000000000, -0.000000000000000000, 1.000000000000000000 ) ) ;
#1590 = AXIS2_PLACEMENT_3D ( 'NONE', #2478, #1620, #3347 ) ;
#1591 = CARTESIAN_POINT ( 'NONE',  ( 182.2000000000000171, 136.0391149236989179, 11.00000000000000000 ) ) ;
#1592 = VERTEX_POINT ( 'NONE', #1377 ) ;
#1593 = VECTOR ( 'NONE', #2113, 1000.000000000000000 ) ;
#1594 = EDGE_CURVE ( 'NONE', #1161, #3127, #1300, .T. ) ;
#1595 = DIRECTION ( 'NONE',  ( -1.000000000000000000, -0.000000000000000000, -0.000000000000000000 ) ) ;
#1596 = DIRECTION ( 'NONE',  ( -0.000000000000000000, -0.000000000000000000, 1.000000000000000000 ) ) ;
#1597 = VERTEX_POINT ( 'NONE', #3342 ) ;
#1598 = ORIENTED_EDGE ( 'NONE', *, *, #989, .T. ) ;
#1599 = EDGE_CURVE ( 'NONE', #268, #3404, #1889, .T. ) ;
#1600 = VERTEX_POINT ( 'NONE', #829 ) ;
#1601 = AXIS2_PLACEMENT_3D ( 'NONE', #2734, #2013, #1703 ) ;
#1602 = APPROVAL_ROLE ( '' ) ;
#1603 = CARTESIAN_POINT ( 'NONE',  ( 50.20000000000002416, 136.0391149236989179, 11.00000000000000000 ) ) ;
#1604 = CARTESIAN_POINT ( 'NONE',  ( 3.000000000000002665, 160.6000000000004775, 13.00000000000000178 ) ) ;
#1605 = ORIENTED_EDGE ( 'NONE', *, *, #328, .T. ) ;
#1606 = VECTOR ( 'NONE', #2883, 1000.000000000000000 ) ;
#1607 = DIRECTION ( 'NONE',  ( -0.000000000000000000, -1.000000000000000000, -0.000000000000000000 ) ) ;
#1608 = PLANE ( 'NONE',  #3297 ) ;
#1609 = CARTESIAN_POINT ( 'NONE',  ( 0.000000000000000000, 0.000000000000000000, 0.9999999999999991118 ) ) ;
#1610 = CARTESIAN_POINT ( 'NONE',  ( -154.0000000000000000, -1.858416802089935701E-14, 0.9999999999999991118 ) ) ;
#1611 = DIRECTION ( 'NONE',  ( -0.000000000000000000, -1.000000000000000000, -0.000000000000000000 ) ) ;
#1612 = ORIENTED_EDGE ( 'NONE', *, *, #1826, .T. ) ;
#1613 = DIRECTION ( 'NONE',  ( 1.000000000000000000, -0.000000000000000000, 0.000000000000000000 ) ) ;
#1614 = VECTOR ( 'NONE', #791, 1000.000000000000000 ) ;
#1615 = EDGE_CURVE ( 'NONE', #3523, #1948, #2971, .T. ) ;
#1616 = LINE ( 'NONE', #3269, #576 ) ;
#1617 = EDGE_LOOP ( 'NONE', ( #620, #1265, #1001, #1688 ) ) ;
#1618 = ORIENTED_EDGE ( 'NONE', *, *, #2559, .T. ) ;
#1619 = ORIENTED_EDGE ( 'NONE', *, *, #2816, .F. ) ;
#1620 = DIRECTION ( 'NONE',  ( -0.000000000000000000, -0.000000000000000000, 1.000000000000000000 ) ) ;
#1621 = ADVANCED_FACE ( 'NONE', ( #229 ), #1027, .F. ) ;
#1622 = DIRECTION ( 'NONE',  ( 0.000000000000000000, 0.000000000000000000, -1.000000000000000000 ) ) ;
#1623 = CARTESIAN_POINT ( 'NONE',  ( 75.20000000000015916, 98.29999999999994031, 11.00000000000000000 ) ) ;
#1624 = VECTOR ( 'NONE', #3255, 1000.000000000000000 ) ;
#1625 = LINE ( 'NONE', #2744, #949 ) ;
#1626 = EDGE_CURVE ( 'NONE', #2927, #2068, #2232, .T. ) ;
#1627 = VECTOR ( 'NONE', #2385, 1000.000000000000000 ) ;
#1628 = DIRECTION ( 'NONE',  ( -1.000000000000000000, 0.000000000000000000, -0.000000000000000000 ) ) ;
#1629 = CARTESIAN_POINT ( 'NONE',  ( 0.000000000000000000, 161.8000000000000398, 3.000000000000000000 ) ) ;
#1630 = ADVANCED_FACE ( 'NONE', ( #2821 ), #1449, .F. ) ;
#1631 = CARTESIAN_POINT ( 'NONE',  ( 31.20000000000017337, 98.29999999999992610, 0.9999999999999991118 ) ) ;
#1632 = VERTEX_POINT ( 'NONE', #2560 ) ;
#1633 = CARTESIAN_POINT ( 'NONE',  ( 170.9000000000001762, 113.9999999999999574, 11.00000000000000000 ) ) ;
#1634 = DIRECTION ( 'NONE',  ( -0.000000000000000000, -0.000000000000000000, 1.000000000000000000 ) ) ;
#1635 = ORIENTED_EDGE ( 'NONE', *, *, #3507, .T. ) ;
#1636 = ORIENTED_EDGE ( 'NONE', *, *, #1485, .F. ) ;
#1637 = VECTOR ( 'NONE', #3428, 1000.000000000000000 ) ;
#1638 = EDGE_LOOP ( 'NONE', ( #2714, #1269, #3053, #1510, #2206, #1006, #526, #2635, #248, #253, #2115, #1754, #1170, #424, #630, #446, #2617, #2917, #3487, #2442, #2235, #2456 ) ) ;
#1639 = DIRECTION ( 'NONE',  ( -0.000000000000000000, -0.000000000000000000, 1.000000000000000000 ) ) ;
#1640 = CARTESIAN_POINT ( 'NONE',  ( 42.50000000000003553, 151.7391149236989065, 11.00000000000000000 ) ) ;
#1641 = ORIENTED_EDGE ( 'NONE', *, *, #3443, .T. ) ;
#1642 = DESIGN_CONTEXT ( 'detailed design', #1828, 'design' ) ;
#1643 = EDGE_CURVE ( 'NONE', #2600, #2337, #1396, .T. ) ;
#1644 = DIRECTION ( 'NONE',  ( 1.000000000000000000, -0.000000000000000000, -0.000000000000000000 ) ) ;
#1645 = DIRECTION ( 'NONE',  ( 0.000000000000000000, 0.000000000000000000, 1.000000000000000000 ) ) ;
#1646 = VECTOR ( 'NONE', #933, 1000.000000000000000 ) ;
#1647 = EDGE_CURVE ( 'NONE', #1801, #1106, #1413, .T. ) ;
#1648 = FACE_OUTER_BOUND ( 'NONE', #285, .T. ) ;
#1649 = PLANE ( 'NONE',  #3537 ) ;
#1650 = CARTESIAN_POINT ( 'NONE',  ( 160.2000000000000171, 136.0391149236989179, 11.00000000000000000 ) ) ;
#1651 = FACE_OUTER_BOUND ( 'NONE', #1540, .T. ) ;
#1652 = LINE ( 'NONE', #2730, #2733 ) ;
#1653 = VECTOR ( 'NONE', #1401, 1000.000000000000000 ) ;
#1654 = ORIENTED_EDGE ( 'NONE', *, *, #1331, .F. ) ;
#1655 = EDGE_LOOP ( 'NONE', ( #1993, #2939, #1586, #546 ) ) ;
#1656 = ORIENTED_EDGE ( 'NONE', *, *, #3075, .F. ) ;
#1657 = CARTESIAN_POINT ( 'NONE',  ( 15.00000000000006928, 8.800000000000451905, 3.799999999999997158 ) ) ;
#1658 = CARTESIAN_POINT ( 'NONE',  ( 119.2000000000001734, 98.29999999999994031, 11.00000000000000000 ) ) ;
#1659 = ORIENTED_EDGE ( 'NONE', *, *, #1195, .T. ) ;
#1660 = VECTOR ( 'NONE', #2248, 1000.000000000000000 ) ;
#1661 = CARTESIAN_POINT ( 'NONE',  ( 6.200000000000038369, 136.0391149236989179, 11.00000000000000000 ) ) ;
#1662 = LINE ( 'NONE', #2778, #2822 ) ;
#1663 = EDGE_CURVE ( 'NONE', #1281, #3099, #3360, .T. ) ;
#1664 = VECTOR ( 'NONE', #659, 1000.000000000000000 ) ;
#1665 = DIRECTION ( 'NONE',  ( 1.000000000000000000, 1.206764157201257291E-16, 0.000000000000000000 ) ) ;
#1666 = PLANE ( 'NONE',  #2242 ) ;
#1667 = PLANE ( 'NONE',  #228 ) ;
#1668 = ADVANCED_FACE ( 'NONE', ( #558 ), #3412, .F. ) ;
#1669 = LINE ( 'NONE', #283, #297 ) ;
#1670 = ORIENTED_EDGE ( 'NONE', *, *, #978, .T. ) ;
#1671 = ORIENTED_EDGE ( 'NONE', *, *, #493, .F. ) ;
#1672 = AXIS2_PLACEMENT_3D ( 'NONE', #1164, #2279, #2556 ) ;
#1673 = DIRECTION ( 'NONE',  ( 0.000000000000000000, 0.000000000000000000, 1.000000000000000000 ) ) ;
#1674 = PLANE ( 'NONE',  #1824 ) ;
#1675 = DIRECTION ( 'NONE',  ( 0.000000000000000000, -0.000000000000000000, 1.000000000000000000 ) ) ;
#1676 = EDGE_CURVE ( 'NONE', #875, #3626, #335, .T. ) ;
#1677 = AXIS2_PLACEMENT_3D ( 'NONE', #2535, #2259, #3424 ) ;
#1678 = EDGE_LOOP ( 'NONE', ( #1071, #959, #559, #3545 ) ) ;
#1679 = CARTESIAN_POINT ( 'NONE',  ( 218.5000000000000284, 136.0391149236989179, 11.00000000000000000 ) ) ;
#1680 = DIRECTION ( 'NONE',  ( -1.000000000000000000, 0.000000000000000000, 0.000000000000000000 ) ) ;
#1681 = AXIS2_PLACEMENT_3D ( 'NONE', #230, #503, #540 ) ;
#1682 = CARTESIAN_POINT ( 'NONE',  ( 75.20000000000015916, 98.29999999999994031, 11.00000000000000000 ) ) ;
#1683 = LINE ( 'NONE', #2192, #2588 ) ;
#1684 = DIRECTION ( 'NONE',  ( 1.000000000000000000, -0.000000000000000000, -0.000000000000000000 ) ) ;
#1685 = AXIS2_PLACEMENT_3D ( 'NONE', #3395, #3375, #39 ) ;
#1686 = EDGE_CURVE ( 'NONE', #3437, #3275, #2838, .T. ) ;
#1687 = LINE ( 'NONE', #299, #2863 ) ;
#1688 = ORIENTED_EDGE ( 'NONE', *, *, #1800, .T. ) ;
#1689 = ORIENTED_EDGE ( 'NONE', *, *, #1551, .F. ) ;
#1690 = PLANE ( 'NONE',  #496 ) ;
#1691 = LINE ( 'NONE', #304, #3587 ) ;
#1692 = FACE_OUTER_BOUND ( 'NONE', #1778, .T. ) ;
#1693 = ORIENTED_EDGE ( 'NONE', *, *, #3058, .F. ) ;
#1694 = ORIENTED_EDGE ( 'NONE', *, *, #1862, .T. ) ;
#1695 = CARTESIAN_POINT ( 'NONE',  ( 218.5000000000000284, 136.0391149236989179, 0.9999999999999991118 ) ) ;
#1696 = LINE ( 'NONE', #2537, #3470 ) ;
#1697 = LINE ( 'NONE', #1094, #1660 ) ;
#1698 = CARTESIAN_POINT ( 'NONE',  ( 16.90000000000016556, 113.9999999999999289, 11.00000000000000000 ) ) ;
#1699 = PLANE ( 'NONE',  #1223 ) ;
#1700 = ADVANCED_FACE ( 'NONE', ( #1433 ), #318, .F. ) ;
#1701 = EDGE_LOOP ( 'NONE', ( #542, #940, #3194, #3250 ) ) ;
#1702 = VERTEX_POINT ( 'NONE', #352 ) ;
#1703 = DIRECTION ( 'NONE',  ( 0.000000000000000000, -0.000000000000000000, 1.000000000000000000 ) ) ;
#1704 = PLANE ( 'NONE',  #312 ) ;
#1705 = VECTOR ( 'NONE', #2167, 1000.000000000000000 ) ;
#1706 = CARTESIAN_POINT ( 'NONE',  ( 104.9000000000001620, 98.29999999999994031, 0.9999999999999991118 ) ) ;
#1707 = EDGE_CURVE ( 'NONE', #2783, #530, #3134, .T. ) ;
#1708 = ORIENTED_EDGE ( 'NONE', *, *, #2308, .F. ) ;
#1709 = EDGE_CURVE ( 'NONE', #1834, #3404, #2508, .T. ) ;
#1710 = VERTEX_POINT ( 'NONE', #2804 ) ;
#1711 = VECTOR ( 'NONE', #656, 1000.000000000000000 ) ;
#1712 = CARTESIAN_POINT ( 'NONE',  ( 185.2000000000001307, 98.29999999999995453, 11.00000000000000000 ) ) ;
#1713 = DIRECTION ( 'NONE',  ( -0.000000000000000000, -0.000000000000000000, 1.000000000000000000 ) ) ;
#1714 = LOCAL_TIME ( 19, 24, 51.00000000000000000, #2991 ) ;
#1715 = CARTESIAN_POINT ( 'NONE',  ( 130.5000000000000284, 136.0391149236989179, 0.9999999999999991118 ) ) ;
#1716 = DIRECTION ( 'NONE',  ( 0.000000000000000000, 1.000000000000000000, 0.000000000000000000 ) ) ;
#1717 = CLOSED_SHELL ( 'NONE', ( #1928, #1216, #864, #3009, #1332, #906, #241, #334, #661, #2542, #3209, #624, #327, #3304, #1700, #773, #1751, #1452, #2179, #726, #701, #3089, #1914, #1479, #33, #3396, #2554, #2585, #56, #1768, #2965, #2369, #281, #2495, #3105, #1263, #389, #2447, #1426, #1119, #3554, #2302, #1934, #1630, #1974, #2444, #2154, #2157, #2943, #55, #3518, #2712, #171, #838, #2536, #62, #3372, #1375, #76, #3230, #2669, #1293, #2636, #751, #2857, #882, #1099, #578, #1350, #167, #1427, #2287, #1865, #715, #110, #2827, #510, #437, #1554, #2984, #2687, #2464, #1445, #3346, #623, #3574, #2084, #306, #3376, #2195, #432, #1509, #2241, #126, #604, #2748, #915, #2042, #2164, #2509, #1533, #1575, #1621, #1518, #2429, #594, #617, #1730, #1218, #735, #187, #3596, #2329, #257, #3104, #966, #1881, #2517, #2643, #1668, #71, #2851, #2574 ) ) ;
#1718 = DIRECTION ( 'NONE',  ( 1.000000000000000000, -0.000000000000000000, 0.000000000000000000 ) ) ;
#1719 = DIRECTION ( 'NONE',  ( 0.000000000000000000, 1.000000000000000000, 0.000000000000000000 ) ) ;
#1720 = VERTEX_POINT ( 'NONE', #2575 ) ;
#1721 = ORIENTED_EDGE ( 'NONE', *, *, #91, .T. ) ;
#1722 = CARTESIAN_POINT ( 'NONE',  ( 20.50000000000004619, 151.7391149236989065, 11.00000000000000000 ) ) ;
#1723 = EDGE_CURVE ( 'NONE', #138, #2017, #1669, .T. ) ;
#1724 = PLANE ( 'NONE',  #1942 ) ;
#1725 = FACE_BOUND ( 'NONE', #1360, .T. ) ;
#1726 = ORIENTED_EDGE ( 'NONE', *, *, #2201, .T. ) ;
#1727 = VERTEX_POINT ( 'NONE', #23 ) ;
#1728 = VECTOR ( 'NONE', #3164, 1000.000000000000000 ) ;
#1729 = CARTESIAN_POINT ( 'NONE',  ( 182.2000000000000171, 136.0391149236989179, 11.00000000000000000 ) ) ;
#1730 = ADVANCED_FACE ( 'NONE', ( #2301 ), #1699, .F. ) ;
#1731 = DIRECTION ( 'NONE',  ( 0.000000000000000000, 0.000000000000000000, 1.000000000000000000 ) ) ;
#1732 = AXIS2_PLACEMENT_3D ( 'NONE', #184, #3483, #1537 ) ;
#1733 = CARTESIAN_POINT ( 'NONE',  ( 16.90000000000016556, 98.29999999999992610, 0.9999999999999991118 ) ) ;
#1734 = CARTESIAN_POINT ( 'NONE',  ( 233.0000000000000000, 0.000000000000000000, 3.000000000000000000 ) ) ;
#1735 = AXIS2_PLACEMENT_3D ( 'NONE', #374, #1757, #3108 ) ;
#1736 = DIRECTION ( 'NONE',  ( 0.000000000000000000, 1.000000000000000000, 0.000000000000000000 ) ) ;
#1737 = ORIENTED_EDGE ( 'NONE', *, *, #120, .T. ) ;
#1738 = EDGE_LOOP ( 'NONE', ( #718, #2656, #2217, #2855 ) ) ;
#1739 = CARTESIAN_POINT ( 'NONE',  ( 3.000000000000002665, 160.6000000000004775, 3.000000000000000000 ) ) ;
#1740 = PLANE ( 'NONE',  #3356 ) ;
#1741 = CARTESIAN_POINT ( 'NONE',  ( 64.50000000000002842, 151.7391149236989065, 11.00000000000000000 ) ) ;
#1742 = ORIENTED_EDGE ( 'NONE', *, *, #1347, .F. ) ;
#1743 = ORIENTED_EDGE ( 'NONE', *, *, #3166, .T. ) ;
#1744 = LINE ( 'NONE', #2277, #1848 ) ;
#1745 = FACE_OUTER_BOUND ( 'NONE', #1490, .T. ) ;
#1746 = ORIENTED_EDGE ( 'NONE', *, *, #2201, .F. ) ;
#1747 = EDGE_CURVE ( 'NONE', #3499, #1801, #2283, .T. ) ;
#1748 = LINE ( 'NONE', #1715, #2019 ) ;
#1749 = CARTESIAN_POINT ( 'NONE',  ( 233.0000000000000000, 160.6000000000004775, 13.00000000000000178 ) ) ;
#1750 = EDGE_CURVE ( 'NONE', #1382, #3143, #1687, .T. ) ;
#1751 = ADVANCED_FACE ( 'NONE', ( #3380, #2267, #883 ), #1992, .T. ) ;
#1752 = LINE ( 'NONE', #2926, #101 ) ;
#1753 = ORIENTED_EDGE ( 'NONE', *, *, #350, .F. ) ;
#1754 = ORIENTED_EDGE ( 'NONE', *, *, #2885, .T. ) ;
#1755 = CARTESIAN_POINT ( 'NONE',  ( 233.0000000000000000, 116.7999999999999545, 11.00000000000000000 ) ) ;
#1756 = DIRECTION ( 'NONE',  ( 0.000000000000000000, -0.000000000000000000, 1.000000000000000000 ) ) ;
#1757 = DIRECTION ( 'NONE',  ( 1.000000000000000000, -0.000000000000000000, 0.000000000000000000 ) ) ;
#1758 = ORIENTED_EDGE ( 'NONE', *, *, #242, .T. ) ;
#1759 = ORIENTED_EDGE ( 'NONE', *, *, #1813, .T. ) ;
#1760 = CONICAL_SURFACE ( 'NONE', #1064, 1.899999999999985034, 1.029744258676650759 ) ;
#1761 = ORIENTED_EDGE ( 'NONE', *, *, #2268, .F. ) ;
#1762 = DIRECTION ( 'NONE',  ( -0.000000000000000000, -0.000000000000000000, 1.000000000000000000 ) ) ;
#1763 = ORIENTED_EDGE ( 'NONE', *, *, #3185, .T. ) ;
#1764 = VECTOR ( 'NONE', #2149, 1000.000000000000000 ) ;
#1765 = CARTESIAN_POINT ( 'NONE',  ( 3.000000000000002665, 161.8000000000000398, 20.99999999999999645 ) ) ;
#1766 = CARTESIAN_POINT ( 'NONE',  ( 3.000000000000019096, 2.799999999999972733, 8.999999999999998224 ) ) ;
#1767 = CC_DESIGN_APPROVAL ( #354, ( #492 ) ) ;
#1768 = ADVANCED_FACE ( 'NONE', ( #2103 ), #2886, .F. ) ;
#1769 = EDGE_CURVE ( 'NONE', #2602, #3363, #3152, .T. ) ;
#1770 = DIRECTION ( 'NONE',  ( -0.000000000000000000, -1.000000000000000000, -0.000000000000000000 ) ) ;
#1771 = ORIENTED_EDGE ( 'NONE', *, *, #2559, .F. ) ;
#1772 = VECTOR ( 'NONE', #789, 1000.000000000000000 ) ;
#1773 = ORIENTED_EDGE ( 'NONE', *, *, #2807, .T. ) ;
#1774 = CARTESIAN_POINT ( 'NONE',  ( 233.0000000000000000, 153.7999999999999545, 3.000000000000000000 ) ) ;
#1775 = CARTESIAN_POINT ( 'NONE',  ( 3.000000000000002665, 161.8000000000000398, 3.000000000000000000 ) ) ;
#1776 = PLANE ( 'NONE',  #1568 ) ;
#1777 = VERTEX_POINT ( 'NONE', #369 ) ;
#1778 = EDGE_LOOP ( 'NONE', ( #1798, #3026, #2582, #1897 ) ) ;
#1779 = VERTEX_POINT ( 'NONE', #1481 ) ;
#1780 = EDGE_CURVE ( 'NONE', #2012, #1398, #423, .T. ) ;
#1781 = DIRECTION ( 'NONE',  ( 0.000000000000000000, 0.000000000000000000, -1.000000000000000000 ) ) ;
#1782 = CARTESIAN_POINT ( 'NONE',  ( 207.2000000000001592, 98.29999999999995453, 0.9999999999999991118 ) ) ;
#1783 = ORIENTED_EDGE ( 'NONE', *, *, #649, .T. ) ;
#1784 = LINE ( 'NONE', #3240, #2601 ) ;
#1785 = CARTESIAN_POINT ( 'NONE',  ( 3.000000000000017764, 14.99999999999997158, 8.999999999999998224 ) ) ;
#1786 = VECTOR ( 'NONE', #1907, 1000.000000000000000 ) ;
#1787 = CARTESIAN_POINT ( 'NONE',  ( 119.2000000000001734, 113.9999999999999432, 0.9999999999999991118 ) ) ;
#1788 = LINE ( 'NONE', #89, #3285 ) ;
#1789 = EDGE_LOOP ( 'NONE', ( #1656, #2074, #3256, #2031 ) ) ;
#1790 = VERTEX_POINT ( 'NONE', #406 ) ;
#1791 = EDGE_CURVE ( 'NONE', #480, #67, #2320, .T. ) ;
#1792 = VECTOR ( 'NONE', #2952, 1000.000000000000000 ) ;
#1793 = CARTESIAN_POINT ( 'NONE',  ( 64.50000000000002842, 151.7391149236989065, 0.9999999999999991118 ) ) ;
#1794 = FACE_OUTER_BOUND ( 'NONE', #3284, .T. ) ;
#1795 = CARTESIAN_POINT ( 'NONE',  ( -109.9999999999999858, 0.000000000000000000, 0.9999999999999991118 ) ) ;
#1796 = AXIS2_PLACEMENT_3D ( 'NONE', #1782, #1718, #3063 ) ;
#1797 = ORIENTED_EDGE ( 'NONE', *, *, #3187, .T. ) ;
#1798 = ORIENTED_EDGE ( 'NONE', *, *, #2221, .T. ) ;
#1799 = EDGE_CURVE ( 'NONE', #814, #830, #3226, .T. ) ;
#1800 = EDGE_CURVE ( 'NONE', #3251, #480, #1243, .T. ) ;
#1801 = VERTEX_POINT ( 'NONE', #1827 ) ;
#1802 = APPROVAL_DATE_TIME ( #960, #354 ) ;
#1803 = CARTESIAN_POINT ( 'NONE',  ( 60.90000000000014779, 98.29999999999994031, 11.00000000000000000 ) ) ;
#1804 = FACE_OUTER_BOUND ( 'NONE', #739, .T. ) ;
#1805 = VERTEX_POINT ( 'NONE', #385 ) ;
#1806 = CARTESIAN_POINT ( 'NONE',  ( 0.000000000000000000, 0.000000000000000000, 0.000000000000000000 ) ) ;
#1807 = FACE_OUTER_BOUND ( 'NONE', #675, .T. ) ;
#1808 = LINE ( 'NONE', #2390, #681 ) ;
#1809 = CARTESIAN_POINT ( 'NONE',  ( 31.20000000000017337, 98.29999999999992610, 0.9999999999999991118 ) ) ;
#1810 = EDGE_LOOP ( 'NONE', ( #1365, #485, #2721, #2676 ) ) ;
#1811 = PLANE ( 'NONE',  #144 ) ;
#1812 = CARTESIAN_POINT ( 'NONE',  ( -154.0000000000000000, 0.000000000000000000, 0.9999999999999991118 ) ) ;
#1813 = EDGE_CURVE ( 'NONE', #3181, #2754, #1788, .T. ) ;
#1814 = DIRECTION ( 'NONE',  ( 1.000000000000000000, 0.000000000000000000, -0.000000000000000000 ) ) ;
#1815 = ORIENTED_EDGE ( 'NONE', *, *, #3571, .F. ) ;
#1816 = EDGE_LOOP ( 'NONE', ( #2411, #2494, #1484, #2806 ) ) ;
#1817 =( NAMED_UNIT ( * ) SI_UNIT ( $, .STERADIAN. ) SOLID_ANGLE_UNIT ( ) );
#1818 = CARTESIAN_POINT ( 'NONE',  ( -176.0000000000000000, -2.123904916674212320E-14, 0.9999999999999991118 ) ) ;
#1819 = EDGE_CURVE ( 'NONE', #86, #1592, #2949, .T. ) ;
#1820 = CARTESIAN_POINT ( 'NONE',  ( 185.2000000000001307, 98.29999999999995453, 0.9999999999999991118 ) ) ;
#1821 = ORIENTED_EDGE ( 'NONE', *, *, #2006, .F. ) ;
#1822 = DIRECTION ( 'NONE',  ( 1.000000000000000000, -0.000000000000000000, -0.000000000000000000 ) ) ;
#1823 = CARTESIAN_POINT ( 'NONE',  ( 229.2000000000001592, 98.29999999999995453, 0.9999999999999991118 ) ) ;
#1824 = AXIS2_PLACEMENT_3D ( 'NONE', #2773, #1052, #1946 ) ;
#1825 = FACE_OUTER_BOUND ( 'NONE', #1432, .T. ) ;
#1826 = EDGE_CURVE ( 'NONE', #731, #2165, #1500, .T. ) ;
#1827 = CARTESIAN_POINT ( 'NONE',  ( 126.9000000000001478, 98.29999999999994031, 0.9999999999999991118 ) ) ;
#1828 = APPLICATION_CONTEXT ( 'configuration controlled 3d designs of mechanical parts and assemblies' ) ;
#1829 = ORIENTED_EDGE ( 'NONE', *, *, #928, .F. ) ;
#1830 = VECTOR ( 'NONE', #3433, 1000.000000000000000 ) ;
#1831 = PLANE ( 'NONE',  #1007 ) ;
#1832 = LINE ( 'NONE', #2972, #1792 ) ;
#1833 = VECTOR ( 'NONE', #2626, 1000.000000000000000 ) ;
#1834 = VERTEX_POINT ( 'NONE', #3447 ) ;
#1835 = EDGE_LOOP ( 'NONE', ( #1141, #3388, #994, #2887 ) ) ;
#1836 = ORIENTED_EDGE ( 'NONE', *, *, #478, .F. ) ;
#1837 = COORDINATED_UNIVERSAL_TIME_OFFSET ( 8, 0, .AHEAD. ) ;
#1838 = CARTESIAN_POINT ( 'NONE',  ( 233.0000000000000000, 116.7999999999999545, 11.00000000000000000 ) ) ;
#1839 = CARTESIAN_POINT ( 'NONE',  ( 3.000000000000017764, 14.99999999999997158, 3.000000000000000000 ) ) ;
#1840 = VERTEX_POINT ( 'NONE', #441 ) ;
#1841 = ORIENTED_EDGE ( 'NONE', *, *, #1167, .F. ) ;
#1842 = EDGE_CURVE ( 'NONE', #1948, #1910, #2610, .T. ) ;
#1843 = CARTESIAN_POINT ( 'NONE',  ( 233.0000000000000000, 96.79999999999995453, 11.00000000000000000 ) ) ;
#1844 = CARTESIAN_POINT ( 'NONE',  ( 15.00000000000006928, 8.800000000000451905, 8.999999999999998224 ) ) ;
#1845 = VECTOR ( 'NONE', #861, 1000.000000000000000 ) ;
#1846 = CARTESIAN_POINT ( 'NONE',  ( 72.20000000000001705, 136.0391149236989179, 11.00000000000000000 ) ) ;
#1847 = CARTESIAN_POINT ( 'NONE',  ( 174.5000000000000568, 136.0391149236989179, 0.9999999999999991118 ) ) ;
#1848 = VECTOR ( 'NONE', #310, 1000.000000000000000 ) ;
#1849 = ORIENTED_EDGE ( 'NONE', *, *, #1955, .T. ) ;
#1850 = DIRECTION ( 'NONE',  ( 1.000000000000000000, 0.000000000000000000, -0.000000000000000000 ) ) ;
#1851 = LINE ( 'NONE', #1248, #3620 ) ;
#1852 = ORIENTED_EDGE ( 'NONE', *, *, #527, .F. ) ;
#1853 = ORIENTED_EDGE ( 'NONE', *, *, #3198, .T. ) ;
#1854 = AXIS2_PLACEMENT_3D ( 'NONE', #2893, #722, #2395 ) ;
#1855 = ORIENTED_EDGE ( 'NONE', *, *, #1395, .F. ) ;
#1856 = COORDINATED_UNIVERSAL_TIME_OFFSET ( 8, 0, .AHEAD. ) ;
#1857 = LINE ( 'NONE', #1309, #3062 ) ;
#1858 = VECTOR ( 'NONE', #1864, 1000.000000000000000 ) ;
#1859 = PLANE ( 'NONE',  #2028 ) ;
#1860 = DIRECTION ( 'NONE',  ( -1.000000000000000000, 0.000000000000000000, 0.000000000000000000 ) ) ;
#1861 = CARTESIAN_POINT ( 'NONE',  ( 196.5000000000000284, 136.0391149236989179, 11.00000000000000000 ) ) ;
#1862 = EDGE_CURVE ( 'NONE', #3091, #647, #2065, .T. ) ;
#1863 = CARTESIAN_POINT ( 'NONE',  ( 130.5000000000000284, 136.0391149236989179, 0.9999999999999991118 ) ) ;
#1864 = DIRECTION ( 'NONE',  ( -0.000000000000000000, -0.000000000000000000, 1.000000000000000000 ) ) ;
#1865 = ADVANCED_FACE ( 'NONE', ( #1557 ), #111, .F. ) ;
#1866 = EDGE_CURVE ( 'NONE', #1632, #2932, #2045, .T. ) ;
#1867 = ORIENTED_EDGE ( 'NONE', *, *, #597, .F. ) ;
#1868 = LINE ( 'NONE', #3305, #3222 ) ;
#1869 = AXIS2_PLACEMENT_3D ( 'NONE', #848, #1959, #2854 ) ;
#1870 = CARTESIAN_POINT ( 'NONE',  ( -176.0000000000000000, 0.000000000000000000, 0.9999999999999991118 ) ) ;
#1871 = ORIENTED_EDGE ( 'NONE', *, *, #3456, .T. ) ;
#1872 = ORIENTED_EDGE ( 'NONE', *, *, #36, .T. ) ;
#1873 = CARTESIAN_POINT ( 'NONE',  ( 20.50000000000004619, 136.0391149236989179, 11.00000000000000000 ) ) ;
#1874 = PERSON_AND_ORGANIZATION ( #1539, #3473 ) ;
#1875 = DIRECTION ( 'NONE',  ( 0.000000000000000000, -1.000000000000000000, 0.000000000000000000 ) ) ;
#1876 = CARTESIAN_POINT ( 'NONE',  ( 152.5000000000000284, 151.7391149236989065, 0.9999999999999991118 ) ) ;
#1877 = ORIENTED_EDGE ( 'NONE', *, *, #799, .T. ) ;
#1878 = DIRECTION ( 'NONE',  ( -0.000000000000000000, -0.000000000000000000, 1.000000000000000000 ) ) ;
#1879 = DIRECTION ( 'NONE',  ( -0.000000000000000000, -0.000000000000000000, 1.000000000000000000 ) ) ;
#1880 = LINE ( 'NONE', #18, #40 ) ;
#1881 = ADVANCED_FACE ( 'NONE', ( #2336 ), #680, .F. ) ;
#1882 = LINE ( 'NONE', #1755, #1430 ) ;
#1883 = VECTOR ( 'NONE', #3011, 1000.000000000000000 ) ;
#1884 = CARTESIAN_POINT ( 'NONE',  ( 152.5000000000000284, 136.0391149236989179, 0.9999999999999991118 ) ) ;
#1885 = ORIENTED_EDGE ( 'NONE', *, *, #2935, .T. ) ;
#1886 = AXIS2_PLACEMENT_3D ( 'NONE', #3573, #293, #2760 ) ;
#1887 = EDGE_CURVE ( 'NONE', #830, #1013, #1752, .T. ) ;
#1888 = EDGE_CURVE ( 'NONE', #371, #3326, #149, .T. ) ;
#1889 = LINE ( 'NONE', #2987, #3517 ) ;
#1890 = LINE ( 'NONE', #209, #282 ) ;
#1891 = ORIENTED_EDGE ( 'NONE', *, *, #1134, .F. ) ;
#1892 = ORIENTED_EDGE ( 'NONE', *, *, #2382, .F. ) ;
#1893 = CARTESIAN_POINT ( 'NONE',  ( 38.90000000000015490, 98.29999999999992610, 0.9999999999999991118 ) ) ;
#1894 = VECTOR ( 'NONE', #2613, 1000.000000000000000 ) ;
#1895 = FACE_OUTER_BOUND ( 'NONE', #3570, .T. ) ;
#1896 = CARTESIAN_POINT ( 'NONE',  ( 196.5000000000000284, 136.0391149236989179, 0.9999999999999991118 ) ) ;
#1897 = ORIENTED_EDGE ( 'NONE', *, *, #2558, .T. ) ;
#1898 = EDGE_CURVE ( 'NONE', #1386, #82, #519, .T. ) ;
#1899 = CARTESIAN_POINT ( 'NONE',  ( 207.2000000000001592, 113.9999999999999574, 0.9999999999999991118 ) ) ;
#1900 = CARTESIAN_POINT ( 'NONE',  ( 233.0000000000000000, 161.8000000000000398, 13.00000000000000178 ) ) ;
#1901 = CARTESIAN_POINT ( 'NONE',  ( 153.1000000000001080, 8.800000000000196110, 3.799999999999997158 ) ) ;
#1902 = CARTESIAN_POINT ( 'NONE',  ( 38.90000000000015490, 98.29999999999992610, 11.00000000000000000 ) ) ;
#1903 = DIRECTION ( 'NONE',  ( 0.000000000000000000, 0.000000000000000000, -1.000000000000000000 ) ) ;
#1904 = ORIENTED_EDGE ( 'NONE', *, *, #859, .F. ) ;
#1905 = PLANE ( 'NONE',  #824 ) ;
#1906 = VECTOR ( 'NONE', #203, 1000.000000000000000 ) ;
#1907 = DIRECTION ( 'NONE',  ( -0.000000000000000000, -1.000000000000000000, -0.000000000000000000 ) ) ;
#1908 = EDGE_CURVE ( 'NONE', #2682, #855, #2706, .T. ) ;
#1909 = EDGE_LOOP ( 'NONE', ( #3530, #2322, #112, #2661 ) ) ;
#1910 = VERTEX_POINT ( 'NONE', #2193 ) ;
#1911 = ORIENTED_EDGE ( 'NONE', *, *, #3279, .T. ) ;
#1912 = DIRECTION ( 'NONE',  ( -0.000000000000000000, -1.000000000000000000, -0.000000000000000000 ) ) ;
#1913 = DIRECTION ( 'NONE',  ( -0.000000000000000000, -0.000000000000000000, 1.000000000000000000 ) ) ;
#1914 = ADVANCED_FACE ( 'NONE', ( #2430 ), #3246, .F. ) ;
#1915 = ORIENTED_EDGE ( 'NONE', *, *, #3597, .T. ) ;
#1916 = CARTESIAN_POINT ( 'NONE',  ( 185.2000000000001307, 98.29999999999995453, 0.9999999999999991118 ) ) ;
#1917 = AXIS2_PLACEMENT_3D ( 'NONE', #1210, #3088, #585 ) ;
#1918 = LINE ( 'NONE', #3037, #3413 ) ;
#1919 = CARTESIAN_POINT ( 'NONE',  ( 196.5000000000000284, 151.7391149236989065, 0.9999999999999991118 ) ) ;
#1920 = DIRECTION ( 'NONE',  ( -0.000000000000000000, -0.000000000000000000, -1.000000000000000000 ) ) ;
#1921 = CARTESIAN_POINT ( 'NONE',  ( 119.2000000000001734, 113.9999999999999432, 11.00000000000000000 ) ) ;
#1922 = CARTESIAN_POINT ( 'NONE',  ( 233.0000000000000000, 160.6000000000004775, 13.00000000000000178 ) ) ;
#1923 = CARTESIAN_POINT ( 'NONE',  ( 75.20000000000015916, 113.9999999999999432, 11.00000000000000000 ) ) ;
#1924 = VERTEX_POINT ( 'NONE', #3577 ) ;
#1925 = ORIENTED_EDGE ( 'NONE', *, *, #1325, .F. ) ;
#1926 = AXIS2_PLACEMENT_3D ( 'NONE', #2907, #987, #2649 ) ;
#1927 = DIRECTION ( 'NONE',  ( 1.000000000000000000, 1.206764157201257291E-16, 0.000000000000000000 ) ) ;
#1928 = ADVANCED_FACE ( 'NONE', ( #261 ), #810, .F. ) ;
#1929 = DATE_AND_TIME ( #2458, #1950 ) ;
#1930 = DIRECTION ( 'NONE',  ( 1.000000000000000000, -0.000000000000000000, -0.000000000000000000 ) ) ;
#1931 = LINE ( 'NONE', #1104, #1389 ) ;
#1932 = VERTEX_POINT ( 'NONE', #1884 ) ;
#1933 = DIRECTION ( 'NONE',  ( -1.000000000000000000, -1.206764157201257291E-16, 0.000000000000000000 ) ) ;
#1934 = ADVANCED_FACE ( 'NONE', ( #1078 ), #1025, .F. ) ;
#1935 = DIRECTION ( 'NONE',  ( 0.000000000000000000, -0.000000000000000000, -1.000000000000000000 ) ) ;
#1936 = CARTESIAN_POINT ( 'NONE',  ( 20.50000000000004619, 136.0391149236989179, 0.9999999999999991118 ) ) ;
#1937 = DIRECTION ( 'NONE',  ( 0.000000000000000000, -1.000000000000000000, -0.000000000000000000 ) ) ;
#1938 = CARTESIAN_POINT ( 'NONE',  ( 152.5000000000000284, 136.0391149236989179, 0.9999999999999991118 ) ) ;
#1939 = ORIENTED_EDGE ( 'NONE', *, *, #321, .T. ) ;
#1940 = CC_DESIGN_PERSON_AND_ORGANIZATION_ASSIGNMENT ( #1874, #469, ( #3482 ) ) ;
#1941 = CARTESIAN_POINT ( 'NONE',  ( 53.20000000000016627, 98.29999999999992610, 11.00000000000000000 ) ) ;
#1942 = AXIS2_PLACEMENT_3D ( 'NONE', #2564, #1756, #922 ) ;
#1943 = EDGE_LOOP ( 'NONE', ( #3276, #1421, #654, #1758 ) ) ;
#1944 = ORIENTED_EDGE ( 'NONE', *, *, #2261, .T. ) ;
#1945 = CARTESIAN_POINT ( 'NONE',  ( 3.000000000000002665, 161.8000000000000398, 20.99999999999999645 ) ) ;
#1946 = DIRECTION ( 'NONE',  ( 0.000000000000000000, 0.000000000000000000, 1.000000000000000000 ) ) ;
#1947 = CARTESIAN_POINT ( 'NONE',  ( 233.0000000000000000, 96.79999999999989768, 3.000000000000000000 ) ) ;
#1948 = VERTEX_POINT ( 'NONE', #1631 ) ;
#1949 = EDGE_LOOP ( 'NONE', ( #2511, #1358, #2321, #2876 ) ) ;
#1950 = LOCAL_TIME ( 19, 24, 51.00000000000000000, #1964 ) ;
#1951 = VECTOR ( 'NONE', #913, 1000.000000000000000 ) ;
#1952 = CARTESIAN_POINT ( 'NONE',  ( 60.90000000000014779, 113.9999999999999432, 11.00000000000000000 ) ) ;
#1953 = CARTESIAN_POINT ( 'NONE',  ( 233.0000000000000000, 151.7391149236989065, 0.9999999999999991118 ) ) ;
#1954 = VECTOR ( 'NONE', #314, 1000.000000000000000 ) ;
#1955 = EDGE_CURVE ( 'NONE', #2455, #2475, #3559, .T. ) ;
#1956 = LINE ( 'NONE', #3039, #1614 ) ;
#1957 = CARTESIAN_POINT ( 'NONE',  ( 42.50000000000003553, 136.0391149236989179, 11.00000000000000000 ) ) ;
#1958 = CARTESIAN_POINT ( 'NONE',  ( 185.2000000000001307, 98.29999999999995453, 11.00000000000000000 ) ) ;
#1959 = DIRECTION ( 'NONE',  ( 0.000000000000000000, 0.000000000000000000, -1.000000000000000000 ) ) ;
#1960 = VERTEX_POINT ( 'NONE', #1045 ) ;
#1961 = VERTEX_POINT ( 'NONE', #205 ) ;
#1962 = VECTOR ( 'NONE', #440, 1000.000000000000000 ) ;
#1963 = DIRECTION ( 'NONE',  ( 1.000000000000000000, 0.000000000000000000, -0.000000000000000000 ) ) ;
#1964 = COORDINATED_UNIVERSAL_TIME_OFFSET ( 8, 0, .AHEAD. ) ;
#1965 = DIRECTION ( 'NONE',  ( 1.000000000000000000, 0.000000000000000000, 0.000000000000000000 ) ) ;
#1966 = LINE ( 'NONE', #491, #2850 ) ;
#1967 = ORIENTED_EDGE ( 'NONE', *, *, #2530, .F. ) ;
#1968 = VECTOR ( 'NONE', #1822, 1000.000000000000000 ) ;
#1969 = ORIENTED_EDGE ( 'NONE', *, *, #1813, .F. ) ;
#1970 = DIRECTION ( 'NONE',  ( -0.000000000000000000, -0.000000000000000000, 1.000000000000000000 ) ) ;
#1971 = DIRECTION ( 'NONE',  ( -1.000000000000000000, 0.000000000000000000, -0.000000000000000000 ) ) ;
#1972 = VECTOR ( 'NONE', #509, 1000.000000000000000 ) ;
#1973 = PLANE ( 'NONE',  #260 ) ;
#1974 = ADVANCED_FACE ( 'NONE', ( #1060 ), #2159, .F. ) ;
#1975 = PLANE ( 'NONE',  #3390 ) ;
#1976 = AXIS2_PLACEMENT_3D ( 'NONE', #3357, #2486, #1095 ) ;
#1977 = EDGE_CURVE ( 'NONE', #2682, #3181, #3540, .T. ) ;
#1978 = CARTESIAN_POINT ( 'NONE',  ( 160.2000000000000171, 136.0391149236989179, 0.9999999999999991118 ) ) ;
#1979 = ORIENTED_EDGE ( 'NONE', *, *, #1376, .F. ) ;
#1980 = ORIENTED_EDGE ( 'NONE', *, *, #684, .F. ) ;
#1981 = DIRECTION ( 'NONE',  ( 0.000000000000000000, 0.000000000000000000, -1.000000000000000000 ) ) ;
#1982 = PLANE ( 'NONE',  #1735 ) ;
#1983 = ORIENTED_EDGE ( 'NONE', *, *, #1079, .F. ) ;
#1984 = EDGE_LOOP ( 'NONE', ( #32, #3109, #2752, #337 ) ) ;
#1985 = CARTESIAN_POINT ( 'NONE',  ( 233.0000000000000000, 14.99999999999997158, 20.99999999999999645 ) ) ;
#1986 = LINE ( 'NONE', #3425, #1067 ) ;
#1987 = AXIS2_PLACEMENT_3D ( 'NONE', #188, #264, #2453 ) ;
#1988 = LINE ( 'NONE', #1181, #2194 ) ;
#1989 = LINE ( 'NONE', #1749, #2591 ) ;
#1990 = CARTESIAN_POINT ( 'NONE',  ( 64.50000000000002842, 151.7391149236989065, 0.9999999999999991118 ) ) ;
#1991 = EDGE_CURVE ( 'NONE', #2183, #2969, #3282, .T. ) ;
#1992 = PLANE ( 'NONE',  #769 ) ;
#1993 = ORIENTED_EDGE ( 'NONE', *, *, #1076, .T. ) ;
#1994 = ORIENTED_EDGE ( 'NONE', *, *, #642, .T. ) ;
#1995 = EDGE_CURVE ( 'NONE', #1571, #1188, #2688, .T. ) ;
#1996 = FACE_OUTER_BOUND ( 'NONE', #2147, .T. ) ;
#1997 = FACE_OUTER_BOUND ( 'NONE', #2624, .T. ) ;
#1998 = VECTOR ( 'NONE', #740, 1000.000000000000000 ) ;
#1999 = PLANE ( 'NONE',  #3502 ) ;
#2000 = VERTEX_POINT ( 'NONE', #2451 ) ;
#2001 = VERTEX_POINT ( 'NONE', #2727 ) ;
#2002 = VECTOR ( 'NONE', #381, 1000.000000000000000 ) ;
#2003 = LINE ( 'NONE', #1729, #1183 ) ;
#2004 = CARTESIAN_POINT ( 'NONE',  ( 42.50000000000003553, 151.7391149236989065, 0.9999999999999991118 ) ) ;
#2005 = AXIS2_PLACEMENT_3D ( 'NONE', #1457, #2039, #1176 ) ;
#2006 = EDGE_CURVE ( 'NONE', #206, #480, #225, .T. ) ;
#2007 = CARTESIAN_POINT ( 'NONE',  ( 196.5000000000000284, 151.7391149236989065, 11.00000000000000000 ) ) ;
#2008 = LINE ( 'NONE', #2334, #1020 ) ;
#2009 = VECTOR ( 'NONE', #2801, 1000.000000000000000 ) ;
#2010 = DIRECTION ( 'NONE',  ( -0.000000000000000000, -0.000000000000000000, 1.000000000000000000 ) ) ;
#2011 = VERTEX_POINT ( 'NONE', #1591 ) ;
#2012 = VERTEX_POINT ( 'NONE', #1650 ) ;
#2013 = DIRECTION ( 'NONE',  ( 0.000000000000000000, 1.000000000000000000, 0.000000000000000000 ) ) ;
#2014 = CARTESIAN_POINT ( 'NONE',  ( 182.2000000000000171, 151.7391149236989065, 0.9999999999999991118 ) ) ;
#2015 = EDGE_CURVE ( 'NONE', #2839, #2187, #3264, .T. ) ;
#2016 = CARTESIAN_POINT ( 'NONE',  ( 53.20000000000016627, 98.29999999999992610, 11.00000000000000000 ) ) ;
#2017 = VERTEX_POINT ( 'NONE', #1316 ) ;
#2018 = VERTEX_POINT ( 'NONE', #3002 ) ;
#2019 = VECTOR ( 'NONE', #383, 1000.000000000000000 ) ;
#2020 = LINE ( 'NONE', #3406, #3261 ) ;
#2021 = LINE ( 'NONE', #3147, #783 ) ;
#2022 = EDGE_CURVE ( 'NONE', #267, #865, #3302, .T. ) ;
#2023 = EDGE_CURVE ( 'NONE', #136, #3003, #1353, .T. ) ;
#2024 = VECTOR ( 'NONE', #1644, 1000.000000000000000 ) ;
#2025 = ORIENTED_EDGE ( 'NONE', *, *, #481, .T. ) ;
#2026 = CARTESIAN_POINT ( 'NONE',  ( 218.5000000000000284, 136.0391149236989179, 0.9999999999999991118 ) ) ;
#2027 = LINE ( 'NONE', #2061, #2884 ) ;
#2028 = AXIS2_PLACEMENT_3D ( 'NONE', #471, #2993, #2151 ) ;
#2029 = CIRCLE ( 'NONE', #1854, 1.899999999999999023 ) ;
#2030 = CARTESIAN_POINT ( 'NONE',  ( 31.20000000000017337, 98.29999999999992610, 0.9999999999999991118 ) ) ;
#2031 = ORIENTED_EDGE ( 'NONE', *, *, #1534, .F. ) ;
#2032 = ORIENTED_EDGE ( 'NONE', *, *, #2422, .F. ) ;
#2033 = DIRECTION ( 'NONE',  ( 0.000000000000000000, -1.000000000000000000, -0.000000000000000000 ) ) ;
#2034 = DIRECTION ( 'NONE',  ( 0.000000000000000000, 0.000000000000000000, -1.000000000000000000 ) ) ;
#2035 = FACE_BOUND ( 'NONE', #2599, .T. ) ;
#2036 = ORIENTED_EDGE ( 'NONE', *, *, #208, .T. ) ;
#2037 = ORIENTED_EDGE ( 'NONE', *, *, #3407, .F. ) ;
#2038 = EDGE_CURVE ( 'NONE', #2109, #855, #3522, .T. ) ;
#2039 = DIRECTION ( 'NONE',  ( 1.000000000000000000, -0.000000000000000000, 0.000000000000000000 ) ) ;
#2040 = DIRECTION ( 'NONE',  ( 1.000000000000000000, -0.000000000000000000, 0.000000000000000000 ) ) ;
#2041 = ORIENTED_EDGE ( 'NONE', *, *, #1799, .T. ) ;
#2042 = ADVANCED_FACE ( 'NONE', ( #2507 ), #280, .F. ) ;
#2043 = DIRECTION ( 'NONE',  ( -0.000000000000000000, -0.000000000000000000, 1.000000000000000000 ) ) ;
#2044 = FACE_OUTER_BOUND ( 'NONE', #231, .T. ) ;
#2045 = LINE ( 'NONE', #2356, #598 ) ;
#2046 = EDGE_LOOP ( 'NONE', ( #102, #750, #1511, #1252 ) ) ;
#2047 = ORIENTED_EDGE ( 'NONE', *, *, #215, .F. ) ;
#2048 = EDGE_CURVE ( 'NONE', #3625, #1100, #1411, .T. ) ;
#2049 = CARTESIAN_POINT ( 'NONE',  ( 0.000000000000000000, 0.000000000000000000, 3.000000000000000000 ) ) ;
#2050 = FACE_OUTER_BOUND ( 'NONE', #1564, .T. ) ;
#2051 = DIRECTION ( 'NONE',  ( 0.000000000000000000, -1.000000000000000000, -0.000000000000000000 ) ) ;
#2052 = EDGE_LOOP ( 'NONE', ( #442, #2234, #2789, #1531 ) ) ;
#2053 = EDGE_LOOP ( 'NONE', ( #1726, #3103, #3110, #1380 ) ) ;
#2054 = AXIS2_PLACEMENT_3D ( 'NONE', #1657, #1069, #2185 ) ;
#2055 = ORIENTED_EDGE ( 'NONE', *, *, #1750, .T. ) ;
#2056 = DIRECTION ( 'NONE',  ( 1.000000000000000000, -0.000000000000000000, 0.000000000000000000 ) ) ;
#2057 = CARTESIAN_POINT ( 'NONE',  ( 75.20000000000015916, 98.29999999999994031, 0.9999999999999991118 ) ) ;
#2058 = ORIENTED_EDGE ( 'NONE', *, *, #2935, .F. ) ;
#2059 = AXIS2_PLACEMENT_3D ( 'NONE', #929, #2040, #3112 ) ;
#2060 = CARTESIAN_POINT ( 'NONE',  ( 13.10000000000007070, 8.800000000000451905, 8.999999999999998224 ) ) ;
#2061 = CARTESIAN_POINT ( 'NONE',  ( 218.5000000000000284, 136.0391149236989179, 0.9999999999999991118 ) ) ;
#2062 = VECTOR ( 'NONE', #361, 1000.000000000000000 ) ;
#2063 = EDGE_CURVE ( 'NONE', #1779, #2527, #400, .T. ) ;
#2064 = VECTOR ( 'NONE', #2089, 1000.000000000000000 ) ;
#2065 = LINE ( 'NONE', #1520, #1646 ) ;
#2066 = EDGE_CURVE ( 'NONE', #2731, #3449, #1431, .T. ) ;
#2067 = ORIENTED_EDGE ( 'NONE', *, *, #3300, .T. ) ;
#2068 = VERTEX_POINT ( 'NONE', #21 ) ;
#2069 = CARTESIAN_POINT ( 'NONE',  ( 126.9000000000001478, 113.9999999999999432, 0.9999999999999991118 ) ) ;
#2070 = FACE_BOUND ( 'NONE', #2583, .T. ) ;
#2071 = CARTESIAN_POINT ( 'NONE',  ( 233.0000000000000000, 160.6000000000004775, 13.00000000000000178 ) ) ;
#2072 = PRODUCT_RELATED_PRODUCT_CATEGORY ( 'detail', '', ( #3482 ) ) ;
#2073 = ORIENTED_EDGE ( 'NONE', *, *, #1842, .F. ) ;
#2074 = ORIENTED_EDGE ( 'NONE', *, *, #3442, .F. ) ;
#2075 = EDGE_LOOP ( 'NONE', ( #1489, #1230, #803, #1759 ) ) ;
#2076 = PERSON_AND_ORGANIZATION ( #1539, #3473 ) ;
#2077 = LINE ( 'NONE', #1803, #1180 ) ;
#2078 = CARTESIAN_POINT ( 'NONE',  ( 16.90000000000016556, 113.9999999999999289, 0.9999999999999991118 ) ) ;
#2079 = ORIENTED_EDGE ( 'NONE', *, *, #3163, .F. ) ;
#2080 = CARTESIAN_POINT ( 'NONE',  ( 218.5000000000000284, 151.7391149236989065, 11.00000000000000000 ) ) ;
#2081 = DIRECTION ( 'NONE',  ( 1.000000000000000000, 0.000000000000000000, 0.000000000000000000 ) ) ;
#2082 = VECTOR ( 'NONE', #2521, 1000.000000000000000 ) ;
#2083 = CARTESIAN_POINT ( 'NONE',  ( 233.0000000000000000, 133.7999999999999829, 11.00000000000000000 ) ) ;
#2084 = ADVANCED_FACE ( 'NONE', ( #3078 ), #611, .F. ) ;
#2085 = CARTESIAN_POINT ( 'NONE',  ( 104.9000000000001620, 98.29999999999994031, 11.00000000000000000 ) ) ;
#2086 = ORIENTED_EDGE ( 'NONE', *, *, #1419, .T. ) ;
#2087 = VECTOR ( 'NONE', #1420, 1000.000000000000000 ) ;
#2088 = EDGE_CURVE ( 'NONE', #743, #1382, #827, .T. ) ;
#2089 = DIRECTION ( 'NONE',  ( -0.000000000000000000, -1.000000000000000000, -0.000000000000000000 ) ) ;
#2090 = DIRECTION ( 'NONE',  ( 1.000000000000000000, 0.000000000000000000, 0.000000000000000000 ) ) ;
#2091 = CARTESIAN_POINT ( 'NONE',  ( 16.90000000000016556, 98.29999999999992610, 0.9999999999999991118 ) ) ;
#2092 = ORIENTED_EDGE ( 'NONE', *, *, #3125, .T. ) ;
#2093 = EDGE_LOOP ( 'NONE', ( #2856, #1708, #1270, #2363 ) ) ;
#2094 = ORIENTED_EDGE ( 'NONE', *, *, #2371, .T. ) ;
#2095 = CARTESIAN_POINT ( 'NONE',  ( 160.2000000000000171, 151.7391149236989065, 0.9999999999999991118 ) ) ;
#2096 = DIRECTION ( 'NONE',  ( -0.000000000000000000, -1.000000000000000000, -0.000000000000000000 ) ) ;
#2097 = VERTEX_POINT ( 'NONE', #2899 ) ;
#2098 = EDGE_CURVE ( 'NONE', #1720, #3535, #2331, .T. ) ;
#2099 = LINE ( 'NONE', #713, #858 ) ;
#2100 = CARTESIAN_POINT ( 'NONE',  ( 229.2000000000001592, 113.9999999999999574, 0.9999999999999991118 ) ) ;
#2101 = AXIS2_PLACEMENT_3D ( 'NONE', #579, #867, #2525 ) ;
#2102 = CARTESIAN_POINT ( 'NONE',  ( 196.5000000000000284, 151.7391149236989065, 11.00000000000000000 ) ) ;
#2103 = FACE_OUTER_BOUND ( 'NONE', #1030, .T. ) ;
#2104 = ORIENTED_EDGE ( 'NONE', *, *, #3442, .T. ) ;
#2105 = LINE ( 'NONE', #426, #2064 ) ;
#2106 = LINE ( 'NONE', #2597, #548 ) ;
#2107 = CARTESIAN_POINT ( 'NONE',  ( 86.50000000000002842, 136.0391149236989179, 0.9999999999999991118 ) ) ;
#2108 = EDGE_CURVE ( 'NONE', #2475, #3535, #2523, .T. ) ;
#2109 = VERTEX_POINT ( 'NONE', #1392 ) ;
#2110 = ORIENTED_EDGE ( 'NONE', *, *, #1009, .T. ) ;
#2111 = ORIENTED_EDGE ( 'NONE', *, *, #551, .T. ) ;
#2112 = PERSON_AND_ORGANIZATION ( #1539, #3473 ) ;
#2113 = DIRECTION ( 'NONE',  ( -0.000000000000000000, -0.000000000000000000, 1.000000000000000000 ) ) ;
#2114 = CARTESIAN_POINT ( 'NONE',  ( 229.2000000000001592, 98.29999999999995453, 11.00000000000000000 ) ) ;
#2115 = ORIENTED_EDGE ( 'NONE', *, *, #1245, .F. ) ;
#2116 = VERTEX_POINT ( 'NONE', #1698 ) ;
#2117 = DIRECTION ( 'NONE',  ( 0.000000000000000000, -0.000000000000000000, 1.000000000000000000 ) ) ;
#2118 = DIRECTION ( 'NONE',  ( 0.000000000000000000, -0.000000000000000000, 1.000000000000000000 ) ) ;
#2119 = VECTOR ( 'NONE', #2892, 1000.000000000000000 ) ;
#2120 = PLANE ( 'NONE',  #2662 ) ;
#2121 = DIRECTION ( 'NONE',  ( -0.000000000000000000, -1.000000000000000000, -0.000000000000000000 ) ) ;
#2122 = ORIENTED_EDGE ( 'NONE', *, *, #1151, .T. ) ;
#2123 = AXIS2_PLACEMENT_3D ( 'NONE', #1793, #2726, #1266 ) ;
#2124 = DIRECTION ( 'NONE',  ( 0.000000000000000000, -0.000000000000000000, 1.000000000000000000 ) ) ;
#2125 = DIRECTION ( 'NONE',  ( 1.000000000000000000, 0.000000000000000000, -0.000000000000000000 ) ) ;
#2126 = CIRCLE ( 'NONE', #2416, 1.899999999999999023 ) ;
#2127 = EDGE_LOOP ( 'NONE', ( #3154, #2357, #3400, #2693 ) ) ;
#2128 = ORIENTED_EDGE ( 'NONE', *, *, #1686, .T. ) ;
#2129 = ORIENTED_EDGE ( 'NONE', *, *, #2022, .F. ) ;
#2130 = EDGE_CURVE ( 'NONE', #530, #92, #674, .T. ) ;
#2131 =( NAMED_UNIT ( * ) PLANE_ANGLE_UNIT ( ) SI_UNIT ( $, .RADIAN. ) );
#2132 = CARTESIAN_POINT ( 'NONE',  ( 104.9000000000001620, 98.29999999999994031, 0.9999999999999991118 ) ) ;
#2133 = CARTESIAN_POINT ( 'NONE',  ( 119.2000000000001734, 98.29999999999994031, 0.9999999999999991118 ) ) ;
#2134 = CARTESIAN_POINT ( 'NONE',  ( 108.5000000000000426, 151.7391149236989065, 0.9999999999999991118 ) ) ;
#2135 = EDGE_CURVE ( 'NONE', #1382, #267, #3098, .T. ) ;
#2136 = CARTESIAN_POINT ( 'NONE',  ( 64.50000000000002842, 136.0391149236989179, 11.00000000000000000 ) ) ;
#2137 = VECTOR ( 'NONE', #124, 1000.000000000000000 ) ;
#2138 = DIRECTION ( 'NONE',  ( -0.000000000000000000, -1.000000000000000000, -0.000000000000000000 ) ) ;
#2139 = CARTESIAN_POINT ( 'NONE',  ( 0.000000000000000000, 0.000000000000000000, 3.000000000000000000 ) ) ;
#2140 = AXIS2_PLACEMENT_3D ( 'NONE', #2155, #1055, #2207 ) ;
#2141 = EDGE_LOOP ( 'NONE', ( #1545, #1654, #3619, #2199 ) ) ;
#2142 = CARTESIAN_POINT ( 'NONE',  ( 31.20000000000017337, 98.29999999999992610, 0.9999999999999991118 ) ) ;
#2143 = LINE ( 'NONE', #3564, #753 ) ;
#2144 = ORIENTED_EDGE ( 'NONE', *, *, #2803, .F. ) ;
#2145 = EDGE_LOOP ( 'NONE', ( #1670, #2328, #1852, #2067 ) ) ;
#2146 = VECTOR ( 'NONE', #1596, 1000.000000000000000 ) ;
#2147 = EDGE_LOOP ( 'NONE', ( #690, #1892, #1503, #2805 ) ) ;
#2148 = CARTESIAN_POINT ( 'NONE',  ( 53.20000000000016627, 113.9999999999999289, 11.00000000000000000 ) ) ;
#2149 = DIRECTION ( 'NONE',  ( -1.000000000000000000, 0.000000000000000000, 0.000000000000000000 ) ) ;
#2150 = VECTOR ( 'NONE', #3180, 1000.000000000000000 ) ;
#2151 = DIRECTION ( 'NONE',  ( 0.000000000000000000, 0.000000000000000000, -1.000000000000000000 ) ) ;
#2152 = ORIENTED_EDGE ( 'NONE', *, *, #2847, .F. ) ;
#2153 = ORIENTED_EDGE ( 'NONE', *, *, #1236, .F. ) ;
#2154 = ADVANCED_FACE ( 'NONE', ( #3459 ), #3340, .F. ) ;
#2155 = CARTESIAN_POINT ( 'NONE',  ( 108.5000000000000426, 136.0391149236989179, 0.9999999999999991118 ) ) ;
#2156 = CARTESIAN_POINT ( 'NONE',  ( 28.20000000000003126, 136.0391149236989179, 11.00000000000000000 ) ) ;
#2157 = ADVANCED_FACE ( 'NONE', ( #3613 ), #1975, .F. ) ;
#2158 = LINE ( 'NONE', #2083, #3494 ) ;
#2159 = PLANE ( 'NONE',  #755 ) ;
#2160 = ORIENTED_EDGE ( 'NONE', *, *, #2382, .T. ) ;
#2161 = CARTESIAN_POINT ( 'NONE',  ( 185.2000000000001307, 98.29999999999995453, 0.9999999999999991118 ) ) ;
#2162 = PLANE ( 'NONE',  #1681 ) ;
#2163 = ORIENTED_EDGE ( 'NONE', *, *, #1262, .T. ) ;
#2164 = ADVANCED_FACE ( 'NONE', ( #2604 ), #1667, .F. ) ;
#2165 = VERTEX_POINT ( 'NONE', #4 ) ;
#2166 = DIRECTION ( 'NONE',  ( -1.033980273487537931E-16, 1.000000000000000000, -0.000000000000000000 ) ) ;
#2167 = DIRECTION ( 'NONE',  ( -0.000000000000000000, -0.000000000000000000, 1.000000000000000000 ) ) ;
#2168 = CARTESIAN_POINT ( 'NONE',  ( 138.2000000000000171, 136.0391149236989179, 0.9999999999999991118 ) ) ;
#2169 = VECTOR ( 'NONE', #3168, 1000.000000000000000 ) ;
#2170 = ORIENTED_EDGE ( 'NONE', *, *, #3394, .T. ) ;
#2171 = FACE_OUTER_BOUND ( 'NONE', #119, .T. ) ;
#2172 = PLANE ( 'NONE',  #3186 ) ;
#2173 = CARTESIAN_POINT ( 'NONE',  ( 207.2000000000001592, 98.29999999999995453, 11.00000000000000000 ) ) ;
#2174 = LINE ( 'NONE', #3019, #1480 ) ;
#2175 = AXIS2_PLACEMENT_3D ( 'NONE', #1812, #3192, #1283 ) ;
#2176 = EDGE_CURVE ( 'NONE', #2200, #2184, #881, .T. ) ;
#2177 = CARTESIAN_POINT ( 'NONE',  ( 229.2000000000001592, 113.9999999999999574, 0.9999999999999991118 ) ) ;
#2178 = VECTOR ( 'NONE', #2190, 1000.000000000000000 ) ;
#2179 = ADVANCED_FACE ( 'NONE', ( #2230 ), #2837, .F. ) ;
#2180 = CARTESIAN_POINT ( 'NONE',  ( 130.5000000000000284, 151.7391149236989065, 11.00000000000000000 ) ) ;
#2181 = LINE ( 'NONE', #3287, #1786 ) ;
#2182 = ORIENTED_EDGE ( 'NONE', *, *, #3325, .F. ) ;
#2183 = VERTEX_POINT ( 'NONE', #1217 ) ;
#2184 = VERTEX_POINT ( 'NONE', #198 ) ;
#2185 = DIRECTION ( 'NONE',  ( 1.000000000000000000, 0.000000000000000000, 0.000000000000000000 ) ) ;
#2186 = CARTESIAN_POINT ( 'NONE',  ( 174.5000000000000568, 151.7391149236989065, 0.9999999999999991118 ) ) ;
#2187 = VERTEX_POINT ( 'NONE', #1585 ) ;
#2188 = ORIENTED_EDGE ( 'NONE', *, *, #2308, .T. ) ;
#2189 = DIRECTION ( 'NONE',  ( -0.000000000000000000, -0.000000000000000000, 1.000000000000000000 ) ) ;
#2190 = DIRECTION ( 'NONE',  ( -0.000000000000000000, -0.000000000000000000, 1.000000000000000000 ) ) ;
#2191 = CARTESIAN_POINT ( 'NONE',  ( 155.0000000000000853, 8.800000000000196110, 3.799999999999997158 ) ) ;
#2192 = CARTESIAN_POINT ( 'NONE',  ( 233.0000000000000000, 0.000000000000000000, 3.000000000000000000 ) ) ;
#2193 = CARTESIAN_POINT ( 'NONE',  ( 31.20000000000017337, 98.29999999999992610, 11.00000000000000000 ) ) ;
#2194 = VECTOR ( 'NONE', #2817, 1000.000000000000000 ) ;
#2195 = ADVANCED_FACE ( 'NONE', ( #982 ), #3498, .F. ) ;
#2196 = FACE_OUTER_BOUND ( 'NONE', #118, .T. ) ;
#2197 = VECTOR ( 'NONE', #3500, 1000.000000000000000 ) ;
#2198 = CARTESIAN_POINT ( 'NONE',  ( 233.0000000000000000, 14.99999999999997158, 8.999999999999998224 ) ) ;
#2199 = ORIENTED_EDGE ( 'NONE', *, *, #1395, .T. ) ;
#2200 = VERTEX_POINT ( 'NONE', #2958 ) ;
#2201 = EDGE_CURVE ( 'NONE', #902, #2878, #435, .T. ) ;
#2202 = ORIENTED_EDGE ( 'NONE', *, *, #1643, .F. ) ;
#2203 = LINE ( 'NONE', #3311, #3171 ) ;
#2204 = CARTESIAN_POINT ( 'NONE',  ( 104.9000000000001620, 98.29999999999994031, 0.9999999999999991118 ) ) ;
#2205 = ORIENTED_EDGE ( 'NONE', *, *, #2006, .T. ) ;
#2206 = ORIENTED_EDGE ( 'NONE', *, *, #1038, .F. ) ;
#2207 = DIRECTION ( 'NONE',  ( 0.000000000000000000, 0.000000000000000000, -1.000000000000000000 ) ) ;
#2208 = AXIS2_PLACEMENT_3D ( 'NONE', #1896, #1070, #1622 ) ;
#2209 = FACE_OUTER_BOUND ( 'NONE', #6, .T. ) ;
#2210 = EDGE_CURVE ( 'NONE', #1960, #942, #711, .T. ) ;
#2211 = CARTESIAN_POINT ( 'NONE',  ( 86.50000000000002842, 151.7391149236989065, 11.00000000000000000 ) ) ;
#2212 = DIRECTION ( 'NONE',  ( -0.000000000000000000, -0.000000000000000000, 1.000000000000000000 ) ) ;
#2213 = DIRECTION ( 'NONE',  ( -0.8571673007021117785, 1.049727191138617956E-16, 0.5150380749100550437 ) ) ;
#2214 = DIRECTION ( 'NONE',  ( -0.000000000000000000, 1.000000000000000000, -0.000000000000000000 ) ) ;
#2215 = LINE ( 'NONE', #1923, #3429 ) ;
#2216 = VERTEX_POINT ( 'NONE', #1569 ) ;
#2217 = ORIENTED_EDGE ( 'NONE', *, *, #1750, .F. ) ;
#2218 = VECTOR ( 'NONE', #2010, 1000.000000000000000 ) ;
#2219 = ORIENTED_EDGE ( 'NONE', *, *, #478, .T. ) ;
#2220 = DIRECTION ( 'NONE',  ( -1.000000000000000000, 0.000000000000000000, 0.000000000000000000 ) ) ;
#2221 = EDGE_CURVE ( 'NONE', #1961, #2187, #1290, .T. ) ;
#2222 = FACE_OUTER_BOUND ( 'NONE', #1213, .T. ) ;
#2223 = VERTEX_POINT ( 'NONE', #3220 ) ;
#2224 = ORIENTED_EDGE ( 'NONE', *, *, #886, .T. ) ;
#2225 = LINE ( 'NONE', #3351, #916 ) ;
#2226 = DIRECTION ( 'NONE',  ( 1.000000000000000000, -0.000000000000000000, -0.000000000000000000 ) ) ;
#2227 = VECTOR ( 'NONE', #950, 1000.000000000000000 ) ;
#2228 = CARTESIAN_POINT ( 'NONE',  ( 229.2000000000001592, 98.29999999999995453, 0.9999999999999991118 ) ) ;
#2229 = LINE ( 'NONE', #1957, #2009 ) ;
#2230 = FACE_OUTER_BOUND ( 'NONE', #3158, .T. ) ;
#2231 = VECTOR ( 'NONE', #1487, 1000.000000000000000 ) ;
#2232 = LINE ( 'NONE', #41, #2982 ) ;
#2233 = AXIS2_PLACEMENT_3D ( 'NONE', #329, #103, #2865 ) ;
#2234 = ORIENTED_EDGE ( 'NONE', *, *, #321, .F. ) ;
#2235 = ORIENTED_EDGE ( 'NONE', *, *, #2088, .F. ) ;
#2236 = CARTESIAN_POINT ( 'NONE',  ( 226.2000000000000171, 136.0391149236989179, 0.9999999999999991118 ) ) ;
#2237 = APPROVAL_PERSON_ORGANIZATION ( #177, #3382, #3531 ) ;
#2238 = DIRECTION ( 'NONE',  ( 0.000000000000000000, 0.000000000000000000, 1.000000000000000000 ) ) ;
#2239 = LINE ( 'NONE', #1053, #2555 ) ;
#2240 = EDGE_LOOP ( 'NONE', ( #309, #237, #3288, #1090 ) ) ;
#2241 = ADVANCED_FACE ( 'NONE', ( #1310 ), #1550, .F. ) ;
#2242 = AXIS2_PLACEMENT_3D ( 'NONE', #1629, #2522, #19 ) ;
#2243 = LINE ( 'NONE', #3370, #1478 ) ;
#2244 = LINE ( 'NONE', #1369, #20 ) ;
#2245 = VECTOR ( 'NONE', #1041, 1000.000000000000000 ) ;
#2246 = EDGE_CURVE ( 'NONE', #1298, #926, #3516, .T. ) ;
#2247 = CARTESIAN_POINT ( 'NONE',  ( 3.000000000000018652, 153.7999999999999261, 11.00000000000000000 ) ) ;
#2248 = DIRECTION ( 'NONE',  ( 0.000000000000000000, 1.000000000000000000, 0.000000000000000000 ) ) ;
#2249 = DIRECTION ( 'NONE',  ( 0.000000000000000000, -1.000000000000000000, -0.000000000000000000 ) ) ;
#2250 = DIRECTION ( 'NONE',  ( -0.000000000000000000, -0.000000000000000000, 1.000000000000000000 ) ) ;
#2251 = ORIENTED_EDGE ( 'NONE', *, *, #2353, .T. ) ;
#2252 = ORIENTED_EDGE ( 'NONE', *, *, #2595, .F. ) ;
#2253 = VECTOR ( 'NONE', #2705, 1000.000000000000000 ) ;
#2254 = FACE_OUTER_BOUND ( 'NONE', #2895, .T. ) ;
#2255 = CARTESIAN_POINT ( 'NONE',  ( 119.2000000000001734, 113.9999999999999432, 0.9999999999999991118 ) ) ;
#2256 = FACE_OUTER_BOUND ( 'NONE', #2338, .T. ) ;
#2257 = ORIENTED_EDGE ( 'NONE', *, *, #3079, .T. ) ;
#2258 = ORIENTED_EDGE ( 'NONE', *, *, #1663, .F. ) ;
#2259 = DIRECTION ( 'NONE',  ( 0.000000000000000000, -0.000000000000000000, 1.000000000000000000 ) ) ;
#2260 = FACE_OUTER_BOUND ( 'NONE', #1101, .T. ) ;
#2261 = EDGE_CURVE ( 'NONE', #3322, #2018, #1000, .T. ) ;
#2262 = AXIS2_PLACEMENT_3D ( 'NONE', #1285, #3526, #2125 ) ;
#2263 = CARTESIAN_POINT ( 'NONE',  ( 192.9000000000001478, 113.9999999999999574, 0.9999999999999991118 ) ) ;
#2264 = CARTESIAN_POINT ( 'NONE',  ( 233.0000000000000000, 0.000000000000000000, 0.000000000000000000 ) ) ;
#2265 = CARTESIAN_POINT ( 'NONE',  ( 233.0000000000000000, 133.7999999999999829, 11.00000000000000000 ) ) ;
#2266 = EDGE_CURVE ( 'NONE', #2000, #2602, #2938, .T. ) ;
#2267 = FACE_BOUND ( 'NONE', #3565, .T. ) ;
#2268 = EDGE_CURVE ( 'NONE', #1710, #2812, #2640, .T. ) ;
#2269 = ORIENTED_EDGE ( 'NONE', *, *, #1663, .T. ) ;
#2270 = VERTEX_POINT ( 'NONE', #3238 ) ;
#2271 = CARTESIAN_POINT ( 'NONE',  ( 196.5000000000000284, 136.0391149236989179, 0.9999999999999991118 ) ) ;
#2272 = LINE ( 'NONE', #1139, #719 ) ;
#2273 = PLANE ( 'NONE',  #3441 ) ;
#2274 = EDGE_CURVE ( 'NONE', #2754, #430, #730, .T. ) ;
#2275 = ORIENTED_EDGE ( 'NONE', *, *, #347, .F. ) ;
#2276 = EDGE_LOOP ( 'NONE', ( #3579, #3201, #3438, #63 ) ) ;
#2277 = CARTESIAN_POINT ( 'NONE',  ( 196.5000000000000284, 136.0391149236989179, 0.9999999999999991118 ) ) ;
#2278 = DIRECTION ( 'NONE',  ( -0.000000000000000000, -0.000000000000000000, 1.000000000000000000 ) ) ;
#2279 = DIRECTION ( 'NONE',  ( 0.000000000000000000, 1.000000000000000000, 0.000000000000000000 ) ) ;
#2280 = VECTOR ( 'NONE', #1203, 1000.000000000000000 ) ;
#2281 = DIRECTION ( 'NONE',  ( -1.000000000000000000, 0.000000000000000000, 0.000000000000000000 ) ) ;
#2282 = EDGE_CURVE ( 'NONE', #397, #2270, #452, .T. ) ;
#2283 = LINE ( 'NONE', #1115, #593 ) ;
#2284 = ORIENTED_EDGE ( 'NONE', *, *, #2743, .F. ) ;
#2285 = EDGE_LOOP ( 'NONE', ( #3197, #1175, #2152, #2481 ) ) ;
#2286 = EDGE_CURVE ( 'NONE', #1777, #1577, #3274, .T. ) ;
#2287 = ADVANCED_FACE ( 'NONE', ( #749 ), #1859, .F. ) ;
#2288 = PLANE ( 'NONE',  #3182 ) ;
#2289 = LINE ( 'NONE', #45, #2524 ) ;
#2290 = VECTOR ( 'NONE', #1158, 1000.000000000000000 ) ;
#2291 = CARTESIAN_POINT ( 'NONE',  ( 185.2000000000001307, 98.29999999999995453, 0.9999999999999991118 ) ) ;
#2292 = EDGE_LOOP ( 'NONE', ( #1694, #1841, #977, #1235 ) ) ;
#2293 = ORIENTED_EDGE ( 'NONE', *, *, #351, .T. ) ;
#2294 = DIRECTION ( 'NONE',  ( 1.000000000000000000, 0.000000000000000000, -0.000000000000000000 ) ) ;
#2295 = PLANE ( 'NONE',  #2940 ) ;
#2296 = ORIENTED_EDGE ( 'NONE', *, *, #1236, .T. ) ;
#2297 = AXIS2_PLACEMENT_3D ( 'NONE', #2842, #3384, #871 ) ;
#2298 = DIRECTION ( 'NONE',  ( -1.000000000000000000, 0.000000000000000000, 0.000000000000000000 ) ) ;
#2299 = DIRECTION ( 'NONE',  ( -0.000000000000000000, -0.000000000000000000, 1.000000000000000000 ) ) ;
#2300 = AXIS2_PLACEMENT_3D ( 'NONE', #3501, #3278, #127 ) ;
#2301 = FACE_OUTER_BOUND ( 'NONE', #1474, .T. ) ;
#2302 = ADVANCED_FACE ( 'NONE', ( #1514 ), #2622, .F. ) ;
#2303 = ORIENTED_EDGE ( 'NONE', *, *, #368, .F. ) ;
#2304 = ORIENTED_EDGE ( 'NONE', *, *, #2942, .F. ) ;
#2305 = LINE ( 'NONE', #2069, #1830 ) ;
#2306 = CARTESIAN_POINT ( 'NONE',  ( 155.0000000000000853, 8.800000000000196110, 8.999999999999998224 ) ) ;
#2307 = FACE_BOUND ( 'NONE', #724, .T. ) ;
#2308 = EDGE_CURVE ( 'NONE', #81, #2116, #962, .T. ) ;
#2309 = ORIENTED_EDGE ( 'NONE', *, *, #2621, .F. ) ;
#2310 = VERTEX_POINT ( 'NONE', #141 ) ;
#2311 = VECTOR ( 'NONE', #1130, 1000.000000000000000 ) ;
#2312 = FACE_OUTER_BOUND ( 'NONE', #1286, .T. ) ;
#2313 = LINE ( 'NONE', #1215, #2002 ) ;
#2314 = VECTOR ( 'NONE', #1387, 1000.000000000000000 ) ;
#2315 = ORIENTED_EDGE ( 'NONE', *, *, #10, .F. ) ;
#2316 = DIRECTION ( 'NONE',  ( 0.000000000000000000, 1.000000000000000000, 0.000000000000000000 ) ) ;
#2317 = DIRECTION ( 'NONE',  ( 0.000000000000000000, -0.000000000000000000, 1.000000000000000000 ) ) ;
#2318 = APPROVAL ( #747, 'æœª' ) ;
#2319 = AXIS2_PLACEMENT_3D ( 'NONE', #3543, #1010, #412 ) ;
#2320 = LINE ( 'NONE', #2085, #476 ) ;
#2321 = ORIENTED_EDGE ( 'NONE', *, *, #3133, .F. ) ;
#2322 = ORIENTED_EDGE ( 'NONE', *, *, #3023, .F. ) ;
#2323 = LINE ( 'NONE', #2911, #1367 ) ;
#2324 = PLANE ( 'NONE',  #2580 ) ;
#2325 = FACE_OUTER_BOUND ( 'NONE', #2052, .T. ) ;
#2326 = EDGE_LOOP ( 'NONE', ( #3054, #1944, #2979, #3080 ) ) ;
#2327 = ORIENTED_EDGE ( 'NONE', *, *, #1887, .T. ) ;
#2328 = ORIENTED_EDGE ( 'NONE', *, *, #2834, .F. ) ;
#2329 = ADVANCED_FACE ( 'NONE', ( #1804 ), #418, .F. ) ;
#2330 = DIRECTION ( 'NONE',  ( 0.000000000000000000, -0.000000000000000000, 1.000000000000000000 ) ) ;
#2331 = LINE ( 'NONE', #1958, #2609 ) ;
#2332 = EDGE_LOOP ( 'NONE', ( #3313, #2910, #301, #273 ) ) ;
#2333 = DIRECTION ( 'NONE',  ( 0.000000000000000000, 1.000000000000000000, 0.000000000000000000 ) ) ;
#2334 = CARTESIAN_POINT ( 'NONE',  ( 204.2000000000000171, 136.0391149236989179, 11.00000000000000000 ) ) ;
#2335 = VECTOR ( 'NONE', #1097, 1000.000000000000000 ) ;
#2336 = FACE_OUTER_BOUND ( 'NONE', #2240, .T. ) ;
#2337 = VERTEX_POINT ( 'NONE', #1947 ) ;
#2338 = EDGE_LOOP ( 'NONE', ( #2830, #1855, #42, #2550 ) ) ;
#2339 = DIRECTION ( 'NONE',  ( -0.000000000000000000, -0.000000000000000000, -1.000000000000000000 ) ) ;
#2340 = DIRECTION ( 'NONE',  ( -0.000000000000000000, -1.000000000000000000, -0.000000000000000000 ) ) ;
#2341 = LINE ( 'NONE', #2071, #3615 ) ;
#2342 = EDGE_LOOP ( 'NONE', ( #708, #2041, #2327, #1885 ) ) ;
#2343 = EDGE_LOOP ( 'NONE', ( #3551, #3217, #3153, #142 ) ) ;
#2344 = VECTOR ( 'NONE', #1639, 1000.000000000000000 ) ;
#2345 = ORIENTED_EDGE ( 'NONE', *, *, #2268, .T. ) ;
#2346 = DIRECTION ( 'NONE',  ( 1.000000000000000000, 0.000000000000000000, -0.000000000000000000 ) ) ;
#2347 = DIRECTION ( 'NONE',  ( 1.000000000000000000, -0.000000000000000000, 0.000000000000000000 ) ) ;
#2348 = VECTOR ( 'NONE', #1178, 1000.000000000000000 ) ;
#2349 = EDGE_CURVE ( 'NONE', #514, #3126, #1402, .T. ) ;
#2350 = LINE ( 'NONE', #2060, #1498 ) ;
#2351 = DIRECTION ( 'NONE',  ( 0.000000000000000000, 1.000000000000000000, 0.000000000000000000 ) ) ;
#2352 = EDGE_CURVE ( 'NONE', #2878, #3091, #802, .T. ) ;
#2353 = EDGE_CURVE ( 'NONE', #1013, #575, #3312, .T. ) ;
#2354 = CARTESIAN_POINT ( 'NONE',  ( 141.2000000000001592, 98.29999999999994031, 0.9999999999999991118 ) ) ;
#2355 = VECTOR ( 'NONE', #3345, 1000.000000000000000 ) ;
#2356 = CARTESIAN_POINT ( 'NONE',  ( 6.200000000000038369, 136.0391149236989179, 0.9999999999999991118 ) ) ;
#2357 = ORIENTED_EDGE ( 'NONE', *, *, #1991, .F. ) ;
#2358 = CARTESIAN_POINT ( 'NONE',  ( 218.5000000000000284, 151.7391149236989065, 0.9999999999999991118 ) ) ;
#2359 = DIRECTION ( 'NONE',  ( 0.000000000000000000, -1.000000000000000000, -0.000000000000000000 ) ) ;
#2360 = CARTESIAN_POINT ( 'NONE',  ( 38.90000000000015490, 98.29999999999992610, 11.00000000000000000 ) ) ;
#2361 = ORIENTED_EDGE ( 'NONE', *, *, #3145, .T. ) ;
#2362 = VERTEX_POINT ( 'NONE', #529 ) ;
#2363 = ORIENTED_EDGE ( 'NONE', *, *, #2615, .T. ) ;
#2364 = CARTESIAN_POINT ( 'NONE',  ( 126.9000000000001478, 98.29999999999994031, 11.00000000000000000 ) ) ;
#2365 = DIRECTION ( 'NONE',  ( 0.000000000000000000, -1.000000000000000000, -0.000000000000000000 ) ) ;
#2366 = CARTESIAN_POINT ( 'NONE',  ( 16.90000000000016556, 98.29999999999992610, 11.00000000000000000 ) ) ;
#2367 = DIRECTION ( 'NONE',  ( 0.000000000000000000, 0.000000000000000000, -1.000000000000000000 ) ) ;
#2368 = VECTOR ( 'NONE', #1589, 1000.000000000000000 ) ;
#2369 = ADVANCED_FACE ( 'NONE', ( #1384 ), #2756, .F. ) ;
#2370 = DIRECTION ( 'NONE',  ( 0.000000000000000000, 0.000000000000000000, 1.000000000000000000 ) ) ;
#2371 = EDGE_CURVE ( 'NONE', #2812, #3423, #3070, .T. ) ;
#2372 = EDGE_CURVE ( 'NONE', #217, #1790, #1931, .T. ) ;
#2373 = DIRECTION ( 'NONE',  ( 1.000000000000000000, -0.000000000000000000, -0.000000000000000000 ) ) ;
#2374 = ORIENTED_EDGE ( 'NONE', *, *, #989, .F. ) ;
#2375 = VECTOR ( 'NONE', #2692, 1000.000000000000000 ) ;
#2376 = DIRECTION ( 'NONE',  ( -0.000000000000000000, -0.000000000000000000, 1.000000000000000000 ) ) ;
#2377 = CARTESIAN_POINT ( 'NONE',  ( 3.000000000000030198, 133.7999999999999545, 3.000000000000000000 ) ) ;
#2378 = DIRECTION ( 'NONE',  ( 0.000000000000000000, -0.000000000000000000, 1.000000000000000000 ) ) ;
#2379 = EDGE_LOOP ( 'NONE', ( #57, #2916, #1305, #1939 ) ) ;
#2380 = ORIENTED_EDGE ( 'NONE', *, *, #2399, .T. ) ;
#2381 = EDGE_LOOP ( 'NONE', ( #2104, #2493, #1526, #2796 ) ) ;
#2382 = EDGE_CURVE ( 'NONE', #2097, #3003, #289, .T. ) ;
#2383 = DATE_AND_TIME ( #2696, #1714 ) ;
#2384 = LINE ( 'NONE', #2132, #894 ) ;
#2385 = DIRECTION ( 'NONE',  ( -1.000000000000000000, 0.000000000000000000, 0.000000000000000000 ) ) ;
#2386 = ORIENTED_EDGE ( 'NONE', *, *, #3397, .T. ) ;
#2387 = CARTESIAN_POINT ( 'NONE',  ( 141.2000000000001592, 98.29999999999994031, 11.00000000000000000 ) ) ;
#2388 = PLANE ( 'NONE',  #2538 ) ;
#2389 = AXIS2_PLACEMENT_3D ( 'NONE', #1578, #502, #812 ) ;
#2390 = CARTESIAN_POINT ( 'NONE',  ( 72.20000000000001705, 151.7391149236989065, 0.9999999999999991118 ) ) ;
#2391 = CARTESIAN_POINT ( 'NONE',  ( 42.50000000000003553, 136.0391149236989179, 0.9999999999999991118 ) ) ;
#2392 = VERTEX_POINT ( 'NONE', #3031 ) ;
#2393 = EDGE_CURVE ( 'NONE', #2183, #3033, #1966, .T. ) ;
#2394 = FACE_BOUND ( 'NONE', #324, .T. ) ;
#2395 = DIRECTION ( 'NONE',  ( 1.000000000000000000, 0.000000000000000000, 0.000000000000000000 ) ) ;
#2396 = ORIENTED_EDGE ( 'NONE', *, *, #1399, .T. ) ;
#2397 = EDGE_LOOP ( 'NONE', ( #797, #13, #377, #1641 ) ) ;
#2398 = EDGE_CURVE ( 'NONE', #1482, #543, #2239, .T. ) ;
#2399 = EDGE_CURVE ( 'NONE', #67, #926, #3331, .T. ) ;
#2400 = VERTEX_POINT ( 'NONE', #1640 ) ;
#2401 = APPROVAL_STATUS ( 'not_yet_approved' ) ;
#2402 = LINE ( 'NONE', #2697, #1361 ) ;
#2403 = CARTESIAN_POINT ( 'NONE',  ( 0.000000000000000000, 0.000000000000000000, 0.000000000000000000 ) ) ;
#2404 = VERTEX_POINT ( 'NONE', #2168 ) ;
#2405 = CARTESIAN_POINT ( 'NONE',  ( 214.9000000000001478, 98.29999999999995453, 0.9999999999999991118 ) ) ;
#2406 = DIRECTION ( 'NONE',  ( 0.000000000000000000, 1.000000000000000000, 0.000000000000000000 ) ) ;
#2407 = AXIS2_PLACEMENT_3D ( 'NONE', #1172, #2873, #2034 ) ;
#2408 = DIRECTION ( 'NONE',  ( -1.000000000000000000, 0.000000000000000000, 0.000000000000000000 ) ) ;
#2409 = CARTESIAN_POINT ( 'NONE',  ( 94.20000000000003126, 151.7391149236989065, 0.9999999999999991118 ) ) ;
#2410 =( GEOMETRIC_REPRESENTATION_CONTEXT ( 3 ) GLOBAL_UNCERTAINTY_ASSIGNED_CONTEXT ( ( #3035 ) ) GLOBAL_UNIT_ASSIGNED_CONTEXT ( ( #1308, #2131, #1817 ) ) REPRESENTATION_CONTEXT ( 'NONE', 'WORKASPACE' ) );
#2411 = ORIENTED_EDGE ( 'NONE', *, *, #1709, .T. ) ;
#2412 = VECTOR ( 'NONE', #1447, 1000.000000000000000 ) ;
#2413 = DIRECTION ( 'NONE',  ( 0.000000000000000000, 0.000000000000000000, 1.000000000000000000 ) ) ;
#2414 = EDGE_CURVE ( 'NONE', #689, #3126, #1122, .T. ) ;
#2415 = DIRECTION ( 'NONE',  ( 1.000000000000000000, -0.000000000000000000, -0.000000000000000000 ) ) ;
#2416 = AXIS2_PLACEMENT_3D ( 'NONE', #1844, #201, #2081 ) ;
#2417 = ORIENTED_EDGE ( 'NONE', *, *, #328, .F. ) ;
#2418 = VERTEX_POINT ( 'NONE', #2204 ) ;
#2419 = CARTESIAN_POINT ( 'NONE',  ( 174.5000000000000568, 136.0391149236989179, 11.00000000000000000 ) ) ;
#2420 = DIRECTION ( 'NONE',  ( 0.000000000000000000, 0.000000000000000000, 1.000000000000000000 ) ) ;
#2421 = LINE ( 'NONE', #3273, #3234 ) ;
#2422 = EDGE_CURVE ( 'NONE', #1777, #86, #3624, .T. ) ;
#2423 = DIRECTION ( 'NONE',  ( -0.000000000000000000, -0.000000000000000000, 1.000000000000000000 ) ) ;
#2424 = EDGE_LOOP ( 'NONE', ( #3247, #2144, #1049, #702 ) ) ;
#2425 = CARTESIAN_POINT ( 'NONE',  ( 207.2000000000001592, 98.29999999999995453, 0.9999999999999991118 ) ) ;
#2426 = PLANE ( 'NONE',  #2711 ) ;
#2427 = VECTOR ( 'NONE', #403, 1000.000000000000000 ) ;
#2428 = CARTESIAN_POINT ( 'NONE',  ( 42.50000000000003553, 136.0391149236989179, 0.9999999999999991118 ) ) ;
#2429 = ADVANCED_FACE ( 'NONE', ( #3586 ), #2498, .F. ) ;
#2430 = FACE_OUTER_BOUND ( 'NONE', #2145, .T. ) ;
#2431 = AXIS2_PLACEMENT_3D ( 'NONE', #770, #3295, #2482 ) ;
#2432 = ORIENTED_EDGE ( 'NONE', *, *, #3593, .T. ) ;
#2433 = CARTESIAN_POINT ( 'NONE',  ( 185.2000000000001307, 113.9999999999999574, 11.00000000000000000 ) ) ;
#2434 = DIRECTION ( 'NONE',  ( -0.000000000000000000, -1.000000000000000000, -0.000000000000000000 ) ) ;
#2435 = VERTEX_POINT ( 'NONE', #819 ) ;
#2436 = ORIENTED_EDGE ( 'NONE', *, *, #2038, .T. ) ;
#2437 = AXIS2_PLACEMENT_3D ( 'NONE', #2860, #1468, #2581 ) ;
#2438 = CARTESIAN_POINT ( 'NONE',  ( 233.0000000000000000, 136.0391149236989179, 0.9999999999999991118 ) ) ;
#2439 = LINE ( 'NONE', #1363, #3411 ) ;
#2440 = VECTOR ( 'NONE', #1576, 1000.000000000000000 ) ;
#2441 = DIRECTION ( 'NONE',  ( 1.000000000000000000, -0.000000000000000000, -0.000000000000000000 ) ) ;
#2442 = ORIENTED_EDGE ( 'NONE', *, *, #2135, .F. ) ;
#2443 = ORIENTED_EDGE ( 'NONE', *, *, #1594, .T. ) ;
#2444 = ADVANCED_FACE ( 'NONE', ( #2222 ), #3292, .T. ) ;
#2445 = CARTESIAN_POINT ( 'NONE',  ( 229.2000000000001592, 113.9999999999999574, 11.00000000000000000 ) ) ;
#2446 = DIRECTION ( 'NONE',  ( 0.000000000000000000, 1.000000000000000000, 0.000000000000000000 ) ) ;
#2447 = ADVANCED_FACE ( 'NONE', ( #834 ), #1328, .F. ) ;
#2448 = EDGE_CURVE ( 'NONE', #3159, #1342, #2460, .T. ) ;
#2449 = PLANE ( 'NONE',  #3379 ) ;
#2450 = CARTESIAN_POINT ( 'NONE',  ( 229.2000000000001592, 113.9999999999999574, 0.9999999999999991118 ) ) ;
#2451 = CARTESIAN_POINT ( 'NONE',  ( 214.9000000000001478, 98.29999999999995453, 11.00000000000000000 ) ) ;
#2452 = ORIENTED_EDGE ( 'NONE', *, *, #1707, .F. ) ;
#2453 = DIRECTION ( 'NONE',  ( 0.000000000000000000, 0.000000000000000000, 1.000000000000000000 ) ) ;
#2454 = LINE ( 'NONE', #1063, #3609 ) ;
#2455 = VERTEX_POINT ( 'NONE', #79 ) ;
#2456 = ORIENTED_EDGE ( 'NONE', *, *, #799, .F. ) ;
#2457 = ORIENTED_EDGE ( 'NONE', *, *, #2282, .T. ) ;
#2458 = CALENDAR_DATE ( 2025, 8, 12 ) ;
#2459 = CARTESIAN_POINT ( 'NONE',  ( 196.5000000000000284, 151.7391149236989065, 0.9999999999999991118 ) ) ;
#2460 = LINE ( 'NONE', #2186, #3560 ) ;
#2461 = ORIENTED_EDGE ( 'NONE', *, *, #331, .F. ) ;
#2462 = DIRECTION ( 'NONE',  ( 1.000000000000000000, -0.000000000000000000, -0.000000000000000000 ) ) ;
#2463 = LINE ( 'NONE', #3057, #671 ) ;
#2464 = ADVANCED_FACE ( 'NONE', ( #2325 ), #1982, .F. ) ;
#2465 = DIRECTION ( 'NONE',  ( -0.000000000000000000, -0.000000000000000000, 1.000000000000000000 ) ) ;
#2466 = DIRECTION ( 'NONE',  ( -0.000000000000000000, -1.000000000000000000, -0.000000000000000000 ) ) ;
#2467 = AXIS2_PLACEMENT_3D ( 'NONE', #2459, #528, #2755 ) ;
#2468 = CARTESIAN_POINT ( 'NONE',  ( 192.9000000000001478, 98.29999999999995453, 0.9999999999999991118 ) ) ;
#2469 = EDGE_CURVE ( 'NONE', #1450, #2362, #618, .T. ) ;
#2470 = ORIENTED_EDGE ( 'NONE', *, *, #2924, .F. ) ;
#2471 = VECTOR ( 'NONE', #2278, 1000.000000000000000 ) ;
#2472 = FACE_OUTER_BOUND ( 'NONE', #1835, .T. ) ;
#2473 = DIRECTION ( 'NONE',  ( -0.000000000000000000, -0.000000000000000000, 1.000000000000000000 ) ) ;
#2474 = ORIENTED_EDGE ( 'NONE', *, *, #945, .F. ) ;
#2475 = VERTEX_POINT ( 'NONE', #2291 ) ;
#2476 = DIRECTION ( 'NONE',  ( -0.000000000000000000, -1.000000000000000000, -0.000000000000000000 ) ) ;
#2477 = VECTOR ( 'NONE', #2631, 1000.000000000000000 ) ;
#2478 = CARTESIAN_POINT ( 'NONE',  ( 15.00000000000006928, 8.800000000000451905, 3.799999999999997158 ) ) ;
#2479 = CARTESIAN_POINT ( 'NONE',  ( 226.2000000000000171, 136.0391149236989179, 0.9999999999999991118 ) ) ;
#2480 = EDGE_CURVE ( 'NONE', #3251, #2418, #939, .T. ) ;
#2481 = ORIENTED_EDGE ( 'NONE', *, *, #1647, .T. ) ;
#2482 = DIRECTION ( 'NONE',  ( 0.000000000000000000, 0.000000000000000000, 1.000000000000000000 ) ) ;
#2483 = DIRECTION ( 'NONE',  ( 0.000000000000000000, 1.000000000000000000, 0.000000000000000000 ) ) ;
#2484 = LINE ( 'NONE', #1901, #1444 ) ;
#2485 = FACE_OUTER_BOUND ( 'NONE', #2141, .T. ) ;
#2486 = DIRECTION ( 'NONE',  ( 1.000000000000000000, -0.000000000000000000, 0.000000000000000000 ) ) ;
#2487 = ORIENTED_EDGE ( 'NONE', *, *, #1303, .F. ) ;
#2488 = VECTOR ( 'NONE', #1428, 1000.000000000000000 ) ;
#2489 = EDGE_CURVE ( 'NONE', #2435, #3423, #2875, .T. ) ;
#2490 = DIRECTION ( 'NONE',  ( 0.000000000000000000, 0.000000000000000000, -1.000000000000000000 ) ) ;
#2491 = VECTOR ( 'NONE', #3519, 1000.000000000000000 ) ;
#2492 = CARTESIAN_POINT ( 'NONE',  ( 218.5000000000000284, 151.7391149236989065, 0.9999999999999991118 ) ) ;
#2493 = ORIENTED_EDGE ( 'NONE', *, *, #3198, .F. ) ;
#2494 = ORIENTED_EDGE ( 'NONE', *, *, #1599, .F. ) ;
#2495 = ADVANCED_FACE ( 'NONE', ( #2256 ), #1999, .F. ) ;
#2496 = CARTESIAN_POINT ( 'NONE',  ( 153.1000000000000796, 8.800000000000196110, 8.999999999999998224 ) ) ;
#2497 = LINE ( 'NONE', #1383, #1883 ) ;
#2498 = PLANE ( 'NONE',  #104 ) ;
#2499 = AXIS2_PLACEMENT_3D ( 'NONE', #1795, #2378, #1814 ) ;
#2500 = EDGE_LOOP ( 'NONE', ( #3448, #1471, #581, #106 ) ) ;
#2501 = ORIENTED_EDGE ( 'NONE', *, *, #417, .F. ) ;
#2502 = DIRECTION ( 'NONE',  ( 0.000000000000000000, 1.000000000000000000, 0.000000000000000000 ) ) ;
#2503 = AXIS2_PLACEMENT_3D ( 'NONE', #1820, #767, #1018 ) ;
#2504 = CARTESIAN_POINT ( 'NONE',  ( 72.20000000000001705, 136.0391149236989179, 0.9999999999999991118 ) ) ;
#2505 = CARTESIAN_POINT ( 'NONE',  ( 86.50000000000002842, 136.0391149236989179, 11.00000000000000000 ) ) ;
#2506 = CARTESIAN_POINT ( 'NONE',  ( 0.000000000000000000, 0.000000000000000000, 3.000000000000000000 ) ) ;
#2507 = FACE_OUTER_BOUND ( 'NONE', #2285, .T. ) ;
#2508 = LINE ( 'NONE', #1463, #1579 ) ;
#2509 = ADVANCED_FACE ( 'NONE', ( #2549 ), #923, .F. ) ;
#2510 = VERTEX_POINT ( 'NONE', #61 ) ;
#2511 = ORIENTED_EDGE ( 'NONE', *, *, #2352, .T. ) ;
#2512 = CARTESIAN_POINT ( 'NONE',  ( 170.9000000000001762, 98.29999999999995453, 0.9999999999999991118 ) ) ;
#2513 = DIRECTION ( 'NONE',  ( -0.000000000000000000, -0.000000000000000000, 1.000000000000000000 ) ) ;
#2514 = DIRECTION ( 'NONE',  ( -0.000000000000000000, -0.000000000000000000, 1.000000000000000000 ) ) ;
#2515 = EDGE_CURVE ( 'NONE', #2954, #1193, #1488, .T. ) ;
#2516 = ORIENTED_EDGE ( 'NONE', *, *, #3038, .F. ) ;
#2517 = ADVANCED_FACE ( 'NONE', ( #1438 ), #46, .F. ) ;
#2518 = ORIENTED_EDGE ( 'NONE', *, *, #1061, .F. ) ;
#2519 = DIRECTION ( 'NONE',  ( -1.000000000000000000, -0.000000000000000000, -0.000000000000000000 ) ) ;
#2520 = CARTESIAN_POINT ( 'NONE',  ( 86.50000000000002842, 151.7391149236989065, 0.9999999999999991118 ) ) ;
#2521 = DIRECTION ( 'NONE',  ( -0.000000000000000000, -0.000000000000000000, 1.000000000000000000 ) ) ;
#2522 = DIRECTION ( 'NONE',  ( 0.000000000000000000, -1.000000000000000000, 0.000000000000000000 ) ) ;
#2523 = LINE ( 'NONE', #863, #1042 ) ;
#2524 = VECTOR ( 'NONE', #1454, 1000.000000000000000 ) ;
#2525 = DIRECTION ( 'NONE',  ( 0.000000000000000000, -0.000000000000000000, 1.000000000000000000 ) ) ;
#2526 = AXIS2_PLACEMENT_3D ( 'NONE', #2814, #910, #1731 ) ;
#2527 = VERTEX_POINT ( 'NONE', #1741 ) ;
#2528 = VERTEX_POINT ( 'NONE', #1159 ) ;
#2529 = DIRECTION ( 'NONE',  ( -1.000000000000000000, 0.000000000000000000, 0.000000000000000000 ) ) ;
#2530 = EDGE_CURVE ( 'NONE', #2619, #875, #3420, .T. ) ;
#2531 = CARTESIAN_POINT ( 'NONE',  ( 108.5000000000000426, 136.0391149236989179, 0.9999999999999991118 ) ) ;
#2532 = CARTESIAN_POINT ( 'NONE',  ( 3.000000000000030198, 96.79999999999992610, 11.00000000000000000 ) ) ;
#2533 = ORIENTED_EDGE ( 'NONE', *, *, #776, .F. ) ;
#2534 = ORIENTED_EDGE ( 'NONE', *, *, #807, .T. ) ;
#2535 = CARTESIAN_POINT ( 'NONE',  ( -66.00000000000000000, 0.000000000000000000, 0.9999999999999991118 ) ) ;
#2536 = ADVANCED_FACE ( 'NONE', ( #873 ), #2273, .F. ) ;
#2537 = CARTESIAN_POINT ( 'NONE',  ( 42.50000000000003553, 136.0391149236989179, 0.9999999999999991118 ) ) ;
#2538 = AXIS2_PLACEMENT_3D ( 'NONE', #2903, #2981, #985 ) ;
#2539 = CARTESIAN_POINT ( 'NONE',  ( 170.9000000000001762, 113.9999999999999574, 0.9999999999999991118 ) ) ;
#2540 = CARTESIAN_POINT ( 'NONE',  ( 20.50000000000004619, 136.0391149236989179, 0.9999999999999991118 ) ) ;
#2541 = CARTESIAN_POINT ( 'NONE',  ( 233.0000000000000000, 153.7999999999999545, 11.00000000000000000 ) ) ;
#2542 = ADVANCED_FACE ( 'NONE', ( #1692 ), #3386, .F. ) ;
#2543 = CARTESIAN_POINT ( 'NONE',  ( 75.20000000000015916, 98.29999999999994031, 0.9999999999999991118 ) ) ;
#2544 = ORIENTED_EDGE ( 'NONE', *, *, #1150, .F. ) ;
#2545 = EDGE_LOOP ( 'NONE', ( #2224, #2284, #890, #2160 ) ) ;
#2546 = AXIS2_PLACEMENT_3D ( 'NONE', #2852, #931, #1460 ) ;
#2547 = DIRECTION ( 'NONE',  ( 0.000000000000000000, 1.000000000000000000, 0.000000000000000000 ) ) ;
#2548 = DIRECTION ( 'NONE',  ( -1.000000000000000000, -1.033980273487537808E-16, 0.000000000000000000 ) ) ;
#2549 = FACE_OUTER_BOUND ( 'NONE', #3544, .T. ) ;
#2550 = ORIENTED_EDGE ( 'NONE', *, *, #2889, .T. ) ;
#2551 = ORIENTED_EDGE ( 'NONE', *, *, #679, .F. ) ;
#2552 = CARTESIAN_POINT ( 'NONE',  ( 174.5000000000000568, 136.0391149236989179, 0.9999999999999991118 ) ) ;
#2553 = CARTESIAN_POINT ( 'NONE',  ( 60.90000000000014779, 113.9999999999999432, 0.9999999999999991118 ) ) ;
#2554 = ADVANCED_FACE ( 'NONE', ( #888, #3124, #1725, #2844, #2307, #3436, #2035, #3157, #652 ), #97, .T. ) ;
#2555 = VECTOR ( 'NONE', #270, 1000.000000000000000 ) ;
#2556 = DIRECTION ( 'NONE',  ( 0.000000000000000000, -0.000000000000000000, 1.000000000000000000 ) ) ;
#2557 = CARTESIAN_POINT ( 'NONE',  ( 20.50000000000004619, 136.0391149236989179, 0.9999999999999991118 ) ) ;
#2558 = EDGE_CURVE ( 'NONE', #343, #1961, #305, .T. ) ;
#2559 = EDGE_CURVE ( 'NONE', #1932, #1727, #2930, .T. ) ;
#2560 = CARTESIAN_POINT ( 'NONE',  ( 6.200000000000038369, 151.7391149236989065, 0.9999999999999991118 ) ) ;
#2561 = ORIENTED_EDGE ( 'NONE', *, *, #527, .T. ) ;
#2562 = ORIENTED_EDGE ( 'NONE', *, *, #1408, .F. ) ;
#2563 = CARTESIAN_POINT ( 'NONE',  ( 42.50000000000003553, 151.7391149236989065, 0.9999999999999991118 ) ) ;
#2564 = CARTESIAN_POINT ( 'NONE',  ( 0.000000000000000000, 0.000000000000000000, 0.9999999999999991118 ) ) ;
#2565 = CARTESIAN_POINT ( 'NONE',  ( 141.2000000000001592, 113.9999999999999432, 0.9999999999999991118 ) ) ;
#2566 = VERTEX_POINT ( 'NONE', #393 ) ;
#2567 = VECTOR ( 'NONE', #539, 1000.000000000000000 ) ;
#2568 = LINE ( 'NONE', #65, #2605 ) ;
#2569 = DIRECTION ( 'NONE',  ( 0.000000000000000000, 1.000000000000000000, 0.000000000000000000 ) ) ;
#2570 = ORIENTED_EDGE ( 'NONE', *, *, #512, .T. ) ;
#2571 = CARTESIAN_POINT ( 'NONE',  ( 94.20000000000003126, 136.0391149236989179, 0.9999999999999991118 ) ) ;
#2572 = CARTESIAN_POINT ( 'NONE',  ( 75.20000000000015916, 98.29999999999994031, 0.9999999999999991118 ) ) ;
#2573 = EDGE_CURVE ( 'NONE', #268, #2435, #3510, .T. ) ;
#2574 = ADVANCED_FACE ( 'NONE', ( #955 ), #1268, .T. ) ;
#2575 = CARTESIAN_POINT ( 'NONE',  ( 170.9000000000001762, 98.29999999999995453, 11.00000000000000000 ) ) ;
#2576 = ORIENTED_EDGE ( 'NONE', *, *, #2735, .T. ) ;
#2577 = EDGE_LOOP ( 'NONE', ( #2128, #2741, #249, #3162 ) ) ;
#2578 = LINE ( 'NONE', #2791, #25 ) ;
#2579 = LINE ( 'NONE', #651, #1653 ) ;
#2580 = AXIS2_PLACEMENT_3D ( 'NONE', #3469, #2359, #1560 ) ;
#2581 = DIRECTION ( 'NONE',  ( 0.000000000000000000, 0.000000000000000000, -1.000000000000000000 ) ) ;
#2582 = ORIENTED_EDGE ( 'NONE', *, *, #1189, .F. ) ;
#2583 = EDGE_LOOP ( 'NONE', ( #1753, #1288, #3335, #2079 ) ) ;
#2584 = DIRECTION ( 'NONE',  ( 1.000000000000000000, -0.000000000000000000, -0.000000000000000000 ) ) ;
#2585 = ADVANCED_FACE ( 'NONE', ( #667 ), #1776, .F. ) ;
#2586 = CARTESIAN_POINT ( 'NONE',  ( 94.20000000000003126, 151.7391149236989065, 11.00000000000000000 ) ) ;
#2587 = VERTEX_POINT ( 'NONE', #1524 ) ;
#2588 = VECTOR ( 'NONE', #1920, 1000.000000000000000 ) ;
#2589 = LINE ( 'NONE', #2007, #1555 ) ;
#2590 = CARTESIAN_POINT ( 'NONE',  ( -22.00000000000000000, -2.654881145842765400E-15, 0.9999999999999991118 ) ) ;
#2591 = VECTOR ( 'NONE', #1200, 1000.000000000000000 ) ;
#2592 = CARTESIAN_POINT ( 'NONE',  ( 104.9000000000001620, 113.9999999999999432, 0.9999999999999991118 ) ) ;
#2593 = EDGE_LOOP ( 'NONE', ( #486, #3233, #1434, #975 ) ) ;
#2594 = ORIENTED_EDGE ( 'NONE', *, *, #3300, .F. ) ;
#2595 = EDGE_CURVE ( 'NONE', #561, #1527, #1561, .T. ) ;
#2596 = DIRECTION ( 'NONE',  ( 1.000000000000000000, 0.000000000000000000, -0.000000000000000000 ) ) ;
#2597 = CARTESIAN_POINT ( 'NONE',  ( 170.9000000000001762, 98.29999999999995453, 0.9999999999999991118 ) ) ;
#2598 = DIRECTION ( 'NONE',  ( -0.000000000000000000, -0.000000000000000000, 1.000000000000000000 ) ) ;
#2599 = EDGE_LOOP ( 'NONE', ( #2461, #2309, #2740, #2989 ) ) ;
#2600 = VERTEX_POINT ( 'NONE', #135 ) ;
#2601 = VECTOR ( 'NONE', #964, 1000.000000000000000 ) ;
#2602 = VERTEX_POINT ( 'NONE', #3231 ) ;
#2603 = CARTESIAN_POINT ( 'NONE',  ( 192.9000000000001478, 98.29999999999995453, 11.00000000000000000 ) ) ;
#2604 = FACE_OUTER_BOUND ( 'NONE', #1943, .T. ) ;
#2605 = VECTOR ( 'NONE', #1970, 1000.000000000000000 ) ;
#2606 = DIRECTION ( 'NONE',  ( -0.000000000000000000, -1.000000000000000000, -0.000000000000000000 ) ) ;
#2607 = CARTESIAN_POINT ( 'NONE',  ( 185.2000000000001307, 113.9999999999999574, 0.9999999999999991118 ) ) ;
#2608 = VECTOR ( 'NONE', #1036, 1000.000000000000000 ) ;
#2609 = VECTOR ( 'NONE', #1684, 1000.000000000000000 ) ;
#2610 = LINE ( 'NONE', #1809, #2815 ) ;
#2611 = EDGE_LOOP ( 'NONE', ( #3271, #3454, #2671, #3071 ) ) ;
#2612 = ORIENTED_EDGE ( 'NONE', *, *, #3283, .F. ) ;
#2613 = DIRECTION ( 'NONE',  ( 0.000000000000000000, 1.000000000000000000, 0.000000000000000000 ) ) ;
#2614 = CARTESIAN_POINT ( 'NONE',  ( 20.50000000000004619, 151.7391149236989065, 0.9999999999999991118 ) ) ;
#2615 = EDGE_CURVE ( 'NONE', #2994, #1702, #1851, .T. ) ;
#2616 = CARTESIAN_POINT ( 'NONE',  ( 207.2000000000001592, 98.29999999999995453, 11.00000000000000000 ) ) ;
#2617 = ORIENTED_EDGE ( 'NONE', *, *, #462, .F. ) ;
#2618 = ORIENTED_EDGE ( 'NONE', *, *, #2666, .T. ) ;
#2619 = VERTEX_POINT ( 'NONE', #2360 ) ;
#2620 = DIRECTION ( 'NONE',  ( -0.000000000000000000, -1.000000000000000000, -0.000000000000000000 ) ) ;
#2621 = EDGE_CURVE ( 'NONE', #901, #2969, #429, .T. ) ;
#2622 = PLANE ( 'NONE',  #2794 ) ;
#2623 = EDGE_CURVE ( 'NONE', #1100, #2310, #2029, .T. ) ;
#2624 = EDGE_LOOP ( 'NONE', ( #2032, #821, #7, #2720, #908, #2452, #3190, #2094, #2634, #346, #1107, #2670, #2594, #1583, #1763, #3399 ) ) ;
#2625 = DIRECTION ( 'NONE',  ( 0.000000000000000000, 1.000000000000000000, 0.000000000000000000 ) ) ;
#2626 = DIRECTION ( 'NONE',  ( -0.000000000000000000, -0.000000000000000000, 1.000000000000000000 ) ) ;
#2627 = LINE ( 'NONE', #2905, #2253 ) ;
#2628 = DIRECTION ( 'NONE',  ( 0.000000000000000000, -1.000000000000000000, -0.000000000000000000 ) ) ;
#2629 = ORIENTED_EDGE ( 'NONE', *, *, #1800, .F. ) ;
#2630 = ORIENTED_EDGE ( 'NONE', *, *, #1615, .T. ) ;
#2631 = DIRECTION ( 'NONE',  ( -1.000000000000000000, 0.000000000000000000, 0.000000000000000000 ) ) ;
#2632 = CARTESIAN_POINT ( 'NONE',  ( 204.2000000000000171, 136.0391149236989179, 0.9999999999999991118 ) ) ;
#2633 = DIRECTION ( 'NONE',  ( 0.000000000000000000, 0.000000000000000000, -1.000000000000000000 ) ) ;
#2634 = ORIENTED_EDGE ( 'NONE', *, *, #2489, .F. ) ;
#2635 = ORIENTED_EDGE ( 'NONE', *, *, #1643, .T. ) ;
#2636 = ADVANCED_FACE ( 'NONE', ( #3471 ), #974, .F. ) ;
#2637 = VECTOR ( 'NONE', #973, 1000.000000000000000 ) ;
#2638 = ORIENTED_EDGE ( 'NONE', *, *, #532, .T. ) ;
#2639 = CARTESIAN_POINT ( 'NONE',  ( 214.9000000000001478, 98.29999999999995453, 0.9999999999999991118 ) ) ;
#2640 = LINE ( 'NONE', #1839, #1624 ) ;
#2641 = ORIENTED_EDGE ( 'NONE', *, *, #1501, .T. ) ;
#2642 = CONICAL_SURFACE ( 'NONE', #1886, 1.899999999999999023, 1.029744258676653423 ) ;
#2643 = ADVANCED_FACE ( 'NONE', ( #1228 ), #189, .F. ) ;
#2644 = DIRECTION ( 'NONE',  ( -1.000000000000000000, 0.000000000000000000, -0.000000000000000000 ) ) ;
#2645 = CARTESIAN_POINT ( 'NONE',  ( 3.000000000000002665, 160.6000000000004775, 13.00000000000000178 ) ) ;
#2646 = APPROVAL_PERSON_ORGANIZATION ( #2112, #2318, #979 ) ;
#2647 = DIRECTION ( 'NONE',  ( -0.000000000000000000, -0.000000000000000000, -1.000000000000000000 ) ) ;
#2648 = AXIS2_PLACEMENT_3D ( 'NONE', #2563, #1190, #356 ) ;
#2649 = DIRECTION ( 'NONE',  ( 0.000000000000000000, -0.000000000000000000, 1.000000000000000000 ) ) ;
#2650 = ORIENTED_EDGE ( 'NONE', *, *, #3314, .F. ) ;
#2651 = EDGE_CURVE ( 'NONE', #1577, #1592, #2341, .T. ) ;
#2652 = FACE_OUTER_BOUND ( 'NONE', #936, .T. ) ;
#2653 = PLANE ( 'NONE',  #1239 ) ;
#2654 = DIRECTION ( 'NONE',  ( 0.000000000000000000, 0.000000000000000000, 1.000000000000000000 ) ) ;
#2655 = ORIENTED_EDGE ( 'NONE', *, *, #2595, .T. ) ;
#2656 = ORIENTED_EDGE ( 'NONE', *, *, #3185, .F. ) ;
#2657 = ORIENTED_EDGE ( 'NONE', *, *, #1723, .F. ) ;
#2658 = DIRECTION ( 'NONE',  ( -1.000000000000000000, 0.000000000000000000, 0.000000000000000000 ) ) ;
#2659 = PLANE ( 'NONE',  #3118 ) ;
#2660 = DIRECTION ( 'NONE',  ( 1.000000000000000000, -0.000000000000000000, -0.000000000000000000 ) ) ;
#2661 = ORIENTED_EDGE ( 'NONE', *, *, #684, .T. ) ;
#2662 = AXIS2_PLACEMENT_3D ( 'NONE', #1260, #3558, #2370 ) ;
#2663 = DIRECTION ( 'NONE',  ( -0.000000000000000000, -1.000000000000000000, -0.000000000000000000 ) ) ;
#2664 = DIRECTION ( 'NONE',  ( 0.000000000000000000, -0.000000000000000000, 1.000000000000000000 ) ) ;
#2665 = VECTOR ( 'NONE', #2189, 1000.000000000000000 ) ;
#2666 = EDGE_CURVE ( 'NONE', #2994, #81, #1832, .T. ) ;
#2667 = DIRECTION ( 'NONE',  ( 1.000000000000000000, -0.000000000000000000, -0.000000000000000000 ) ) ;
#2668 = DIRECTION ( 'NONE',  ( -0.000000000000000000, 0.000000000000000000, 1.000000000000000000 ) ) ;
#2669 = ADVANCED_FACE ( 'NONE', ( #1543 ), #687, .T. ) ;
#2670 = ORIENTED_EDGE ( 'NONE', *, *, #3467, .T. ) ;
#2671 = ORIENTED_EDGE ( 'NONE', *, *, #1, .T. ) ;
#2672 = VECTOR ( 'NONE', #2913, 1000.000000000000000 ) ;
#2673 = CARTESIAN_POINT ( 'NONE',  ( 174.5000000000000568, 136.0391149236989179, 0.9999999999999991118 ) ) ;
#2674 = APPLICATION_CONTEXT ( 'configuration controlled 3d designs of mechanical parts and assemblies' ) ;
#2675 = CARTESIAN_POINT ( 'NONE',  ( 3.000000000000030198, 96.79999999999992610, 11.00000000000000000 ) ) ;
#2676 = ORIENTED_EDGE ( 'NONE', *, *, #2890, .F. ) ;
#2677 = ORIENTED_EDGE ( 'NONE', *, *, #2286, .F. ) ;
#2678 = EDGE_LOOP ( 'NONE', ( #2153, #3567, #1598, #1204, #2824, #2443 ) ) ;
#2679 = DATE_TIME_ROLE ( 'classification_date' ) ;
#2680 = DIRECTION ( 'NONE',  ( -1.000000000000000000, 0.000000000000000000, 0.000000000000000000 ) ) ;
#2681 = CARTESIAN_POINT ( 'NONE',  ( 233.0000000000000000, 160.6000000000004775, 13.00000000000000178 ) ) ;
#2682 = VERTEX_POINT ( 'NONE', #445 ) ;
#2683 = EDGE_LOOP ( 'NONE', ( #746, #1967, #1066, #3034 ) ) ;
#2684 = DIRECTION ( 'NONE',  ( -0.000000000000000000, -0.000000000000000000, -1.000000000000000000 ) ) ;
#2685 = PLANE ( 'NONE',  #1483 ) ;
#2686 = LINE ( 'NONE', #2925, #741 ) ;
#2687 = ADVANCED_FACE ( 'NONE', ( #173 ), #465, .T. ) ;
#2688 = LINE ( 'NONE', #2177, #2440 ) ;
#2689 = ORIENTED_EDGE ( 'NONE', *, *, #1209, .F. ) ;
#2690 = EDGE_CURVE ( 'NONE', #2932, #100, #3249, .T. ) ;
#2691 = PLANE ( 'NONE',  #2808 ) ;
#2692 = DIRECTION ( 'NONE',  ( 5.637851296924622071E-16, -1.000000000000000000, -0.000000000000000000 ) ) ;
#2693 = ORIENTED_EDGE ( 'NONE', *, *, #777, .T. ) ;
#2694 = EDGE_LOOP ( 'NONE', ( #1102, #3329, #2111, #3289 ) ) ;
#2695 = FACE_OUTER_BOUND ( 'NONE', #1816, .T. ) ;
#2696 = CALENDAR_DATE ( 2025, 8, 12 ) ;
#2697 = CARTESIAN_POINT ( 'NONE',  ( 0.000000000000000000, 161.8000000000000398, 20.99999999999999645 ) ) ;
#2698 = CARTESIAN_POINT ( 'NONE',  ( 141.2000000000001592, 98.29999999999994031, 0.9999999999999991118 ) ) ;
#2699 = EDGE_LOOP ( 'NONE', ( #1737, #3368, #1422, #501 ) ) ;
#2700 = VECTOR ( 'NONE', #1272, 1000.000000000000000 ) ;
#2701 = EDGE_CURVE ( 'NONE', #1298, #2880, #1890, .T. ) ;
#2702 = DIRECTION ( 'NONE',  ( -1.000000000000000000, 0.000000000000000000, 0.000000000000000000 ) ) ;
#2703 = VECTOR ( 'NONE', #3016, 1000.000000000000000 ) ;
#2704 = SECURITY_CLASSIFICATION ( '', '', #1253 ) ;
#2705 = DIRECTION ( 'NONE',  ( -0.000000000000000000, -0.000000000000000000, 1.000000000000000000 ) ) ;
#2706 = LINE ( 'NONE', #2409, #1858 ) ;
#2707 = ORIENTED_EDGE ( 'NONE', *, *, #75, .T. ) ;
#2708 = VECTOR ( 'NONE', #2529, 1000.000000000000000 ) ;
#2709 = LINE ( 'NONE', #246, #473 ) ;
#2710 = DIRECTION ( 'NONE',  ( 0.000000000000000000, 1.000000000000000000, 0.000000000000000000 ) ) ;
#2711 = AXIS2_PLACEMENT_3D ( 'NONE', #3556, #421, #2799 ) ;
#2712 = ADVANCED_FACE ( 'NONE', ( #3024 ), #3007, .F. ) ;
#2713 = VERTEX_POINT ( 'NONE', #779 ) ;
#2714 = ORIENTED_EDGE ( 'NONE', *, *, #1259, .F. ) ;
#2715 = ORIENTED_EDGE ( 'NONE', *, *, #143, .F. ) ;
#2716 = PERSON_AND_ORGANIZATION ( #1539, #3473 ) ;
#2717 = CARTESIAN_POINT ( 'NONE',  ( 50.20000000000002416, 136.0391149236989179, 0.9999999999999991118 ) ) ;
#2718 = DIRECTION ( 'NONE',  ( 0.000000000000000000, 1.000000000000000000, 0.000000000000000000 ) ) ;
#2719 = EDGE_CURVE ( 'NONE', #2068, #1600, #1652, .T. ) ;
#2720 = ORIENTED_EDGE ( 'NONE', *, *, #52, .F. ) ;
#2721 = ORIENTED_EDGE ( 'NONE', *, *, #1359, .T. ) ;
#2722 = CARTESIAN_POINT ( 'NONE',  ( 42.50000000000003553, 151.7391149236989065, 0.9999999999999991118 ) ) ;
#2723 = FACE_OUTER_BOUND ( 'NONE', #2699, .T. ) ;
#2724 = AXIS2_PLACEMENT_3D ( 'NONE', #294, #3591, #3575 ) ;
#2725 = DIRECTION ( 'NONE',  ( -1.000000000000000000, 0.000000000000000000, 0.000000000000000000 ) ) ;
#2726 = DIRECTION ( 'NONE',  ( 0.000000000000000000, 1.000000000000000000, 0.000000000000000000 ) ) ;
#2727 = CARTESIAN_POINT ( 'NONE',  ( 204.2000000000000171, 151.7391149236989065, 0.9999999999999991118 ) ) ;
#2728 = ORIENTED_EDGE ( 'NONE', *, *, #1769, .F. ) ;
#2729 = DIRECTION ( 'NONE',  ( 0.000000000000000000, 0.000000000000000000, -1.000000000000000000 ) ) ;
#2730 = CARTESIAN_POINT ( 'NONE',  ( 116.2000000000000313, 136.0391149236989179, 0.9999999999999991118 ) ) ;
#2731 = VERTEX_POINT ( 'NONE', #247 ) ;
#2732 = EDGE_LOOP ( 'NONE', ( #2293, #1829, #2058, #2251 ) ) ;
#2733 = VECTOR ( 'NONE', #2434, 1000.000000000000000 ) ;
#2734 = CARTESIAN_POINT ( 'NONE',  ( 152.5000000000000284, 151.7391149236989065, 0.9999999999999991118 ) ) ;
#2735 = EDGE_CURVE ( 'NONE', #138, #2619, #2143, .T. ) ;
#2736 = SHAPE_DEFINITION_REPRESENTATION ( #645, #407 ) ;
#2737 = CARTESIAN_POINT ( 'NONE',  ( 233.0000000000000000, 161.8000000000000398, 13.00000000000000178 ) ) ;
#2738 = AXIS2_PLACEMENT_3D ( 'NONE', #382, #1494, #105 ) ;
#2739 = CARTESIAN_POINT ( 'NONE',  ( 233.0000000000000000, 161.8000000000000398, 3.000000000000000000 ) ) ;
#2740 = ORIENTED_EDGE ( 'NONE', *, *, #3215, .F. ) ;
#2741 = ORIENTED_EDGE ( 'NONE', *, *, #2761, .F. ) ;
#2742 = LINE ( 'NONE', #2777, #2024 ) ;
#2743 = EDGE_CURVE ( 'NONE', #49, #1805, #1048, .T. ) ;
#2744 = CARTESIAN_POINT ( 'NONE',  ( 31.20000000000017337, 98.29999999999992610, 11.00000000000000000 ) ) ;
#2745 = PLANE ( 'NONE',  #2724 ) ;
#2746 = LINE ( 'NONE', #3592, #1184 ) ;
#2747 = CARTESIAN_POINT ( 'NONE',  ( 233.0000000000000000, 153.7999999999999545, 3.000000000000000000 ) ) ;
#2748 = ADVANCED_FACE ( 'NONE', ( #2767 ), #2162, .T. ) ;
#2749 = DIRECTION ( 'NONE',  ( -1.000000000000000000, 0.000000000000000000, 0.000000000000000000 ) ) ;
#2750 = CARTESIAN_POINT ( 'NONE',  ( 3.000000000000017764, 14.99999999999997158, 3.000000000000000000 ) ) ;
#2751 = ORIENTED_EDGE ( 'NONE', *, *, #2735, .F. ) ;
#2752 = ORIENTED_EDGE ( 'NONE', *, *, #1826, .F. ) ;
#2753 = VECTOR ( 'NONE', #969, 1000.000000000000000 ) ;
#2754 = VERTEX_POINT ( 'NONE', #3599 ) ;
#2755 = DIRECTION ( 'NONE',  ( 0.000000000000000000, -0.000000000000000000, 1.000000000000000000 ) ) ;
#2756 = PLANE ( 'NONE',  #981 ) ;
#2757 = VERTEX_POINT ( 'NONE', #523 ) ;
#2758 = ORIENTED_EDGE ( 'NONE', *, *, #3555, .T. ) ;
#2759 = DIRECTION ( 'NONE',  ( -0.000000000000000000, -0.000000000000000000, -1.000000000000000000 ) ) ;
#2760 = DIRECTION ( 'NONE',  ( 1.000000000000000000, 0.000000000000000000, 0.000000000000000000 ) ) ;
#2761 = EDGE_CURVE ( 'NONE', #211, #3275, #3617, .T. ) ;
#2762 = CARTESIAN_POINT ( 'NONE',  ( 226.2000000000000171, 136.0391149236989179, 11.00000000000000000 ) ) ;
#2763 = CARTESIAN_POINT ( 'NONE',  ( 196.5000000000000284, 136.0391149236989179, 0.9999999999999991118 ) ) ;
#2764 = CIRCLE ( 'NONE', #780, 1.899999999999985034 ) ;
#2765 = DIRECTION ( 'NONE',  ( 0.000000000000000000, -0.000000000000000000, 1.000000000000000000 ) ) ;
#2766 = DIRECTION ( 'NONE',  ( 1.000000000000000000, -0.000000000000000000, 0.000000000000000000 ) ) ;
#2767 = FACE_OUTER_BOUND ( 'NONE', #3293, .T. ) ;
#2768 = ORIENTED_EDGE ( 'NONE', *, *, #978, .F. ) ;
#2769 = VECTOR ( 'NONE', #2547, 1000.000000000000000 ) ;
#2770 = ORIENTED_EDGE ( 'NONE', *, *, #2480, .T. ) ;
#2771 = ORIENTED_EDGE ( 'NONE', *, *, #1615, .F. ) ;
#2772 = VECTOR ( 'NONE', #2281, 1000.000000000000000 ) ;
#2773 = CARTESIAN_POINT ( 'NONE',  ( 60.90000000000014779, 98.29999999999994031, 0.9999999999999991118 ) ) ;
#2774 = CARTESIAN_POINT ( 'NONE',  ( 233.0000000000000000, 0.000000000000000000, 0.000000000000000000 ) ) ;
#2775 = VERTEX_POINT ( 'NONE', #2198 ) ;
#2776 = ORIENTED_EDGE ( 'NONE', *, *, #368, .T. ) ;
#2777 = CARTESIAN_POINT ( 'NONE',  ( 152.5000000000000284, 136.0391149236989179, 11.00000000000000000 ) ) ;
#2778 = CARTESIAN_POINT ( 'NONE',  ( 192.9000000000001478, 98.29999999999995453, 0.9999999999999991118 ) ) ;
#2779 = LINE ( 'NONE', #2800, #2896 ) ;
#2780 = CARTESIAN_POINT ( 'NONE',  ( 185.2000000000001307, 113.9999999999999574, 11.00000000000000000 ) ) ;
#2781 = EDGE_CURVE ( 'NONE', #1790, #136, #1616, .T. ) ;
#2782 = DIRECTION ( 'NONE',  ( 0.000000000000000000, 0.000000000000000000, 1.000000000000000000 ) ) ;
#2783 = VERTEX_POINT ( 'NONE', #3581 ) ;
#2784 = VECTOR ( 'NONE', #330, 1000.000000000000000 ) ;
#2785 = EDGE_CURVE ( 'NONE', #2528, #1281, #1081, .T. ) ;
#2786 = EDGE_CURVE ( 'NONE', #3275, #2216, #1378, .T. ) ;
#2787 = DIRECTION ( 'NONE',  ( -1.000000000000000000, -1.206764157201257291E-16, 0.000000000000000000 ) ) ;
#2788 = VECTOR ( 'NONE', #2502, 1000.000000000000000 ) ;
#2789 = ORIENTED_EDGE ( 'NONE', *, *, #3004, .F. ) ;
#2790 = ORIENTED_EDGE ( 'NONE', *, *, #1626, .T. ) ;
#2791 = CARTESIAN_POINT ( 'NONE',  ( 196.5000000000000284, 136.0391149236989179, 11.00000000000000000 ) ) ;
#2792 = LINE ( 'NONE', #288, #484 ) ;
#2793 = DIRECTION ( 'NONE',  ( 0.000000000000000000, 1.000000000000000000, 0.000000000000000000 ) ) ;
#2794 = AXIS2_PLACEMENT_3D ( 'NONE', #1234, #2347, #3477 ) ;
#2795 = ORIENTED_EDGE ( 'NONE', *, *, #3215, .T. ) ;
#2796 = ORIENTED_EDGE ( 'NONE', *, *, #238, .T. ) ;
#2797 = LINE ( 'NONE', #292, #3358 ) ;
#2798 = VECTOR ( 'NONE', #460, 1000.000000000000000 ) ;
#2799 = DIRECTION ( 'NONE',  ( 0.000000000000000000, -0.000000000000000000, -1.000000000000000000 ) ) ;
#2800 = CARTESIAN_POINT ( 'NONE',  ( 3.000000000000030198, 133.7999999999999545, 11.00000000000000000 ) ) ;
#2801 = DIRECTION ( 'NONE',  ( 0.000000000000000000, 1.000000000000000000, 0.000000000000000000 ) ) ;
#2802 = CARTESIAN_POINT ( 'NONE',  ( 3.000000000000019096, 2.799999999999972733, 8.999999999999998224 ) ) ;
#2803 = EDGE_CURVE ( 'NONE', #3181, #371, #2454, .T. ) ;
#2804 = CARTESIAN_POINT ( 'NONE',  ( 233.0000000000000000, 14.99999999999996803, 3.000000000000000000 ) ) ;
#2805 = ORIENTED_EDGE ( 'NONE', *, *, #2781, .T. ) ;
#2806 = ORIENTED_EDGE ( 'NONE', *, *, #224, .T. ) ;
#2807 = EDGE_CURVE ( 'NONE', #2165, #2915, #2181, .T. ) ;
#2808 = AXIS2_PLACEMENT_3D ( 'NONE', #3022, #1080, #2413 ) ;
#2809 = LINE ( 'NONE', #1416, #2708 ) ;
#2810 = CARTESIAN_POINT ( 'NONE',  ( 119.2000000000001734, 98.29999999999994031, 0.9999999999999991118 ) ) ;
#2811 = DIRECTION ( 'NONE',  ( -1.000000000000000000, 0.000000000000000000, 0.000000000000000000 ) ) ;
#2812 = VERTEX_POINT ( 'NONE', #2750 ) ;
#2813 = DIRECTION ( 'NONE',  ( 1.000000000000000000, -0.000000000000000000, -0.000000000000000000 ) ) ;
#2814 = CARTESIAN_POINT ( 'NONE',  ( 116.2000000000000313, 136.0391149236989179, 0.9999999999999991118 ) ) ;
#2815 = VECTOR ( 'NONE', #129, 1000.000000000000000 ) ;
#2816 = EDGE_CURVE ( 'NONE', #1341, #3464, #2215, .T. ) ;
#2817 = DIRECTION ( 'NONE',  ( 1.000000000000000000, -0.000000000000000000, -0.000000000000000000 ) ) ;
#2818 = FACE_OUTER_BOUND ( 'NONE', #566, .T. ) ;
#2819 = CARTESIAN_POINT ( 'NONE',  ( 53.20000000000016627, 113.9999999999999289, 0.9999999999999991118 ) ) ;
#2820 = VECTOR ( 'NONE', #172, 1000.000000000000000 ) ;
#2821 = FACE_OUTER_BOUND ( 'NONE', #1546, .T. ) ;
#2822 = VECTOR ( 'NONE', #1109, 1000.000000000000000 ) ;
#2823 = ORIENTED_EDGE ( 'NONE', *, *, #2372, .T. ) ;
#2824 = ORIENTED_EDGE ( 'NONE', *, *, #3309, .T. ) ;
#2825 = DIRECTION ( 'NONE',  ( -1.000000000000000000, 0.000000000000000000, 0.000000000000000000 ) ) ;
#2826 = FACE_OUTER_BOUND ( 'NONE', #2292, .T. ) ;
#2827 = ADVANCED_FACE ( 'NONE', ( #1029 ), #761, .T. ) ;
#2828 = CARTESIAN_POINT ( 'NONE',  ( 207.2000000000001592, 113.9999999999999574, 11.00000000000000000 ) ) ;
#2829 = ORIENTED_EDGE ( 'NONE', *, *, #756, .T. ) ;
#2830 = ORIENTED_EDGE ( 'NONE', *, *, #493, .T. ) ;
#2831 = VECTOR ( 'NONE', #826, 1000.000000000000000 ) ;
#2832 = PLANE ( 'NONE',  #1677 ) ;
#2833 = FACE_OUTER_BOUND ( 'NONE', #1810, .T. ) ;
#2834 = EDGE_CURVE ( 'NONE', #3028, #2990, #2158, .T. ) ;
#2835 = LINE ( 'NONE', #879, #2784 ) ;
#2836 = LINE ( 'NONE', #54, #733 ) ;
#2837 = CYLINDRICAL_SURFACE ( 'NONE', #2738, 1.900000000000012790 ) ;
#2838 = LINE ( 'NONE', #595, #3455 ) ;
#2839 = VERTEX_POINT ( 'NONE', #1242 ) ;
#2840 = ORIENTED_EDGE ( 'NONE', *, *, #1057, .F. ) ;
#2841 = VECTOR ( 'NONE', #2725, 1000.000000000000000 ) ;
#2842 = CARTESIAN_POINT ( 'NONE',  ( -88.00000000000000000, 0.000000000000000000, 0.9999999999999991118 ) ) ;
#2843 = DIRECTION ( 'NONE',  ( 1.000000000000000000, 0.000000000000000000, 0.000000000000000000 ) ) ;
#2844 = FACE_BOUND ( 'NONE', #43, .T. ) ;
#2845 = ORIENTED_EDGE ( 'NONE', *, *, #3416, .F. ) ;
#2846 = VERTEX_POINT ( 'NONE', #148 ) ;
#2847 = EDGE_CURVE ( 'NONE', #1801, #397, #678, .T. ) ;
#2848 = DIRECTION ( 'NONE',  ( -0.000000000000000000, -1.000000000000000000, -0.000000000000000000 ) ) ;
#2849 = CARTESIAN_POINT ( 'NONE',  ( 20.50000000000004619, 136.0391149236989179, 11.00000000000000000 ) ) ;
#2850 = VECTOR ( 'NONE', #1087, 1000.000000000000000 ) ;
#2851 = ADVANCED_FACE ( 'NONE', ( #1556 ), #2120, .F. ) ;
#2852 = CARTESIAN_POINT ( 'NONE',  ( 53.20000000000016627, 113.9999999999999289, 0.9999999999999991118 ) ) ;
#2853 = DIRECTION ( 'NONE',  ( 0.000000000000000000, 0.000000000000000000, -1.000000000000000000 ) ) ;
#2854 = DIRECTION ( 'NONE',  ( -1.000000000000000000, 0.000000000000000000, -0.000000000000000000 ) ) ;
#2855 = ORIENTED_EDGE ( 'NONE', *, *, #2135, .T. ) ;
#2856 = ORIENTED_EDGE ( 'NONE', *, *, #3621, .T. ) ;
#2857 = ADVANCED_FACE ( 'NONE', ( #3205 ), #1044, .F. ) ;
#2858 = LINE ( 'NONE', #2271, #2769 ) ;
#2859 = LINE ( 'NONE', #3156, #367 ) ;
#2860 = CARTESIAN_POINT ( 'NONE',  ( 0.000000000000000000, 0.000000000000000000, 3.000000000000000000 ) ) ;
#2861 = ORIENTED_EDGE ( 'NONE', *, *, #1419, .F. ) ;
#2862 = VERTEX_POINT ( 'NONE', #3503 ) ;
#2863 = VECTOR ( 'NONE', #1135, 1000.000000000000000 ) ;
#2864 = CARTESIAN_POINT ( 'NONE',  ( 119.2000000000001734, 98.29999999999994031, 0.9999999999999991118 ) ) ;
#2865 = DIRECTION ( 'NONE',  ( 1.000000000000000000, 0.000000000000000000, 0.000000000000000000 ) ) ;
#2866 = ORIENTED_EDGE ( 'NONE', *, *, #3334, .T. ) ;
#2867 = PLANE ( 'NONE',  #3135 ) ;
#2868 = LINE ( 'NONE', #332, #1312 ) ;
#2869 = EDGE_CURVE ( 'NONE', #2587, #3091, #2627, .T. ) ;
#2870 = DIRECTION ( 'NONE',  ( 1.000000000000000000, -0.000000000000000000, -0.000000000000000000 ) ) ;
#2871 = EDGE_LOOP ( 'NONE', ( #1219, #2474, #2544, #2163 ) ) ;
#2872 = DIRECTION ( 'NONE',  ( -1.000000000000000000, 0.000000000000000000, 0.000000000000000000 ) ) ;
#2873 = DIRECTION ( 'NONE',  ( 1.000000000000000000, -0.000000000000000000, 0.000000000000000000 ) ) ;
#2874 = VECTOR ( 'NONE', #322, 1000.000000000000000 ) ;
#2875 = LINE ( 'NONE', #2532, #165 ) ;
#2876 = ORIENTED_EDGE ( 'NONE', *, *, #3377, .T. ) ;
#2877 = ORIENTED_EDGE ( 'NONE', *, *, #807, .F. ) ;
#2878 = VERTEX_POINT ( 'NONE', #1846 ) ;
#2879 = CARTESIAN_POINT ( 'NONE',  ( 119.2000000000001734, 98.29999999999994031, 11.00000000000000000 ) ) ;
#2880 = VERTEX_POINT ( 'NONE', #1787 ) ;
#2881 = VECTOR ( 'NONE', #2476, 1000.000000000000000 ) ;
#2882 = CARTESIAN_POINT ( 'NONE',  ( 3.000000000000003553, 153.7999999999999545, 11.00000000000000000 ) ) ;
#2883 = DIRECTION ( 'NONE',  ( 1.000000000000000000, -0.000000000000000000, -0.000000000000000000 ) ) ;
#2884 = VECTOR ( 'NONE', #1497, 1000.000000000000000 ) ;
#2885 = EDGE_CURVE ( 'NONE', #1597, #3127, #477, .T. ) ;
#2886 = PLANE ( 'NONE',  #1926 ) ;
#2887 = ORIENTED_EDGE ( 'NONE', *, *, #996, .T. ) ;
#2888 = ORIENTED_EDGE ( 'NONE', *, *, #308, .T. ) ;
#2889 = EDGE_CURVE ( 'NONE', #2001, #2216, #1278, .T. ) ;
#2890 = EDGE_CURVE ( 'NONE', #3528, #355, #699, .T. ) ;
#2891 = FACE_OUTER_BOUND ( 'NONE', #1397, .T. ) ;
#2892 = DIRECTION ( 'NONE',  ( -0.000000000000000000, -0.000000000000000000, 1.000000000000000000 ) ) ;
#2893 = CARTESIAN_POINT ( 'NONE',  ( 15.00000000000006928, 8.800000000000451905, 3.799999999999997158 ) ) ;
#2894 = ORIENTED_EDGE ( 'NONE', *, *, #2088, .T. ) ;
#2895 = EDGE_LOOP ( 'NONE', ( #99, #2618, #2776, #2630 ) ) ;
#2896 = VECTOR ( 'NONE', #517, 1000.000000000000000 ) ;
#2897 = ORIENTED_EDGE ( 'NONE', *, *, #1441, .F. ) ;
#2898 = DIRECTION ( 'NONE',  ( 1.000000000000000000, 1.206764157201257291E-16, -0.000000000000000000 ) ) ;
#2899 = CARTESIAN_POINT ( 'NONE',  ( 226.2000000000000171, 136.0391149236989179, 0.9999999999999991118 ) ) ;
#2900 = AXIS2_PLACEMENT_3D ( 'NONE', #1806, #2922, #2644 ) ;
#2901 = ORIENTED_EDGE ( 'NONE', *, *, #3571, .T. ) ;
#2902 = DIRECTION ( 'NONE',  ( 0.000000000000000000, 1.000000000000000000, 0.000000000000000000 ) ) ;
#2903 = CARTESIAN_POINT ( 'NONE',  ( 75.20000000000015916, 98.29999999999994031, 0.9999999999999991118 ) ) ;
#2904 = VECTOR ( 'NONE', #634, 1000.000000000000000 ) ;
#2905 = CARTESIAN_POINT ( 'NONE',  ( 86.50000000000002842, 136.0391149236989179, 0.9999999999999991118 ) ) ;
#2906 = VECTOR ( 'NONE', #2213, 1000.000000000000000 ) ;
#2907 = CARTESIAN_POINT ( 'NONE',  ( 226.2000000000000171, 151.7391149236989065, 0.9999999999999991118 ) ) ;
#2908 = EDGE_CURVE ( 'NONE', #2165, #902, #1808, .T. ) ;
#2909 = ORIENTED_EDGE ( 'NONE', *, *, #2942, .T. ) ;
#2910 = ORIENTED_EDGE ( 'NONE', *, *, #1279, .T. ) ;
#2911 = CARTESIAN_POINT ( 'NONE',  ( 64.50000000000002842, 151.7391149236989065, 11.00000000000000000 ) ) ;
#2912 = CARTESIAN_POINT ( 'NONE',  ( 155.0000000000000853, 8.800000000000196110, 3.799999999999997158 ) ) ;
#2913 = DIRECTION ( 'NONE',  ( -0.000000000000000000, -0.000000000000000000, 1.000000000000000000 ) ) ;
#2914 = EDGE_CURVE ( 'NONE', #2018, #2404, #2686, .T. ) ;
#2915 = VERTEX_POINT ( 'NONE', #459 ) ;
#2916 = ORIENTED_EDGE ( 'NONE', *, *, #3481, .F. ) ;
#2917 = ORIENTED_EDGE ( 'NONE', *, *, #2651, .T. ) ;
#2918 = PERSON_AND_ORGANIZATION ( #1539, #3473 ) ;
#2919 = LINE ( 'NONE', #2639, #3466 ) ;
#2920 = DIRECTION ( 'NONE',  ( 0.000000000000000000, 1.000000000000000000, 0.000000000000000000 ) ) ;
#2921 = ORIENTED_EDGE ( 'NONE', *, *, #2701, .T. ) ;
#2922 = DIRECTION ( 'NONE',  ( 0.000000000000000000, 0.000000000000000000, -1.000000000000000000 ) ) ;
#2923 = DIRECTION ( 'NONE',  ( 0.000000000000000000, 1.000000000000000000, 0.000000000000000000 ) ) ;
#2924 = EDGE_CURVE ( 'NONE', #1581, #1106, #3243, .T. ) ;
#2925 = CARTESIAN_POINT ( 'NONE',  ( 138.2000000000000171, 136.0391149236989179, 0.9999999999999991118 ) ) ;
#2926 = CARTESIAN_POINT ( 'NONE',  ( 28.20000000000003126, 136.0391149236989179, 0.9999999999999991118 ) ) ;
#2927 = VERTEX_POINT ( 'NONE', #422 ) ;
#2928 = DIRECTION ( 'NONE',  ( 0.000000000000000000, -0.000000000000000000, 1.000000000000000000 ) ) ;
#2929 = FACE_BOUND ( 'NONE', #963, .T. ) ;
#2930 = LINE ( 'NONE', #1507, #811 ) ;
#2931 = ORIENTED_EDGE ( 'NONE', *, *, #2448, .F. ) ;
#2932 = VERTEX_POINT ( 'NONE', #986 ) ;
#2933 = VECTOR ( 'NONE', #2220, 1000.000000000000000 ) ;
#2934 = VERTEX_POINT ( 'NONE', #2102 ) ;
#2935 = EDGE_CURVE ( 'NONE', #1013, #2846, #1296, .T. ) ;
#2936 = CALENDAR_DATE ( 2025, 8, 12 ) ;
#2937 = LINE ( 'NONE', #3476, #1593 ) ;
#2938 = LINE ( 'NONE', #2114, #3328 ) ;
#2939 = ORIENTED_EDGE ( 'NONE', *, *, #2515, .F. ) ;
#2940 = AXIS2_PLACEMENT_3D ( 'NONE', #362, #2330, #1493 ) ;
#2941 = DIRECTION ( 'NONE',  ( -0.000000000000000000, -0.000000000000000000, 1.000000000000000000 ) ) ;
#2942 = EDGE_CURVE ( 'NONE', #467, #2012, #3225, .T. ) ;
#2943 = ADVANCED_FACE ( 'NONE', ( #1825 ), #757, .F. ) ;
#2944 = CARTESIAN_POINT ( 'NONE',  ( 64.50000000000002842, 136.0391149236989179, 0.9999999999999991118 ) ) ;
#2945 = CC_DESIGN_APPROVAL ( #2318, ( #2974 ) ) ;
#2946 = AXIS2_PLACEMENT_3D ( 'NONE', #114, #2033, #1207 ) ;
#2947 = CARTESIAN_POINT ( 'NONE',  ( 60.90000000000014779, 98.29999999999994031, 0.9999999999999991118 ) ) ;
#2948 = AXIS2_PLACEMENT_3D ( 'NONE', #1324, #3622, #1927 ) ;
#2949 = LINE ( 'NONE', #3207, #2280 ) ;
#2950 = ORIENTED_EDGE ( 'NONE', *, *, #3583, .T. ) ;
#2951 = LINE ( 'NONE', #2632, #2119 ) ;
#2952 = DIRECTION ( 'NONE',  ( -1.000000000000000000, 0.000000000000000000, 0.000000000000000000 ) ) ;
#2953 = ORIENTED_EDGE ( 'NONE', *, *, #3504, .T. ) ;
#2954 = VERTEX_POINT ( 'NONE', #1023 ) ;
#2955 = ORIENTED_EDGE ( 'NONE', *, *, #2246, .T. ) ;
#2956 = PERSON_AND_ORGANIZATION ( #1539, #3473 ) ;
#2957 = LINE ( 'NONE', #710, #1125 ) ;
#2958 = CARTESIAN_POINT ( 'NONE',  ( 53.20000000000016627, 113.9999999999999289, 0.9999999999999991118 ) ) ;
#2959 = VERTEX_POINT ( 'NONE', #2947 ) ;
#2960 = VECTOR ( 'NONE', #3611, 999.9999999999998863 ) ;
#2961 = EDGE_CURVE ( 'NONE', #1304, #2927, #3263, .T. ) ;
#2962 = LINE ( 'NONE', #182, #94 ) ;
#2963 = LINE ( 'NONE', #475, #3539 ) ;
#2964 = VECTOR ( 'NONE', #2462, 1000.000000000000000 ) ;
#2965 = ADVANCED_FACE ( 'NONE', ( #1111 ), #2449, .F. ) ;
#2966 = DIRECTION ( 'NONE',  ( -0.000000000000000000, -1.000000000000000000, -0.000000000000000000 ) ) ;
#2967 = CARTESIAN_POINT ( 'NONE',  ( 94.20000000000003126, 136.0391149236989179, 0.9999999999999991118 ) ) ;
#2968 = AXIS2_PLACEMENT_3D ( 'NONE', #3141, #340, #601 ) ;
#2969 = VERTEX_POINT ( 'NONE', #2173 ) ;
#2970 = VECTOR ( 'NONE', #2985, 1000.000000000000000 ) ;
#2971 = LINE ( 'NONE', #2142, #534 ) ;
#2972 = CARTESIAN_POINT ( 'NONE',  ( 31.20000000000017337, 113.9999999999999289, 0.9999999999999991118 ) ) ;
#2973 = ORIENTED_EDGE ( 'NONE', *, *, #972, .F. ) ;
#2974 = PRODUCT_DEFINITION ( 'æœ', '', #492, #1642 ) ;
#2975 = ORIENTED_EDGE ( 'NONE', *, *, #3245, .F. ) ;
#2976 = ORIENTED_EDGE ( 'NONE', *, *, #1747, .T. ) ;
#2977 = DIRECTION ( 'NONE',  ( -1.000000000000000000, -0.000000000000000000, -0.000000000000000000 ) ) ;
#2978 = DIRECTION ( 'NONE',  ( -0.000000000000000000, -0.000000000000000000, 1.000000000000000000 ) ) ;
#2979 = ORIENTED_EDGE ( 'NONE', *, *, #2914, .T. ) ;
#2980 = CARTESIAN_POINT ( 'NONE',  ( 152.5000000000000284, 151.7391149236989065, 0.9999999999999991118 ) ) ;
#2981 = DIRECTION ( 'NONE',  ( 1.000000000000000000, -0.000000000000000000, 0.000000000000000000 ) ) ;
#2982 = VECTOR ( 'NONE', #629, 1000.000000000000000 ) ;
#2983 = CARTESIAN_POINT ( 'NONE',  ( 233.0000000000000000, 2.799999999999972733, 8.999999999999998224 ) ) ;
#2984 = ADVANCED_FACE ( 'NONE', ( #1648 ), #2745, .F. ) ;
#2985 = DIRECTION ( 'NONE',  ( 1.000000000000000000, -0.000000000000000000, -0.000000000000000000 ) ) ;
#2986 = ORIENTED_EDGE ( 'NONE', *, *, #776, .T. ) ;
#2987 = CARTESIAN_POINT ( 'NONE',  ( 3.000000000000019096, 116.7999999999999261, 11.00000000000000000 ) ) ;
#2988 = DIRECTION ( 'NONE',  ( 1.000000000000000000, -0.000000000000000000, -0.000000000000000000 ) ) ;
#2989 = ORIENTED_EDGE ( 'NONE', *, *, #2469, .F. ) ;
#2990 = VERTEX_POINT ( 'NONE', #278 ) ;
#2991 = COORDINATED_UNIVERSAL_TIME_OFFSET ( 8, 0, .AHEAD. ) ;
#2992 = CARTESIAN_POINT ( 'NONE',  ( 16.90000000000006608, 8.800000000000451905, 8.999999999999998224 ) ) ;
#2993 = DIRECTION ( 'NONE',  ( 1.000000000000000000, -0.000000000000000000, 0.000000000000000000 ) ) ;
#2994 = VERTEX_POINT ( 'NONE', #1093 ) ;
#2995 = ORIENTED_EDGE ( 'NONE', *, *, #3167, .F. ) ;
#2996 = CIRCLE ( 'NONE', #660, 1.900000000000012790 ) ;
#2997 = LINE ( 'NONE', #255, #570 ) ;
#2998 = DIRECTION ( 'NONE',  ( -0.000000000000000000, -0.000000000000000000, 1.000000000000000000 ) ) ;
#2999 = AXIS2_PLACEMENT_3D ( 'NONE', #495, #2483, #568 ) ;
#3000 = DIRECTION ( 'NONE',  ( -0.000000000000000000, -0.000000000000000000, 1.000000000000000000 ) ) ;
#3001 = CARTESIAN_POINT ( 'NONE',  ( 153.1000000000001080, 8.800000000000196110, 3.799999999999997158 ) ) ;
#3002 = CARTESIAN_POINT ( 'NONE',  ( 138.2000000000000171, 151.7391149236989065, 0.9999999999999991118 ) ) ;
#3003 = VERTEX_POINT ( 'NONE', #2762 ) ;
#3004 = EDGE_CURVE ( 'NONE', #2510, #1571, #1058, .T. ) ;
#3005 = VECTOR ( 'NONE', #685, 1000.000000000000000 ) ;
#3006 = DIRECTION ( 'NONE',  ( -0.000000000000000000, -0.000000000000000000, 1.000000000000000000 ) ) ;
#3007 = PLANE ( 'NONE',  #693 ) ;
#3008 = ORIENTED_EDGE ( 'NONE', *, *, #1177, .T. ) ;
#3009 = ADVANCED_FACE ( 'NONE', ( #1409 ), #3081, .F. ) ;
#3010 = CARTESIAN_POINT ( 'NONE',  ( 160.2000000000000171, 136.0391149236989179, 0.9999999999999991118 ) ) ;
#3011 = DIRECTION ( 'NONE',  ( -0.000000000000000000, -0.000000000000000000, 1.000000000000000000 ) ) ;
#3012 = DIRECTION ( 'NONE',  ( -1.033980273487537931E-16, 1.000000000000000000, -0.000000000000000000 ) ) ;
#3013 = EDGE_LOOP ( 'NONE', ( #3021, #1275, #191, #1515 ) ) ;
#3014 = ORIENTED_EDGE ( 'NONE', *, *, #1279, .F. ) ;
#3015 = CARTESIAN_POINT ( 'NONE',  ( 130.5000000000000284, 136.0391149236989179, 11.00000000000000000 ) ) ;
#3016 = DIRECTION ( 'NONE',  ( 1.000000000000000000, 0.000000000000000000, 0.000000000000000000 ) ) ;
#3017 = AXIS2_PLACEMENT_3D ( 'NONE', #2191, #2465, #222 ) ;
#3018 = LINE ( 'NONE', #1936, #2082 ) ;
#3019 = CARTESIAN_POINT ( 'NONE',  ( 16.90000000000016556, 98.29999999999992610, 0.9999999999999991118 ) ) ;
#3020 = CARTESIAN_POINT ( 'NONE',  ( 233.0000000000000000, 133.7999999999999829, 11.00000000000000000 ) ) ;
#3021 = ORIENTED_EDGE ( 'NONE', *, *, #1231, .F. ) ;
#3022 = CARTESIAN_POINT ( 'NONE',  ( 6.200000000000038369, 136.0391149236989179, 0.9999999999999991118 ) ) ;
#3023 = EDGE_CURVE ( 'NONE', #2528, #2934, #844, .T. ) ;
#3024 = FACE_OUTER_BOUND ( 'NONE', #401, .T. ) ;
#3025 = ORIENTED_EDGE ( 'NONE', *, *, #347, .T. ) ;
#3026 = ORIENTED_EDGE ( 'NONE', *, *, #2015, .F. ) ;
#3027 = AXIS2_PLACEMENT_3D ( 'NONE', #216, #236, #3348 ) ;
#3028 = VERTEX_POINT ( 'NONE', #535 ) ;
#3029 = LINE ( 'NONE', #3069, #947 ) ;
#3030 = EDGE_CURVE ( 'NONE', #1106, #2270, #1956, .T. ) ;
#3031 = CARTESIAN_POINT ( 'NONE',  ( 130.5000000000000284, 151.7391149236989065, 11.00000000000000000 ) ) ;
#3032 = EDGE_CURVE ( 'NONE', #647, #902, #1371, .T. ) ;
#3033 = VERTEX_POINT ( 'NONE', #258 ) ;
#3034 = ORIENTED_EDGE ( 'NONE', *, *, #1399, .F. ) ;
#3035 = UNCERTAINTY_MEASURE_WITH_UNIT (LENGTH_MEASURE( 1.000000000000000082E-05 ), #1308, 'distance_accuracy_value', 'NONE');
#3036 = LINE ( 'NONE', #1313, #158 ) ;
#3037 = CARTESIAN_POINT ( 'NONE',  ( 233.0000000000000000, 96.79999999999995453, 3.000000000000000000 ) ) ;
#3038 = EDGE_CURVE ( 'NONE', #227, #219, #2484, .T. ) ;
#3039 = CARTESIAN_POINT ( 'NONE',  ( 141.2000000000001592, 98.29999999999994031, 11.00000000000000000 ) ) ;
#3040 = FACE_OUTER_BOUND ( 'NONE', #1909, .T. ) ;
#3041 = EDGE_CURVE ( 'NONE', #100, #1379, #3018, .T. ) ;
#3042 = CARTESIAN_POINT ( 'NONE',  ( 226.2000000000000171, 136.0391149236989179, 11.00000000000000000 ) ) ;
#3043 = AXIS2_PLACEMENT_3D ( 'NONE', #3268, #760, #482 ) ;
#3044 = ORIENTED_EDGE ( 'NONE', *, *, #841, .T. ) ;
#3045 = LINE ( 'NONE', #795, #3116 ) ;
#3046 = CARTESIAN_POINT ( 'NONE',  ( 130.5000000000000284, 136.0391149236989179, 0.9999999999999991118 ) ) ;
#3047 = EDGE_LOOP ( 'NONE', ( #1362, #1244, #1287, #3272 ) ) ;
#3048 = ORIENTED_EDGE ( 'NONE', *, *, #1709, .F. ) ;
#3049 = AXIS2_PLACEMENT_3D ( 'NONE', #2030, #646, #3484 ) ;
#3050 = LINE ( 'NONE', #2419, #436 ) ;
#3051 = CARTESIAN_POINT ( 'NONE',  ( 214.9000000000001478, 98.29999999999995453, 0.9999999999999991118 ) ) ;
#3052 = CARTESIAN_POINT ( 'NONE',  ( 119.2000000000001734, 113.9999999999999432, 0.9999999999999991118 ) ) ;
#3053 = ORIENTED_EDGE ( 'NONE', *, *, #3279, .F. ) ;
#3054 = ORIENTED_EDGE ( 'NONE', *, *, #577, .T. ) ;
#3055 = EDGE_CURVE ( 'NONE', #227, #3528, #3076, .T. ) ;
#3056 = DIRECTION ( 'NONE',  ( -0.000000000000000000, -0.000000000000000000, 1.000000000000000000 ) ) ;
#3057 = CARTESIAN_POINT ( 'NONE',  ( 108.5000000000000426, 136.0391149236989179, 11.00000000000000000 ) ) ;
#3058 = EDGE_CURVE ( 'NONE', #3449, #1341, #1880, .T. ) ;
#3059 = EDGE_CURVE ( 'NONE', #3143, #3618, #2779, .T. ) ;
#3060 = FACE_OUTER_BOUND ( 'NONE', #1738, .T. ) ;
#3061 = FACE_OUTER_BOUND ( 'NONE', #2127, .T. ) ;
#3062 = VECTOR ( 'NONE', #470, 1000.000000000000000 ) ;
#3063 = DIRECTION ( 'NONE',  ( 0.000000000000000000, 0.000000000000000000, -1.000000000000000000 ) ) ;
#3064 = DIRECTION ( 'NONE',  ( 0.000000000000000000, 0.000000000000000000, -1.000000000000000000 ) ) ;
#3065 = ORIENTED_EDGE ( 'NONE', *, *, #2038, .F. ) ;
#3066 = VECTOR ( 'NONE', #2166, 1000.000000000000000 ) ;
#3067 = ORIENTED_EDGE ( 'NONE', *, *, #2422, .T. ) ;
#3068 = AXIS2_PLACEMENT_3D ( 'NONE', #516, #806, #3589 ) ;
#3069 = CARTESIAN_POINT ( 'NONE',  ( 152.5000000000000284, 136.0391149236989179, 11.00000000000000000 ) ) ;
#3070 = LINE ( 'NONE', #1364, #520 ) ;
#3071 = ORIENTED_EDGE ( 'NONE', *, *, #1723, .T. ) ;
#3072 = EDGE_LOOP ( 'NONE', ( #1142, #820, #1321, #521 ) ) ;
#3073 = DIRECTION ( 'NONE',  ( -1.033980273487537931E-16, 1.000000000000000000, -0.000000000000000000 ) ) ;
#3074 = DIRECTION ( 'NONE',  ( 1.000000000000000000, 1.206764157201257291E-16, -0.000000000000000000 ) ) ;
#3075 = EDGE_CURVE ( 'NONE', #2757, #2392, #1075, .T. ) ;
#3076 = LINE ( 'NONE', #571, #2960 ) ;
#3077 = CARTESIAN_POINT ( 'NONE',  ( 207.2000000000001592, 98.29999999999995453, 0.9999999999999991118 ) ) ;
#3078 = FACE_OUTER_BOUND ( 'NONE', #1495, .T. ) ;
#3079 = EDGE_CURVE ( 'NONE', #2713, #3449, #825, .T. ) ;
#3080 = ORIENTED_EDGE ( 'NONE', *, *, #1376, .T. ) ;
#3081 = CONICAL_SURFACE ( 'NONE', #3017, 1.899999999999985034, 1.029744258676650759 ) ;
#3082 = DIRECTION ( 'NONE',  ( 0.000000000000000000, 0.000000000000000000, 1.000000000000000000 ) ) ;
#3083 = VECTOR ( 'NONE', #3111, 1000.000000000000000 ) ;
#3084 = VERTEX_POINT ( 'NONE', #1351 ) ;
#3085 = ORIENTED_EDGE ( 'NONE', *, *, #1325, .T. ) ;
#3086 = DIRECTION ( 'NONE',  ( -0.000000000000000000, -0.000000000000000000, 1.000000000000000000 ) ) ;
#3087 = CARTESIAN_POINT ( 'NONE',  ( 50.20000000000002416, 136.0391149236989179, 0.9999999999999991118 ) ) ;
#3088 = DIRECTION ( 'NONE',  ( 0.000000000000000000, -0.000000000000000000, 1.000000000000000000 ) ) ;
#3089 = ADVANCED_FACE ( 'NONE', ( #3060 ), #552, .F. ) ;
#3090 = VECTOR ( 'NONE', #2793, 1000.000000000000000 ) ;
#3091 = VERTEX_POINT ( 'NONE', #2505 ) ;
#3092 = ORIENTED_EDGE ( 'NONE', *, *, #3527, .F. ) ;
#3093 = CARTESIAN_POINT ( 'NONE',  ( 126.9000000000001478, 113.9999999999999432, 0.9999999999999991118 ) ) ;
#3094 = VECTOR ( 'NONE', #296, 1000.000000000000000 ) ;
#3095 = CARTESIAN_POINT ( 'NONE',  ( 6.200000000000038369, 136.0391149236989179, 11.00000000000000000 ) ) ;
#3096 = FACE_OUTER_BOUND ( 'NONE', #1547, .T. ) ;
#3097 = CARTESIAN_POINT ( 'NONE',  ( 170.9000000000001762, 113.9999999999999574, 0.9999999999999991118 ) ) ;
#3098 = LINE ( 'NONE', #2541, #3562 ) ;
#3099 = VERTEX_POINT ( 'NONE', #2 ) ;
#3100 = EDGE_CURVE ( 'NONE', #355, #302, #3317, .T. ) ;
#3101 = DIRECTION ( 'NONE',  ( -1.000000000000000000, 0.000000000000000000, 0.000000000000000000 ) ) ;
#3102 = ORIENTED_EDGE ( 'NONE', *, *, #2023, .F. ) ;
#3103 = ORIENTED_EDGE ( 'NONE', *, *, #3377, .F. ) ;
#3104 = ADVANCED_FACE ( 'NONE', ( #658 ), #3113, .F. ) ;
#3105 = ADVANCED_FACE ( 'NONE', ( #3131 ), #2867, .F. ) ;
#3106 = LINE ( 'NONE', #59, #2355 ) ;
#3107 = LINE ( 'NONE', #600, #2874 ) ;
#3108 = DIRECTION ( 'NONE',  ( 0.000000000000000000, 0.000000000000000000, -1.000000000000000000 ) ) ;
#3109 = ORIENTED_EDGE ( 'NONE', *, *, #2908, .F. ) ;
#3110 = ORIENTED_EDGE ( 'NONE', *, *, #2807, .F. ) ;
#3111 = DIRECTION ( 'NONE',  ( -0.000000000000000000, -0.000000000000000000, -1.000000000000000000 ) ) ;
#3112 = DIRECTION ( 'NONE',  ( 0.000000000000000000, 0.000000000000000000, -1.000000000000000000 ) ) ;
#3113 = PLANE ( 'NONE',  #2546 ) ;
#3114 = CARTESIAN_POINT ( 'NONE',  ( 233.0000000000000000, 133.7999999999999829, 11.00000000000000000 ) ) ;
#3115 = CARTESIAN_POINT ( 'NONE',  ( 13.10000000000007070, 8.800000000000451905, 3.799999999999997158 ) ) ;
#3116 = VECTOR ( 'NONE', #3006, 1000.000000000000000 ) ;
#3117 = CARTESIAN_POINT ( 'NONE',  ( 126.9000000000001478, 98.29999999999994031, 0.9999999999999991118 ) ) ;
#3118 = AXIS2_PLACEMENT_3D ( 'NONE', #1818, #3532, #2346 ) ;
#3119 = EDGE_CURVE ( 'NONE', #3523, #2862, #625, .T. ) ;
#3120 = EDGE_LOOP ( 'NONE', ( #784, #1891, #2562, #3025 ) ) ;
#3121 = ORIENTED_EDGE ( 'NONE', *, *, #1888, .T. ) ;
#3122 = PLANE ( 'NONE',  #1307 ) ;
#3123 = LINE ( 'NONE', #2255, #70 ) ;
#3124 = FACE_BOUND ( 'NONE', #2683, .T. ) ;
#3125 = EDGE_CURVE ( 'NONE', #1451, #58, #68, .T. ) ;
#3126 = VERTEX_POINT ( 'NONE', #37 ) ;
#3127 = VERTEX_POINT ( 'NONE', #3426 ) ;
#3128 = VECTOR ( 'NONE', #845, 1000.000000000000000 ) ;
#3129 = DIRECTION ( 'NONE',  ( -1.000000000000000000, 0.000000000000000000, 0.000000000000000000 ) ) ;
#3130 = PLANE ( 'NONE',  #2526 ) ;
#3131 = FACE_OUTER_BOUND ( 'NONE', #2046, .T. ) ;
#3132 = DIRECTION ( 'NONE',  ( 0.000000000000000000, 0.000000000000000000, -1.000000000000000000 ) ) ;
#3133 = EDGE_CURVE ( 'NONE', #2915, #2587, #1988, .T. ) ;
#3134 = LINE ( 'NONE', #72, #992 ) ;
#3135 = AXIS2_PLACEMENT_3D ( 'NONE', #643, #3409, #3392 ) ;
#3136 = VERTEX_POINT ( 'NONE', #1765 ) ;
#3137 = ORIENTED_EDGE ( 'NONE', *, *, #36, .F. ) ;
#3138 = VECTOR ( 'NONE', #2584, 1000.000000000000000 ) ;
#3139 = DIRECTION ( 'NONE',  ( 0.000000000000000000, -0.000000000000000000, 1.000000000000000000 ) ) ;
#3140 = DIRECTION ( 'NONE',  ( -0.000000000000000000, -0.000000000000000000, 1.000000000000000000 ) ) ;
#3141 = CARTESIAN_POINT ( 'NONE',  ( 31.20000000000017337, 98.29999999999992610, 0.9999999999999991118 ) ) ;
#3142 = VERTEX_POINT ( 'NONE', #912 ) ;
#3143 = VERTEX_POINT ( 'NONE', #2882 ) ;
#3144 = PLANE ( 'NONE',  #2005 ) ;
#3145 = EDGE_CURVE ( 'NONE', #3535, #1527, #1446, .T. ) ;
#3146 = EDGE_CURVE ( 'NONE', #2954, #1779, #1199, .T. ) ;
#3147 = CARTESIAN_POINT ( 'NONE',  ( 138.2000000000000171, 136.0391149236989179, 0.9999999999999991118 ) ) ;
#3148 = VERTEX_POINT ( 'NONE', #2026 ) ;
#3149 = VECTOR ( 'NONE', #1140, 1000.000000000000000 ) ;
#3150 = EDGE_CURVE ( 'NONE', #1600, #1304, #1748, .T. ) ;
#3151 = DIRECTION ( 'NONE',  ( -0.000000000000000000, -1.000000000000000000, -0.000000000000000000 ) ) ;
#3152 = LINE ( 'NONE', #169, #3341 ) ;
#3153 = ORIENTED_EDGE ( 'NONE', *, *, #1626, .F. ) ;
#3154 = ORIENTED_EDGE ( 'NONE', *, *, #2621, .T. ) ;
#3155 = PLANE ( 'NONE',  #3362 ) ;
#3156 = CARTESIAN_POINT ( 'NONE',  ( 3.000000000000019096, 2.799999999999972733, 8.999999999999998224 ) ) ;
#3157 = FACE_BOUND ( 'NONE', #266, .T. ) ;
#3158 = EDGE_LOOP ( 'NONE', ( #670, #2487, #1271, #431 ) ) ;
#3159 = VERTEX_POINT ( 'NONE', #348 ) ;
#3160 = FACE_OUTER_BOUND ( 'NONE', #828, .T. ) ;
#3161 = LINE ( 'NONE', #2849, #1711 ) ;
#3162 = ORIENTED_EDGE ( 'NONE', *, *, #1331, .T. ) ;
#3163 = EDGE_CURVE ( 'NONE', #2400, #1050, #1496, .T. ) ;
#3164 = DIRECTION ( 'NONE',  ( -0.000000000000000000, -0.000000000000000000, 1.000000000000000000 ) ) ;
#3165 = LINE ( 'NONE', #3114, #1664 ) ;
#3166 = EDGE_CURVE ( 'NONE', #2934, #3099, #2589, .T. ) ;
#3167 = EDGE_CURVE ( 'NONE', #1562, #1720, #87, .T. ) ;
#3168 = DIRECTION ( 'NONE',  ( -1.000000000000000000, 0.000000000000000000, 0.000000000000000000 ) ) ;
#3169 = EDGE_LOOP ( 'NONE', ( #723, #2790, #1343, #1354 ) ) ;
#3170 = ORIENTED_EDGE ( 'NONE', *, *, #3079, .F. ) ;
#3171 = VECTOR ( 'NONE', #1930, 1000.000000000000000 ) ;
#3172 = LINE ( 'NONE', #665, #1894 ) ;
#3173 = DIRECTION ( 'NONE',  ( 1.000000000000000000, 0.000000000000000000, 0.000000000000000000 ) ) ;
#3174 = VECTOR ( 'NONE', #1473, 1000.000000000000000 ) ;
#3175 = DIRECTION ( 'NONE',  ( -0.000000000000000000, -0.000000000000000000, -1.000000000000000000 ) ) ;
#3176 = ORIENTED_EDGE ( 'NONE', *, *, #2266, .F. ) ;
#3177 = EDGE_LOOP ( 'NONE', ( #3524, #2950, #3008 ) ) ;
#3178 = ORIENTED_EDGE ( 'NONE', *, *, #996, .F. ) ;
#3179 = CARTESIAN_POINT ( 'NONE',  ( 38.90000000000015490, 113.9999999999999289, 11.00000000000000000 ) ) ;
#3180 = DIRECTION ( 'NONE',  ( -0.000000000000000000, -0.000000000000000000, 1.000000000000000000 ) ) ;
#3181 = VERTEX_POINT ( 'NONE', #2571 ) ;
#3182 = AXIS2_PLACEMENT_3D ( 'NONE', #2236, #1157, #1400 ) ;
#3183 = CARTESIAN_POINT ( 'NONE',  ( 138.2000000000000171, 136.0391149236989179, 11.00000000000000000 ) ) ;
#3184 = DIRECTION ( 'NONE',  ( 0.000000000000000000, -1.000000000000000000, -0.000000000000000000 ) ) ;
#3185 = EDGE_CURVE ( 'NONE', #3143, #865, #108, .T. ) ;
#3186 = AXIS2_PLACEMENT_3D ( 'NONE', #3296, #1680, #1645 ) ;
#3187 = EDGE_CURVE ( 'NONE', #1386, #2362, #3373, .T. ) ;
#3188 = DIRECTION ( 'NONE',  ( 0.000000000000000000, 0.000000000000000000, -1.000000000000000000 ) ) ;
#3189 = ORIENTED_EDGE ( 'NONE', *, *, #1991, .T. ) ;
#3190 = ORIENTED_EDGE ( 'NONE', *, *, #3460, .T. ) ;
#3191 = CARTESIAN_POINT ( 'NONE',  ( 42.50000000000003553, 136.0391149236989179, 0.9999999999999991118 ) ) ;
#3192 = DIRECTION ( 'NONE',  ( 0.000000000000000000, -0.000000000000000000, 1.000000000000000000 ) ) ;
#3193 = DIRECTION ( 'NONE',  ( -0.000000000000000000, -0.000000000000000000, -1.000000000000000000 ) ) ;
#3194 = ORIENTED_EDGE ( 'NONE', *, *, #1166, .T. ) ;
#3195 = VERTEX_POINT ( 'NONE', #2539 ) ;
#3196 = VECTOR ( 'NONE', #3299, 1000.000000000000000 ) ;
#3197 = ORIENTED_EDGE ( 'NONE', *, *, #3030, .T. ) ;
#3198 = EDGE_CURVE ( 'NONE', #1304, #2757, #2835, .T. ) ;
#3199 = PLANE ( 'NONE',  #1121 ) ;
#3200 = DIRECTION ( 'NONE',  ( -0.000000000000000000, -0.000000000000000000, 1.000000000000000000 ) ) ;
#3201 = ORIENTED_EDGE ( 'NONE', *, *, #457, .F. ) ;
#3202 = CARTESIAN_POINT ( 'NONE',  ( 233.0000000000000000, 133.7999999999999829, 11.00000000000000000 ) ) ;
#3203 = LINE ( 'NONE', #2136, #1370 ) ;
#3204 = VECTOR ( 'NONE', #1345, 1000.000000000000000 ) ;
#3205 = FACE_OUTER_BOUND ( 'NONE', #1984, .T. ) ;
#3206 = VECTOR ( 'NONE', #2096, 1000.000000000000000 ) ;
#3207 = CARTESIAN_POINT ( 'NONE',  ( 233.0000000000000000, 160.6000000000004775, 3.000000000000000000 ) ) ;
#3208 = ORIENTED_EDGE ( 'NONE', *, *, #3119, .F. ) ;
#3209 = ADVANCED_FACE ( 'NONE', ( #3096 ), #590, .F. ) ;
#3210 = CARTESIAN_POINT ( 'NONE',  ( 155.0000000000000853, 8.800000000000196110, 2.658364823847631619 ) ) ;
#3211 = FACE_BOUND ( 'NONE', #3513, .T. ) ;
#3212 = DIRECTION ( 'NONE',  ( -1.000000000000000000, 0.000000000000000000, 0.000000000000000000 ) ) ;
#3213 = ORIENTED_EDGE ( 'NONE', *, *, #3216, .F. ) ;
#3214 = ORIENTED_EDGE ( 'NONE', *, *, #842, .F. ) ;
#3215 = EDGE_CURVE ( 'NONE', #2362, #901, #53, .T. ) ;
#3216 = EDGE_CURVE ( 'NONE', #1910, #1702, #3223, .T. ) ;
#3217 = ORIENTED_EDGE ( 'NONE', *, *, #208, .F. ) ;
#3218 = APPROVAL_DATE_TIME ( #2383, #2318 ) ;
#3219 = DIRECTION ( 'NONE',  ( -0.000000000000000000, -1.000000000000000000, -0.000000000000000000 ) ) ;
#3220 = CARTESIAN_POINT ( 'NONE',  ( 152.5000000000000284, 151.7391149236989065, 11.00000000000000000 ) ) ;
#3221 = ORIENTED_EDGE ( 'NONE', *, *, #3058, .T. ) ;
#3222 = VECTOR ( 'NONE', #1595, 1000.000000000000000 ) ;
#3223 = LINE ( 'NONE', #454, #2137 ) ;
#3224 = CARTESIAN_POINT ( 'NONE',  ( 233.0000000000000000, 0.000000000000000000, 3.000000000000000000 ) ) ;
#3225 = LINE ( 'NONE', #716, #1906 ) ;
#3226 = LINE ( 'NONE', #717, #2169 ) ;
#3227 = VERTEX_POINT ( 'NONE', #3183 ) ;
#3228 = CARTESIAN_POINT ( 'NONE',  ( 119.2000000000001734, 113.9999999999999432, 11.00000000000000000 ) ) ;
#3229 = FACE_BOUND ( 'NONE', #3013, .T. ) ;
#3230 = ADVANCED_FACE ( 'NONE', ( #676 ), #3479, .F. ) ;
#3231 = CARTESIAN_POINT ( 'NONE',  ( 229.2000000000001592, 98.29999999999995453, 11.00000000000000000 ) ) ;
#3232 = ORIENTED_EDGE ( 'NONE', *, *, #1259, .T. ) ;
#3233 = ORIENTED_EDGE ( 'NONE', *, *, #75, .F. ) ;
#3234 = VECTOR ( 'NONE', #235, 1000.000000000000000 ) ;
#3235 = EDGE_LOOP ( 'NONE', ( #1783, #637, #744, #3266 ) ) ;
#3236 = CARTESIAN_POINT ( 'NONE',  ( 233.0000000000000000, 133.7999999999999829, 3.000000000000000000 ) ) ;
#3237 = EDGE_CURVE ( 'NONE', #211, #2001, #1784, .T. ) ;
#3238 = CARTESIAN_POINT ( 'NONE',  ( 141.2000000000001592, 98.29999999999994031, 11.00000000000000000 ) ) ;
#3239 = EDGE_LOOP ( 'NONE', ( #3378, #3343, #1068, #831 ) ) ;
#3240 = CARTESIAN_POINT ( 'NONE',  ( 218.5000000000000284, 151.7391149236989065, 0.9999999999999991118 ) ) ;
#3241 = CARTESIAN_POINT ( 'NONE',  ( 185.2000000000001307, 113.9999999999999574, 0.9999999999999991118 ) ) ;
#3242 = VECTOR ( 'NONE', #212, 1000.000000000000000 ) ;
#3243 = LINE ( 'NONE', #737, #1145 ) ;
#3244 = AXIS2_PLACEMENT_3D ( 'NONE', #2590, #2317, #88 ) ;
#3245 = EDGE_CURVE ( 'NONE', #2270, #543, #1237, .T. ) ;
#3246 = PLANE ( 'NONE',  #286 ) ;
#3247 = ORIENTED_EDGE ( 'NONE', *, *, #215, .T. ) ;
#3248 = LINE ( 'NONE', #373, #2231 ) ;
#3249 = LINE ( 'NONE', #742, #920 ) ;
#3250 = ORIENTED_EDGE ( 'NONE', *, *, #1441, .T. ) ;
#3251 = VERTEX_POINT ( 'NONE', #697 ) ;
#3252 = ORIENTED_EDGE ( 'NONE', *, *, #1105, .F. ) ;
#3253 = MECHANICAL_CONTEXT ( 'NONE', #2674, 'mechanical' ) ;
#3254 = DIRECTION ( 'NONE',  ( -1.000000000000000000, -1.206764157201257291E-16, 0.000000000000000000 ) ) ;
#3255 = DIRECTION ( 'NONE',  ( -1.000000000000000000, -0.000000000000000000, -0.000000000000000000 ) ) ;
#3256 = ORIENTED_EDGE ( 'NONE', *, *, #1282, .F. ) ;
#3257 = VECTOR ( 'NONE', #1340, 1000.000000000000000 ) ;
#3258 = EDGE_CURVE ( 'NONE', #1100, #449, #2350, .T. ) ;
#3259 = LINE ( 'NONE', #1257, #1968 ) ;
#3260 = CARTESIAN_POINT ( 'NONE',  ( 174.5000000000000568, 151.7391149236989065, 11.00000000000000000 ) ) ;
#3261 = VECTOR ( 'NONE', #892, 1000.000000000000000 ) ;
#3262 = MANIFOLD_SOLID_BREP ( '\X2\51f853f0\X0\-\X2\62c94f38\X0\4', #1717 ) ;
#3263 = LINE ( 'NONE', #1863, #1962 ) ;
#3264 = LINE ( 'NONE', #2139, #1393 ) ;
#3265 = VECTOR ( 'NONE', #796, 1000.000000000000000 ) ;
#3266 = ORIENTED_EDGE ( 'NONE', *, *, #2515, .T. ) ;
#3267 = VECTOR ( 'NONE', #537, 1000.000000000000000 ) ;
#3268 = CARTESIAN_POINT ( 'NONE',  ( 119.2000000000001734, 98.29999999999994031, 0.9999999999999991118 ) ) ;
#3269 = CARTESIAN_POINT ( 'NONE',  ( 226.2000000000000171, 151.7391149236989065, 0.9999999999999991118 ) ) ;
#3270 = ORIENTED_EDGE ( 'NONE', *, *, #98, .T. ) ;
#3271 = ORIENTED_EDGE ( 'NONE', *, *, #1485, .T. ) ;
#3272 = ORIENTED_EDGE ( 'NONE', *, *, #1105, .T. ) ;
#3273 = CARTESIAN_POINT ( 'NONE',  ( 20.50000000000004619, 136.0391149236989179, 0.9999999999999991118 ) ) ;
#3274 = LINE ( 'NONE', #2681, #1040 ) ;
#3275 = VERTEX_POINT ( 'NONE', #2080 ) ;
#3276 = ORIENTED_EDGE ( 'NONE', *, *, #2924, .T. ) ;
#3277 = PLANE ( 'NONE',  #860 ) ;
#3278 = DIRECTION ( 'NONE',  ( 0.000000000000000000, -0.000000000000000000, 1.000000000000000000 ) ) ;
#3279 = EDGE_CURVE ( 'NONE', #3028, #1805, #1021, .T. ) ;
#3280 = VECTOR ( 'NONE', #2870, 1000.000000000000000 ) ;
#3281 = DIRECTION ( 'NONE',  ( 0.000000000000000000, 1.000000000000000000, 0.000000000000000000 ) ) ;
#3282 = LINE ( 'NONE', #793, #2798 ) ;
#3283 = EDGE_CURVE ( 'NONE', #2435, #2600, #145, .T. ) ;
#3284 = EDGE_LOOP ( 'NONE', ( #1459, #3102, #682, #2894, #2055, #664, #2561, #1911 ) ) ;
#3285 = VECTOR ( 'NONE', #1280, 1000.000000000000000 ) ;
#3286 = CARTESIAN_POINT ( 'NONE',  ( 6.200000000000038369, 151.7391149236989065, 11.00000000000000000 ) ) ;
#3287 = CARTESIAN_POINT ( 'NONE',  ( 72.20000000000001705, 136.0391149236989179, 0.9999999999999991118 ) ) ;
#3288 = ORIENTED_EDGE ( 'NONE', *, *, #300, .F. ) ;
#3289 = ORIENTED_EDGE ( 'NONE', *, *, #2286, .T. ) ;
#3290 = FACE_OUTER_BOUND ( 'NONE', #2276, .T. ) ;
#3291 = CARTESIAN_POINT ( 'NONE',  ( 204.2000000000000171, 136.0391149236989179, 0.9999999999999991118 ) ) ;
#3292 = PLANE ( 'NONE',  #3027 ) ;
#3293 = EDGE_LOOP ( 'NONE', ( #394, #2219, #1565, #1849 ) ) ;
#3294 = VECTOR ( 'NONE', #2680, 1000.000000000000000 ) ;
#3295 = DIRECTION ( 'NONE',  ( -1.000000000000000000, 0.000000000000000000, 0.000000000000000000 ) ) ;
#3296 = CARTESIAN_POINT ( 'NONE',  ( 28.20000000000003126, 136.0391149236989179, 0.9999999999999991118 ) ) ;
#3297 = AXIS2_PLACEMENT_3D ( 'NONE', #1349, #1333, #1935 ) ;
#3298 = CC_DESIGN_APPROVAL ( #3382, ( #2704 ) ) ;
#3299 = DIRECTION ( 'NONE',  ( -0.000000000000000000, -0.000000000000000000, 1.000000000000000000 ) ) ;
#3300 = EDGE_CURVE ( 'NONE', #3618, #1465, #2099, .T. ) ;
#3301 = CARTESIAN_POINT ( 'NONE',  ( 218.5000000000000284, 136.0391149236989179, 0.9999999999999991118 ) ) ;
#3302 = LINE ( 'NONE', #2747, #3444 ) ;
#3303 = VECTOR ( 'NONE', #279, 1000.000000000000000 ) ;
#3304 = ADVANCED_FACE ( 'NONE', ( #1516 ), #1532, .T. ) ;
#3305 = CARTESIAN_POINT ( 'NONE',  ( 0.000000000000000000, 161.8000000000000398, 0.000000000000000000 ) ) ;
#3306 = DIRECTION ( 'NONE',  ( 1.000000000000000000, -0.000000000000000000, 0.000000000000000000 ) ) ;
#3307 = EDGE_LOOP ( 'NONE', ( #2396, #1415, #3344, #319 ) ) ;
#3308 = EDGE_LOOP ( 'NONE', ( #3213, #648, #2650, #835 ) ) ;
#3309 = EDGE_CURVE ( 'NONE', #2839, #1161, #3259, .T. ) ;
#3310 = ORIENTED_EDGE ( 'NONE', *, *, #1038, .T. ) ;
#3311 = CARTESIAN_POINT ( 'NONE',  ( 229.2000000000001592, 98.29999999999995453, 0.9999999999999991118 ) ) ;
#3312 = LINE ( 'NONE', #11, #1972 ) ;
#3313 = ORIENTED_EDGE ( 'NONE', *, *, #1707, .T. ) ;
#3314 = EDGE_CURVE ( 'NONE', #2116, #2862, #1572, .T. ) ;
#3315 = CARTESIAN_POINT ( 'NONE',  ( 233.0000000000000000, 96.79999999999995453, 11.00000000000000000 ) ) ;
#3316 = CARTESIAN_POINT ( 'NONE',  ( 174.5000000000000568, 136.0391149236989179, 0.9999999999999991118 ) ) ;
#3317 = CIRCLE ( 'NONE', #1381, 1.900000000000012790 ) ;
#3318 = AXIS2_PLACEMENT_3D ( 'NONE', #3319, #808, #1665 ) ;
#3319 = CARTESIAN_POINT ( 'NONE',  ( 233.0000000000000000, 153.7999999999999545, 11.00000000000000000 ) ) ;
#3320 = CARTESIAN_POINT ( 'NONE',  ( 94.20000000000003126, 136.0391149236989179, 11.00000000000000000 ) ) ;
#3321 = DIRECTION ( 'NONE',  ( 1.000000000000000000, 0.000000000000000000, 0.000000000000000000 ) ) ;
#3322 = VERTEX_POINT ( 'NONE', #2980 ) ;
#3323 = CARTESIAN_POINT ( 'NONE',  ( 119.2000000000001734, 98.29999999999994031, 0.9999999999999991118 ) ) ;
#3324 = DIRECTION ( 'NONE',  ( -0.000000000000000000, -0.000000000000000000, 1.000000000000000000 ) ) ;
#3325 = EDGE_CURVE ( 'NONE', #1439, #2000, #984, .T. ) ;
#3326 = VERTEX_POINT ( 'NONE', #163 ) ;
#3327 = ORIENTED_EDGE ( 'NONE', *, *, #3100, .F. ) ;
#3328 = VECTOR ( 'NONE', #2660, 1000.000000000000000 ) ;
#3329 = ORIENTED_EDGE ( 'NONE', *, *, #1240, .T. ) ;
#3330 = LINE ( 'NONE', #3051, #17 ) ;
#3331 = LINE ( 'NONE', #1658, #341 ) ;
#3332 = EDGE_CURVE ( 'NONE', #12, #2012, #734, .T. ) ;
#3333 = ORIENTED_EDGE ( 'NONE', *, *, #2352, .F. ) ;
#3334 = EDGE_CURVE ( 'NONE', #3453, #2954, #2962, .T. ) ;
#3335 = ORIENTED_EDGE ( 'NONE', *, *, #120, .F. ) ;
#3336 = PLANE ( 'NONE',  #2431 ) ;
#3337 = DIRECTION ( 'NONE',  ( -1.000000000000000000, 0.000000000000000000, 0.000000000000000000 ) ) ;
#3338 = DIRECTION ( 'NONE',  ( -0.8571673007021104462, 1.049727191138616354E-16, 0.5150380749100574862 ) ) ;
#3339 = DIRECTION ( 'NONE',  ( 0.000000000000000000, 0.000000000000000000, -1.000000000000000000 ) ) ;
#3340 = PLANE ( 'NONE',  #1976 ) ;
#3341 = VECTOR ( 'NONE', #917, 1000.000000000000000 ) ;
#3342 = CARTESIAN_POINT ( 'NONE',  ( 233.0000000000000000, 2.799999999999972733, 8.999999999999998224 ) ) ;
#3343 = ORIENTED_EDGE ( 'NONE', *, *, #3486, .T. ) ;
#3344 = ORIENTED_EDGE ( 'NONE', *, *, #2176, .F. ) ;
#3345 = DIRECTION ( 'NONE',  ( -0.000000000000000000, -1.000000000000000000, -0.000000000000000000 ) ) ;
#3346 = ADVANCED_FACE ( 'NONE', ( #3461 ), #752, .F. ) ;
#3347 = DIRECTION ( 'NONE',  ( 1.000000000000000000, 0.000000000000000000, 0.000000000000000000 ) ) ;
#3348 = DIRECTION ( 'NONE',  ( 1.000000000000000000, 0.000000000000000000, -0.000000000000000000 ) ) ;
#3349 = EDGE_LOOP ( 'NONE', ( #3121, #387, #1969, #3512 ) ) ;
#3350 = ORIENTED_EDGE ( 'NONE', *, *, #2469, .T. ) ;
#3351 = CARTESIAN_POINT ( 'NONE',  ( 3.000000000000017764, 14.99999999999997158, 20.99999999999999645 ) ) ;
#3352 = EDGE_CURVE ( 'NONE', #397, #1482, #1587, .T. ) ;
#3353 = CYLINDRICAL_SURFACE ( 'NONE', #3068, 1.899999999999999023 ) ;
#3354 = DIRECTION ( 'NONE',  ( 0.000000000000000000, 1.000000000000000000, 0.000000000000000000 ) ) ;
#3355 = DIRECTION ( 'NONE',  ( -0.000000000000000000, -0.000000000000000000, 1.000000000000000000 ) ) ;
#3356 = AXIS2_PLACEMENT_3D ( 'NONE', #3087, #633, #2238 ) ;
#3357 = CARTESIAN_POINT ( 'NONE',  ( 152.5000000000000284, 136.0391149236989179, 0.9999999999999991118 ) ) ;
#3358 = VECTOR ( 'NONE', #2519, 1000.000000000000000 ) ;
#3359 = CC_DESIGN_DATE_AND_TIME_ASSIGNMENT ( #3514, #213, ( #2974 ) ) ;
#3360 = LINE ( 'NONE', #899, #2218 ) ;
#3361 = ORIENTED_EDGE ( 'NONE', *, *, #818, .T. ) ;
#3362 = AXIS2_PLACEMENT_3D ( 'NONE', #650, #2872, #372 ) ;
#3363 = VERTEX_POINT ( 'NONE', #2445 ) ;
#3364 = CARTESIAN_POINT ( 'NONE',  ( -197.9999999999999716, -2.389393031258488939E-14, 0.9999999999999991118 ) ) ;
#3365 = VECTOR ( 'NONE', #1238, 1000.000000000000000 ) ;
#3366 = CARTESIAN_POINT ( 'NONE',  ( 75.20000000000015916, 113.9999999999999432, 11.00000000000000000 ) ) ;
#3367 = CARTESIAN_POINT ( 'NONE',  ( 86.50000000000002842, 136.0391149236989179, 11.00000000000000000 ) ) ;
#3368 = ORIENTED_EDGE ( 'NONE', *, *, #2353, .F. ) ;
#3369 = ORIENTED_EDGE ( 'NONE', *, *, #2393, .F. ) ;
#3370 = CARTESIAN_POINT ( 'NONE',  ( 31.20000000000017337, 113.9999999999999289, 11.00000000000000000 ) ) ;
#3371 = FACE_OUTER_BOUND ( 'NONE', #2500, .T. ) ;
#3372 = ADVANCED_FACE ( 'NONE', ( #2171 ), #1329, .F. ) ;
#3373 = LINE ( 'NONE', #2263, #1845 ) ;
#3374 = FACE_OUTER_BOUND ( 'NONE', #359, .T. ) ;
#3375 = DIRECTION ( 'NONE',  ( 0.000000000000000000, -1.000000000000000000, -0.000000000000000000 ) ) ;
#3376 = ADVANCED_FACE ( 'NONE', ( #1091 ), #3336, .F. ) ;
#3377 = EDGE_CURVE ( 'NONE', #2915, #2878, #2997, .T. ) ;
#3378 = ORIENTED_EDGE ( 'NONE', *, *, #1146, .T. ) ;
#3379 = AXIS2_PLACEMENT_3D ( 'NONE', #1609, #1335, #1628 ) ;
#3380 = FACE_BOUND ( 'NONE', #1435, .T. ) ;
#3381 = ORIENTED_EDGE ( 'NONE', *, *, #968, .T. ) ;
#3382 = APPROVAL ( #2401, 'æœª' ) ;
#3383 = EDGE_LOOP ( 'NONE', ( #631, #2973, #565, #150 ) ) ;
#3384 = DIRECTION ( 'NONE',  ( 0.000000000000000000, -0.000000000000000000, 1.000000000000000000 ) ) ;
#3385 = FACE_OUTER_BOUND ( 'NONE', #3349, .T. ) ;
#3386 = PLANE ( 'NONE',  #2437 ) ;
#3387 = AXIS2_PLACEMENT_3D ( 'NONE', #2091, #3212, #2654 ) ;
#3388 = ORIENTED_EDGE ( 'NONE', *, *, #948, .F. ) ;
#3389 = CARTESIAN_POINT ( 'NONE',  ( 50.20000000000002416, 136.0391149236989179, 11.00000000000000000 ) ) ;
#3390 = AXIS2_PLACEMENT_3D ( 'NONE', #1938, #2249, #555 ) ;
#3391 = CARTESIAN_POINT ( 'NONE',  ( 3.000000000000018652, 153.7999999999999261, 3.000000000000000000 ) ) ;
#3392 = DIRECTION ( 'NONE',  ( 0.000000000000000000, -0.000000000000000000, 1.000000000000000000 ) ) ;
#3393 = FACE_OUTER_BOUND ( 'NONE', #2397, .T. ) ;
#3394 = EDGE_CURVE ( 'NONE', #1281, #336, #3607, .T. ) ;
#3395 = CARTESIAN_POINT ( 'NONE',  ( 141.2000000000001592, 98.29999999999994031, 0.9999999999999991118 ) ) ;
#3396 = ADVANCED_FACE ( 'NONE', ( #822 ), #3277, .F. ) ;
#3397 = EDGE_CURVE ( 'NONE', #2731, #1960, #788, .T. ) ;
#3398 = DIRECTION ( 'NONE',  ( 1.066428366379184802E-16, -1.000000000000000000, 0.000000000000000000 ) ) ;
#3399 = ORIENTED_EDGE ( 'NONE', *, *, #1462, .T. ) ;
#3400 = ORIENTED_EDGE ( 'NONE', *, *, #3443, .F. ) ;
#3401 = LINE ( 'NONE', #338, #668 ) ;
#3402 = DIRECTION ( 'NONE',  ( -0.000000000000000000, 1.000000000000000000, -0.000000000000000000 ) ) ;
#3403 = CARTESIAN_POINT ( 'NONE',  ( 130.5000000000000284, 151.7391149236989065, 0.9999999999999991118 ) ) ;
#3404 = VERTEX_POINT ( 'NONE', #3627 ) ;
#3405 = ORIENTED_EDGE ( 'NONE', *, *, #2785, .F. ) ;
#3406 = CARTESIAN_POINT ( 'NONE',  ( 16.90000000000006608, 8.800000000000451905, 3.799999999999997158 ) ) ;
#3407 = EDGE_CURVE ( 'NONE', #814, #2400, #805, .T. ) ;
#3408 = LINE ( 'NONE', #1254, #1241 ) ;
#3409 = DIRECTION ( 'NONE',  ( 0.000000000000000000, 1.000000000000000000, 0.000000000000000000 ) ) ;
#3410 = CARTESIAN_POINT ( 'NONE',  ( 160.2000000000000171, 151.7391149236989065, 11.00000000000000000 ) ) ;
#3411 = VECTOR ( 'NONE', #544, 1000.000000000000000 ) ;
#3412 = PLANE ( 'NONE',  #2101 ) ;
#3413 = VECTOR ( 'NONE', #3074, 1000.000000000000000 ) ;
#3414 = ORIENTED_EDGE ( 'NONE', *, *, #3041, .T. ) ;
#3415 = ORIENTED_EDGE ( 'NONE', *, *, #1908, .F. ) ;
#3416 = EDGE_CURVE ( 'NONE', #3033, #1450, #274, .T. ) ;
#3417 = DIRECTION ( 'NONE',  ( 0.000000000000000000, 0.000000000000000000, 1.000000000000000000 ) ) ;
#3418 = LOCAL_TIME ( 19, 24, 51.00000000000000000, #3475 ) ;
#3419 = LINE ( 'NONE', #3434, #131 ) ;
#3420 = LINE ( 'NONE', #2016, #3149 ) ;
#3421 = AXIS2_PLACEMENT_3D ( 'NONE', #2049, #953, #151 ) ;
#3422 = ORIENTED_EDGE ( 'NONE', *, *, #2372, .F. ) ;
#3423 = VERTEX_POINT ( 'NONE', #1348 ) ;
#3424 = DIRECTION ( 'NONE',  ( 1.000000000000000000, 0.000000000000000000, -0.000000000000000000 ) ) ;
#3425 = CARTESIAN_POINT ( 'NONE',  ( 233.0000000000000000, 96.79999999999995453, 11.00000000000000000 ) ) ;
#3426 = CARTESIAN_POINT ( 'NONE',  ( 233.0000000000000000, 2.799999999999972733, 20.99999999999999645 ) ) ;
#3427 = CARTESIAN_POINT ( 'NONE',  ( 141.2000000000001592, 98.29999999999994031, 0.9999999999999991118 ) ) ;
#3428 = DIRECTION ( 'NONE',  ( -0.000000000000000000, -0.000000000000000000, -1.000000000000000000 ) ) ;
#3429 = VECTOR ( 'NONE', #483, 1000.000000000000000 ) ;
#3430 = EDGE_LOOP ( 'NONE', ( #3431, #3333, #1746, #781 ) ) ;
#3431 = ORIENTED_EDGE ( 'NONE', *, *, #1862, .F. ) ;
#3432 = AXIS2_PLACEMENT_3D ( 'NONE', #877, #1405, #3439 ) ;
#3433 = DIRECTION ( 'NONE',  ( -0.000000000000000000, -0.000000000000000000, 1.000000000000000000 ) ) ;
#3434 = CARTESIAN_POINT ( 'NONE',  ( 218.5000000000000284, 136.0391149236989179, 0.9999999999999991118 ) ) ;
#3435 = EDGE_CURVE ( 'NONE', #1512, #925, #549, .T. ) ;
#3436 = FACE_BOUND ( 'NONE', #1072, .T. ) ;
#3437 = VERTEX_POINT ( 'NONE', #1679 ) ;
#3438 = ORIENTED_EDGE ( 'NONE', *, *, #2261, .F. ) ;
#3439 = DIRECTION ( 'NONE',  ( 1.000000000000000000, 0.000000000000000000, -0.000000000000000000 ) ) ;
#3440 = CARTESIAN_POINT ( 'NONE',  ( 0.000000000000000000, 0.000000000000000000, 3.000000000000000000 ) ) ;
#3441 = AXIS2_PLACEMENT_3D ( 'NONE', #3403, #1192, #358 ) ;
#3442 = EDGE_CURVE ( 'NONE', #175, #2757, #220, .T. ) ;
#3443 = EDGE_CURVE ( 'NONE', #82, #2183, #515, .T. ) ;
#3444 = VECTOR ( 'NONE', #245, 1000.000000000000000 ) ;
#3445 = CARTESIAN_POINT ( 'NONE',  ( 170.9000000000001762, 98.29999999999995453, 11.00000000000000000 ) ) ;
#3446 = DIRECTION ( 'NONE',  ( 1.000000000000000000, -0.000000000000000000, 0.000000000000000000 ) ) ;
#3447 = CARTESIAN_POINT ( 'NONE',  ( 233.0000000000000000, 116.7999999999999545, 3.000000000000000000 ) ) ;
#3448 = ORIENTED_EDGE ( 'NONE', *, *, #2816, .T. ) ;
#3449 = VERTEX_POINT ( 'NONE', #1623 ) ;
#3450 = CARTESIAN_POINT ( 'NONE',  ( 138.2000000000000171, 136.0391149236989179, 11.00000000000000000 ) ) ;
#3451 = CARTESIAN_POINT ( 'NONE',  ( 207.2000000000001592, 113.9999999999999574, 11.00000000000000000 ) ) ;
#3452 = DIRECTION ( 'NONE',  ( 0.000000000000000000, -0.000000000000000000, 1.000000000000000000 ) ) ;
#3453 = VERTEX_POINT ( 'NONE', #3572 ) ;
#3454 = ORIENTED_EDGE ( 'NONE', *, *, #2176, .T. ) ;
#3455 = VECTOR ( 'NONE', #1736, 1000.000000000000000 ) ;
#3456 = EDGE_CURVE ( 'NONE', #3227, #1727, #2742, .T. ) ;
#3457 = ORIENTED_EDGE ( 'NONE', *, *, #457, .T. ) ;
#3458 = FACE_OUTER_BOUND ( 'NONE', #3235, .T. ) ;
#3459 = FACE_OUTER_BOUND ( 'NONE', #232, .T. ) ;
#3460 = EDGE_CURVE ( 'NONE', #2783, #2812, #2225, .T. ) ;
#3461 = FACE_OUTER_BOUND ( 'NONE', #1054, .T. ) ;
#3462 = LINE ( 'NONE', #109, #375 ) ;
#3463 = CARTESIAN_POINT ( 'NONE',  ( 174.5000000000000568, 136.0391149236989179, 11.00000000000000000 ) ) ;
#3464 = VERTEX_POINT ( 'NONE', #1952 ) ;
#3465 = ORIENTED_EDGE ( 'NONE', *, *, #1676, .T. ) ;
#3466 = VECTOR ( 'NONE', #140, 1000.000000000000000 ) ;
#3467 = EDGE_CURVE ( 'NONE', #3404, #1465, #3553, .T. ) ;
#3468 = CARTESIAN_POINT ( 'NONE',  ( 116.2000000000000313, 136.0391149236989179, 11.00000000000000000 ) ) ;
#3469 = CARTESIAN_POINT ( 'NONE',  ( 229.2000000000001592, 98.29999999999995453, 0.9999999999999991118 ) ) ;
#3470 = VECTOR ( 'NONE', #1713, 1000.000000000000000 ) ;
#3471 = FACE_OUTER_BOUND ( 'NONE', #1949, .T. ) ;
#3472 = ORIENTED_EDGE ( 'NONE', *, *, #1231, .T. ) ;
#3473 = ORGANIZATION ( 'æœª', 'æœª', '' ) ;
#3474 = ORIENTED_EDGE ( 'NONE', *, *, #3332, .F. ) ;
#3475 = COORDINATED_UNIVERSAL_TIME_OFFSET ( 8, 0, .AHEAD. ) ;
#3476 = CARTESIAN_POINT ( 'NONE',  ( 28.20000000000003126, 151.7391149236989065, 0.9999999999999991118 ) ) ;
#3477 = DIRECTION ( 'NONE',  ( 0.000000000000000000, 0.000000000000000000, -1.000000000000000000 ) ) ;
#3478 = VECTOR ( 'NONE', #223, 1000.000000000000000 ) ;
#3479 = PLANE ( 'NONE',  #569 ) ;
#3480 = DIRECTION ( 'NONE',  ( 0.000000000000000000, 0.000000000000000000, 1.000000000000000000 ) ) ;
#3481 = EDGE_CURVE ( 'NONE', #1188, #1439, #3588, .T. ) ;
#3482 = PRODUCT ( '\X2\58f34f53\X0\', '\X2\58f34f53\X0\', '', ( #3253 ) ) ;
#3483 = DIRECTION ( 'NONE',  ( 0.000000000000000000, 1.000000000000000000, 0.000000000000000000 ) ) ;
#3484 = DIRECTION ( 'NONE',  ( 0.000000000000000000, 0.000000000000000000, -1.000000000000000000 ) ) ;
#3485 = EDGE_CURVE ( 'NONE', #2475, #561, #567, .T. ) ;
#3486 = EDGE_CURVE ( 'NONE', #1451, #1632, #3036, .T. ) ;
#3487 = ORIENTED_EDGE ( 'NONE', *, *, #512, .F. ) ;
#3488 = FACE_OUTER_BOUND ( 'NONE', #1678, .T. ) ;
#3489 = DIRECTION ( 'NONE',  ( -0.000000000000000000, -0.000000000000000000, 1.000000000000000000 ) ) ;
#3490 = DIRECTION ( 'NONE',  ( 0.000000000000000000, -1.000000000000000000, -0.000000000000000000 ) ) ;
#3491 = CC_DESIGN_PERSON_AND_ORGANIZATION_ASSIGNMENT ( #2956, #1548, ( #2704 ) ) ;
#3492 = ORIENTED_EDGE ( 'NONE', *, *, #777, .F. ) ;
#3493 = ORIENTED_EDGE ( 'NONE', *, *, #2399, .F. ) ;
#3494 = VECTOR ( 'NONE', #2647, 1000.000000000000000 ) ;
#3495 = ORIENTED_EDGE ( 'NONE', *, *, #2015, .T. ) ;
#3496 = APPLICATION_PROTOCOL_DEFINITION ( 'international standard', 'config_control_design', 1994, #2674 ) ;
#3497 = CARTESIAN_POINT ( 'NONE',  ( 204.2000000000000171, 136.0391149236989179, 11.00000000000000000 ) ) ;
#3498 = PLANE ( 'NONE',  #696 ) ;
#3499 = VERTEX_POINT ( 'NONE', #3093 ) ;
#3500 = DIRECTION ( 'NONE',  ( -0.000000000000000000, -1.000000000000000000, -0.000000000000000000 ) ) ;
#3501 = CARTESIAN_POINT ( 'NONE',  ( -109.9999999999999858, -1.327440572921382621E-14, 0.9999999999999991118 ) ) ;
#3502 = AXIS2_PLACEMENT_3D ( 'NONE', #30, #2811, #323 ) ;
#3503 = CARTESIAN_POINT ( 'NONE',  ( 16.90000000000016556, 98.29999999999992610, 11.00000000000000000 ) ) ;
#3504 = EDGE_CURVE ( 'NONE', #12, #800, #1442, .T. ) ;
#3505 = DIRECTION ( 'NONE',  ( 1.000000000000000000, 0.000000000000000000, 0.000000000000000000 ) ) ;
#3506 = EDGE_LOOP ( 'NONE', ( #2795, #3492, #695, #1797 ) ) ;
#3507 = EDGE_CURVE ( 'NONE', #2017, #875, #2568, .T. ) ;
#3508 = DIRECTION ( 'NONE',  ( 1.000000000000000000, 0.000000000000000000, 0.000000000000000000 ) ) ;
#3509 = FACE_BOUND ( 'NONE', #3430, .T. ) ;
#3510 = LINE ( 'NONE', #2675, #2375 ) ;
#3511 = ORIENTED_EDGE ( 'NONE', *, *, #1528, .T. ) ;
#3512 = ORIENTED_EDGE ( 'NONE', *, *, #2803, .T. ) ;
#3513 = EDGE_LOOP ( 'NONE', ( #1229, #123, #580, #1037 ) ) ;
#3514 = DATE_AND_TIME ( #2936, #843 ) ;
#3515 = CARTESIAN_POINT ( 'NONE',  ( 229.2000000000001592, 113.9999999999999574, 11.00000000000000000 ) ) ;
#3516 = LINE ( 'NONE', #2133, #1273 ) ;
#3517 = VECTOR ( 'NONE', #1047, 1000.000000000000000 ) ;
#3518 = ADVANCED_FACE ( 'NONE', ( #84 ), #2832, .T. ) ;
#3519 = DIRECTION ( 'NONE',  ( -0.000000000000000000, -0.000000000000000000, 1.000000000000000000 ) ) ;
#3520 = PLANE ( 'NONE',  #83 ) ;
#3521 = DIRECTION ( 'NONE',  ( -0.000000000000000000, -0.000000000000000000, 1.000000000000000000 ) ) ;
#3522 = LINE ( 'NONE', #1005, #870 ) ;
#3523 = VERTEX_POINT ( 'NONE', #50 ) ;
#3524 = ORIENTED_EDGE ( 'NONE', *, *, #2048, .F. ) ;
#3525 = PLANE ( 'NONE',  #2175 ) ;
#3526 = DIRECTION ( 'NONE',  ( 0.000000000000000000, -0.000000000000000000, 1.000000000000000000 ) ) ;
#3527 = EDGE_CURVE ( 'NONE', #2959, #2713, #34, .T. ) ;
#3528 = VERTEX_POINT ( 'NONE', #1424 ) ;
#3529 = EDGE_LOOP ( 'NONE', ( #849, #48, #2129, #2570 ) ) ;
#3530 = ORIENTED_EDGE ( 'NONE', *, *, #411, .T. ) ;
#3531 = APPROVAL_ROLE ( '' ) ;
#3532 = DIRECTION ( 'NONE',  ( 0.000000000000000000, -0.000000000000000000, 1.000000000000000000 ) ) ;
#3533 = CARTESIAN_POINT ( 'NONE',  ( 207.2000000000001592, 113.9999999999999574, 0.9999999999999991118 ) ) ;
#3534 = EDGE_CURVE ( 'NONE', #1224, #3148, #1143, .T. ) ;
#3535 = VERTEX_POINT ( 'NONE', #1712 ) ;
#3536 = LINE ( 'NONE', #1003, #2245 ) ;
#3537 = AXIS2_PLACEMENT_3D ( 'NONE', #2763, #259, #1372 ) ;
#3538 = DIRECTION ( 'NONE',  ( 0.000000000000000000, 0.000000000000000000, 1.000000000000000000 ) ) ;
#3539 = VECTOR ( 'NONE', #1295, 1000.000000000000000 ) ;
#3540 = LINE ( 'NONE', #2967, #1334 ) ;
#3541 = ORIENTED_EDGE ( 'NONE', *, *, #1780, .T. ) ;
#3542 = CARTESIAN_POINT ( 'NONE',  ( 233.0000000000000000, 14.99999999999997158, 20.99999999999999645 ) ) ;
#3543 = CARTESIAN_POINT ( 'NONE',  ( 0.000000000000000000, 0.000000000000000000, 13.00000000000000178 ) ) ;
#3544 = EDGE_LOOP ( 'NONE', ( #636, #1124, #952, #408 ) ) ;
#3545 = ORIENTED_EDGE ( 'NONE', *, *, #2063, .T. ) ;
#3546 = CARTESIAN_POINT ( 'NONE',  ( 3.000000000000002665, 161.8000000000000398, 20.99999999999999645 ) ) ;
#3547 = EDGE_CURVE ( 'NONE', #911, #1194, #909, .T. ) ;
#3548 = CARTESIAN_POINT ( 'NONE',  ( 0.000000000000000000, 0.000000000000000000, 0.000000000000000000 ) ) ;
#3549 = DIRECTION ( 'NONE',  ( 1.000000000000000000, 0.000000000000000000, 0.000000000000000000 ) ) ;
#3550 = CARTESIAN_POINT ( 'NONE',  ( 108.5000000000000426, 136.0391149236989179, 0.9999999999999991118 ) ) ;
#3551 = ORIENTED_EDGE ( 'NONE', *, *, #1534, .T. ) ;
#3552 = VECTOR ( 'NONE', #1574, 1000.000000000000000 ) ;
#3553 = LINE ( 'NONE', #239, #1558 ) ;
#3554 = ADVANCED_FACE ( 'NONE', ( #2312 ), #856, .T. ) ;
#3555 = EDGE_CURVE ( 'NONE', #2775, #1710, #621, .T. ) ;
#3556 = CARTESIAN_POINT ( 'NONE',  ( 3.000000000000017764, 14.99999999999997158, 20.99999999999999645 ) ) ;
#3557 = VECTOR ( 'NONE', #1108, 1000.000000000000000 ) ;
#3558 = DIRECTION ( 'NONE',  ( 0.000000000000000000, 1.000000000000000000, -0.000000000000000000 ) ) ;
#3559 = LINE ( 'NONE', #774, #2970 ) ;
#3560 = VECTOR ( 'NONE', #1913, 1000.000000000000000 ) ;
#3561 = ORIENTED_EDGE ( 'NONE', *, *, #271, .F. ) ;
#3562 = VECTOR ( 'NONE', #1132, 1000.000000000000000 ) ;
#3563 = PLANE ( 'NONE',  #934 ) ;
#3564 = CARTESIAN_POINT ( 'NONE',  ( 38.90000000000015490, 98.29999999999992610, 0.9999999999999991118 ) ) ;
#3565 = EDGE_LOOP ( 'NONE', ( #3327, #1205 ) ) ;
#3566 = ORIENTED_EDGE ( 'NONE', *, *, #193, .T. ) ;
#3567 = ORIENTED_EDGE ( 'NONE', *, *, #52, .T. ) ;
#3568 = DIRECTION ( 'NONE',  ( 1.000000000000000000, -0.000000000000000000, 0.000000000000000000 ) ) ;
#3569 = EDGE_LOOP ( 'NONE', ( #2315, #1251, #1083, #376 ) ) ;
#3570 = EDGE_LOOP ( 'NONE', ( #1743, #2258, #3405, #919 ) ) ;
#3571 = EDGE_CURVE ( 'NONE', #336, #3601, #1744, .T. ) ;
#3572 = CARTESIAN_POINT ( 'NONE',  ( 50.20000000000002416, 136.0391149236989179, 0.9999999999999991118 ) ) ;
#3573 = CARTESIAN_POINT ( 'NONE',  ( 15.00000000000006928, 8.800000000000451905, 3.799999999999997158 ) ) ;
#3574 = ADVANCED_FACE ( 'NONE', ( #3160 ), #927, .T. ) ;
#3575 = DIRECTION ( 'NONE',  ( 0.000000000000000000, -0.000000000000000000, 1.000000000000000000 ) ) ;
#3576 = CARTESIAN_POINT ( 'NONE',  ( 207.2000000000001592, 98.29999999999995453, 11.00000000000000000 ) ) ;
#3577 = CARTESIAN_POINT ( 'NONE',  ( 116.2000000000000313, 151.7391149236989065, 11.00000000000000000 ) ) ;
#3578 = EDGE_CURVE ( 'NONE', #58, #1512, #1196, .T. ) ;
#3579 = ORIENTED_EDGE ( 'NONE', *, *, #1563, .T. ) ;
#3580 = FACE_OUTER_BOUND ( 'NONE', #1046, .T. ) ;
#3581 = CARTESIAN_POINT ( 'NONE',  ( 3.000000000000017764, 14.99999999999997158, 8.999999999999998224 ) ) ;
#3582 = ORIENTED_EDGE ( 'NONE', *, *, #3481, .T. ) ;
#3583 = EDGE_CURVE ( 'NONE', #3625, #2310, #2020, .T. ) ;
#3584 = ORIENTED_EDGE ( 'NONE', *, *, #577, .F. ) ;
#3585 = LINE ( 'NONE', #2717, #1475 ) ;
#3586 = FACE_OUTER_BOUND ( 'NONE', #868, .T. ) ;
#3587 = VECTOR ( 'NONE', #1417, 1000.000000000000000 ) ;
#3588 = LINE ( 'NONE', #1073, #2665 ) ;
#3589 = DIRECTION ( 'NONE',  ( 1.000000000000000000, 0.000000000000000000, 0.000000000000000000 ) ) ;
#3590 = VECTOR ( 'NONE', #2569, 1000.000000000000000 ) ;
#3591 = DIRECTION ( 'NONE',  ( 0.000000000000000000, 1.000000000000000000, 0.000000000000000000 ) ) ;
#3592 = CARTESIAN_POINT ( 'NONE',  ( 53.20000000000016627, 113.9999999999999289, 0.9999999999999991118 ) ) ;
#3593 = EDGE_CURVE ( 'NONE', #3099, #2011, #2003, .T. ) ;
#3594 = DIRECTION ( 'NONE',  ( -1.000000000000000000, -1.206764157201257291E-16, 0.000000000000000000 ) ) ;
#3595 = VECTOR ( 'NONE', #1085, 1000.000000000000000 ) ;
#3596 = ADVANCED_FACE ( 'NONE', ( #344 ), #3144, .F. ) ;
#3597 = EDGE_CURVE ( 'NONE', #2418, #1298, #639, .T. ) ;
#3598 = LINE ( 'NONE', #1062, #2335 ) ;
#3599 = CARTESIAN_POINT ( 'NONE',  ( 108.5000000000000426, 136.0391149236989179, 0.9999999999999991118 ) ) ;
#3600 = ORIENTED_EDGE ( 'NONE', *, *, #679, .T. ) ;
#3601 = VERTEX_POINT ( 'NONE', #655 ) ;
#3602 = LINE ( 'NONE', #2496, #3595 ) ;
#3603 = LINE ( 'NONE', #1086, #1299 ) ;
#3604 = DIRECTION ( 'NONE',  ( -1.000000000000000000, -0.000000000000000000, -0.000000000000000000 ) ) ;
#3605 = EDGE_LOOP ( 'NONE', ( #1394, #1346, #1671, #1414 ) ) ;
#3606 = ORIENTED_EDGE ( 'NONE', *, *, #2701, .F. ) ;
#3607 = LINE ( 'NONE', #494, #390 ) ;
#3608 = FACE_OUTER_BOUND ( 'NONE', #2053, .T. ) ;
#3609 = VECTOR ( 'NONE', #1634, 1000.000000000000000 ) ;
#3610 = VECTOR ( 'NONE', #1552, 1000.000000000000000 ) ;
#3611 = DIRECTION ( 'NONE',  ( 0.8571673007021104462, 0.000000000000000000, 0.5150380749100574862 ) ) ;
#3612 = PLANE ( 'NONE',  #1014 ) ;
#3613 = FACE_OUTER_BOUND ( 'NONE', #113, .T. ) ;
#3614 = EDGE_CURVE ( 'NONE', #743, #136, #2797, .T. ) ;
#3615 = VECTOR ( 'NONE', #3193, 1000.000000000000000 ) ;
#3616 = CARTESIAN_POINT ( 'NONE',  ( 214.9000000000001478, 98.29999999999995453, 0.9999999999999991118 ) ) ;
#3617 = LINE ( 'NONE', #2492, #2146 ) ;
#3618 = VERTEX_POINT ( 'NONE', #14 ) ;
#3619 = ORIENTED_EDGE ( 'NONE', *, *, #3534, .F. ) ;
#3620 = VECTOR ( 'NONE', #993, 1000.000000000000000 ) ;
#3621 = EDGE_CURVE ( 'NONE', #1702, #2116, #2243, .T. ) ;
#3622 = DIRECTION ( 'NONE',  ( 1.206764157201257291E-16, -1.000000000000000000, 0.000000000000000000 ) ) ;
#3623 = LINE ( 'NONE', #490, #1705 ) ;
#3624 = LINE ( 'NONE', #1604, #3204 ) ;
#3625 = VERTEX_POINT ( 'NONE', #728 ) ;
#3626 = VERTEX_POINT ( 'NONE', #2148 ) ;
#3627 = CARTESIAN_POINT ( 'NONE',  ( 3.000000000000007550, 116.7999999999999545, 3.000000000000000000 ) ) ;
#3628 = FACE_OUTER_BOUND ( 'NONE', #1701, .T. ) ;
ENDSEC;
END-ISO-10303-21;
