ISO-10303-21;
HEADER;
FILE_DESCRIPTION (( 'STEP AP203' ),
    '1' );
FILE_NAME ('¿ÇÌå-2.STEP',
    '2025-12-08T11:24:28',
    ( '' ),
    ( '' ),
    'SwSTEP 2.0',
    'SolidWorks 2025',
    '' );
FILE_SCHEMA (( 'CONFIG_CONTROL_DESIGN' ));
ENDSEC;

DATA;
#1 = ORIENTED_EDGE ( 'NONE', *, *, #1483, .T. ) ;
#2 = DIRECTION ( 'NONE',  ( 0.000000000000000000, -1.000000000000000000, -0.000000000000000000 ) ) ;
#3 = APPROVAL_DATE_TIME ( #3361, #3425 ) ;
#4 = LINE ( 'NONE', #2226, #488 ) ;
#5 = VERTEX_POINT ( 'NONE', #1283 ) ;
#6 = FACE_OUTER_BOUND ( 'NONE', #997, .T. ) ;
#7 = DIRECTION ( 'NONE',  ( 1.000000000000000000, -0.000000000000000000, -0.000000000000000000 ) ) ;
#8 = ORIENTED_EDGE ( 'NONE', *, *, #2812, .T. ) ;
#9 = CARTESIAN_POINT ( 'NONE',  ( 81.19999999999998863, 136.2391149236989349, 0.9999999999999991118 ) ) ;
#10 = CARTESIAN_POINT ( 'NONE',  ( 59.20000000000000284, 136.2391149236989349, 0.9999999999999991118 ) ) ;
#11 = VECTOR ( 'NONE', #227, 1000.000000000000000 ) ;
#12 = LINE ( 'NONE', #278, #1641 ) ;
#13 = ADVANCED_FACE ( 'NONE', ( #168 ), #3210, .F. ) ;
#14 = VERTEX_POINT ( 'NONE', #1521 ) ;
#15 = CARTESIAN_POINT ( 'NONE',  ( 73.50000000000001421, 151.9391149236989236, 0.9999999999999991118 ) ) ;
#16 = EDGE_CURVE ( 'NONE', #1948, #5, #2874, .T. ) ;
#17 = AXIS2_PLACEMENT_3D ( 'NONE', #154, #2372, #135 ) ;
#18 = FACE_OUTER_BOUND ( 'NONE', #2049, .T. ) ;
#19 = COORDINATED_UNIVERSAL_TIME_OFFSET ( 8, 0, .AHEAD. ) ;
#20 = ORIENTED_EDGE ( 'NONE', *, *, #666, .F. ) ;
#21 = CARTESIAN_POINT ( 'NONE',  ( 91.90000000000000568, 98.49999999999997158, 11.00000000000000000 ) ) ;
#22 = EDGE_CURVE ( 'NONE', #2088, #2506, #1507, .T. ) ;
#23 = VECTOR ( 'NONE', #667, 1000.000000000000000 ) ;
#24 = CALENDAR_DATE ( 2025, 8, 12 ) ;
#25 = LINE ( 'NONE', #1423, #1180 ) ;
#26 = EDGE_LOOP ( 'NONE', ( #2452, #1042, #2491, #1166 ) ) ;
#27 = FACE_BOUND ( 'NONE', #1480, .T. ) ;
#28 = VECTOR ( 'NONE', #1627, 1000.000000000000000 ) ;
#29 = CARTESIAN_POINT ( 'NONE',  ( 29.50000000000002487, 136.2391149236989349, 0.9999999999999991118 ) ) ;
#30 = VECTOR ( 'NONE', #1281, 1000.000000000000000 ) ;
#31 = VERTEX_POINT ( 'NONE', #3509 ) ;
#32 = DIRECTION ( 'NONE',  ( -0.000000000000000000, -1.000000000000000000, -0.000000000000000000 ) ) ;
#33 = EDGE_LOOP ( 'NONE', ( #1458, #777, #1430, #2296 ) ) ;
#34 = FACE_OUTER_BOUND ( 'NONE', #3209, .T. ) ;
#35 = ORIENTED_EDGE ( 'NONE', *, *, #3031, .T. ) ;
#36 = CARTESIAN_POINT ( 'NONE',  ( 194.2000000000000171, 98.49999999999997158, 11.00000000000000000 ) ) ;
#37 = CIRCLE ( 'NONE', #739, 1.899999999999985034 ) ;
#38 = CARTESIAN_POINT ( 'NONE',  ( 40.20000000000001705, 98.49999999999997158, 0.9999999999999991118 ) ) ;
#39 = VECTOR ( 'NONE', #1340, 1000.000000000000000 ) ;
#40 = EDGE_LOOP ( 'NONE', ( #652, #679, #1629, #3134 ) ) ;
#41 = CARTESIAN_POINT ( 'NONE',  ( 191.2000000000000171, 136.2391149236989349, 0.9999999999999991118 ) ) ;
#42 = VECTOR ( 'NONE', #537, 1000.000000000000000 ) ;
#43 = FACE_OUTER_BOUND ( 'NONE', #2394, .T. ) ;
#44 = CALENDAR_DATE ( 2025, 8, 12 ) ;
#45 = ADVANCED_FACE ( 'NONE', ( #726 ), #2903, .F. ) ;
#46 = LINE ( 'NONE', #1119, #3439 ) ;
#47 = EDGE_LOOP ( 'NONE', ( #383, #1765, #2718, #2597 ) ) ;
#48 = FACE_OUTER_BOUND ( 'NONE', #2042, .T. ) ;
#49 = LINE ( 'NONE', #29, #2313 ) ;
#50 = FACE_OUTER_BOUND ( 'NONE', #186, .T. ) ;
#51 = EDGE_CURVE ( 'NONE', #3353, #2942, #3445, .T. ) ;
#52 = ORIENTED_EDGE ( 'NONE', *, *, #2894, .T. ) ;
#53 = DIRECTION ( 'NONE',  ( -1.000000000000000000, -0.000000000000000000, -0.000000000000000000 ) ) ;
#54 = ORIENTED_EDGE ( 'NONE', *, *, #941, .F. ) ;
#55 = CARTESIAN_POINT ( 'NONE',  ( 95.50000000000000000, 136.2391149236989349, 0.9999999999999991118 ) ) ;
#56 = ORIENTED_EDGE ( 'NONE', *, *, #740, .F. ) ;
#57 = FACE_OUTER_BOUND ( 'NONE', #1262, .T. ) ;
#58 = DIRECTION ( 'NONE',  ( 1.000000000000000000, 0.000000000000000000, -0.000000000000000000 ) ) ;
#59 = ORIENTED_EDGE ( 'NONE', *, *, #2323, .F. ) ;
#60 = FACE_OUTER_BOUND ( 'NONE', #1289, .T. ) ;
#61 = DIRECTION ( 'NONE',  ( 1.000000000000000000, 1.206764157201257045E-16, -0.000000000000000000 ) ) ;
#62 = ORIENTED_EDGE ( 'NONE', *, *, #3105, .T. ) ;
#63 = ADVANCED_FACE ( 'NONE', ( #710, #1834, #3492, #692, #458, #2919, #2145, #1814 ), #2631, .T. ) ;
#64 = PLANE ( 'NONE',  #2235 ) ;
#65 = EDGE_CURVE ( 'NONE', #3179, #758, #2395, .T. ) ;
#66 = CARTESIAN_POINT ( 'NONE',  ( 62.20000000000000284, 114.1999999999999744, 11.00000000000000000 ) ) ;
#67 = DIRECTION ( 'NONE',  ( 1.000000000000000000, 1.206764157201257045E-16, 0.000000000000000000 ) ) ;
#68 = CARTESIAN_POINT ( 'NONE',  ( 7.500000000000034639, 136.2391149236989349, 0.9999999999999991118 ) ) ;
#69 = EDGE_CURVE ( 'NONE', #2486, #1110, #748, .T. ) ;
#70 = CONICAL_SURFACE ( 'NONE', #536, 1.899999999999985034, 1.029744258676653423 ) ;
#71 = VERTEX_POINT ( 'NONE', #2771 ) ;
#72 = CARTESIAN_POINT ( 'NONE',  ( 169.2000000000000171, 136.2391149236989349, 0.9999999999999991118 ) ) ;
#73 = VERTEX_POINT ( 'NONE', #3259 ) ;
#74 = PLANE ( 'NONE',  #2586 ) ;
#75 = VECTOR ( 'NONE', #687, 1000.000000000000000 ) ;
#76 = CARTESIAN_POINT ( 'NONE',  ( 150.1999999999999886, 98.49999999999997158, 0.9999999999999991118 ) ) ;
#77 = VERTEX_POINT ( 'NONE', #2719 ) ;
#78 = VECTOR ( 'NONE', #760, 1000.000000000000000 ) ;
#79 = CARTESIAN_POINT ( 'NONE',  ( 194.2000000000000171, 98.49999999999997158, 0.9999999999999991118 ) ) ;
#80 = VECTOR ( 'NONE', #2658, 1000.000000000000000 ) ;
#81 = APPLICATION_PROTOCOL_DEFINITION ( 'international standard', 'config_control_design', 1994, #2264 ) ;
#82 = DIRECTION ( 'NONE',  ( -0.000000000000000000, -0.000000000000000000, 1.000000000000000000 ) ) ;
#83 = CARTESIAN_POINT ( 'NONE',  ( 227.5000000000000000, 151.9391149236989236, 0.9999999999999991118 ) ) ;
#84 = ORIENTED_EDGE ( 'NONE', *, *, #970, .T. ) ;
#85 = DIRECTION ( 'NONE',  ( 1.000000000000000000, -0.000000000000000000, 0.000000000000000000 ) ) ;
#86 = AXIS2_PLACEMENT_3D ( 'NONE', #854, #892, #2197 ) ;
#87 = CARTESIAN_POINT ( 'NONE',  ( 7.500000000000034639, 151.9391149236989236, 11.00000000000000000 ) ) ;
#88 = EDGE_CURVE ( 'NONE', #3050, #2481, #826, .T. ) ;
#89 = PLANE ( 'NONE',  #3318 ) ;
#90 = ADVANCED_FACE ( 'NONE', ( #3022 ), #1372, .F. ) ;
#91 = ORIENTED_EDGE ( 'NONE', *, *, #2294, .F. ) ;
#92 = AXIS2_PLACEMENT_3D ( 'NONE', #3308, #3292, #759 ) ;
#93 = VECTOR ( 'NONE', #3071, 1000.000000000000000 ) ;
#94 = VERTEX_POINT ( 'NONE', #2989 ) ;
#95 = FACE_OUTER_BOUND ( 'NONE', #2571, .T. ) ;
#96 = VERTEX_POINT ( 'NONE', #2751 ) ;
#97 = VECTOR ( 'NONE', #885, 1000.000000000000000 ) ;
#98 = DIRECTION ( 'NONE',  ( 1.000000000000000000, -0.000000000000000000, -0.000000000000000000 ) ) ;
#99 = EDGE_CURVE ( 'NONE', #2579, #565, #1885, .T. ) ;
#100 = EDGE_LOOP ( 'NONE', ( #3349, #2115, #979, #3522 ) ) ;
#101 = CARTESIAN_POINT ( 'NONE',  ( 183.5000000000000000, 136.2391149236989349, 0.9999999999999991118 ) ) ;
#102 = EDGE_CURVE ( 'NONE', #1966, #3413, #506, .T. ) ;
#103 = CARTESIAN_POINT ( 'NONE',  ( 0.000000000000000000, 0.000000000000000000, 20.99999999999999645 ) ) ;
#105 = ORIENTED_EDGE ( 'NONE', *, *, #524, .F. ) ;
#104 = AXIS2_PLACEMENT_3D ( 'NONE', #244, #2455, #3552 ) ;
#106 = DIRECTION ( 'NONE',  ( 1.000000000000000000, -0.000000000000000000, -0.000000000000000000 ) ) ;
#107 = VECTOR ( 'NONE', #678, 1000.000000000000000 ) ;
#108 = DIRECTION ( 'NONE',  ( 1.000000000000000000, 0.000000000000000000, 0.000000000000000000 ) ) ;
#109 = ORIENTED_EDGE ( 'NONE', *, *, #1959, .T. ) ;
#110 = LINE ( 'NONE', #910, #2240 ) ;
#111 = AXIS2_PLACEMENT_3D ( 'NONE', #1854, #1083, #2651 ) ;
#112 = DIRECTION ( 'NONE',  ( 0.000000000000000000, -1.000000000000000000, -0.000000000000000000 ) ) ;
#113 = EDGE_LOOP ( 'NONE', ( #3302, #1989, #3464, #2456 ) ) ;
#114 = ORIENTED_EDGE ( 'NONE', *, *, #941, .T. ) ;
#115 = DIRECTION ( 'NONE',  ( 0.000000000000000000, 0.000000000000000000, -1.000000000000000000 ) ) ;
#116 = ORIENTED_EDGE ( 'NONE', *, *, #144, .F. ) ;
#117 = DIRECTION ( 'NONE',  ( 0.000000000000000000, -0.000000000000000000, 1.000000000000000000 ) ) ;
#118 = EDGE_LOOP ( 'NONE', ( #873, #2862, #2946, #2108 ) ) ;
#119 = EDGE_CURVE ( 'NONE', #3537, #712, #2430, .T. ) ;
#120 = DIRECTION ( 'NONE',  ( 1.000000000000000000, -0.000000000000000000, -0.000000000000000000 ) ) ;
#121 = DIRECTION ( 'NONE',  ( -0.8571673007021120005, 1.049727191138618326E-16, 0.5150380749100547106 ) ) ;
#122 = ORIENTED_EDGE ( 'NONE', *, *, #1529, .T. ) ;
#123 = CARTESIAN_POINT ( 'NONE',  ( 106.2000000000000171, 114.1999999999999744, 0.9999999999999991118 ) ) ;
#124 = CARTESIAN_POINT ( 'NONE',  ( 216.2000000000000171, 98.49999999999997158, 0.9999999999999991118 ) ) ;
#125 = CARTESIAN_POINT ( 'NONE',  ( 205.5000000000000284, 151.9391149236989236, 0.9999999999999991118 ) ) ;
#126 = ORIENTED_EDGE ( 'NONE', *, *, #805, .F. ) ;
#127 = LINE ( 'NONE', #468, #3161 ) ;
#128 = CARTESIAN_POINT ( 'NONE',  ( 37.20000000000000995, 136.2391149236989349, 0.9999999999999991118 ) ) ;
#129 = VERTEX_POINT ( 'NONE', #289 ) ;
#130 = DIRECTION ( 'NONE',  ( 1.000000000000000000, 0.000000000000000000, -0.000000000000000000 ) ) ;
#131 = CARTESIAN_POINT ( 'NONE',  ( 73.50000000000001421, 136.2391149236989349, 0.9999999999999991118 ) ) ;
#132 = VERTEX_POINT ( 'NONE', #1956 ) ;
#133 = CARTESIAN_POINT ( 'NONE',  ( 201.9000000000000057, 114.1999999999999744, 0.9999999999999991118 ) ) ;
#134 = VERTEX_POINT ( 'NONE', #1921 ) ;
#135 = DIRECTION ( 'NONE',  ( -1.000000000000000000, -1.206764157201257045E-16, 0.000000000000000000 ) ) ;
#136 = FACE_OUTER_BOUND ( 'NONE', #517, .T. ) ;
#137 = EDGE_CURVE ( 'NONE', #232, #2579, #2499, .T. ) ;
#138 = ADVANCED_FACE ( 'NONE', ( #6 ), #2159, .F. ) ;
#139 = EDGE_LOOP ( 'NONE', ( #2307, #2392, #1973, #2560 ) ) ;
#140 = DIRECTION ( 'NONE',  ( -0.000000000000000000, -0.000000000000000000, -1.000000000000000000 ) ) ;
#141 = AXIS2_PLACEMENT_3D ( 'NONE', #2352, #2598, #115 ) ;
#142 = DIRECTION ( 'NONE',  ( -0.000000000000000000, -0.000000000000000000, -1.000000000000000000 ) ) ;
#143 = VECTOR ( 'NONE', #2330, 1000.000000000000000 ) ;
#144 = EDGE_CURVE ( 'NONE', #2823, #2073, #2461, .T. ) ;
#145 = VERTEX_POINT ( 'NONE', #792 ) ;
#146 = LINE ( 'NONE', #195, #2699 ) ;
#147 = DIRECTION ( 'NONE',  ( 0.000000000000000000, -0.000000000000000000, 1.000000000000000000 ) ) ;
#148 = ORIENTED_EDGE ( 'NONE', *, *, #180, .T. ) ;
#149 = ORIENTED_EDGE ( 'NONE', *, *, #1112, .T. ) ;
#150 = VECTOR ( 'NONE', #3497, 1000.000000000000000 ) ;
#151 = CARTESIAN_POINT ( 'NONE',  ( 183.5000000000000000, 151.9391149236989236, 0.9999999999999991118 ) ) ;
#152 = AXIS2_PLACEMENT_3D ( 'NONE', #1949, #606, #575 ) ;
#153 = EDGE_LOOP ( 'NONE', ( #3378, #580, #2807, #416 ) ) ;
#154 = CARTESIAN_POINT ( 'NONE',  ( 230.0000000000000000, 97.00000000000000000, 11.00000000000000000 ) ) ;
#155 = DIRECTION ( 'NONE',  ( -0.000000000000000000, -0.000000000000000000, 1.000000000000000000 ) ) ;
#156 = ORIENTED_EDGE ( 'NONE', *, *, #1850, .T. ) ;
#157 = PLANE ( 'NONE',  #1537 ) ;
#158 = CARTESIAN_POINT ( 'NONE',  ( 40.20000000000001705, 98.49999999999997158, 0.9999999999999991118 ) ) ;
#159 = VECTOR ( 'NONE', #2764, 1000.000000000000000 ) ;
#160 = ORIENTED_EDGE ( 'NONE', *, *, #1204, .F. ) ;
#161 = LINE ( 'NONE', #1566, #205 ) ;
#162 = AXIS2_PLACEMENT_3D ( 'NONE', #38, #3358, #879 ) ;
#163 = ADVANCED_FACE ( 'NONE', ( #1391 ), #1589, .F. ) ;
#164 = AXIS2_PLACEMENT_3D ( 'NONE', #999, #1033, #2954 ) ;
#165 = CARTESIAN_POINT ( 'NONE',  ( 150.1999999999999886, 114.1999999999999744, 0.9999999999999991118 ) ) ;
#166 = VECTOR ( 'NONE', #2357, 1000.000000000000000 ) ;
#167 = VERTEX_POINT ( 'NONE', #1336 ) ;
#168 = FACE_OUTER_BOUND ( 'NONE', #2316, .T. ) ;
#169 = EDGE_CURVE ( 'NONE', #791, #3430, #2482, .T. ) ;
#170 = APPROVAL ( #3073, 'æœª' ) ;
#171 = CARTESIAN_POINT ( 'NONE',  ( 161.5000000000000000, 136.2391149236989349, 11.00000000000000000 ) ) ;
#172 = ORIENTED_EDGE ( 'NONE', *, *, #1333, .T. ) ;
#173 = CARTESIAN_POINT ( 'NONE',  ( 29.50000000000002487, 136.2391149236989349, 11.00000000000000000 ) ) ;
#174 = LINE ( 'NONE', #753, #2655 ) ;
#175 = ORIENTED_EDGE ( 'NONE', *, *, #1272, .T. ) ;
#176 = CARTESIAN_POINT ( 'NONE',  ( 40.20000000000001705, 98.49999999999997158, 11.00000000000000000 ) ) ;
#177 = CARTESIAN_POINT ( 'NONE',  ( 230.0000000000000000, 97.00000000000000000, 11.00000000000000000 ) ) ;
#178 = ORIENTED_EDGE ( 'NONE', *, *, #2975, .T. ) ;
#179 = CARTESIAN_POINT ( 'NONE',  ( 47.89999999999999858, 114.1999999999999744, 11.00000000000000000 ) ) ;
#180 = EDGE_CURVE ( 'NONE', #2276, #1212, #1121, .T. ) ;
#181 = DIRECTION ( 'NONE',  ( -0.000000000000000000, -1.000000000000000000, -0.000000000000000000 ) ) ;
#182 = VERTEX_POINT ( 'NONE', #3328 ) ;
#183 = ORIENTED_EDGE ( 'NONE', *, *, #2667, .T. ) ;
#184 = ADVANCED_FACE ( 'NONE', ( #252 ), #2445, .T. ) ;
#185 = CARTESIAN_POINT ( 'NONE',  ( 47.89999999999999858, 114.1999999999999744, 0.9999999999999991118 ) ) ;
#186 = EDGE_LOOP ( 'NONE', ( #950, #953, #661, #2653 ) ) ;
#187 = EDGE_CURVE ( 'NONE', #232, #2506, #3541, .T. ) ;
#188 = LINE ( 'NONE', #2448, #262 ) ;
#189 = LINE ( 'NONE', #3482, #622 ) ;
#190 = ORIENTED_EDGE ( 'NONE', *, *, #2661, .F. ) ;
#191 = DIRECTION ( 'NONE',  ( -0.000000000000000000, -0.000000000000000000, 1.000000000000000000 ) ) ;
#192 = AXIS2_PLACEMENT_3D ( 'NONE', #2616, #1486, #2333 ) ;
#193 = CARTESIAN_POINT ( 'NONE',  ( 103.2000000000000171, 136.2391149236989349, 0.9999999999999991118 ) ) ;
#194 = ORIENTED_EDGE ( 'NONE', *, *, #3012, .T. ) ;
#195 = CARTESIAN_POINT ( 'NONE',  ( 216.2000000000000171, 98.49999999999997158, 0.9999999999999991118 ) ) ;
#196 = VECTOR ( 'NONE', #2327, 1000.000000000000000 ) ;
#197 = EDGE_LOOP ( 'NONE', ( #3576, #1322, #2649, #2196 ) ) ;
#198 = ORIENTED_EDGE ( 'NONE', *, *, #843, .F. ) ;
#199 = AXIS2_PLACEMENT_3D ( 'NONE', #2218, #330, #1435 ) ;
#200 = CARTESIAN_POINT ( 'NONE',  ( 230.0000000000000000, 97.00000000000000000, 3.000000000000000000 ) ) ;
#201 = EDGE_CURVE ( 'NONE', #1816, #542, #1065, .T. ) ;
#202 = VERTEX_POINT ( 'NONE', #1354 ) ;
#203 = CARTESIAN_POINT ( 'NONE',  ( 2.449293598294704146E-15, 134.0000000000000000, 11.00000000000000000 ) ) ;
#204 = EDGE_CURVE ( 'NONE', #1302, #1772, #322, .T. ) ;
#205 = VECTOR ( 'NONE', #1812, 1000.000000000000000 ) ;
#206 = PLANE ( 'NONE',  #2017 ) ;
#207 = VECTOR ( 'NONE', #3249, 1000.000000000000000 ) ;
#208 = ADVANCED_FACE ( 'NONE', ( #3094 ), #2859, .F. ) ;
#209 = LINE ( 'NONE', #664, #432 ) ;
#210 = ORIENTED_EDGE ( 'NONE', *, *, #2815, .T. ) ;
#211 = VECTOR ( 'NONE', #380, 1000.000000000000000 ) ;
#212 = VECTOR ( 'NONE', #191, 1000.000000000000000 ) ;
#213 = FACE_OUTER_BOUND ( 'NONE', #1867, .T. ) ;
#214 = CARTESIAN_POINT ( 'NONE',  ( 0.000000000000000000, 96.99999999999997158, 3.000000000000000000 ) ) ;
#215 = CIRCLE ( 'NONE', #973, 1.899999999999985034 ) ;
#216 = EDGE_LOOP ( 'NONE', ( #365, #2037 ) ) ;
#217 = CARTESIAN_POINT ( 'NONE',  ( 227.5000000000000000, 136.2391149236989349, 11.00000000000000000 ) ) ;
#218 = CARTESIAN_POINT ( 'NONE',  ( 183.5000000000000000, 136.2391149236989349, 11.00000000000000000 ) ) ;
#219 = ORIENTED_EDGE ( 'NONE', *, *, #2838, .F. ) ;
#220 = CARTESIAN_POINT ( 'NONE',  ( 85.00000000000009948, 8.999999999999984013, 8.999999999999998224 ) ) ;
#221 = VECTOR ( 'NONE', #2734, 1000.000000000000000 ) ;
#222 = DIRECTION ( 'NONE',  ( -1.000000000000000000, 0.000000000000000000, 0.000000000000000000 ) ) ;
#223 = VECTOR ( 'NONE', #2023, 1000.000000000000000 ) ;
#224 = ORIENTED_EDGE ( 'NONE', *, *, #2779, .F. ) ;
#225 = LINE ( 'NONE', #2976, #2000 ) ;
#226 = CARTESIAN_POINT ( 'NONE',  ( 230.0000000000000000, 14.99999999999997158, 20.99999999999999645 ) ) ;
#227 = DIRECTION ( 'NONE',  ( -0.000000000000000000, -0.000000000000000000, 1.000000000000000000 ) ) ;
#228 = ADVANCED_FACE ( 'NONE', ( #48 ), #930, .T. ) ;
#229 = ORIENTED_EDGE ( 'NONE', *, *, #1907, .T. ) ;
#230 = DIRECTION ( 'NONE',  ( -0.000000000000000000, -1.000000000000000000, -0.000000000000000000 ) ) ;
#231 = DIRECTION ( 'NONE',  ( 0.000000000000000000, 0.000000000000000000, -1.000000000000000000 ) ) ;
#232 = VERTEX_POINT ( 'NONE', #3405 ) ;
#233 = PLANE ( 'NONE',  #2003 ) ;
#234 = ORIENTED_EDGE ( 'NONE', *, *, #1850, .F. ) ;
#235 = CARTESIAN_POINT ( 'NONE',  ( 183.5000000000000000, 136.2391149236989349, 0.9999999999999991118 ) ) ;
#236 = LINE ( 'NONE', #541, #3174 ) ;
#237 = ORIENTED_EDGE ( 'NONE', *, *, #2814, .T. ) ;
#238 = PLANE ( 'NONE',  #965 ) ;
#239 = DIRECTION ( 'NONE',  ( 1.000000000000000000, 0.000000000000000000, 0.000000000000000000 ) ) ;
#240 = DIRECTION ( 'NONE',  ( -1.000000000000000000, -0.000000000000000000, -0.000000000000000000 ) ) ;
#241 = ORIENTED_EDGE ( 'NONE', *, *, #630, .T. ) ;
#242 = CARTESIAN_POINT ( 'NONE',  ( 161.5000000000000000, 151.9391149236989236, 11.00000000000000000 ) ) ;
#243 = EDGE_CURVE ( 'NONE', #2481, #1433, #2289, .T. ) ;
#244 = CARTESIAN_POINT ( 'NONE',  ( 40.20000000000001705, 114.1999999999999744, 0.9999999999999991118 ) ) ;
#245 = EDGE_CURVE ( 'NONE', #265, #352, #3115, .T. ) ;
#246 = ADVANCED_FACE ( 'NONE', ( #1481 ), #341, .F. ) ;
#247 = ORIENTED_EDGE ( 'NONE', *, *, #2248, .T. ) ;
#248 = CARTESIAN_POINT ( 'NONE',  ( 106.2000000000000171, 98.49999999999997158, 0.9999999999999991118 ) ) ;
#249 = CARTESIAN_POINT ( 'NONE',  ( 194.2000000000000171, 114.1999999999999744, 0.9999999999999991118 ) ) ;
#250 = EDGE_CURVE ( 'NONE', #3017, #364, #3384, .T. ) ;
#251 = ORIENTED_EDGE ( 'NONE', *, *, #2006, .F. ) ;
#252 = FACE_OUTER_BOUND ( 'NONE', #2562, .T. ) ;
#253 = VECTOR ( 'NONE', #1156, 1000.000000000000000 ) ;
#254 = PLANE ( 'NONE',  #1605 ) ;
#255 = ORIENTED_EDGE ( 'NONE', *, *, #2667, .F. ) ;
#256 = VECTOR ( 'NONE', #3227, 1000.000000000000000 ) ;
#257 = CARTESIAN_POINT ( 'NONE',  ( 196.9000000000000909, 8.999999999999984013, 9.000000000000000000 ) ) ;
#258 = DIRECTION ( 'NONE',  ( 1.000000000000000000, -0.000000000000000000, 0.000000000000000000 ) ) ;
#259 = FACE_OUTER_BOUND ( 'NONE', #460, .T. ) ;
#260 = ORIENTED_EDGE ( 'NONE', *, *, #16, .T. ) ;
#261 = PLANE ( 'NONE',  #830 ) ;
#262 = VECTOR ( 'NONE', #1857, 1000.000000000000000 ) ;
#263 = CARTESIAN_POINT ( 'NONE',  ( 179.9000000000000057, 98.49999999999997158, 11.00000000000000000 ) ) ;
#264 = VECTOR ( 'NONE', #2390, 1000.000000000000000 ) ;
#265 = VERTEX_POINT ( 'NONE', #2790 ) ;
#266 = DIRECTION ( 'NONE',  ( -1.000000000000000000, 0.000000000000000000, 0.000000000000000000 ) ) ;
#267 = VECTOR ( 'NONE', #2700, 1000.000000000000000 ) ;
#268 = CARTESIAN_POINT ( 'NONE',  ( 230.0000000000000000, 2.999999999999971578, 8.999999999999998224 ) ) ;
#269 = ORIENTED_EDGE ( 'NONE', *, *, #3226, .F. ) ;
#270 = DIRECTION ( 'NONE',  ( -1.000000000000000000, 0.000000000000000000, 0.000000000000000000 ) ) ;
#271 = DIRECTION ( 'NONE',  ( -1.000000000000000000, 0.000000000000000000, -0.000000000000000000 ) ) ;
#272 = VECTOR ( 'NONE', #324, 1000.000000000000000 ) ;
#273 = EDGE_LOOP ( 'NONE', ( #1748, #3294, #523, #3159 ) ) ;
#274 = LINE ( 'NONE', #3047, #2171 ) ;
#275 = EDGE_CURVE ( 'NONE', #1110, #134, #2035, .T. ) ;
#276 = AXIS2_PLACEMENT_3D ( 'NONE', #3499, #1276, #1561 ) ;
#277 = CARTESIAN_POINT ( 'NONE',  ( 73.50000000000001421, 136.2391149236989349, 0.9999999999999991118 ) ) ;
#278 = CARTESIAN_POINT ( 'NONE',  ( 161.5000000000000000, 136.2391149236989349, 0.9999999999999991118 ) ) ;
#280 = ORIENTED_EDGE ( 'NONE', *, *, #292, .T. ) ;
#279 = VECTOR ( 'NONE', #319, 1000.000000000000000 ) ;
#281 = DIRECTION ( 'NONE',  ( -0.000000000000000000, -0.000000000000000000, 1.000000000000000000 ) ) ;
#282 = LINE ( 'NONE', #1417, #2707 ) ;
#283 = APPROVAL_STATUS ( 'not_yet_approved' ) ;
#284 = ORIENTED_EDGE ( 'NONE', *, *, #2398, .T. ) ;
#285 = DIRECTION ( 'NONE',  ( 0.000000000000000000, 1.000000000000000000, 0.000000000000000000 ) ) ;
#286 = APPROVAL_ROLE ( '' ) ;
#287 = CARTESIAN_POINT ( 'NONE',  ( 47.89999999999999858, 98.49999999999997158, 0.9999999999999991118 ) ) ;
#288 = VERTEX_POINT ( 'NONE', #3135 ) ;
#289 = CARTESIAN_POINT ( 'NONE',  ( 59.20000000000000284, 151.9391149236989236, 0.9999999999999991118 ) ) ;
#290 = CARTESIAN_POINT ( 'NONE',  ( 150.1999999999999886, 98.49999999999997158, 0.9999999999999991118 ) ) ;
#291 = ADVANCED_FACE ( 'NONE', ( #1686 ), #64, .F. ) ;
#292 = EDGE_CURVE ( 'NONE', #530, #1188, #110, .T. ) ;
#293 = VERTEX_POINT ( 'NONE', #648 ) ;
#294 = CARTESIAN_POINT ( 'NONE',  ( 135.9000000000000057, 98.49999999999997158, 11.00000000000000000 ) ) ;
#295 = LINE ( 'NONE', #3284, #2476 ) ;
#296 = EDGE_CURVE ( 'NONE', #786, #265, #1757, .T. ) ;
#297 = CARTESIAN_POINT ( 'NONE',  ( 196.9000000000000909, 8.999999999999984013, 3.800000000000001155 ) ) ;
#298 = EDGE_LOOP ( 'NONE', ( #1721, #2935, #3547, #2553, #1277, #1236 ) ) ;
#299 = CARTESIAN_POINT ( 'NONE',  ( 230.0000000000000000, 14.99999999999997158, 20.99999999999999645 ) ) ;
#300 = DIRECTION ( 'NONE',  ( -0.000000000000000000, -0.000000000000000000, 1.000000000000000000 ) ) ;
#301 = ORIENTED_EDGE ( 'NONE', *, *, #144, .T. ) ;
#302 = DIRECTION ( 'NONE',  ( 0.000000000000000000, 1.000000000000000000, 0.000000000000000000 ) ) ;
#303 = PERSON_AND_ORGANIZATION ( #1892, #570 ) ;
#304 = LINE ( 'NONE', #2514, #3375 ) ;
#305 = ORIENTED_EDGE ( 'NONE', *, *, #3458, .T. ) ;
#306 = FACE_BOUND ( 'NONE', #2988, .T. ) ;
#307 = CARTESIAN_POINT ( 'NONE',  ( 216.2000000000000171, 114.1999999999999744, 11.00000000000000000 ) ) ;
#308 = VECTOR ( 'NONE', #3429, 1000.000000000000000 ) ;
#309 = ORIENTED_EDGE ( 'NONE', *, *, #3105, .F. ) ;
#310 = LINE ( 'NONE', #566, #2581 ) ;
#311 = PLANE ( 'NONE',  #2765 ) ;
#312 = VECTOR ( 'NONE', #1381, 1000.000000000000000 ) ;
#313 = ORIENTED_EDGE ( 'NONE', *, *, #556, .T. ) ;
#314 = CARTESIAN_POINT ( 'NONE',  ( 40.20000000000001705, 98.49999999999997158, 0.9999999999999991118 ) ) ;
#315 = ADVANCED_FACE ( 'NONE', ( #1216, #2536, #306, #3364, #2841, #2329, #1406, #1990, #593, #2517, #27 ), #3424, .T. ) ;
#316 = CARTESIAN_POINT ( 'NONE',  ( 29.50000000000002487, 136.2391149236989349, 0.9999999999999991118 ) ) ;
#317 = VERTEX_POINT ( 'NONE', #2572 ) ;
#318 = FACE_OUTER_BOUND ( 'NONE', #3508, .T. ) ;
#319 = DIRECTION ( 'NONE',  ( -1.000000000000000000, 0.000000000000000000, 0.000000000000000000 ) ) ;
#320 = DIRECTION ( 'NONE',  ( -1.000000000000000000, 0.000000000000000000, 0.000000000000000000 ) ) ;
#321 = ORIENTED_EDGE ( 'NONE', *, *, #3297, .T. ) ;
#322 = LINE ( 'NONE', #3350, #3223 ) ;
#323 = CLOSED_SHELL ( 'NONE', ( #13, #2025, #163, #2971, #695, #1598, #1088, #2386, #1488, #2748, #3263, #904, #3083, #1117, #1008, #3420, #1179, #2641, #1871, #2934, #1049, #3524, #1461, #1753, #482, #837, #2511, #315, #2156, #1248, #63, #3260, #563, #779, #2032, #2340, #1421, #246, #896, #1825, #2775, #1229, #2084, #467, #469, #3307, #715, #3521, #2341, #1738, #1847, #2583, #3368, #3244, #2828, #3539, #208, #734, #3240, #1843, #3460, #2117, #3414, #138, #1044, #184, #3278, #3280, #1996, #1153, #720, #291, #1648, #2134, #1910, #702, #1567, #2070, #2440, #3152, #3437, #1093, #2821, #581, #45, #3039, #2599, #2224, #668, #1645, #90, #650, #3078, #3421, #1690, #2550, #3242, #2889, #2275, #2438, #966, #2027, #1370, #2728, #3543, #557, #533, #1064, #887, #2112, #2097, #2204, #3109, #2464, #228, #2865, #2907, #2172, #2754, #1941, #1583, #2139 ) ) ;
#324 = DIRECTION ( 'NONE',  ( -1.000000000000000000, 0.000000000000000000, 0.000000000000000000 ) ) ;
#325 = EDGE_LOOP ( 'NONE', ( #521, #2611, #2789, #194 ) ) ;
#326 = DIRECTION ( 'NONE',  ( -1.000000000000000000, -1.206764157201257045E-16, 0.000000000000000000 ) ) ;
#327 = EDGE_LOOP ( 'NONE', ( #348, #969, #2984, #1559 ) ) ;
#328 = CARTESIAN_POINT ( 'NONE',  ( 194.2000000000000171, 98.49999999999997158, 0.9999999999999991118 ) ) ;
#329 = ORIENTED_EDGE ( 'NONE', *, *, #1618, .F. ) ;
#330 = DIRECTION ( 'NONE',  ( -0.000000000000000000, -0.000000000000000000, 1.000000000000000000 ) ) ;
#331 = VECTOR ( 'NONE', #2118, 1000.000000000000000 ) ;
#332 = DIRECTION ( 'NONE',  ( 0.000000000000000000, 0.000000000000000000, -1.000000000000000000 ) ) ;
#333 = EDGE_CURVE ( 'NONE', #1856, #1623, #2252, .T. ) ;
#334 = VECTOR ( 'NONE', #1288, 1000.000000000000000 ) ;
#335 = VERTEX_POINT ( 'NONE', #3507 ) ;
#336 = PLANE ( 'NONE',  #2808 ) ;
#337 =( LENGTH_UNIT ( ) NAMED_UNIT ( * ) SI_UNIT ( .MILLI., .METRE. ) );
#338 = CARTESIAN_POINT ( 'NONE',  ( 40.20000000000001705, 98.49999999999997158, 0.9999999999999991118 ) ) ;
#339 = EDGE_CURVE ( 'NONE', #2336, #786, #3459, .T. ) ;
#340 = VERTEX_POINT ( 'NONE', #179 ) ;
#341 = PLANE ( 'NONE',  #3329 ) ;
#342 = CARTESIAN_POINT ( 'NONE',  ( 139.5000000000000000, 136.2391149236989349, 0.9999999999999991118 ) ) ;
#343 = DIRECTION ( 'NONE',  ( -1.000000000000000000, 0.000000000000000000, 0.000000000000000000 ) ) ;
#344 = EDGE_LOOP ( 'NONE', ( #210, #2608, #2863, #2732 ) ) ;
#345 = DIRECTION ( 'NONE',  ( -0.000000000000000000, -0.000000000000000000, 1.000000000000000000 ) ) ;
#346 = ORIENTED_EDGE ( 'NONE', *, *, #2794, .F. ) ;
#347 = LINE ( 'NONE', #2058, #3342 ) ;
#348 = ORIENTED_EDGE ( 'NONE', *, *, #3128, .F. ) ;
#349 = DIRECTION ( 'NONE',  ( -0.000000000000000000, -1.000000000000000000, -0.000000000000000000 ) ) ;
#350 = CARTESIAN_POINT ( 'NONE',  ( 7.500000000000034639, 136.2391149236989349, 0.9999999999999991118 ) ) ;
#351 = PERSON_AND_ORGANIZATION ( #1892, #570 ) ;
#352 = VERTEX_POINT ( 'NONE', #398 ) ;
#353 = LINE ( 'NONE', #41, #496 ) ;
#354 = EDGE_CURVE ( 'NONE', #530, #1221, #146, .T. ) ;
#355 = EDGE_CURVE ( 'NONE', #853, #1557, #434, .T. ) ;
#356 = DIRECTION ( 'NONE',  ( 0.000000000000000000, 0.000000000000000000, 1.000000000000000000 ) ) ;
#357 = CARTESIAN_POINT ( 'NONE',  ( 117.5000000000000142, 136.2391149236989349, 0.9999999999999991118 ) ) ;
#358 = CARTESIAN_POINT ( 'NONE',  ( 135.9000000000000057, 114.1999999999999744, 0.9999999999999991118 ) ) ;
#359 = VERTEX_POINT ( 'NONE', #1295 ) ;
#360 = CARTESIAN_POINT ( 'NONE',  ( 0.000000000000000000, 0.000000000000000000, 11.00000000000000000 ) ) ;
#361 = DIRECTION ( 'NONE',  ( -1.000000000000000000, 0.000000000000000000, 0.000000000000000000 ) ) ;
#362 = EDGE_CURVE ( 'NONE', #755, #801, #707, .T. ) ;
#363 = DIRECTION ( 'NONE',  ( -0.000000000000000000, -1.000000000000000000, -0.000000000000000000 ) ) ;
#364 = VERTEX_POINT ( 'NONE', #2678 ) ;
#365 = ORIENTED_EDGE ( 'NONE', *, *, #1907, .F. ) ;
#366 = EDGE_CURVE ( 'NONE', #293, #1981, #3151, .T. ) ;
#367 = CARTESIAN_POINT ( 'NONE',  ( 161.5000000000000000, 136.2391149236989349, 0.9999999999999991118 ) ) ;
#368 = EDGE_LOOP ( 'NONE', ( #796, #3205, #2095, #374 ) ) ;
#369 = APPROVAL ( #283, 'æœª' ) ;
#370 = CARTESIAN_POINT ( 'NONE',  ( 205.5000000000000284, 136.2391149236989349, 11.00000000000000000 ) ) ;
#371 = ORIENTED_EDGE ( 'NONE', *, *, #69, .F. ) ;
#372 = CARTESIAN_POINT ( 'NONE',  ( 216.2000000000000171, 98.49999999999997158, 0.9999999999999991118 ) ) ;
#373 = VECTOR ( 'NONE', #2996, 1000.000000000000000 ) ;
#374 = ORIENTED_EDGE ( 'NONE', *, *, #1350, .F. ) ;
#375 = FACE_OUTER_BOUND ( 'NONE', #3338, .T. ) ;
#376 = UNCERTAINTY_MEASURE_WITH_UNIT (LENGTH_MEASURE( 1.000000000000000082E-05 ), #337, 'distance_accuracy_value', 'NONE');
#377 = AXIS2_PLACEMENT_3D ( 'NONE', #996, #413, #3484 ) ;
#378 = DIRECTION ( 'NONE',  ( -0.000000000000000000, -0.000000000000000000, 1.000000000000000000 ) ) ;
#379 = VERTEX_POINT ( 'NONE', #1504 ) ;
#380 = DIRECTION ( 'NONE',  ( -0.000000000000000000, -1.000000000000000000, -0.000000000000000000 ) ) ;
#381 = VECTOR ( 'NONE', #2722, 1000.000000000000000 ) ;
#382 = CARTESIAN_POINT ( 'NONE',  ( 7.000000000000004441, 9.000000000000031974, 2.658364823847642722 ) ) ;
#383 = ORIENTED_EDGE ( 'NONE', *, *, #944, .F. ) ;
#384 = AXIS2_PLACEMENT_3D ( 'NONE', #2261, #1186, #586 ) ;
#385 = ORIENTED_EDGE ( 'NONE', *, *, #556, .F. ) ;
#386 = DIRECTION ( 'NONE',  ( 0.000000000000000000, 0.000000000000000000, -1.000000000000000000 ) ) ;
#387 = ORIENTED_EDGE ( 'NONE', *, *, #1105, .T. ) ;
#388 = DIRECTION ( 'NONE',  ( 1.000000000000000000, 0.000000000000000000, -0.000000000000000000 ) ) ;
#389 = ORIENTED_EDGE ( 'NONE', *, *, #250, .F. ) ;
#390 = CARTESIAN_POINT ( 'NONE',  ( 216.2000000000000171, 114.1999999999999744, 11.00000000000000000 ) ) ;
#391 = CARTESIAN_POINT ( 'NONE',  ( 0.000000000000000000, 2.999999999999971578, 20.99999999999999645 ) ) ;
#393 = ORIENTED_EDGE ( 'NONE', *, *, #243, .T. ) ;
#392 = AXIS2_PLACEMENT_3D ( 'NONE', #634, #3385, #1123 ) ;
#394 = LINE ( 'NONE', #3455, #2404 ) ;
#395 = VECTOR ( 'NONE', #2602, 1000.000000000000000 ) ;
#396 = CARTESIAN_POINT ( 'NONE',  ( -66.00000000000000000, 0.000000000000000000, 0.9999999999999991118 ) ) ;
#397 = VERTEX_POINT ( 'NONE', #689 ) ;
#398 = CARTESIAN_POINT ( 'NONE',  ( 91.90000000000000568, 98.49999999999997158, 11.00000000000000000 ) ) ;
#399 = APPROVAL_PERSON_ORGANIZATION ( #351, #369, #3377 ) ;
#400 = DIRECTION ( 'NONE',  ( -0.000000000000000000, -0.000000000000000000, 1.000000000000000000 ) ) ;
#401 = EDGE_LOOP ( 'NONE', ( #1503, #3550, #1544, #975 ) ) ;
#402 = EDGE_LOOP ( 'NONE', ( #1761, #2721, #1030, #2009 ) ) ;
#403 = CARTESIAN_POINT ( 'NONE',  ( 227.5000000000000000, 136.2391149236989349, 0.9999999999999991118 ) ) ;
#404 = EDGE_CURVE ( 'NONE', #1997, #1716, #215, .T. ) ;
#405 = ORIENTED_EDGE ( 'NONE', *, *, #2503, .F. ) ;
#406 = PLANE ( 'NONE',  #2887 ) ;
#407 = EDGE_CURVE ( 'NONE', #129, #987, #742, .T. ) ;
#408 = ORIENTED_EDGE ( 'NONE', *, *, #845, .F. ) ;
#409 = LINE ( 'NONE', #372, #441 ) ;
#410 = DIRECTION ( 'NONE',  ( 0.000000000000000000, 0.000000000000000000, -1.000000000000000000 ) ) ;
#411 = EDGE_CURVE ( 'NONE', #1221, #1265, #984, .T. ) ;
#412 = ORIENTED_EDGE ( 'NONE', *, *, #2624, .T. ) ;
#413 = DIRECTION ( 'NONE',  ( 0.000000000000000000, 1.000000000000000000, 0.000000000000000000 ) ) ;
#414 = PLANE ( 'NONE',  #2014 ) ;
#415 = PLANE ( 'NONE',  #891 ) ;
#416 = ORIENTED_EDGE ( 'NONE', *, *, #2067, .T. ) ;
#417 = DIRECTION ( 'NONE',  ( -0.000000000000000000, -0.000000000000000000, 1.000000000000000000 ) ) ;
#418 = PLANE ( 'NONE',  #2167 ) ;
#419 = ORIENTED_EDGE ( 'NONE', *, *, #3586, .T. ) ;
#420 = CARTESIAN_POINT ( 'NONE',  ( 7.000000000000006217, 9.000000000000031974, 9.000000000000000000 ) ) ;
#421 = LINE ( 'NONE', #2020, #1872 ) ;
#422 = CARTESIAN_POINT ( 'NONE',  ( 0.000000000000000000, 154.0000000000000000, 11.00000000000000000 ) ) ;
#423 = ORIENTED_EDGE ( 'NONE', *, *, #2782, .T. ) ;
#424 = DIRECTION ( 'NONE',  ( -0.000000000000000000, -1.000000000000000000, -0.000000000000000000 ) ) ;
#425 = CARTESIAN_POINT ( 'NONE',  ( 5.100000000000017408, 9.000000000000031974, 3.800000000000001155 ) ) ;
#426 = EDGE_CURVE ( 'NONE', #3450, #359, #127, .T. ) ;
#427 = ORIENTED_EDGE ( 'NONE', *, *, #870, .F. ) ;
#428 = LINE ( 'NONE', #2376, #1301 ) ;
#429 = EDGE_CURVE ( 'NONE', #1227, #2432, #2627, .T. ) ;
#430 = DIRECTION ( 'NONE',  ( -0.000000000000000000, -0.000000000000000000, 1.000000000000000000 ) ) ;
#431 = EDGE_CURVE ( 'NONE', #1164, #791, #964, .T. ) ;
#432 = VECTOR ( 'NONE', #3517, 1000.000000000000000 ) ;
#433 = ORIENTED_EDGE ( 'NONE', *, *, #1107, .T. ) ;
#434 = LINE ( 'NONE', #2068, #30 ) ;
#435 = CARTESIAN_POINT ( 'NONE',  ( 62.20000000000000284, 98.49999999999997158, 0.9999999999999991118 ) ) ;
#436 = ORIENTED_EDGE ( 'NONE', *, *, #921, .F. ) ;
#437 = ORIENTED_EDGE ( 'NONE', *, *, #454, .F. ) ;
#438 = VECTOR ( 'NONE', #1707, 1000.000000000000000 ) ;
#439 = PLANE ( 'NONE',  #1148 ) ;
#440 = VECTOR ( 'NONE', #903, 1000.000000000000000 ) ;
#441 = VECTOR ( 'NONE', #120, 1000.000000000000000 ) ;
#442 = ORIENTED_EDGE ( 'NONE', *, *, #2489, .T. ) ;
#443 = CARTESIAN_POINT ( 'NONE',  ( 7.500000000000034639, 136.2391149236989349, 0.9999999999999991118 ) ) ;
#444 = VECTOR ( 'NONE', #3276, 1000.000000000000000 ) ;
#445 = CARTESIAN_POINT ( 'NONE',  ( 113.9000000000000057, 98.49999999999997158, 0.9999999999999991118 ) ) ;
#446 = VERTEX_POINT ( 'NONE', #1016 ) ;
#447 = CARTESIAN_POINT ( 'NONE',  ( 135.9000000000000057, 98.49999999999997158, 0.9999999999999991118 ) ) ;
#448 = EDGE_CURVE ( 'NONE', #3530, #3121, #2362, .T. ) ;
#449 = DIRECTION ( 'NONE',  ( 0.000000000000000000, 1.000000000000000000, 0.000000000000000000 ) ) ;
#450 = VECTOR ( 'NONE', #872, 1000.000000000000000 ) ;
#451 = ORIENTED_EDGE ( 'NONE', *, *, #733, .F. ) ;
#452 = DIRECTION ( 'NONE',  ( 0.000000000000000000, 1.000000000000000000, 0.000000000000000000 ) ) ;
#453 = VECTOR ( 'NONE', #3048, 1000.000000000000000 ) ;
#454 = EDGE_CURVE ( 'NONE', #2702, #671, #161, .T. ) ;
#455 = LINE ( 'NONE', #2664, #2477 ) ;
#456 = VECTOR ( 'NONE', #590, 1000.000000000000000 ) ;
#457 = ORIENTED_EDGE ( 'NONE', *, *, #744, .T. ) ;
#458 = FACE_BOUND ( 'NONE', #402, .T. ) ;
#459 = CARTESIAN_POINT ( 'NONE',  ( -88.00000000000000000, 0.000000000000000000, 0.9999999999999991118 ) ) ;
#460 = EDGE_LOOP ( 'NONE', ( #1673, #3469, #1860, #1095 ) ) ;
#461 = FACE_OUTER_BOUND ( 'NONE', #856, .T. ) ;
#462 = PLANE ( 'NONE',  #276 ) ;
#463 = ORIENTED_EDGE ( 'NONE', *, *, #1414, .T. ) ;
#464 = DIRECTION ( 'NONE',  ( -0.000000000000000000, -0.000000000000000000, 1.000000000000000000 ) ) ;
#465 = DIRECTION ( 'NONE',  ( -1.000000000000000000, 0.000000000000000000, 0.000000000000000000 ) ) ;
#466 = ORIENTED_EDGE ( 'NONE', *, *, #2345, .T. ) ;
#467 = ADVANCED_FACE ( 'NONE', ( #2915 ), #2645, .F. ) ;
#468 = CARTESIAN_POINT ( 'NONE',  ( 139.5000000000000000, 136.2391149236989349, 11.00000000000000000 ) ) ;
#469 = ADVANCED_FACE ( 'NONE', ( #2347 ), #3475, .F. ) ;
#470 = LINE ( 'NONE', #1254, #2743 ) ;
#471 = ORIENTED_EDGE ( 'NONE', *, *, #2529, .T. ) ;
#472 = ORIENTED_EDGE ( 'NONE', *, *, #2094, .T. ) ;
#473 = EDGE_CURVE ( 'NONE', #3056, #1164, #3488, .T. ) ;
#474 = DIRECTION ( 'NONE',  ( 0.000000000000000000, 0.000000000000000000, 1.000000000000000000 ) ) ;
#475 = DIRECTION ( 'NONE',  ( 0.000000000000000000, -0.000000000000000000, 1.000000000000000000 ) ) ;
#476 = EDGE_LOOP ( 'NONE', ( #3560, #3409, #1780, #3333 ) ) ;
#477 = EDGE_CURVE ( 'NONE', #2447, #340, #3225, .T. ) ;
#478 = LINE ( 'NONE', #203, #1070 ) ;
#479 = EDGE_CURVE ( 'NONE', #14, #132, #1777, .T. ) ;
#480 = CARTESIAN_POINT ( 'NONE',  ( 29.50000000000002487, 151.9391149236989236, 0.9999999999999991118 ) ) ;
#481 = PLANE ( 'NONE',  #1243 ) ;
#482 = ADVANCED_FACE ( 'NONE', ( #2746 ), #1586, .F. ) ;
#483 = VERTEX_POINT ( 'NONE', #2717 ) ;
#484 = DIRECTION ( 'NONE',  ( 0.000000000000000000, 0.000000000000000000, -1.000000000000000000 ) ) ;
#485 = CARTESIAN_POINT ( 'NONE',  ( 150.1999999999999886, 98.49999999999997158, 11.00000000000000000 ) ) ;
#486 = EDGE_LOOP ( 'NONE', ( #1542, #616, #1068, #2548 ) ) ;
#487 = LINE ( 'NONE', #773, #1536 ) ;
#488 = VECTOR ( 'NONE', #846, 1000.000000000000000 ) ;
#489 = DIRECTION ( 'NONE',  ( 0.000000000000000000, -1.000000000000000000, -0.000000000000000000 ) ) ;
#490 = ORIENTED_EDGE ( 'NONE', *, *, #448, .F. ) ;
#491 = DIRECTION ( 'NONE',  ( -0.000000000000000000, -0.000000000000000000, -1.000000000000000000 ) ) ;
#492 = VECTOR ( 'NONE', #3569, 1000.000000000000000 ) ;
#493 = DIRECTION ( 'NONE',  ( -0.000000000000000000, -1.000000000000000000, -0.000000000000000000 ) ) ;
#494 = ORIENTED_EDGE ( 'NONE', *, *, #454, .T. ) ;
#495 = FACE_OUTER_BOUND ( 'NONE', #2472, .T. ) ;
#496 = VECTOR ( 'NONE', #1699, 1000.000000000000000 ) ;
#497 = LINE ( 'NONE', #2402, #1789 ) ;
#498 = DIRECTION ( 'NONE',  ( 0.000000000000000000, 1.000000000000000000, 0.000000000000000000 ) ) ;
#499 = ORIENTED_EDGE ( 'NONE', *, *, #1383, .T. ) ;
#500 = DIRECTION ( 'NONE',  ( -0.000000000000000000, -0.000000000000000000, 1.000000000000000000 ) ) ;
#501 = CARTESIAN_POINT ( 'NONE',  ( 40.20000000000001705, 114.1999999999999744, 0.9999999999999991118 ) ) ;
#502 = VECTOR ( 'NONE', #417, 1000.000000000000000 ) ;
#503 = EDGE_LOOP ( 'NONE', ( #2604, #2922, #1022, #2381 ) ) ;
#504 = DIRECTION ( 'NONE',  ( -0.000000000000000000, -0.000000000000000000, 1.000000000000000000 ) ) ;
#505 = VERTEX_POINT ( 'NONE', #3036 ) ;
#506 = LINE ( 'NONE', #3581, #2642 ) ;
#507 = VECTOR ( 'NONE', #2957, 1000.000000000000000 ) ;
#508 = VECTOR ( 'NONE', #2972, 1000.000000000000000 ) ;
#509 = DIRECTION ( 'NONE',  ( 1.000000000000000000, 0.000000000000000000, 0.000000000000000000 ) ) ;
#510 = VECTOR ( 'NONE', #3300, 1000.000000000000000 ) ;
#511 = ORIENTED_EDGE ( 'NONE', *, *, #1512, .T. ) ;
#512 = EDGE_CURVE ( 'NONE', #1142, #1685, #1882, .T. ) ;
#513 = LINE ( 'NONE', #1615, #1253 ) ;
#514 = EDGE_CURVE ( 'NONE', #2777, #2409, #3577, .T. ) ;
#515 = DIRECTION ( 'NONE',  ( -0.000000000000000000, -0.000000000000000000, -1.000000000000000000 ) ) ;
#516 = DIRECTION ( 'NONE',  ( 0.000000000000000000, -0.000000000000000000, 1.000000000000000000 ) ) ;
#517 = EDGE_LOOP ( 'NONE', ( #2140, #3324, #3367, #3335 ) ) ;
#518 = DIRECTION ( 'NONE',  ( 1.000000000000000000, -0.000000000000000000, -0.000000000000000000 ) ) ;
#519 = EDGE_CURVE ( 'NONE', #2884, #1206, #1900, .T. ) ;
#520 = LINE ( 'NONE', #1028, #1838 ) ;
#521 = ORIENTED_EDGE ( 'NONE', *, *, #201, .T. ) ;
#522 = FACE_OUTER_BOUND ( 'NONE', #1756, .T. ) ;
#523 = ORIENTED_EDGE ( 'NONE', *, *, #1980, .F. ) ;
#524 = EDGE_CURVE ( 'NONE', #5, #1948, #552, .T. ) ;
#525 = DIRECTION ( 'NONE',  ( 1.000000000000000000, 0.000000000000000000, 0.000000000000000000 ) ) ;
#526 = DIRECTION ( 'NONE',  ( 0.000000000000000000, -0.000000000000000000, 1.000000000000000000 ) ) ;
#527 = CARTESIAN_POINT ( 'NONE',  ( 147.1999999999999886, 136.2391149236989349, 0.9999999999999991118 ) ) ;
#528 = CARTESIAN_POINT ( 'NONE',  ( 103.2000000000000171, 136.2391149236989349, 0.9999999999999991118 ) ) ;
#529 = LINE ( 'NONE', #2164, #2570 ) ;
#530 = VERTEX_POINT ( 'NONE', #1367 ) ;
#531 = LINE ( 'NONE', #2437, #2411 ) ;
#532 = CARTESIAN_POINT ( 'NONE',  ( 85.00000000000009948, 8.999999999999984013, 3.800000000000001155 ) ) ;
#533 = ADVANCED_FACE ( 'NONE', ( #522 ), #2694, .F. ) ;
#534 = ORIENTED_EDGE ( 'NONE', *, *, #1637, .F. ) ;
#535 = CARTESIAN_POINT ( 'NONE',  ( 51.50000000000002132, 136.2391149236989349, 0.9999999999999991118 ) ) ;
#536 = AXIS2_PLACEMENT_3D ( 'NONE', #2318, #693, #638 ) ;
#537 = DIRECTION ( 'NONE',  ( -0.000000000000000000, -1.000000000000000000, -0.000000000000000000 ) ) ;
#538 = ORIENTED_EDGE ( 'NONE', *, *, #1491, .F. ) ;
#539 = DIRECTION ( 'NONE',  ( -0.000000000000000000, -0.000000000000000000, -1.000000000000000000 ) ) ;
#540 = AXIS2_PLACEMENT_3D ( 'NONE', #833, #1617, #1056 ) ;
#541 = CARTESIAN_POINT ( 'NONE',  ( 2.449293598294704146E-15, 134.0000000000000000, 3.000000000000000000 ) ) ;
#542 = VERTEX_POINT ( 'NONE', #2427 ) ;
#543 = VECTOR ( 'NONE', #349, 1000.000000000000000 ) ;
#544 = LINE ( 'NONE', #3081, #2050 ) ;
#545 = DIRECTION ( 'NONE',  ( 0.000000000000000000, -1.000000000000000000, -0.000000000000000000 ) ) ;
#546 = DIRECTION ( 'NONE',  ( -0.000000000000000000, -0.000000000000000000, 1.000000000000000000 ) ) ;
#547 = ORIENTED_EDGE ( 'NONE', *, *, #2175, .F. ) ;
#548 = CARTESIAN_POINT ( 'NONE',  ( 73.50000000000001421, 151.9391149236989236, 0.9999999999999991118 ) ) ;
#549 = AXIS2_PLACEMENT_3D ( 'NONE', #813, #3025, #1126 ) ;
#550 = DIRECTION ( 'NONE',  ( 0.000000000000000000, -0.000000000000000000, 1.000000000000000000 ) ) ;
#551 = PERSON_AND_ORGANIZATION ( #1892, #570 ) ;
#552 = CIRCLE ( 'NONE', #1359, 1.899999999999990141 ) ;
#553 = VECTOR ( 'NONE', #500, 1000.000000000000000 ) ;
#554 = ORIENTED_EDGE ( 'NONE', *, *, #1808, .F. ) ;
#555 = DIRECTION ( 'NONE',  ( 1.000000000000000000, -0.000000000000000000, 0.000000000000000000 ) ) ;
#556 = EDGE_CURVE ( 'NONE', #2366, #1772, #1642, .T. ) ;
#557 = ADVANCED_FACE ( 'NONE', ( #1624 ), #1930, .F. ) ;
#558 = APPROVAL_STATUS ( 'not_yet_approved' ) ;
#559 = CARTESIAN_POINT ( 'NONE',  ( 205.5000000000000284, 151.9391149236989236, 0.9999999999999991118 ) ) ;
#560 = ORIENTED_EDGE ( 'NONE', *, *, #2031, .F. ) ;
#561 = DIRECTION ( 'NONE',  ( 1.000000000000000000, 0.000000000000000000, -0.000000000000000000 ) ) ;
#562 = CARTESIAN_POINT ( 'NONE',  ( 0.000000000000000000, 2.999999999999971578, 8.999999999999998224 ) ) ;
#563 = ADVANCED_FACE ( 'NONE', ( #1864 ), #2442, .F. ) ;
#564 = VECTOR ( 'NONE', #2424, 1000.000000000000000 ) ;
#565 = VERTEX_POINT ( 'NONE', #1664 ) ;
#566 = CARTESIAN_POINT ( 'NONE',  ( 62.20000000000000284, 114.1999999999999744, 0.9999999999999991118 ) ) ;
#567 = AXIS2_PLACEMENT_3D ( 'NONE', #277, #1979, #1964 ) ;
#568 = LINE ( 'NONE', #1380, #510 ) ;
#569 = DIRECTION ( 'NONE',  ( 1.000000000000000000, 0.000000000000000000, -0.000000000000000000 ) ) ;
#571 = ORIENTED_EDGE ( 'NONE', *, *, #1888, .T. ) ;
#570 = ORGANIZATION ( 'æœª', 'æœª', '' ) ;
#572 = DIRECTION ( 'NONE',  ( -1.000000000000000000, 0.000000000000000000, 0.000000000000000000 ) ) ;
#573 = DIRECTION ( 'NONE',  ( -0.000000000000000000, -0.000000000000000000, -1.000000000000000000 ) ) ;
#574 = ORIENTED_EDGE ( 'NONE', *, *, #1603, .F. ) ;
#575 = DIRECTION ( 'NONE',  ( 1.000000000000000000, 0.000000000000000000, -0.000000000000000000 ) ) ;
#576 = LINE ( 'NONE', #2788, #1878 ) ;
#577 = VERTEX_POINT ( 'NONE', #1387 ) ;
#578 = CARTESIAN_POINT ( 'NONE',  ( 0.000000000000000000, 0.000000000000000000, 3.000000000000000000 ) ) ;
#579 = CARTESIAN_POINT ( 'NONE',  ( 15.20000000000001883, 136.2391149236989349, 0.9999999999999991118 ) ) ;
#580 = ORIENTED_EDGE ( 'NONE', *, *, #1823, .F. ) ;
#581 = ADVANCED_FACE ( 'NONE', ( #2189 ), #233, .F. ) ;
#582 = CARTESIAN_POINT ( 'NONE',  ( 47.89999999999999858, 98.49999999999997158, 11.00000000000000000 ) ) ;
#583 = ORIENTED_EDGE ( 'NONE', *, *, #1303, .T. ) ;
#584 = DIRECTION ( 'NONE',  ( 0.000000000000000000, 0.000000000000000000, -1.000000000000000000 ) ) ;
#585 = DIRECTION ( 'NONE',  ( 0.000000000000000000, 0.000000000000000000, -1.000000000000000000 ) ) ;
#586 = DIRECTION ( 'NONE',  ( 0.000000000000000000, -0.000000000000000000, 1.000000000000000000 ) ) ;
#587 = DIRECTION ( 'NONE',  ( -0.000000000000000000, -0.000000000000000000, 1.000000000000000000 ) ) ;
#588 = EDGE_LOOP ( 'NONE', ( #2558, #419, #149, #2991 ) ) ;
#589 = PLANE ( 'NONE',  #1711 ) ;
#590 = DIRECTION ( 'NONE',  ( 0.000000000000000000, 1.000000000000000000, 0.000000000000000000 ) ) ;
#591 = DIRECTION ( 'NONE',  ( 0.000000000000000000, -0.000000000000000000, 1.000000000000000000 ) ) ;
#592 = ORIENTED_EDGE ( 'NONE', *, *, #675, .F. ) ;
#593 = FACE_BOUND ( 'NONE', #47, .T. ) ;
#594 = PLANE ( 'NONE',  #1082 ) ;
#595 = EDGE_LOOP ( 'NONE', ( #1104, #2840, #1098, #321 ) ) ;
#596 = CARTESIAN_POINT ( 'NONE',  ( 233.0000000000000000, 162.0000000000000000, 20.99999999999999645 ) ) ;
#597 = EDGE_CURVE ( 'NONE', #2914, #1465, #1918, .T. ) ;
#598 = PLANE ( 'NONE',  #1086 ) ;
#599 = EDGE_CURVE ( 'NONE', #565, #1343, #2985, .T. ) ;
#600 = VECTOR ( 'NONE', #3382, 1000.000000000000000 ) ;
#601 = ORIENTED_EDGE ( 'NONE', *, *, #2489, .F. ) ;
#602 = DIRECTION ( 'NONE',  ( 0.000000000000000000, 1.000000000000000000, 0.000000000000000000 ) ) ;
#603 = DIRECTION ( 'NONE',  ( 1.000000000000000000, 0.000000000000000000, 0.000000000000000000 ) ) ;
#604 = CALENDAR_DATE ( 2025, 8, 12 ) ;
#605 = ORIENTED_EDGE ( 'NONE', *, *, #187, .F. ) ;
#606 = DIRECTION ( 'NONE',  ( 0.000000000000000000, -0.000000000000000000, 1.000000000000000000 ) ) ;
#607 = DIRECTION ( 'NONE',  ( -1.000000000000000000, 0.000000000000000000, 0.000000000000000000 ) ) ;
#608 = CIRCLE ( 'NONE', #2872, 1.899999999999985034 ) ;
#609 = CARTESIAN_POINT ( 'NONE',  ( 194.2000000000000171, 114.1999999999999744, 11.00000000000000000 ) ) ;
#610 = ORIENTED_EDGE ( 'NONE', *, *, #2484, .T. ) ;
#611 = DIRECTION ( 'NONE',  ( -0.000000000000000000, -0.000000000000000000, 1.000000000000000000 ) ) ;
#612 = PLANE ( 'NONE',  #3566 ) ;
#613 = DIRECTION ( 'NONE',  ( 0.000000000000000000, 0.000000000000000000, -1.000000000000000000 ) ) ;
#614 = VERTEX_POINT ( 'NONE', #2767 ) ;
#615 = CARTESIAN_POINT ( 'NONE',  ( 40.20000000000001705, 114.1999999999999744, 0.9999999999999991118 ) ) ;
#616 = ORIENTED_EDGE ( 'NONE', *, *, #1713, .F. ) ;
#617 = LINE ( 'NONE', #2618, #2135 ) ;
#618 = AXIS2_PLACEMENT_3D ( 'NONE', #1474, #1807, #2873 ) ;
#619 = ORIENTED_EDGE ( 'NONE', *, *, #2968, .F. ) ;
#620 = EDGE_CURVE ( 'NONE', #1371, #446, #2141, .T. ) ;
#621 = PLANE ( 'NONE',  #2004 ) ;
#622 = VECTOR ( 'NONE', #2113, 1000.000000000000000 ) ;
#623 = DIRECTION ( 'NONE',  ( 1.000000000000000000, -0.000000000000000000, -0.000000000000000000 ) ) ;
#624 = AXIS2_PLACEMENT_3D ( 'NONE', #1226, #900, #410 ) ;
#625 = ORIENTED_EDGE ( 'NONE', *, *, #3345, .F. ) ;
#626 = DIRECTION ( 'NONE',  ( 0.000000000000000000, -0.000000000000000000, 1.000000000000000000 ) ) ;
#627 = EDGE_CURVE ( 'NONE', #1157, #2088, #3018, .T. ) ;
#628 = CC_DESIGN_APPROVAL ( #170, ( #2601 ) ) ;
#629 = LINE ( 'NONE', #882, #1376 ) ;
#630 = EDGE_CURVE ( 'NONE', #1929, #3246, #487, .T. ) ;
#631 = PLANE ( 'NONE',  #659 ) ;
#632 = ORIENTED_EDGE ( 'NONE', *, *, #1823, .T. ) ;
#633 = DIRECTION ( 'NONE',  ( 1.000000000000000000, -0.000000000000000000, 0.000000000000000000 ) ) ;
#634 = CARTESIAN_POINT ( 'NONE',  ( 62.20000000000000284, 114.1999999999999744, 0.9999999999999991118 ) ) ;
#635 = FACE_OUTER_BOUND ( 'NONE', #2677, .T. ) ;
#636 = EDGE_LOOP ( 'NONE', ( #947, #605, #1178, #3291 ) ) ;
#637 = VERTEX_POINT ( 'NONE', #3380 ) ;
#638 = DIRECTION ( 'NONE',  ( 1.000000000000000000, 0.000000000000000000, 0.000000000000000000 ) ) ;
#639 = ORIENTED_EDGE ( 'NONE', *, *, #3565, .T. ) ;
#640 = PLANE ( 'NONE',  #2253 ) ;
#641 = ORIENTED_EDGE ( 'NONE', *, *, #2995, .T. ) ;
#642 = CARTESIAN_POINT ( 'NONE',  ( 194.2000000000000171, 114.1999999999999744, 0.9999999999999991118 ) ) ;
#643 = CARTESIAN_POINT ( 'NONE',  ( 51.50000000000002132, 136.2391149236989349, 0.9999999999999991118 ) ) ;
#644 = ORIENTED_EDGE ( 'NONE', *, *, #2556, .T. ) ;
#645 = FACE_OUTER_BOUND ( 'NONE', #118, .T. ) ;
#646 = DIRECTION ( 'NONE',  ( 0.000000000000000000, 1.000000000000000000, 0.000000000000000000 ) ) ;
#647 = ORIENTED_EDGE ( 'NONE', *, *, #1603, .T. ) ;
#648 = CARTESIAN_POINT ( 'NONE',  ( 62.20000000000000284, 98.49999999999997158, 0.9999999999999991118 ) ) ;
#649 = FACE_OUTER_BOUND ( 'NONE', #3275, .T. ) ;
#650 = ADVANCED_FACE ( 'NONE', ( #60 ), #3360, .F. ) ;
#651 = EDGE_LOOP ( 'NONE', ( #1923, #825, #499, #1920, #3343, #393, #601, #2883 ) ) ;
#652 = ORIENTED_EDGE ( 'NONE', *, *, #3285, .T. ) ;
#653 = FACE_OUTER_BOUND ( 'NONE', #3258, .T. ) ;
#654 = ORIENTED_EDGE ( 'NONE', *, *, #1571, .F. ) ;
#655 = DIRECTION ( 'NONE',  ( 0.000000000000000000, -1.000000000000000000, -0.000000000000000000 ) ) ;
#656 = ORIENTED_EDGE ( 'NONE', *, *, #855, .F. ) ;
#657 = VECTOR ( 'NONE', #1467, 1000.000000000000000 ) ;
#658 = CARTESIAN_POINT ( 'NONE',  ( 125.2000000000000028, 136.2391149236989349, 0.9999999999999991118 ) ) ;
#659 = AXIS2_PLACEMENT_3D ( 'NONE', #3326, #1988, #591 ) ;
#660 = LINE ( 'NONE', #1514, #686 ) ;
#661 = ORIENTED_EDGE ( 'NONE', *, *, #2094, .F. ) ;
#662 = DIRECTION ( 'NONE',  ( -1.000000000000000000, 0.000000000000000000, 0.000000000000000000 ) ) ;
#663 = VECTOR ( 'NONE', #662, 1000.000000000000000 ) ;
#664 = CARTESIAN_POINT ( 'NONE',  ( 125.2000000000000028, 136.2391149236989349, 0.9999999999999991118 ) ) ;
#665 = ORIENTED_EDGE ( 'NONE', *, *, #1982, .T. ) ;
#666 = EDGE_CURVE ( 'NONE', #1600, #352, #881, .T. ) ;
#667 = DIRECTION ( 'NONE',  ( -1.000000000000000000, 0.000000000000000000, 0.000000000000000000 ) ) ;
#668 = ADVANCED_FACE ( 'NONE', ( #645 ), #336, .F. ) ;
#669 = EDGE_CURVE ( 'NONE', #202, #1270, #353, .T. ) ;
#670 = CARTESIAN_POINT ( 'NONE',  ( 183.5000000000000000, 136.2391149236989349, 0.9999999999999991118 ) ) ;
#671 = VERTEX_POINT ( 'NONE', #3400 ) ;
#672 = VECTOR ( 'NONE', #862, 1000.000000000000000 ) ;
#673 = EDGE_LOOP ( 'NONE', ( #955, #1245, #442, #2282 ) ) ;
#674 = DIRECTION ( 'NONE',  ( -0.000000000000000000, -0.000000000000000000, 1.000000000000000000 ) ) ;
#675 = EDGE_CURVE ( 'NONE', #2073, #3185, #1986, .T. ) ;
#676 = ORIENTED_EDGE ( 'NONE', *, *, #2295, .F. ) ;
#677 = VECTOR ( 'NONE', #2270, 1000.000000000000000 ) ;
#678 = DIRECTION ( 'NONE',  ( 0.000000000000000000, 1.000000000000000000, 0.000000000000000000 ) ) ;
#679 = ORIENTED_EDGE ( 'NONE', *, *, #1416, .F. ) ;
#680 = CARTESIAN_POINT ( 'NONE',  ( 161.5000000000000000, 151.9391149236989236, 11.00000000000000000 ) ) ;
#682 = ORIENTED_EDGE ( 'NONE', *, *, #137, .F. ) ;
#681 = AXIS2_PLACEMENT_3D ( 'NONE', #2220, #3033, #550 ) ;
#683 = CARTESIAN_POINT ( 'NONE',  ( 117.5000000000000142, 151.9391149236989236, 0.9999999999999991118 ) ) ;
#684 = VECTOR ( 'NONE', #82, 1000.000000000000000 ) ;
#685 = DIRECTION ( 'NONE',  ( 1.000000000000000000, 0.000000000000000000, 0.000000000000000000 ) ) ;
#686 = VECTOR ( 'NONE', #2324, 1000.000000000000000 ) ;
#687 = DIRECTION ( 'NONE',  ( -0.000000000000000000, -0.000000000000000000, 1.000000000000000000 ) ) ;
#688 = ORIENTED_EDGE ( 'NONE', *, *, #1312, .F. ) ;
#689 = CARTESIAN_POINT ( 'NONE',  ( 139.5000000000000000, 136.2391149236989349, 0.9999999999999991118 ) ) ;
#690 = CARTESIAN_POINT ( 'NONE',  ( 0.000000000000000000, 162.0000000000000000, 0.000000000000000000 ) ) ;
#691 = VERTEX_POINT ( 'NONE', #1402 ) ;
#692 = FACE_BOUND ( 'NONE', #768, .T. ) ;
#693 = DIRECTION ( 'NONE',  ( -0.000000000000000000, -0.000000000000000000, 1.000000000000000000 ) ) ;
#694 = ORIENTED_EDGE ( 'NONE', *, *, #1495, .F. ) ;
#695 = ADVANCED_FACE ( 'NONE', ( #375 ), #2308, .F. ) ;
#696 = LINE ( 'NONE', #1784, #3055 ) ;
#697 = EDGE_CURVE ( 'NONE', #71, #2486, #1455, .T. ) ;
#698 = ORIENTED_EDGE ( 'NONE', *, *, #2794, .T. ) ;
#699 = DIRECTION ( 'NONE',  ( -0.000000000000000000, -1.000000000000000000, -0.000000000000000000 ) ) ;
#700 = EDGE_CURVE ( 'NONE', #3035, #897, #2549, .T. ) ;
#701 = CARTESIAN_POINT ( 'NONE',  ( 81.19999999999998863, 151.9391149236989236, 0.9999999999999991118 ) ) ;
#702 = ADVANCED_FACE ( 'NONE', ( #2531 ), #3110, .T. ) ;
#703 = ORIENTED_EDGE ( 'NONE', *, *, #992, .T. ) ;
#704 = DIRECTION ( 'NONE',  ( 1.000000000000000000, 1.206764157201257291E-16, -0.000000000000000000 ) ) ;
#705 = LINE ( 'NONE', #2913, #2418 ) ;
#706 = ORIENTED_EDGE ( 'NONE', *, *, #1959, .F. ) ;
#707 = LINE ( 'NONE', #3173, #3167 ) ;
#708 = LINE ( 'NONE', #1296, #78 ) ;
#709 = ORIENTED_EDGE ( 'NONE', *, *, #733, .T. ) ;
#710 = FACE_BOUND ( 'NONE', #100, .T. ) ;
#711 = LINE ( 'NONE', #422, #1845 ) ;
#712 = VERTEX_POINT ( 'NONE', #1189 ) ;
#713 = EDGE_CURVE ( 'NONE', #3093, #983, #3131, .T. ) ;
#714 = LINE ( 'NONE', #2908, #1191 ) ;
#715 = ADVANCED_FACE ( 'NONE', ( #2010 ), #589, .F. ) ;
#716 = PLANE ( 'NONE',  #2882 ) ;
#717 = ORIENTED_EDGE ( 'NONE', *, *, #2219, .T. ) ;
#718 = CARTESIAN_POINT ( 'NONE',  ( 230.0000000000000000, 117.0000000000000000, 11.00000000000000000 ) ) ;
#719 = VECTOR ( 'NONE', #2839, 1000.000000000000000 ) ;
#720 = ADVANCED_FACE ( 'NONE', ( #318 ), #2223, .T. ) ;
#721 = AXIS2_PLACEMENT_3D ( 'NONE', #1883, #2090, #1587 ) ;
#722 = EDGE_LOOP ( 'NONE', ( #741, #3255, #2416, #1393 ) ) ;
#723 = CARTESIAN_POINT ( 'NONE',  ( 183.5000000000000000, 151.9391149236989236, 0.9999999999999991118 ) ) ;
#724 = CARTESIAN_POINT ( 'NONE',  ( 179.9000000000000057, 98.49999999999997158, 11.00000000000000000 ) ) ;
#725 = ORIENTED_EDGE ( 'NONE', *, *, #1330, .F. ) ;
#726 = FACE_OUTER_BOUND ( 'NONE', #2766, .T. ) ;
#727 = CARTESIAN_POINT ( 'NONE',  ( 103.2000000000000171, 151.9391149236989236, 11.00000000000000000 ) ) ;
#728 = VECTOR ( 'NONE', #2410, 1000.000000000000000 ) ;
#729 = AXIS2_PLACEMENT_3D ( 'NONE', #15, #3339, #1967 ) ;
#730 = ORIENTED_EDGE ( 'NONE', *, *, #1495, .T. ) ;
#731 = LINE ( 'NONE', #1837, #207 ) ;
#732 = FACE_OUTER_BOUND ( 'NONE', #2120, .T. ) ;
#733 = EDGE_CURVE ( 'NONE', #3246, #1038, #1134, .T. ) ;
#734 = ADVANCED_FACE ( 'NONE', ( #2283 ), #2567, .F. ) ;
#735 = EDGE_LOOP ( 'NONE', ( #1506, #3273, #1553, #2501 ) ) ;
#736 = CARTESIAN_POINT ( 'NONE',  ( 95.50000000000000000, 151.9391149236989236, 0.9999999999999991118 ) ) ;
#737 = CARTESIAN_POINT ( 'NONE',  ( 128.2000000000000171, 114.1999999999999744, 0.9999999999999991118 ) ) ;
#738 = PERSON_AND_ORGANIZATION_ROLE ( 'creator' ) ;
#739 = AXIS2_PLACEMENT_3D ( 'NONE', #2897, #2087, #685 ) ;
#740 = EDGE_CURVE ( 'NONE', #614, #935, #866, .T. ) ;
#741 = ORIENTED_EDGE ( 'NONE', *, *, #1865, .F. ) ;
#742 = LINE ( 'NONE', #2900, #502 ) ;
#743 = AXIS2_PLACEMENT_3D ( 'NONE', #528, #2181, #3066 ) ;
#744 = EDGE_CURVE ( 'NONE', #3394, #1499, #1420, .T. ) ;
#745 = PLANE ( 'NONE',  #1819 ) ;
#746 = VECTOR ( 'NONE', #1369, 1000.000000000000000 ) ;
#747 = ORIENTED_EDGE ( 'NONE', *, *, #1160, .T. ) ;
#748 = LINE ( 'NONE', #3042, #3332 ) ;
#749 = DIRECTION ( 'NONE',  ( 0.000000000000000000, 1.000000000000000000, 0.000000000000000000 ) ) ;
#750 = PLANE ( 'NONE',  #1552 ) ;
#751 = ORIENTED_EDGE ( 'NONE', *, *, #1689, .T. ) ;
#752 = DIRECTION ( 'NONE',  ( 0.000000000000000000, 0.000000000000000000, 1.000000000000000000 ) ) ;
#753 = CARTESIAN_POINT ( 'NONE',  ( 139.5000000000000000, 151.9391149236989236, 0.9999999999999991118 ) ) ;
#754 = DIRECTION ( 'NONE',  ( 1.000000000000000000, 0.000000000000000000, -0.000000000000000000 ) ) ;
#755 = VERTEX_POINT ( 'NONE', #3203 ) ;
#756 = DIRECTION ( 'NONE',  ( -0.000000000000000000, -0.000000000000000000, 1.000000000000000000 ) ) ;
#757 = DIRECTION ( 'NONE',  ( -1.000000000000000000, 0.000000000000000000, 0.000000000000000000 ) ) ;
#758 = VERTEX_POINT ( 'NONE', #2928 ) ;
#759 = DIRECTION ( 'NONE',  ( 0.000000000000000000, 0.000000000000000000, -1.000000000000000000 ) ) ;
#760 = DIRECTION ( 'NONE',  ( -0.000000000000000000, -0.000000000000000000, 1.000000000000000000 ) ) ;
#761 = ORIENTED_EDGE ( 'NONE', *, *, #1335, .F. ) ;
#762 = CARTESIAN_POINT ( 'NONE',  ( 7.000000000000006217, 9.000000000000031974, 8.999999999999998224 ) ) ;
#763 = CARTESIAN_POINT ( 'NONE',  ( 0.000000000000000000, 136.2391149236989349, 11.00000000000000000 ) ) ;
#764 = EDGE_LOOP ( 'NONE', ( #178, #1917, #3399, #2143 ) ) ;
#765 = CARTESIAN_POINT ( 'NONE',  ( 193.1000000000001364, 8.999999999999984013, 8.999999999999998224 ) ) ;
#766 = CARTESIAN_POINT ( 'NONE',  ( 106.2000000000000171, 114.1999999999999744, 0.9999999999999991118 ) ) ;
#767 = FACE_OUTER_BOUND ( 'NONE', #2382, .T. ) ;
#768 = EDGE_LOOP ( 'NONE', ( #3064, #2385, #725, #880 ) ) ;
#769 = CARTESIAN_POINT ( 'NONE',  ( 59.20000000000000284, 151.9391149236989236, 11.00000000000000000 ) ) ;
#770 = FACE_OUTER_BOUND ( 'NONE', #1386, .T. ) ;
#771 = ORIENTED_EDGE ( 'NONE', *, *, #1247, .T. ) ;
#772 = VECTOR ( 'NONE', #674, 1000.000000000000000 ) ;
#773 = CARTESIAN_POINT ( 'NONE',  ( 230.0000000000000000, 134.0000000000000000, 11.00000000000000000 ) ) ;
#774 = AXIS2_PLACEMENT_3D ( 'NONE', #1362, #1894, #516 ) ;
#775 = EDGE_CURVE ( 'NONE', #1110, #3423, #2100, .T. ) ;
#776 = FACE_OUTER_BOUND ( 'NONE', #2444, .T. ) ;
#777 = ORIENTED_EDGE ( 'NONE', *, *, #805, .T. ) ;
#778 = DIRECTION ( 'NONE',  ( 0.000000000000000000, 0.000000000000000000, -1.000000000000000000 ) ) ;
#779 = ADVANCED_FACE ( 'NONE', ( #943 ), #157, .F. ) ;
#780 = LINE ( 'NONE', #1591, #221 ) ;
#781 = ORIENTED_EDGE ( 'NONE', *, *, #1268, .F. ) ;
#782 = EDGE_CURVE ( 'NONE', #2426, #1038, #3189, .T. ) ;
#783 = CARTESIAN_POINT ( 'NONE',  ( 117.5000000000000142, 136.2391149236989349, 0.9999999999999991118 ) ) ;
#784 = CARTESIAN_POINT ( 'NONE',  ( 25.90000000000000568, 114.1999999999999744, 0.9999999999999991118 ) ) ;
#785 = CARTESIAN_POINT ( 'NONE',  ( 62.20000000000000284, 114.1999999999999744, 0.9999999999999991118 ) ) ;
#786 = VERTEX_POINT ( 'NONE', #1810 ) ;
#787 = PLANE ( 'NONE',  #2860 ) ;
#788 = DIRECTION ( 'NONE',  ( -0.000000000000000000, -1.000000000000000000, -0.000000000000000000 ) ) ;
#789 = ORIENTED_EDGE ( 'NONE', *, *, #1804, .F. ) ;
#790 = DIRECTION ( 'NONE',  ( 1.000000000000000000, 0.000000000000000000, 0.000000000000000000 ) ) ;
#791 = VERTEX_POINT ( 'NONE', #1822 ) ;
#792 = CARTESIAN_POINT ( 'NONE',  ( 73.50000000000001421, 151.9391149236989236, 11.00000000000000000 ) ) ;
#793 = CIRCLE ( 'NONE', #2131, 1.899999999999985034 ) ;
#794 = CARTESIAN_POINT ( 'NONE',  ( 7.500000000000034639, 151.9391149236989236, 0.9999999999999991118 ) ) ;
#795 = VECTOR ( 'NONE', #121, 1000.000000000000000 ) ;
#796 = ORIENTED_EDGE ( 'NONE', *, *, #1555, .F. ) ;
#797 = LINE ( 'NONE', #1630, #1410 ) ;
#798 = DIRECTION ( 'NONE',  ( 0.000000000000000000, 0.000000000000000000, -1.000000000000000000 ) ) ;
#799 = EDGE_CURVE ( 'NONE', #3320, #3121, #1773, .T. ) ;
#800 = LINE ( 'NONE', #2238, #312 ) ;
#801 = VERTEX_POINT ( 'NONE', #2640 ) ;
#802 = CARTESIAN_POINT ( 'NONE',  ( 59.20000000000000284, 136.2391149236989349, 11.00000000000000000 ) ) ;
#803 = CARTESIAN_POINT ( 'NONE',  ( -22.00000000000000000, 0.000000000000000000, 0.9999999999999991118 ) ) ;
#804 = PERSON_AND_ORGANIZATION ( #1892, #570 ) ;
#805 = EDGE_CURVE ( 'NONE', #2884, #1147, #2047, .T. ) ;
#806 = ORIENTED_EDGE ( 'NONE', *, *, #1713, .T. ) ;
#807 = CARTESIAN_POINT ( 'NONE',  ( 7.500000000000034639, 151.9391149236989236, 0.9999999999999991118 ) ) ;
#808 = CARTESIAN_POINT ( 'NONE',  ( 161.5000000000000000, 136.2391149236989349, 0.9999999999999991118 ) ) ;
#809 = ORIENTED_EDGE ( 'NONE', *, *, #3157, .F. ) ;
#810 = CARTESIAN_POINT ( 'NONE',  ( 183.5000000000000000, 151.9391149236989236, 0.9999999999999991118 ) ) ;
#811 = DIRECTION ( 'NONE',  ( 1.000000000000000000, 0.000000000000000000, 0.000000000000000000 ) ) ;
#812 = ORIENTED_EDGE ( 'NONE', *, *, #3527, .T. ) ;
#813 = CARTESIAN_POINT ( 'NONE',  ( 0.000000000000000000, 0.000000000000000000, 3.000000000000000000 ) ) ;
#814 = DIRECTION ( 'NONE',  ( 0.000000000000000000, 0.000000000000000000, 1.000000000000000000 ) ) ;
#815 = FACE_OUTER_BOUND ( 'NONE', #3526, .T. ) ;
#816 = EDGE_CURVE ( 'NONE', #1343, #2088, #2326, .T. ) ;
#817 = ORIENTED_EDGE ( 'NONE', *, *, #431, .F. ) ;
#818 = PLANE ( 'NONE',  #1933 ) ;
#819 = CARTESIAN_POINT ( 'NONE',  ( 169.2000000000000171, 136.2391149236989349, 0.9999999999999991118 ) ) ;
#820 = ORIENTED_EDGE ( 'NONE', *, *, #180, .F. ) ;
#821 = DIRECTION ( 'NONE',  ( 1.000000000000000000, 0.000000000000000000, 0.000000000000000000 ) ) ;
#822 = EDGE_CURVE ( 'NONE', #3003, #71, #2116, .T. ) ;
#823 = DIRECTION ( 'NONE',  ( -0.000000000000000000, -0.000000000000000000, 1.000000000000000000 ) ) ;
#824 = CARTESIAN_POINT ( 'NONE',  ( 15.20000000000001883, 151.9391149236989236, 0.9999999999999991118 ) ) ;
#825 = ORIENTED_EDGE ( 'NONE', *, *, #3266, .T. ) ;
#826 = LINE ( 'NONE', #1904, #2695 ) ;
#827 = VECTOR ( 'NONE', #2182, 1000.000000000000000 ) ;
#828 = PLANE ( 'NONE',  #3175 ) ;
#829 = EDGE_LOOP ( 'NONE', ( #2758, #3061, #2102, #2273 ) ) ;
#830 = AXIS2_PLACEMENT_3D ( 'NONE', #1896, #1096, #1563 ) ;
#831 = CARTESIAN_POINT ( 'NONE',  ( 230.0000000000000000, 117.0000000000000000, 3.000000000000000000 ) ) ;
#832 = LINE ( 'NONE', #1942, #39 ) ;
#833 = CARTESIAN_POINT ( 'NONE',  ( 59.20000000000000284, 136.2391149236989349, 0.9999999999999991118 ) ) ;
#834 = ORIENTED_EDGE ( 'NONE', *, *, #944, .T. ) ;
#835 = CARTESIAN_POINT ( 'NONE',  ( 195.0000000000001137, 8.999999999999984013, 8.999999999999998224 ) ) ;
#836 = DIRECTION ( 'NONE',  ( -0.000000000000000000, -0.000000000000000000, -1.000000000000000000 ) ) ;
#837 = ADVANCED_FACE ( 'NONE', ( #2876 ), #2064, .F. ) ;
#838 = VECTOR ( 'NONE', #3243, 1000.000000000000000 ) ;
#839 = VECTOR ( 'NONE', #1550, 1000.000000000000000 ) ;
#840 = ORIENTED_EDGE ( 'NONE', *, *, #473, .F. ) ;
#841 = APPLICATION_CONTEXT ( 'configuration controlled 3d designs of mechanical parts and assemblies' ) ;
#842 = CARTESIAN_POINT ( 'NONE',  ( 25.90000000000000568, 114.1999999999999744, 0.9999999999999991118 ) ) ;
#843 = EDGE_CURVE ( 'NONE', #1760, #1371, #1263, .T. ) ;
#844 = VECTOR ( 'NONE', #2414, 1000.000000000000000 ) ;
#845 = EDGE_CURVE ( 'NONE', #1565, #2331, #1531, .T. ) ;
#846 = DIRECTION ( 'NONE',  ( -0.000000000000000000, -0.000000000000000000, 1.000000000000000000 ) ) ;
#847 = ORIENTED_EDGE ( 'NONE', *, *, #2067, .F. ) ;
#848 = CARTESIAN_POINT ( 'NONE',  ( 29.50000000000002487, 151.9391149236989236, 11.00000000000000000 ) ) ;
#849 = EDGE_CURVE ( 'NONE', #565, #1157, #2359, .T. ) ;
#850 = FACE_OUTER_BOUND ( 'NONE', #3371, .T. ) ;
#851 = EDGE_CURVE ( 'NONE', #1221, #3440, #394, .T. ) ;
#852 = AXIS2_PLACEMENT_3D ( 'NONE', #1168, #300, #603 ) ;
#853 = VERTEX_POINT ( 'NONE', #736 ) ;
#854 = CARTESIAN_POINT ( 'NONE',  ( 85.00000000000009948, 8.999999999999984013, 8.999999999999998224 ) ) ;
#855 = EDGE_CURVE ( 'NONE', #1465, #2276, #428, .T. ) ;
#856 = EDGE_LOOP ( 'NONE', ( #1913, #2878, #2034, #84 ) ) ;
#857 = CONICAL_SURFACE ( 'NONE', #2825, 1.899999999999985034, 1.029744258676653423 ) ;
#858 = CARTESIAN_POINT ( 'NONE',  ( 0.000000000000000000, 154.0000000000000000, 11.00000000000000000 ) ) ;
#859 = DIRECTION ( 'NONE',  ( 1.000000000000000000, 0.000000000000000000, 0.000000000000000000 ) ) ;
#861 = ORIENTED_EDGE ( 'NONE', *, *, #1444, .F. ) ;
#860 = CC_DESIGN_APPROVAL ( #369, ( #1034 ) ) ;
#862 = DIRECTION ( 'NONE',  ( 1.000000000000000000, -0.000000000000000000, -0.000000000000000000 ) ) ;
#863 = DIRECTION ( 'NONE',  ( 0.000000000000000000, -1.000000000000000000, -0.000000000000000000 ) ) ;
#864 = DATE_TIME_ROLE ( 'classification_date' ) ;
#865 = VERTEX_POINT ( 'NONE', #176 ) ;
#866 = LINE ( 'NONE', #1970, #93 ) ;
#867 = DATE_TIME_ROLE ( 'creation_date' ) ;
#868 = DIRECTION ( 'NONE',  ( -0.000000000000000000, -0.000000000000000000, 1.000000000000000000 ) ) ;
#869 = ORIENTED_EDGE ( 'NONE', *, *, #870, .T. ) ;
#870 = EDGE_CURVE ( 'NONE', #1142, #791, #1500, .T. ) ;
#871 = CARTESIAN_POINT ( 'NONE',  ( 161.5000000000000000, 136.2391149236989349, 0.9999999999999991118 ) ) ;
#872 = DIRECTION ( 'NONE',  ( -0.000000000000000000, -0.000000000000000000, 1.000000000000000000 ) ) ;
#873 = ORIENTED_EDGE ( 'NONE', *, *, #2508, .T. ) ;
#874 = CARTESIAN_POINT ( 'NONE',  ( 85.00000000000009948, 8.999999999999984013, 2.658364823847642722 ) ) ;
#875 = ORIENTED_EDGE ( 'NONE', *, *, #65, .F. ) ;
#876 = DIRECTION ( 'NONE',  ( 1.224646799147352714E-16, -1.000000000000000000, 0.000000000000000000 ) ) ;
#877 = ORIENTED_EDGE ( 'NONE', *, *, #1011, .F. ) ;
#878 = DIRECTION ( 'NONE',  ( 1.000000000000000000, 0.000000000000000000, 0.000000000000000000 ) ) ;
#879 = DIRECTION ( 'NONE',  ( 0.000000000000000000, 0.000000000000000000, -1.000000000000000000 ) ) ;
#880 = ORIENTED_EDGE ( 'NONE', *, *, #2219, .F. ) ;
#881 = LINE ( 'NONE', #21, #440 ) ;
#882 = CARTESIAN_POINT ( 'NONE',  ( 161.5000000000000000, 151.9391149236989236, 0.9999999999999991118 ) ) ;
#883 = FACE_OUTER_BOUND ( 'NONE', #3583, .T. ) ;
#884 = VERTEX_POINT ( 'NONE', #2589 ) ;
#885 = DIRECTION ( 'NONE',  ( -0.000000000000000000, -0.000000000000000000, -1.000000000000000000 ) ) ;
#886 = CARTESIAN_POINT ( 'NONE',  ( 194.2000000000000171, 114.1999999999999744, 11.00000000000000000 ) ) ;
#887 = ADVANCED_FACE ( 'NONE', ( #1213 ), #2609, .F. ) ;
#888 = CARTESIAN_POINT ( 'NONE',  ( 128.2000000000000171, 98.49999999999997158, 0.9999999999999991118 ) ) ;
#889 = EDGE_CURVE ( 'NONE', #132, #1809, #2343, .T. ) ;
#890 = ORIENTED_EDGE ( 'NONE', *, *, #119, .T. ) ;
#891 = AXIS2_PLACEMENT_3D ( 'NONE', #3237, #2590, #1517 ) ;
#892 = DIRECTION ( 'NONE',  ( -0.000000000000000000, -0.000000000000000000, 1.000000000000000000 ) ) ;
#893 = ORIENTED_EDGE ( 'NONE', *, *, #512, .T. ) ;
#894 = LINE ( 'NONE', #133, #2595 ) ;
#895 = VECTOR ( 'NONE', #1238, 1000.000000000000000 ) ;
#896 = ADVANCED_FACE ( 'NONE', ( #1290 ), #261, .F. ) ;
#897 = VERTEX_POINT ( 'NONE', #1914 ) ;
#898 = LINE ( 'NONE', #1398, #2688 ) ;
#899 = EDGE_CURVE ( 'NONE', #786, #1600, #3519, .T. ) ;
#900 = DIRECTION ( 'NONE',  ( 0.000000000000000000, -1.000000000000000000, -0.000000000000000000 ) ) ;
#901 = PERSON_AND_ORGANIZATION_ROLE ( 'classification_officer' ) ;
#902 = ORIENTED_EDGE ( 'NONE', *, *, #3226, .T. ) ;
#903 = DIRECTION ( 'NONE',  ( -0.000000000000000000, -1.000000000000000000, -0.000000000000000000 ) ) ;
#904 = ADVANCED_FACE ( 'NONE', ( #213 ), #1027, .F. ) ;
#905 = VECTOR ( 'NONE', #2121, 1000.000000000000000 ) ;
#906 =( NAMED_UNIT ( * ) SI_UNIT ( $, .STERADIAN. ) SOLID_ANGLE_UNIT ( ) );
#907 = AXIS2_PLACEMENT_3D ( 'NONE', #2245, #2837, #3344 ) ;
#908 = FACE_OUTER_BOUND ( 'NONE', #1198, .T. ) ;
#909 = EDGE_LOOP ( 'NONE', ( #3198, #592, #116, #156 ) ) ;
#910 = CARTESIAN_POINT ( 'NONE',  ( 216.2000000000000171, 98.49999999999997158, 0.9999999999999991118 ) ) ;
#911 = DIRECTION ( 'NONE',  ( 0.000000000000000000, -1.000000000000000000, 0.000000000000000000 ) ) ;
#912 = DIRECTION ( 'NONE',  ( 0.000000000000000000, -0.000000000000000000, 1.000000000000000000 ) ) ;
#913 = ORIENTED_EDGE ( 'NONE', *, *, #2339, .T. ) ;
#914 = FACE_OUTER_BOUND ( 'NONE', #1799, .T. ) ;
#915 = ORIENTED_EDGE ( 'NONE', *, *, #2295, .T. ) ;
#916 = CARTESIAN_POINT ( 'NONE',  ( 113.9000000000000057, 98.49999999999997158, 11.00000000000000000 ) ) ;
#917 = AXIS2_PLACEMENT_3D ( 'NONE', #2982, #2948, #1879 ) ;
#918 = ORIENTED_EDGE ( 'NONE', *, *, #3031, .F. ) ;
#919 = LINE ( 'NONE', #2026, #543 ) ;
#920 = VECTOR ( 'NONE', #2044, 1000.000000000000000 ) ;
#921 = EDGE_CURVE ( 'NONE', #2853, #1164, #2675, .T. ) ;
#922 = VECTOR ( 'NONE', #1087, 1000.000000000000000 ) ;
#923 = DIRECTION ( 'NONE',  ( -1.000000000000000000, 0.000000000000000000, 0.000000000000000000 ) ) ;
#924 = VECTOR ( 'NONE', #98, 1000.000000000000000 ) ;
#925 = EDGE_LOOP ( 'NONE', ( #219, #1397, #2665, #2582 ) ) ;
#926 = DIRECTION ( 'NONE',  ( -0.000000000000000000, -0.000000000000000000, 1.000000000000000000 ) ) ;
#927 = DIRECTION ( 'NONE',  ( 0.000000000000000000, -1.000000000000000000, -0.000000000000000000 ) ) ;
#928 = LINE ( 'NONE', #1794, #11 ) ;
#929 = ORIENTED_EDGE ( 'NONE', *, *, #799, .F. ) ;
#930 = PLANE ( 'NONE',  #2930 ) ;
#931 = DIRECTION ( 'NONE',  ( 0.000000000000000000, -1.000000000000000000, -0.000000000000000000 ) ) ;
#932 = ORIENTED_EDGE ( 'NONE', *, *, #2396, .T. ) ;
#933 = ORIENTED_EDGE ( 'NONE', *, *, #2643, .F. ) ;
#934 = CARTESIAN_POINT ( 'NONE',  ( 161.5000000000000000, 136.2391149236989349, 11.00000000000000000 ) ) ;
#935 = VERTEX_POINT ( 'NONE', #2712 ) ;
#936 = DIRECTION ( 'NONE',  ( -1.224646799147351975E-16, -1.000000000000000000, -0.000000000000000000 ) ) ;
#937 = EDGE_LOOP ( 'NONE', ( #1202, #1239, #1218, #2729 ) ) ;
#938 = LINE ( 'NONE', #443, #3153 ) ;
#939 = FACE_OUTER_BOUND ( 'NONE', #1518, .T. ) ;
#940 = EDGE_CURVE ( 'NONE', #542, #1270, #1058, .T. ) ;
#941 = EDGE_CURVE ( 'NONE', #1709, #2201, #1043, .T. ) ;
#942 = VERTEX_POINT ( 'NONE', #1364 ) ;
#943 = FACE_OUTER_BOUND ( 'NONE', #1570, .T. ) ;
#944 = EDGE_CURVE ( 'NONE', #3185, #2193, #3014, .T. ) ;
#945 = PLANE ( 'NONE',  #1466 ) ;
#946 = EDGE_CURVE ( 'NONE', #317, #505, #531, .T. ) ;
#947 = ORIENTED_EDGE ( 'NONE', *, *, #22, .T. ) ;
#948 = CARTESIAN_POINT ( 'NONE',  ( 2.449293598294704146E-15, 116.9999999999999858, 11.00000000000000000 ) ) ;
#949 = PLANE ( 'NONE',  #3545 ) ;
#950 = ORIENTED_EDGE ( 'NONE', *, *, #3215, .T. ) ;
#951 = ORIENTED_EDGE ( 'NONE', *, *, #1688, .T. ) ;
#952 = PLANE ( 'NONE',  #1701 ) ;
#953 = ORIENTED_EDGE ( 'NONE', *, *, #1201, .F. ) ;
#954 = DIRECTION ( 'NONE',  ( -0.000000000000000000, -1.000000000000000000, -0.000000000000000000 ) ) ;
#955 = ORIENTED_EDGE ( 'NONE', *, *, #3221, .F. ) ;
#956 = LINE ( 'NONE', #976, #1125 ) ;
#957 = AXIS2_PLACEMENT_3D ( 'NONE', #128, #2861, #1724 ) ;
#958 = LINE ( 'NONE', #2852, #3178 ) ;
#959 = ORIENTED_EDGE ( 'NONE', *, *, #275, .F. ) ;
#960 = CARTESIAN_POINT ( 'NONE',  ( 73.50000000000001421, 136.2391149236989349, 11.00000000000000000 ) ) ;
#961 = VECTOR ( 'NONE', #1242, 1000.000000000000000 ) ;
#962 = CARTESIAN_POINT ( 'NONE',  ( 169.2000000000000171, 136.2391149236989349, 0.9999999999999991118 ) ) ;
#963 = EDGE_LOOP ( 'NONE', ( #2626, #1484, #2869, #547 ) ) ;
#964 = LINE ( 'NONE', #1251, #2303 ) ;
#965 = AXIS2_PLACEMENT_3D ( 'NONE', #1560, #2671, #752 ) ;
#966 = ADVANCED_FACE ( 'NONE', ( #2184 ), #787, .F. ) ;
#967 = PLANE ( 'NONE',  #2800 ) ;
#968 = ORIENTED_EDGE ( 'NONE', *, *, #187, .T. ) ;
#969 = ORIENTED_EDGE ( 'NONE', *, *, #429, .F. ) ;
#970 = EDGE_CURVE ( 'NONE', #3041, #1447, #3289, .T. ) ;
#971 = CARTESIAN_POINT ( 'NONE',  ( 29.50000000000002487, 136.2391149236989349, 0.9999999999999991118 ) ) ;
#972 = ORIENTED_EDGE ( 'NONE', *, *, #2363, .F. ) ;
#973 = AXIS2_PLACEMENT_3D ( 'NONE', #1849, #1796, #3206 ) ;
#974 = CARTESIAN_POINT ( 'NONE',  ( 201.9000000000000057, 98.49999999999997158, 11.00000000000000000 ) ) ;
#975 = ORIENTED_EDGE ( 'NONE', *, *, #2323, .T. ) ;
#976 = CARTESIAN_POINT ( 'NONE',  ( 196.9000000000000909, 8.999999999999984013, 8.999999999999998224 ) ) ;
#977 = DIRECTION ( 'NONE',  ( -0.000000000000000000, -0.000000000000000000, 1.000000000000000000 ) ) ;
#979 = ORIENTED_EDGE ( 'NONE', *, *, #3215, .F. ) ;
#978 = VECTOR ( 'NONE', #465, 1000.000000000000000 ) ;
#980 = DIRECTION ( 'NONE',  ( -1.000000000000000000, 0.000000000000000000, 0.000000000000000000 ) ) ;
#981 = AXIS2_PLACEMENT_3D ( 'NONE', #480, #1577, #2687 ) ;
#982 = FACE_OUTER_BOUND ( 'NONE', #325, .T. ) ;
#983 = VERTEX_POINT ( 'NONE', #242 ) ;
#984 = LINE ( 'NONE', #1535, #3043 ) ;
#985 = EDGE_CURVE ( 'NONE', #2966, #1966, #1344, .T. ) ;
#986 = PLANE ( 'NONE',  #721 ) ;
#987 = VERTEX_POINT ( 'NONE', #769 ) ;
#988 = DIRECTION ( 'NONE',  ( 1.000000000000000000, 0.000000000000000000, 0.000000000000000000 ) ) ;
#989 = EDGE_CURVE ( 'NONE', #2059, #1798, #2202, .T. ) ;
#990 = DIRECTION ( 'NONE',  ( 1.000000000000000000, -0.000000000000000000, -0.000000000000000000 ) ) ;
#991 = ORIENTED_EDGE ( 'NONE', *, *, #2607, .F. ) ;
#992 = EDGE_CURVE ( 'NONE', #577, #2154, #1877, .T. ) ;
#993 = CARTESIAN_POINT ( 'NONE',  ( 230.0000000000000000, 14.99999999999997158, 3.000000000000000000 ) ) ;
#994 = DIRECTION ( 'NONE',  ( 0.000000000000000000, 0.000000000000000000, 1.000000000000000000 ) ) ;
#995 = ORIENTED_EDGE ( 'NONE', *, *, #2925, .F. ) ;
#996 = CARTESIAN_POINT ( 'NONE',  ( 2.449293598294704146E-15, 134.0000000000000000, 11.00000000000000000 ) ) ;
#997 = EDGE_LOOP ( 'NONE', ( #1963, #656, #2638, #2467 ) ) ;
#998 = DIRECTION ( 'NONE',  ( -0.000000000000000000, -1.000000000000000000, -0.000000000000000000 ) ) ;
#999 = CARTESIAN_POINT ( 'NONE',  ( 195.0000000000001137, 8.999999999999984013, 9.000000000000000000 ) ) ;
#1000 = EDGE_LOOP ( 'NONE', ( #148, #554, #269, #3024 ) ) ;
#1001 = ORIENTED_EDGE ( 'NONE', *, *, #620, .T. ) ;
#1002 = EDGE_CURVE ( 'NONE', #3188, #2848, #2742, .T. ) ;
#1003 = DIRECTION ( 'NONE',  ( 0.000000000000000000, 1.000000000000000000, 0.000000000000000000 ) ) ;
#1004 = EDGE_CURVE ( 'NONE', #987, #1565, #2166, .T. ) ;
#1005 = ORIENTED_EDGE ( 'NONE', *, *, #16, .F. ) ;
#1006 = CARTESIAN_POINT ( 'NONE',  ( 139.5000000000000000, 136.2391149236989349, 0.9999999999999991118 ) ) ;
#1007 = LINE ( 'NONE', #2961, #1374 ) ;
#1008 = ADVANCED_FACE ( 'NONE', ( #3303 ), #818, .T. ) ;
#1009 = ORIENTED_EDGE ( 'NONE', *, *, #3565, .F. ) ;
#1010 = DIRECTION ( 'NONE',  ( 0.000000000000000000, 0.000000000000000000, 1.000000000000000000 ) ) ;
#1011 = EDGE_CURVE ( 'NONE', #935, #2201, #2423, .T. ) ;
#1012 = LINE ( 'NONE', #193, #1898 ) ;
#1013 = CC_DESIGN_PERSON_AND_ORGANIZATION_ASSIGNMENT ( #551, #901, ( #1034 ) ) ;
#1014 = VERTEX_POINT ( 'NONE', #3374 ) ;
#1015 = VECTOR ( 'NONE', #3068, 1000.000000000000000 ) ;
#1016 = CARTESIAN_POINT ( 'NONE',  ( 135.9000000000000057, 98.49999999999997158, 11.00000000000000000 ) ) ;
#1017 = DIRECTION ( 'NONE',  ( 1.000000000000000000, -0.000000000000000000, -0.000000000000000000 ) ) ;
#1018 = ORIENTED_EDGE ( 'NONE', *, *, #3221, .T. ) ;
#1019 = ORIENTED_EDGE ( 'NONE', *, *, #2443, .F. ) ;
#1020 = DIRECTION ( 'NONE',  ( 1.000000000000000000, 0.000000000000000000, -0.000000000000000000 ) ) ;
#1021 = VECTOR ( 'NONE', #2896, 1000.000000000000000 ) ;
#1022 = ORIENTED_EDGE ( 'NONE', *, *, #1066, .F. ) ;
#1023 = CARTESIAN_POINT ( 'NONE',  ( 2.449293598294704146E-15, 134.0000000000000000, 11.00000000000000000 ) ) ;
#1024 = DIRECTION ( 'NONE',  ( 0.000000000000000000, 0.000000000000000000, -1.000000000000000000 ) ) ;
#1025 = ORIENTED_EDGE ( 'NONE', *, *, #333, .F. ) ;
#1026 = ADVANCED_BREP_SHAPE_REPRESENTATION ( '\X2\58f34f53\X0\-2', ( #1612, #1902 ), #2192 ) ;
#1027 = PLANE ( 'NONE',  #3330 ) ;
#1028 = CARTESIAN_POINT ( 'NONE',  ( 213.1999999999999886, 136.2391149236989349, 11.00000000000000000 ) ) ;
#1029 = VECTOR ( 'NONE', #2573, 1000.000000000000000 ) ;
#1030 = ORIENTED_EDGE ( 'NONE', *, *, #1529, .F. ) ;
#1031 = CARTESIAN_POINT ( 'NONE',  ( 7.000000000000006217, 9.000000000000031974, 9.000000000000000000 ) ) ;
#1032 = AXIS2_PLACEMENT_3D ( 'NONE', #1165, #117, #388 ) ;
#1033 = DIRECTION ( 'NONE',  ( -0.000000000000000000, -0.000000000000000000, 1.000000000000000000 ) ) ;
#1034 = SECURITY_CLASSIFICATION ( '', '', #2949 ) ;
#1035 = ORIENTED_EDGE ( 'NONE', *, *, #1307, .T. ) ;
#1036 = DIRECTION ( 'NONE',  ( 1.000000000000000000, -0.000000000000000000, 0.000000000000000000 ) ) ;
#1037 = FACE_OUTER_BOUND ( 'NONE', #588, .T. ) ;
#1038 = VERTEX_POINT ( 'NONE', #1731 ) ;
#1039 = DIRECTION ( 'NONE',  ( -0.000000000000000000, -0.000000000000000000, 1.000000000000000000 ) ) ;
#1040 = FACE_OUTER_BOUND ( 'NONE', #2648, .T. ) ;
#1041 = FACE_OUTER_BOUND ( 'NONE', #1409, .T. ) ;
#1042 = ORIENTED_EDGE ( 'NONE', *, *, #355, .F. ) ;
#1043 = LINE ( 'NONE', #2473, #3165 ) ;
#1044 = ADVANCED_FACE ( 'NONE', ( #57 ), #2526, .F. ) ;
#1045 = CARTESIAN_POINT ( 'NONE',  ( 139.5000000000000000, 136.2391149236989349, 0.9999999999999991118 ) ) ;
#1046 = EDGE_CURVE ( 'NONE', #2073, #3537, #3321, .T. ) ;
#1047 = ORIENTED_EDGE ( 'NONE', *, *, #1335, .T. ) ;
#1048 = CARTESIAN_POINT ( 'NONE',  ( 7.000000000000006217, 9.000000000000031974, 8.999999999999998224 ) ) ;
#1049 = ADVANCED_FACE ( 'NONE', ( #3357 ), #3086, .F. ) ;
#1050 = ORIENTED_EDGE ( 'NONE', *, *, #2468, .F. ) ;
#1051 = DIRECTION ( 'NONE',  ( -0.000000000000000000, -0.000000000000000000, 1.000000000000000000 ) ) ;
#1052 = DIRECTION ( 'NONE',  ( 1.000000000000000000, -0.000000000000000000, -0.000000000000000000 ) ) ;
#1053 = ORIENTED_EDGE ( 'NONE', *, *, #1002, .F. ) ;
#1054 = CARTESIAN_POINT ( 'NONE',  ( 205.5000000000000284, 136.2391149236989349, 0.9999999999999991118 ) ) ;
#1055 = CARTESIAN_POINT ( 'NONE',  ( 216.2000000000000171, 98.49999999999997158, 0.9999999999999991118 ) ) ;
#1056 = DIRECTION ( 'NONE',  ( 0.000000000000000000, 0.000000000000000000, 1.000000000000000000 ) ) ;
#1057 = ORIENTED_EDGE ( 'NONE', *, *, #2953, .T. ) ;
#1058 = LINE ( 'NONE', #2964, #3032 ) ;
#1059 = DIRECTION ( 'NONE',  ( -0.000000000000000000, -0.000000000000000000, 1.000000000000000000 ) ) ;
#1060 = ORIENTED_EDGE ( 'NONE', *, *, #1909, .T. ) ;
#1061 = DIRECTION ( 'NONE',  ( 0.000000000000000000, -1.000000000000000000, -0.000000000000000000 ) ) ;
#1062 = VECTOR ( 'NONE', #2898, 1000.000000000000000 ) ;
#1063 = ORIENTED_EDGE ( 'NONE', *, *, #1533, .F. ) ;
#1064 = ADVANCED_FACE ( 'NONE', ( #1384 ), #1130, .F. ) ;
#1065 = LINE ( 'NONE', #3295, #444 ) ;
#1066 = EDGE_CURVE ( 'NONE', #1449, #2680, #2492, .T. ) ;
#1067 = DIRECTION ( 'NONE',  ( 0.000000000000000000, 1.000000000000000000, 0.000000000000000000 ) ) ;
#1068 = ORIENTED_EDGE ( 'NONE', *, *, #889, .F. ) ;
#1069 = EDGE_CURVE ( 'NONE', #2817, #1129, #1415, .T. ) ;
#1070 = VECTOR ( 'NONE', #1304, 1000.000000000000000 ) ;
#1071 = CARTESIAN_POINT ( 'NONE',  ( 147.1999999999999886, 151.9391149236989236, 0.9999999999999991118 ) ) ;
#1072 = CC_DESIGN_PERSON_AND_ORGANIZATION_ASSIGNMENT ( #1622, #738, ( #2601 ) ) ;
#1073 = CARTESIAN_POINT ( 'NONE',  ( 201.9000000000000057, 98.49999999999997158, 0.9999999999999991118 ) ) ;
#1074 = VECTOR ( 'NONE', #2891, 1000.000000000000000 ) ;
#1075 = LINE ( 'NONE', #3049, #827 ) ;
#1076 = ORIENTED_EDGE ( 'NONE', *, *, #849, .F. ) ;
#1077 = AXIS2_PLACEMENT_3D ( 'NONE', #2350, #1036, #2092 ) ;
#1078 = DIRECTION ( 'NONE',  ( -0.000000000000000000, -1.000000000000000000, -0.000000000000000000 ) ) ;
#1079 = LINE ( 'NONE', #3486, #331 ) ;
#1080 = ORIENTED_EDGE ( 'NONE', *, *, #2931, .T. ) ;
#1081 = DIRECTION ( 'NONE',  ( 0.000000000000000000, 0.000000000000000000, -1.000000000000000000 ) ) ;
#1082 = AXIS2_PLACEMENT_3D ( 'NONE', #1408, #911, #3314 ) ;
#1083 = DIRECTION ( 'NONE',  ( -0.000000000000000000, -0.000000000000000000, 1.000000000000000000 ) ) ;
#1084 = EDGE_LOOP ( 'NONE', ( #2151, #2263, #2545, #3383 ) ) ;
#1085 = DIRECTION ( 'NONE',  ( -0.000000000000000000, -1.000000000000000000, -0.000000000000000000 ) ) ;
#1086 = AXIS2_PLACEMENT_3D ( 'NONE', #1108, #1146, #798 ) ;
#1087 = DIRECTION ( 'NONE',  ( -0.000000000000000000, -1.000000000000000000, -0.000000000000000000 ) ) ;
#1088 = ADVANCED_FACE ( 'NONE', ( #1111 ), #74, .F. ) ;
#1089 = ORIENTED_EDGE ( 'NONE', *, *, #1112, .F. ) ;
#1090 = CYLINDRICAL_SURFACE ( 'NONE', #86, 1.899999999999985034 ) ;
#1091 = CONICAL_SURFACE ( 'NONE', #111, 1.899999999999985034, 1.029744258676653423 ) ;
#1092 = LINE ( 'NONE', #858, #1208 ) ;
#1093 = ADVANCED_FACE ( 'NONE', ( #1710 ), #3104, .T. ) ;
#1094 = CARTESIAN_POINT ( 'NONE',  ( 81.19999999999998863, 151.9391149236989236, 11.00000000000000000 ) ) ;
#1095 = ORIENTED_EDGE ( 'NONE', *, *, #407, .T. ) ;
#1096 = DIRECTION ( 'NONE',  ( -1.000000000000000000, 0.000000000000000000, 0.000000000000000000 ) ) ;
#1097 = DIRECTION ( 'NONE',  ( -1.000000000000000000, 0.000000000000000000, 0.000000000000000000 ) ) ;
#1098 = ORIENTED_EDGE ( 'NONE', *, *, #1762, .F. ) ;
#1099 = DIRECTION ( 'NONE',  ( -0.000000000000000000, -0.000000000000000000, 1.000000000000000000 ) ) ;
#1100 = PLANE ( 'NONE',  #3183 ) ;
#1101 = ORIENTED_EDGE ( 'NONE', *, *, #1528, .F. ) ;
#1102 = CARTESIAN_POINT ( 'NONE',  ( 81.19999999999998863, 136.2391149236989349, 0.9999999999999991118 ) ) ;
#1103 = LINE ( 'NONE', #2446, #1261 ) ;
#1104 = ORIENTED_EDGE ( 'NONE', *, *, #2747, .T. ) ;
#1105 = EDGE_CURVE ( 'NONE', #3281, #2258, #3322, .T. ) ;
#1106 = FACE_OUTER_BOUND ( 'NONE', #2460, .T. ) ;
#1107 = EDGE_CURVE ( 'NONE', #1863, #897, #2546, .T. ) ;
#1108 = CARTESIAN_POINT ( 'NONE',  ( 150.1999999999999886, 98.49999999999997158, 0.9999999999999991118 ) ) ;
#1109 = CARTESIAN_POINT ( 'NONE',  ( 147.1999999999999886, 136.2391149236989349, 0.9999999999999991118 ) ) ;
#1110 = VERTEX_POINT ( 'NONE', #1167 ) ;
#1111 = FACE_OUTER_BOUND ( 'NONE', #3427, .T. ) ;
#1112 = EDGE_CURVE ( 'NONE', #2059, #14, #919, .T. ) ;
#1113 = CARTESIAN_POINT ( 'NONE',  ( 106.2000000000000171, 114.1999999999999744, 11.00000000000000000 ) ) ;
#1114 = ORIENTED_EDGE ( 'NONE', *, *, #1160, .F. ) ;
#1115 = EDGE_CURVE ( 'NONE', #2660, #1138, #898, .T. ) ;
#1116 = DIRECTION ( 'NONE',  ( 0.000000000000000000, 0.000000000000000000, -1.000000000000000000 ) ) ;
#1117 = ADVANCED_FACE ( 'NONE', ( #2834 ), #621, .F. ) ;
#1118 = LINE ( 'NONE', #1666, #1497 ) ;
#1119 = CARTESIAN_POINT ( 'NONE',  ( 117.5000000000000142, 136.2391149236989349, 0.9999999999999991118 ) ) ;
#1120 = ORIENTED_EDGE ( 'NONE', *, *, #2782, .F. ) ;
#1121 = LINE ( 'NONE', #2229, #3101 ) ;
#1122 = VECTOR ( 'NONE', #2052, 1000.000000000000000 ) ;
#1123 = DIRECTION ( 'NONE',  ( 0.000000000000000000, -0.000000000000000000, 1.000000000000000000 ) ) ;
#1124 = EDGE_LOOP ( 'NONE', ( #834, #3021, #1890, #2361 ) ) ;
#1125 = VECTOR ( 'NONE', #1595, 1000.000000000000000 ) ;
#1126 = DIRECTION ( 'NONE',  ( -1.000000000000000000, 0.000000000000000000, -0.000000000000000000 ) ) ;
#1127 = DIRECTION ( 'NONE',  ( 0.000000000000000000, 1.000000000000000000, 0.000000000000000000 ) ) ;
#1128 = LINE ( 'NONE', #1109, #2109 ) ;
#1129 = VERTEX_POINT ( 'NONE', #1679 ) ;
#1130 = PLANE ( 'NONE',  #2237 ) ;
#1131 = LINE ( 'NONE', #1113, #3340 ) ;
#1132 = VECTOR ( 'NONE', #1078, 1000.000000000000000 ) ;
#1133 = VERTEX_POINT ( 'NONE', #548 ) ;
#1134 = LINE ( 'NONE', #1682, #1361 ) ;
#1135 = AXIS2_PLACEMENT_3D ( 'NONE', #360, #1460, #1139 ) ;
#1136 = PERSON_AND_ORGANIZATION ( #1892, #570 ) ;
#1137 = DIRECTION ( 'NONE',  ( -0.000000000000000000, -0.000000000000000000, 1.000000000000000000 ) ) ;
#1138 = VERTEX_POINT ( 'NONE', #2241 ) ;
#1139 = DIRECTION ( 'NONE',  ( 1.000000000000000000, 0.000000000000000000, 0.000000000000000000 ) ) ;
#1140 = DIRECTION ( 'NONE',  ( -0.000000000000000000, -1.000000000000000000, -0.000000000000000000 ) ) ;
#1141 = AXIS2_PLACEMENT_3D ( 'NONE', #1984, #2547, #3016 ) ;
#1142 = VERTEX_POINT ( 'NONE', #2783 ) ;
#1143 = DIRECTION ( 'NONE',  ( 1.000000000000000000, -0.000000000000000000, 0.000000000000000000 ) ) ;
#1144 = ORIENTED_EDGE ( 'NONE', *, *, #1046, .T. ) ;
#1145 = VECTOR ( 'NONE', #623, 1000.000000000000000 ) ;
#1146 = DIRECTION ( 'NONE',  ( 0.000000000000000000, -1.000000000000000000, -0.000000000000000000 ) ) ;
#1147 = VERTEX_POINT ( 'NONE', #1661 ) ;
#1148 = AXIS2_PLACEMENT_3D ( 'NONE', #808, #3494, #1543 ) ;
#1149 = CARTESIAN_POINT ( 'NONE',  ( 91.90000000000000568, 98.49999999999997158, 0.9999999999999991118 ) ) ;
#1150 = PLANE ( 'NONE',  #2593 ) ;
#1151 = ORIENTED_EDGE ( 'NONE', *, *, #2231, .F. ) ;
#1152 = CARTESIAN_POINT ( 'NONE',  ( -176.0000000000000000, 0.000000000000000000, 0.9999999999999991118 ) ) ;
#1153 = ADVANCED_FACE ( 'NONE', ( #2762 ), #2507, .F. ) ;
#1154 = EDGE_CURVE ( 'NONE', #2942, #1727, #3451, .T. ) ;
#1155 = DATE_AND_TIME ( #44, #3116 ) ;
#1156 = DIRECTION ( 'NONE',  ( -1.000000000000000000, 0.000000000000000000, 0.000000000000000000 ) ) ;
#1157 = VERTEX_POINT ( 'NONE', #1749 ) ;
#1158 = DIRECTION ( 'NONE',  ( 1.224646799147352714E-16, -1.000000000000000000, 0.000000000000000000 ) ) ;
#1159 = CARTESIAN_POINT ( 'NONE',  ( 15.20000000000001883, 136.2391149236989349, 11.00000000000000000 ) ) ;
#1160 = EDGE_CURVE ( 'NONE', #73, #2441, #608, .T. ) ;
#1161 = PLANE ( 'NONE',  #1991 ) ;
#1162 = ORIENTED_EDGE ( 'NONE', *, *, #630, .F. ) ;
#1163 = DIRECTION ( 'NONE',  ( -0.000000000000000000, -0.000000000000000000, 1.000000000000000000 ) ) ;
#1164 = VERTEX_POINT ( 'NONE', #173 ) ;
#1165 = CARTESIAN_POINT ( 'NONE',  ( -44.00000000000000000, 0.000000000000000000, 0.9999999999999991118 ) ) ;
#1166 = ORIENTED_EDGE ( 'NONE', *, *, #1808, .T. ) ;
#1167 = CARTESIAN_POINT ( 'NONE',  ( 0.000000000000000000, 160.8000000000004945, 3.000000000000000000 ) ) ;
#1168 = CARTESIAN_POINT ( 'NONE',  ( 85.00000000000009948, 8.999999999999984013, 9.000000000000000000 ) ) ;
#1169 = CALENDAR_DATE ( 2025, 8, 12 ) ;
#1170 = ORIENTED_EDGE ( 'NONE', *, *, #3034, .T. ) ;
#1171 = DIRECTION ( 'NONE',  ( 1.000000000000000000, -0.000000000000000000, 0.000000000000000000 ) ) ;
#1172 = LINE ( 'NONE', #2309, #2715 ) ;
#1173 = DIRECTION ( 'NONE',  ( 1.000000000000000000, -0.000000000000000000, -0.000000000000000000 ) ) ;
#1174 = ORIENTED_EDGE ( 'NONE', *, *, #366, .F. ) ;
#1175 = DIRECTION ( 'NONE',  ( -0.000000000000000000, -0.000000000000000000, 1.000000000000000000 ) ) ;
#1176 = FACE_OUTER_BOUND ( 'NONE', #1746, .T. ) ;
#1177 = LINE ( 'NONE', #3386, #2920 ) ;
#1178 = ORIENTED_EDGE ( 'NONE', *, *, #2926, .F. ) ;
#1179 = ADVANCED_FACE ( 'NONE', ( #1259 ), #2043, .F. ) ;
#1180 = VECTOR ( 'NONE', #1932, 1000.000000000000000 ) ;
#1181 = DIRECTION ( 'NONE',  ( 1.000000000000000000, -0.000000000000000000, -0.000000000000000000 ) ) ;
#1182 = ORIENTED_EDGE ( 'NONE', *, *, #2110, .F. ) ;
#1183 = LINE ( 'NONE', #3412, #395 ) ;
#1184 = AXIS2_PLACEMENT_3D ( 'NONE', #435, #489, #2629 ) ;
#1185 = ORIENTED_EDGE ( 'NONE', *, *, #245, .T. ) ;
#1186 = DIRECTION ( 'NONE',  ( 0.000000000000000000, 1.000000000000000000, 0.000000000000000000 ) ) ;
#1187 = CARTESIAN_POINT ( 'NONE',  ( 195.0000000000001137, 8.999999999999984013, 3.800000000000001155 ) ) ;
#1188 = VERTEX_POINT ( 'NONE', #2322 ) ;
#1189 = CARTESIAN_POINT ( 'NONE',  ( 169.2000000000000171, 151.9391149236989236, 0.9999999999999991118 ) ) ;
#1190 = VECTOR ( 'NONE', #266, 1000.000000000000000 ) ;
#1191 = VECTOR ( 'NONE', #1525, 1000.000000000000000 ) ;
#1192 = LINE ( 'NONE', #2803, #2739 ) ;
#1193 = EDGE_LOOP ( 'NONE', ( #644, #2850, #682, #968 ) ) ;
#1194 = DIRECTION ( 'NONE',  ( 1.000000000000000000, -0.000000000000000000, -0.000000000000000000 ) ) ;
#1195 = AXIS2_PLACEMENT_3D ( 'NONE', #762, #1271, #1298 ) ;
#1196 = LINE ( 'NONE', #1426, #450 ) ;
#1197 = LINE ( 'NONE', #3119, #1122 ) ;
#1198 = EDGE_LOOP ( 'NONE', ( #2436, #2522, #3168 ) ) ;
#1199 = ORIENTED_EDGE ( 'NONE', *, *, #1004, .F. ) ;
#1200 = LINE ( 'NONE', #2578, #772 ) ;
#1201 = EDGE_CURVE ( 'NONE', #1791, #2910, #3143, .T. ) ;
#1202 = ORIENTED_EDGE ( 'NONE', *, *, #1115, .T. ) ;
#1203 = CARTESIAN_POINT ( 'NONE',  ( 0.000000000000000000, 14.99999999999997158, 20.99999999999999645 ) ) ;
#1204 = EDGE_CURVE ( 'NONE', #637, #1579, #1788, .T. ) ;
#1205 = VECTOR ( 'NONE', #1059, 1000.000000000000000 ) ;
#1206 = VERTEX_POINT ( 'NONE', #1770 ) ;
#1207 = CARTESIAN_POINT ( 'NONE',  ( 0.000000000000000000, 0.000000000000000000, 20.99999999999999645 ) ) ;
#1208 = VECTOR ( 'NONE', #876, 1000.000000000000000 ) ;
#1209 = CARTESIAN_POINT ( 'NONE',  ( 85.00000000000009948, 8.999999999999984013, 3.800000000000001155 ) ) ;
#1210 = EDGE_CURVE ( 'NONE', #182, #530, #409, .T. ) ;
#1211 = AXIS2_PLACEMENT_3D ( 'NONE', #2397, #1573, #2093 ) ;
#1212 = VERTEX_POINT ( 'NONE', #3481 ) ;
#1213 = FACE_OUTER_BOUND ( 'NONE', #344, .T. ) ;
#1214 = PLANE ( 'NONE',  #2856 ) ;
#1215 = ORIENTED_EDGE ( 'NONE', *, *, #1618, .T. ) ;
#1216 = FACE_OUTER_BOUND ( 'NONE', #651, .T. ) ;
#1217 = CARTESIAN_POINT ( 'NONE',  ( 51.50000000000002132, 136.2391149236989349, 11.00000000000000000 ) ) ;
#1218 = ORIENTED_EDGE ( 'NONE', *, *, #1356, .F. ) ;
#1219 = ORIENTED_EDGE ( 'NONE', *, *, #2403, .T. ) ;
#1220 = LINE ( 'NONE', #403, #895 ) ;
#1221 = VERTEX_POINT ( 'NONE', #2620 ) ;
#1222 = LINE ( 'NONE', #370, #924 ) ;
#1223 = ORIENTED_EDGE ( 'NONE', *, *, #2443, .T. ) ;
#1224 = DIRECTION ( 'NONE',  ( 0.000000000000000000, 0.000000000000000000, -1.000000000000000000 ) ) ;
#1225 = EDGE_CURVE ( 'NONE', #3423, #2774, #3470, .T. ) ;
#1226 = CARTESIAN_POINT ( 'NONE',  ( 40.20000000000001705, 98.49999999999997158, 0.9999999999999991118 ) ) ;
#1227 = VERTEX_POINT ( 'NONE', #2851 ) ;
#1228 = DIRECTION ( 'NONE',  ( 0.000000000000000000, 1.000000000000000000, 0.000000000000000000 ) ) ;
#1229 = ADVANCED_FACE ( 'NONE', ( #2654 ), #2584, .F. ) ;
#1230 = DIRECTION ( 'NONE',  ( 0.000000000000000000, 0.000000000000000000, -1.000000000000000000 ) ) ;
#1231 = EDGE_CURVE ( 'NONE', #2579, #31, #714, .T. ) ;
#1232 = DIRECTION ( 'NONE',  ( -1.000000000000000000, 0.000000000000000000, -0.000000000000000000 ) ) ;
#1233 = ORIENTED_EDGE ( 'NONE', *, *, #669, .F. ) ;
#1234 = DIRECTION ( 'NONE',  ( 0.000000000000000000, 0.000000000000000000, 1.000000000000000000 ) ) ;
#1235 = DIRECTION ( 'NONE',  ( 0.000000000000000000, 0.000000000000000000, -1.000000000000000000 ) ) ;
#1236 = ORIENTED_EDGE ( 'NONE', *, *, #740, .T. ) ;
#1237 = ORIENTED_EDGE ( 'NONE', *, *, #102, .F. ) ;
#1238 = DIRECTION ( 'NONE',  ( -0.000000000000000000, -0.000000000000000000, 1.000000000000000000 ) ) ;
#1239 = ORIENTED_EDGE ( 'NONE', *, *, #1575, .F. ) ;
#1240 = DIRECTION ( 'NONE',  ( 0.000000000000000000, 0.000000000000000000, -1.000000000000000000 ) ) ;
#1241 = ORIENTED_EDGE ( 'NONE', *, *, #2938, .F. ) ;
#1242 = DIRECTION ( 'NONE',  ( -0.000000000000000000, -0.000000000000000000, 1.000000000000000000 ) ) ;
#1243 = AXIS2_PLACEMENT_3D ( 'NONE', #125, #646, #2877 ) ;
#1244 = CARTESIAN_POINT ( 'NONE',  ( 103.2000000000000171, 151.9391149236989236, 0.9999999999999991118 ) ) ;
#1245 = ORIENTED_EDGE ( 'NONE', *, *, #1571, .T. ) ;
#1246 = CARTESIAN_POINT ( 'NONE',  ( 103.2000000000000171, 136.2391149236989349, 0.9999999999999991118 ) ) ;
#1247 = EDGE_CURVE ( 'NONE', #1685, #1614, #3415, .T. ) ;
#1248 = ADVANCED_FACE ( 'NONE', ( #1513 ), #2636, .F. ) ;
#1249 = FACE_OUTER_BOUND ( 'NONE', #1743, .T. ) ;
#1250 = ORIENTED_EDGE ( 'NONE', *, *, #946, .T. ) ;
#1251 = CARTESIAN_POINT ( 'NONE',  ( 29.50000000000002487, 136.2391149236989349, 11.00000000000000000 ) ) ;
#1252 = VECTOR ( 'NONE', #3523, 1000.000000000000000 ) ;
#1253 = VECTOR ( 'NONE', #2433, 1000.000000000000000 ) ;
#1254 = CARTESIAN_POINT ( 'NONE',  ( 86.90000000000009095, 8.999999999999984013, 8.999999999999998224 ) ) ;
#1255 = VERTEX_POINT ( 'NONE', #2923 ) ;
#1256 = EDGE_LOOP ( 'NONE', ( #2405, #2205, #2630 ) ) ;
#1257 = FACE_OUTER_BOUND ( 'NONE', #33, .T. ) ;
#1258 = ORIENTED_EDGE ( 'NONE', *, *, #3466, .T. ) ;
#1259 = FACE_OUTER_BOUND ( 'NONE', #298, .T. ) ;
#1260 = LINE ( 'NONE', #391, #920 ) ;
#1262 = EDGE_LOOP ( 'NONE', ( #1556, #2617, #1520, #3088 ) ) ;
#1261 = VECTOR ( 'NONE', #3582, 1000.000000000000000 ) ;
#1263 = LINE ( 'NONE', #447, #839 ) ;
#1264 = CONICAL_SURFACE ( 'NONE', #1431, 1.899999999999985034, 1.029744258676653423 ) ;
#1265 = VERTEX_POINT ( 'NONE', #390 ) ;
#1266 = EDGE_CURVE ( 'NONE', #483, #77, #938, .T. ) ;
#1267 = CARTESIAN_POINT ( 'NONE',  ( 0.000000000000000000, 14.99999999999997158, 8.999999999999998224 ) ) ;
#1268 = EDGE_CURVE ( 'NONE', #1760, #691, #2387, .T. ) ;
#1269 = EDGE_CURVE ( 'NONE', #1579, #397, #2605, .T. ) ;
#1270 = VERTEX_POINT ( 'NONE', #2356 ) ;
#1271 = DIRECTION ( 'NONE',  ( -0.000000000000000000, -0.000000000000000000, 1.000000000000000000 ) ) ;
#1272 = EDGE_CURVE ( 'NONE', #2669, #2777, #2096, .T. ) ;
#1273 = CARTESIAN_POINT ( 'NONE',  ( 230.0000000000000000, 160.8000000000004945, 13.00000000000000178 ) ) ;
#1274 = ORIENTED_EDGE ( 'NONE', *, *, #599, .F. ) ;
#1275 = DIRECTION ( 'NONE',  ( -0.000000000000000000, -1.000000000000000000, -0.000000000000000000 ) ) ;
#1276 = DIRECTION ( 'NONE',  ( -1.000000000000000000, 0.000000000000000000, 0.000000000000000000 ) ) ;
#1277 = ORIENTED_EDGE ( 'NONE', *, *, #1533, .T. ) ;
#1278 = CARTESIAN_POINT ( 'NONE',  ( 230.0000000000000000, 162.0000000000004832, 13.00000000000000178 ) ) ;
#1279 = DIRECTION ( 'NONE',  ( -0.000000000000000000, -0.000000000000000000, 1.000000000000000000 ) ) ;
#1280 = ORIENTED_EDGE ( 'NONE', *, *, #3346, .T. ) ;
#1281 = DIRECTION ( 'NONE',  ( -0.000000000000000000, -0.000000000000000000, 1.000000000000000000 ) ) ;
#1282 = ORIENTED_EDGE ( 'NONE', *, *, #2747, .F. ) ;
#1283 = CARTESIAN_POINT ( 'NONE',  ( 8.899999999999996803, 9.000000000000031974, 9.000000000000000000 ) ) ;
#1284 = DIRECTION ( 'NONE',  ( 0.000000000000000000, -0.000000000000000000, 1.000000000000000000 ) ) ;
#1285 = EDGE_CURVE ( 'NONE', #2441, #1310, #956, .T. ) ;
#1286 = ORIENTED_EDGE ( 'NONE', *, *, #921, .T. ) ;
#1287 = CARTESIAN_POINT ( 'NONE',  ( 128.2000000000000171, 98.49999999999997158, 0.9999999999999991118 ) ) ;
#1288 = DIRECTION ( 'NONE',  ( -0.000000000000000000, -0.000000000000000000, 1.000000000000000000 ) ) ;
#1289 = EDGE_LOOP ( 'NONE', ( #2161, #1955, #2998, #1805 ) ) ;
#1290 = FACE_OUTER_BOUND ( 'NONE', #2836, .T. ) ;
#1291 = VECTOR ( 'NONE', #1396, 1000.000000000000000 ) ;
#1292 = CARTESIAN_POINT ( 'NONE',  ( 179.9000000000000057, 98.49999999999997158, 0.9999999999999991118 ) ) ;
#1293 = VERTEX_POINT ( 'NONE', #3265 ) ;
#1294 = VECTOR ( 'NONE', #602, 1000.000000000000000 ) ;
#1295 = CARTESIAN_POINT ( 'NONE',  ( 139.5000000000000000, 136.2391149236989349, 11.00000000000000000 ) ) ;
#1296 = CARTESIAN_POINT ( 'NONE',  ( 59.20000000000000284, 136.2391149236989349, 0.9999999999999991118 ) ) ;
#1297 = ORIENTED_EDGE ( 'NONE', *, *, #1268, .T. ) ;
#1298 = DIRECTION ( 'NONE',  ( 1.000000000000000000, 0.000000000000000000, 0.000000000000000000 ) ) ;
#1299 = CARTESIAN_POINT ( 'NONE',  ( 230.0000000000000000, 117.0000000000000000, 11.00000000000000000 ) ) ;
#1300 = AXIS2_PLACEMENT_3D ( 'NONE', #1048, #1607, #790 ) ;
#1301 = VECTOR ( 'NONE', #3169, 1000.000000000000000 ) ;
#1302 = VERTEX_POINT ( 'NONE', #3282 ) ;
#1303 = EDGE_CURVE ( 'NONE', #1856, #801, #3235, .T. ) ;
#1304 = DIRECTION ( 'NONE',  ( 1.000000000000000000, 0.000000000000000000, 0.000000000000000000 ) ) ;
#1305 = VECTOR ( 'NONE', #3230, 1000.000000000000000 ) ;
#1306 = EDGE_CURVE ( 'NONE', #31, #1343, #2737, .T. ) ;
#1307 = EDGE_CURVE ( 'NONE', #1685, #3430, #797, .T. ) ;
#1308 = CARTESIAN_POINT ( 'NONE',  ( 113.9000000000000057, 114.1999999999999744, 0.9999999999999991118 ) ) ;
#1309 = FACE_BOUND ( 'NONE', #3100, .T. ) ;
#1310 = VERTEX_POINT ( 'NONE', #257 ) ;
#1311 = DIRECTION ( 'NONE',  ( -1.000000000000000000, 0.000000000000000000, -0.000000000000000000 ) ) ;
#1312 = EDGE_CURVE ( 'NONE', #3125, #2099, #2111, .T. ) ;
#1313 = CARTESIAN_POINT ( 'NONE',  ( 47.89999999999999858, 98.49999999999997158, 0.9999999999999991118 ) ) ;
#1314 = VECTOR ( 'NONE', #3069, 1000.000000000000000 ) ;
#1315 = ORIENTED_EDGE ( 'NONE', *, *, #697, .F. ) ;
#1316 = CARTESIAN_POINT ( 'NONE',  ( 29.50000000000002487, 151.9391149236989236, 0.9999999999999991118 ) ) ;
#1317 = AXIS2_PLACEMENT_3D ( 'NONE', #3010, #2214, #584 ) ;
#1318 = LINE ( 'NONE', #1539, #1352 ) ;
#1319 = ORIENTED_EDGE ( 'NONE', *, *, #431, .T. ) ;
#1320 = DIRECTION ( 'NONE',  ( 1.000000000000000000, -0.000000000000000000, -0.000000000000000000 ) ) ;
#1321 = DIRECTION ( 'NONE',  ( 1.000000000000000000, 1.206764157201257045E-16, -0.000000000000000000 ) ) ;
#1322 = ORIENTED_EDGE ( 'NONE', *, *, #1303, .F. ) ;
#1323 = DIRECTION ( 'NONE',  ( -0.000000000000000000, -0.000000000000000000, 1.000000000000000000 ) ) ;
#1324 = DIRECTION ( 'NONE',  ( -0.000000000000000000, -0.000000000000000000, 1.000000000000000000 ) ) ;
#1325 = CARTESIAN_POINT ( 'NONE',  ( 169.2000000000000171, 136.2391149236989349, 11.00000000000000000 ) ) ;
#1326 = VERTEX_POINT ( 'NONE', #1023 ) ;
#1327 = PRODUCT_DEFINITION_SHAPE ( 'NONE', 'NONE',  #3309 ) ;
#1328 = CARTESIAN_POINT ( 'NONE',  ( 113.9000000000000057, 114.1999999999999744, 0.9999999999999991118 ) ) ;
#1329 = CARTESIAN_POINT ( 'NONE',  ( 0.000000000000000000, 0.000000000000000000, 3.000000000000000000 ) ) ;
#1330 = EDGE_CURVE ( 'NONE', #1447, #3411, #1358, .T. ) ;
#1331 = EDGE_CURVE ( 'NONE', #1469, #1906, #1576, .T. ) ;
#1332 = DIRECTION ( 'NONE',  ( -0.000000000000000000, -0.000000000000000000, -1.000000000000000000 ) ) ;
#1333 = EDGE_CURVE ( 'NONE', #3121, #3008, #2943, .T. ) ;
#1334 = VERTEX_POINT ( 'NONE', #783 ) ;
#1335 = EDGE_CURVE ( 'NONE', #1651, #3041, #1908, .T. ) ;
#1336 = CARTESIAN_POINT ( 'NONE',  ( 230.0000000000000000, 14.99999999999997158, 3.000000000000000000 ) ) ;
#1337 = LINE ( 'NONE', #2483, #507 ) ;
#1338 = ORIENTED_EDGE ( 'NONE', *, *, #2607, .T. ) ;
#1339 = CARTESIAN_POINT ( 'NONE',  ( 37.20000000000000995, 136.2391149236989349, 11.00000000000000000 ) ) ;
#1340 = DIRECTION ( 'NONE',  ( 1.000000000000000000, -0.000000000000000000, -0.000000000000000000 ) ) ;
#1341 = LINE ( 'NONE', #1944, #373 ) ;
#1342 = AXIS2_PLACEMENT_3D ( 'NONE', #971, #2074, #386 ) ;
#1343 = VERTEX_POINT ( 'NONE', #1339 ) ;
#1344 = LINE ( 'NONE', #3503, #1943 ) ;
#1345 = LINE ( 'NONE', #2408, #564 ) ;
#1346 = EDGE_LOOP ( 'NONE', ( #2750, #3506, #789, #730 ) ) ;
#1347 = AXIS2_PLACEMENT_3D ( 'NONE', #396, #1775, #754 ) ;
#1348 = DIRECTION ( 'NONE',  ( 0.000000000000000000, 0.000000000000000000, -1.000000000000000000 ) ) ;
#1349 = EDGE_CURVE ( 'NONE', #335, #755, #2992, .T. ) ;
#1350 = EDGE_CURVE ( 'NONE', #288, #3413, #513, .T. ) ;
#1351 = DIRECTION ( 'NONE',  ( 0.000000000000000000, -0.000000000000000000, 1.000000000000000000 ) ) ;
#1352 = VECTOR ( 'NONE', #3208, 1000.000000000000000 ) ;
#1353 = ORIENTED_EDGE ( 'NONE', *, *, #3128, .T. ) ;
#1354 = CARTESIAN_POINT ( 'NONE',  ( 191.2000000000000171, 136.2391149236989349, 0.9999999999999991118 ) ) ;
#1355 = CARTESIAN_POINT ( 'NONE',  ( 95.50000000000000000, 151.9391149236989236, 11.00000000000000000 ) ) ;
#1356 = EDGE_CURVE ( 'NONE', #1487, #1293, #731, .T. ) ;
#1357 = ORIENTED_EDGE ( 'NONE', *, *, #1333, .F. ) ;
#1358 = LINE ( 'NONE', #2469, #2515 ) ;
#1359 = AXIS2_PLACEMENT_3D ( 'NONE', #1031, #3004, #821 ) ;
#1360 = FACE_OUTER_BOUND ( 'NONE', #2040, .T. ) ;
#1361 = VECTOR ( 'NONE', #2818, 1000.000000000000000 ) ;
#1362 = CARTESIAN_POINT ( 'NONE',  ( 227.5000000000000000, 151.9391149236989236, 0.9999999999999991118 ) ) ;
#1363 = EDGE_LOOP ( 'NONE', ( #2321, #3491, #2927, #2955 ) ) ;
#1364 = CARTESIAN_POINT ( 'NONE',  ( 179.9000000000000057, 114.1999999999999744, 11.00000000000000000 ) ) ;
#1365 = PLANE ( 'NONE',  #162 ) ;
#1366 = ORIENTED_EDGE ( 'NONE', *, *, #1950, .T. ) ;
#1367 = CARTESIAN_POINT ( 'NONE',  ( 216.2000000000000171, 98.49999999999997158, 0.9999999999999991118 ) ) ;
#1368 = VECTOR ( 'NONE', #1279, 1000.000000000000000 ) ;
#1369 = DIRECTION ( 'NONE',  ( -0.000000000000000000, -0.000000000000000000, 1.000000000000000000 ) ) ;
#1370 = ADVANCED_FACE ( 'NONE', ( #461 ), #238, .F. ) ;
#1371 = VERTEX_POINT ( 'NONE', #3531 ) ;
#1372 = PLANE ( 'NONE',  #1778 ) ;
#1373 = EDGE_CURVE ( 'NONE', #2193, #2690, #188, .T. ) ;
#1374 = VECTOR ( 'NONE', #515, 1000.000000000000000 ) ;
#1375 = CARTESIAN_POINT ( 'NONE',  ( 139.5000000000000000, 136.2391149236989349, 11.00000000000000000 ) ) ;
#1376 = VECTOR ( 'NONE', #607, 1000.000000000000000 ) ;
#1377 = ORIENTED_EDGE ( 'NONE', *, *, #2646, .T. ) ;
#1378 = EDGE_CURVE ( 'NONE', #2680, #1863, #3514, .T. ) ;
#1379 = CARTESIAN_POINT ( 'NONE',  ( 205.5000000000000284, 136.2391149236989349, 0.9999999999999991118 ) ) ;
#1380 = CARTESIAN_POINT ( 'NONE',  ( 29.50000000000002487, 136.2391149236989349, 0.9999999999999991118 ) ) ;
#1381 = DIRECTION ( 'NONE',  ( 1.000000000000000000, 0.000000000000000000, 0.000000000000000000 ) ) ;
#1382 = ORIENTED_EDGE ( 'NONE', *, *, #169, .T. ) ;
#1383 = EDGE_CURVE ( 'NONE', #1326, #1929, #478, .T. ) ;
#1384 = FACE_OUTER_BOUND ( 'NONE', #139, .T. ) ;
#1385 = CARTESIAN_POINT ( 'NONE',  ( 117.5000000000000142, 151.9391149236989236, 0.9999999999999991118 ) ) ;
#1386 = EDGE_LOOP ( 'NONE', ( #1569, #494, #251, #309 ) ) ;
#1387 = CARTESIAN_POINT ( 'NONE',  ( 233.0000000000000000, 162.0000000000000000, 0.000000000000000000 ) ) ;
#1388 = COORDINATED_UNIVERSAL_TIME_OFFSET ( 8, 0, .AHEAD. ) ;
#1389 = CARTESIAN_POINT ( 'NONE',  ( 73.50000000000001421, 151.9391149236989236, 0.9999999999999991118 ) ) ;
#1390 = ORIENTED_EDGE ( 'NONE', *, *, #2624, .F. ) ;
#1391 = FACE_OUTER_BOUND ( 'NONE', #2105, .T. ) ;
#1392 = PLANE ( 'NONE',  #2993 ) ;
#1393 = ORIENTED_EDGE ( 'NONE', *, *, #201, .F. ) ;
#1394 = CARTESIAN_POINT ( 'NONE',  ( 40.20000000000001705, 98.49999999999997158, 0.9999999999999991118 ) ) ;
#1395 = PLANE ( 'NONE',  #743 ) ;
#1396 = DIRECTION ( 'NONE',  ( -1.000000000000000000, 0.000000000000000000, 0.000000000000000000 ) ) ;
#1397 = ORIENTED_EDGE ( 'NONE', *, *, #3527, .F. ) ;
#1398 = CARTESIAN_POINT ( 'NONE',  ( 150.1999999999999886, 98.49999999999997158, 11.00000000000000000 ) ) ;
#1399 = CARTESIAN_POINT ( 'NONE',  ( 194.2000000000000171, 98.49999999999997158, 0.9999999999999991118 ) ) ;
#1400 = DATE_AND_TIME ( #604, #3058 ) ;
#1401 = ORIENTED_EDGE ( 'NONE', *, *, #1909, .F. ) ;
#1402 = CARTESIAN_POINT ( 'NONE',  ( 135.9000000000000057, 114.1999999999999744, 11.00000000000000000 ) ) ;
#1403 = COORDINATED_UNIVERSAL_TIME_OFFSET ( 8, 0, .AHEAD. ) ;
#1404 = CARTESIAN_POINT ( 'NONE',  ( 83.10000000000012221, 8.999999999999984013, 9.000000000000000000 ) ) ;
#1405 = ORIENTED_EDGE ( 'NONE', *, *, #799, .T. ) ;
#1406 = FACE_BOUND ( 'NONE', #963, .T. ) ;
#1407 = AXIS2_PLACEMENT_3D ( 'NONE', #2033, #378, #108 ) ;
#1408 = CARTESIAN_POINT ( 'NONE',  ( 0.000000000000000000, 154.0000000000000000, 11.00000000000000000 ) ) ;
#1409 = EDGE_LOOP ( 'NONE', ( #3108, #3097, #665, #2422 ) ) ;
#1410 = VECTOR ( 'NONE', #1039, 1000.000000000000000 ) ;
#1411 = DIRECTION ( 'NONE',  ( -0.000000000000000000, -1.000000000000000000, -0.000000000000000000 ) ) ;
#1412 = CARTESIAN_POINT ( 'NONE',  ( 230.0000000000000000, 134.0000000000000000, 3.000000000000000000 ) ) ;
#1413 = ORIENTED_EDGE ( 'NONE', *, *, #477, .F. ) ;
#1414 = EDGE_CURVE ( 'NONE', #73, #3474, #2417, .T. ) ;
#1415 = LINE ( 'NONE', #36, #672 ) ;
#1416 = EDGE_CURVE ( 'NONE', #2942, #1776, #225, .T. ) ;
#1417 = CARTESIAN_POINT ( 'NONE',  ( 233.0000000000000000, 162.0000000000000000, 3.000000000000000000 ) ) ;
#1418 = AXIS2_PLACEMENT_3D ( 'NONE', #2666, #2681, #130 ) ;
#1419 = ORIENTED_EDGE ( 'NONE', *, *, #1266, .T. ) ;
#1420 = LINE ( 'NONE', #3419, #3554 ) ;
#1421 = ADVANCED_FACE ( 'NONE', ( #495 ), #2704, .F. ) ;
#1422 = CARTESIAN_POINT ( 'NONE',  ( 128.2000000000000171, 98.49999999999997158, 11.00000000000000000 ) ) ;
#1423 = CARTESIAN_POINT ( 'NONE',  ( 227.5000000000000000, 151.9391149236989236, 0.9999999999999991118 ) ) ;
#1424 = ORIENTED_EDGE ( 'NONE', *, *, #2305, .T. ) ;
#1425 = DIRECTION ( 'NONE',  ( 1.000000000000000000, 0.000000000000000000, -0.000000000000000000 ) ) ;
#1426 = CARTESIAN_POINT ( 'NONE',  ( 150.1999999999999886, 98.49999999999997158, 0.9999999999999991118 ) ) ;
#1427 = VECTOR ( 'NONE', #3536, 1000.000000000000000 ) ;
#1428 = ORIENTED_EDGE ( 'NONE', *, *, #1801, .T. ) ;
#1429 = DIRECTION ( 'NONE',  ( -0.000000000000000000, -1.000000000000000000, -0.000000000000000000 ) ) ;
#1430 = ORIENTED_EDGE ( 'NONE', *, *, #2670, .T. ) ;
#1431 = AXIS2_PLACEMENT_3D ( 'NONE', #1209, #2637, #3166 ) ;
#1432 = CARTESIAN_POINT ( 'NONE',  ( 139.5000000000000000, 136.2391149236989349, 0.9999999999999991118 ) ) ;
#1433 = VERTEX_POINT ( 'NONE', #2757 ) ;
#1434 = AXIS2_PLACEMENT_3D ( 'NONE', #1203, #2041, #3141 ) ;
#1435 = DIRECTION ( 'NONE',  ( 1.000000000000000000, 0.000000000000000000, 0.000000000000000000 ) ) ;
#1436 = PLANE ( 'NONE',  #1141 ) ;
#1437 = ORIENTED_EDGE ( 'NONE', *, *, #3563, .F. ) ;
#1438 = CARTESIAN_POINT ( 'NONE',  ( 161.5000000000000000, 151.9391149236989236, 0.9999999999999991118 ) ) ;
#1439 = EDGE_CURVE ( 'NONE', #3041, #3125, #2793, .T. ) ;
#1440 = LINE ( 'NONE', #357, #684 ) ;
#1441 = CARTESIAN_POINT ( 'NONE',  ( 59.20000000000000284, 136.2391149236989349, 0.9999999999999991118 ) ) ;
#1442 = ORIENTED_EDGE ( 'NONE', *, *, #2528, .F. ) ;
#1443 = CARTESIAN_POINT ( 'NONE',  ( 205.5000000000000284, 136.2391149236989349, 0.9999999999999991118 ) ) ;
#1444 = EDGE_CURVE ( 'NONE', #2774, #134, #274, .T. ) ;
#1445 = LINE ( 'NONE', #2538, #1029 ) ;
#1446 = DIRECTION ( 'NONE',  ( 0.000000000000000000, 0.000000000000000000, 1.000000000000000000 ) ) ;
#1447 = VERTEX_POINT ( 'NONE', #1995 ) ;
#1448 = LINE ( 'NONE', #2521, #3257 ) ;
#1449 = VERTEX_POINT ( 'NONE', #1394 ) ;
#1450 = CARTESIAN_POINT ( 'NONE',  ( 86.90000000000009095, 8.999999999999984013, 3.800000000000001155 ) ) ;
#1451 = EDGE_LOOP ( 'NONE', ( #1057, #54, #2076, #457 ) ) ;
#1452 = CARTESIAN_POINT ( 'NONE',  ( 0.000000000000000000, 162.0000000000000000, 3.000000000000000000 ) ) ;
#1453 = DIRECTION ( 'NONE',  ( 0.000000000000000000, 1.000000000000000000, 0.000000000000000000 ) ) ;
#1454 = ORIENTED_EDGE ( 'NONE', *, *, #2383, .F. ) ;
#1455 = LINE ( 'NONE', #2030, #2233 ) ;
#1456 = LINE ( 'NONE', #2533, #922 ) ;
#1457 = CARTESIAN_POINT ( 'NONE',  ( 128.2000000000000171, 98.49999999999997158, 0.9999999999999991118 ) ) ;
#1458 = ORIENTED_EDGE ( 'NONE', *, *, #1694, .T. ) ;
#1459 = EDGE_CURVE ( 'NONE', #2910, #865, #3099, .T. ) ;
#1460 = DIRECTION ( 'NONE',  ( -0.000000000000000000, 0.000000000000000000, 1.000000000000000000 ) ) ;
#1461 = ADVANCED_FACE ( 'NONE', ( #2559 ), #1090, .F. ) ;
#1462 = DIRECTION ( 'NONE',  ( 0.000000000000000000, 0.000000000000000000, -1.000000000000000000 ) ) ;
#1463 = DIRECTION ( 'NONE',  ( 1.000000000000000000, -0.000000000000000000, 0.000000000000000000 ) ) ;
#1464 = ORIENTED_EDGE ( 'NONE', *, *, #1468, .F. ) ;
#1465 = VERTEX_POINT ( 'NONE', #9 ) ;
#1466 = AXIS2_PLACEMENT_3D ( 'NONE', #2979, #1599, #1232 ) ;
#1467 = DIRECTION ( 'NONE',  ( -0.000000000000000000, -0.000000000000000000, 1.000000000000000000 ) ) ;
#1468 = EDGE_CURVE ( 'NONE', #2680, #3035, #3298, .T. ) ;
#1469 = VERTEX_POINT ( 'NONE', #1379 ) ;
#1470 = FACE_OUTER_BOUND ( 'NONE', #3070, .T. ) ;
#1471 = ORIENTED_EDGE ( 'NONE', *, *, #1828, .T. ) ;
#1472 = VECTOR ( 'NONE', #464, 1000.000000000000000 ) ;
#1473 = DIRECTION ( 'NONE',  ( -0.000000000000000000, -0.000000000000000000, 1.000000000000000000 ) ) ;
#1474 = CARTESIAN_POINT ( 'NONE',  ( 7.000000000000006217, 9.000000000000031974, 3.800000000000001155 ) ) ;
#1475 = ORIENTED_EDGE ( 'NONE', *, *, #2731, .F. ) ;
#1476 = DIRECTION ( 'NONE',  ( 1.000000000000000000, 0.000000000000000000, -0.000000000000000000 ) ) ;
#1477 = AXIS2_PLACEMENT_3D ( 'NONE', #723, #452, #2393 ) ;
#1478 = VECTOR ( 'NONE', #704, 1000.000000000000000 ) ;
#1479 = CARTESIAN_POINT ( 'NONE',  ( 0.000000000000000000, 0.000000000000000000, 3.000000000000000000 ) ) ;
#1480 = EDGE_LOOP ( 'NONE', ( #2136, #1606, #1475, #2799 ) ) ;
#1481 = FACE_OUTER_BOUND ( 'NONE', #1654, .T. ) ;
#1482 = CARTESIAN_POINT ( 'NONE',  ( -109.9999999999999858, 0.000000000000000000, 0.9999999999999991118 ) ) ;
#1483 = EDGE_CURVE ( 'NONE', #3008, #1206, #2487, .T. ) ;
#1484 = ORIENTED_EDGE ( 'NONE', *, *, #426, .F. ) ;
#1485 = ORIENTED_EDGE ( 'NONE', *, *, #3416, .T. ) ;
#1486 = DIRECTION ( 'NONE',  ( -1.206764157201257291E-16, 1.000000000000000000, 0.000000000000000000 ) ) ;
#1487 = VERTEX_POINT ( 'NONE', #2212 ) ;
#1488 = ADVANCED_FACE ( 'NONE', ( #1106 ), #1726, .F. ) ;
#1489 = CARTESIAN_POINT ( 'NONE',  ( 40.20000000000001705, 98.49999999999997158, 11.00000000000000000 ) ) ;
#1490 = VECTOR ( 'NONE', #2509, 1000.000000000000000 ) ;
#1491 = EDGE_CURVE ( 'NONE', #1981, #2447, #310, .T. ) ;
#1492 = ORIENTED_EDGE ( 'NONE', *, *, #3393, .F. ) ;
#1493 = DIRECTION ( 'NONE',  ( -0.000000000000000000, -0.000000000000000000, 1.000000000000000000 ) ) ;
#1494 = AXIS2_PLACEMENT_3D ( 'NONE', #1432, #3431, #1240 ) ;
#1495 = EDGE_CURVE ( 'NONE', #2099, #3567, #3316, .T. ) ;
#1496 = LINE ( 'NONE', #1244, #166 ) ;
#1497 = VECTOR ( 'NONE', #3059, 1000.000000000000000 ) ;
#1498 = CC_DESIGN_PERSON_AND_ORGANIZATION_ASSIGNMENT ( #804, #1846, ( #2601 ) ) ;
#1499 = VERTEX_POINT ( 'NONE', #2830 ) ;
#1500 = LINE ( 'NONE', #3473, #1472 ) ;
#1501 = DESIGN_CONTEXT ( 'detailed design', #841, 'design' ) ;
#1502 = CARTESIAN_POINT ( 'NONE',  ( 147.1999999999999886, 136.2391149236989349, 0.9999999999999991118 ) ) ;
#1503 = ORIENTED_EDGE ( 'NONE', *, *, #2231, .T. ) ;
#1504 = CARTESIAN_POINT ( 'NONE',  ( 106.2000000000000171, 114.1999999999999744, 11.00000000000000000 ) ) ;
#1505 = CARTESIAN_POINT ( 'NONE',  ( 29.50000000000002487, 136.2391149236989349, 0.9999999999999991118 ) ) ;
#1506 = ORIENTED_EDGE ( 'NONE', *, *, #2179, .T. ) ;
#1507 = LINE ( 'NONE', #3477, #844 ) ;
#1508 = CARTESIAN_POINT ( 'NONE',  ( 125.2000000000000028, 136.2391149236989349, 0.9999999999999991118 ) ) ;
#1509 = ORIENTED_EDGE ( 'NONE', *, *, #3568, .F. ) ;
#1510 = FACE_OUTER_BOUND ( 'NONE', #2213, .T. ) ;
#1511 = ORIENTED_EDGE ( 'NONE', *, *, #1868, .T. ) ;
#1512 = EDGE_CURVE ( 'NONE', #14, #2669, #544, .T. ) ;
#1513 = FACE_OUTER_BOUND ( 'NONE', #2736, .T. ) ;
#1514 = CARTESIAN_POINT ( 'NONE',  ( 205.5000000000000284, 151.9391149236989236, 0.9999999999999991118 ) ) ;
#1515 = ORIENTED_EDGE ( 'NONE', *, *, #970, .F. ) ;
#1516 = DIRECTION ( 'NONE',  ( -0.000000000000000000, -0.000000000000000000, 1.000000000000000000 ) ) ;
#1517 = DIRECTION ( 'NONE',  ( 0.000000000000000000, -0.000000000000000000, 1.000000000000000000 ) ) ;
#1518 = EDGE_LOOP ( 'NONE', ( #1675, #109, #35 ) ) ;
#1519 = DIRECTION ( 'NONE',  ( 0.000000000000000000, 1.000000000000000000, 0.000000000000000000 ) ) ;
#1520 = ORIENTED_EDGE ( 'NONE', *, *, #1977, .F. ) ;
#1521 = CARTESIAN_POINT ( 'NONE',  ( 213.1999999999999886, 136.2391149236989349, 0.9999999999999991118 ) ) ;
#1522 = LINE ( 'NONE', #1764, #3204 ) ;
#1523 = LINE ( 'NONE', #185, #746 ) ;
#1524 = VERTEX_POINT ( 'NONE', #2502 ) ;
#1525 = DIRECTION ( 'NONE',  ( -0.000000000000000000, -0.000000000000000000, 1.000000000000000000 ) ) ;
#1526 = VECTOR ( 'NONE', #2011, 1000.000000000000000 ) ;
#1527 = CARTESIAN_POINT ( 'NONE',  ( 194.2000000000000171, 114.1999999999999744, 0.9999999999999991118 ) ) ;
#1528 = EDGE_CURVE ( 'NONE', #1038, #364, #1653, .T. ) ;
#1529 = EDGE_CURVE ( 'NONE', #691, #446, #2776, .T. ) ;
#1530 = EDGE_LOOP ( 'NONE', ( #3544, #2890, #20, #3075 ) ) ;
#1531 = LINE ( 'NONE', #960, #80 ) ;
#1532 = LINE ( 'NONE', #158, #3510 ) ;
#1533 = EDGE_CURVE ( 'NONE', #1966, #614, #1692, .T. ) ;
#1534 = EDGE_LOOP ( 'NONE', ( #2963, #1802, #861, #2346 ) ) ;
#1535 = CARTESIAN_POINT ( 'NONE',  ( 216.2000000000000171, 114.1999999999999744, 0.9999999999999991118 ) ) ;
#1536 = VECTOR ( 'NONE', #1332, 1000.000000000000000 ) ;
#1537 = AXIS2_PLACEMENT_3D ( 'NONE', #3146, #980, #1010 ) ;
#1538 = EDGE_CURVE ( 'NONE', #340, #317, #1962, .T. ) ;
#1539 = CARTESIAN_POINT ( 'NONE',  ( 128.2000000000000171, 114.1999999999999744, 11.00000000000000000 ) ) ;
#1540 = ORIENTED_EDGE ( 'NONE', *, *, #2731, .T. ) ;
#1541 = VECTOR ( 'NONE', #1085, 1000.000000000000000 ) ;
#1542 = ORIENTED_EDGE ( 'NONE', *, *, #514, .T. ) ;
#1543 = DIRECTION ( 'NONE',  ( 0.000000000000000000, 0.000000000000000000, -1.000000000000000000 ) ) ;
#1544 = ORIENTED_EDGE ( 'NONE', *, *, #296, .T. ) ;
#1545 = CARTESIAN_POINT ( 'NONE',  ( 25.90000000000000568, 98.49999999999997158, 0.9999999999999991118 ) ) ;
#1546 = VECTOR ( 'NONE', #1067, 1000.000000000000000 ) ;
#1547 = CARTESIAN_POINT ( 'NONE',  ( 103.2000000000000171, 136.2391149236989349, 11.00000000000000000 ) ) ;
#1549 = ORIENTED_EDGE ( 'NONE', *, *, #65, .T. ) ;
#1548 = VECTOR ( 'NONE', #2924, 1000.000000000000000 ) ;
#1550 = DIRECTION ( 'NONE',  ( -0.000000000000000000, -1.000000000000000000, -0.000000000000000000 ) ) ;
#1551 = DIRECTION ( 'NONE',  ( -0.000000000000000000, -0.000000000000000000, 1.000000000000000000 ) ) ;
#1552 = AXIS2_PLACEMENT_3D ( 'NONE', #3558, #1351, #2191 ) ;
#1553 = ORIENTED_EDGE ( 'NONE', *, *, #2706, .F. ) ;
#1554 = CARTESIAN_POINT ( 'NONE',  ( 169.2000000000000171, 136.2391149236989349, 0.9999999999999991118 ) ) ;
#1555 = EDGE_CURVE ( 'NONE', #2154, #288, #1448, .T. ) ;
#1556 = ORIENTED_EDGE ( 'NONE', *, *, #2383, .T. ) ;
#1557 = VERTEX_POINT ( 'NONE', #3354 ) ;
#1558 = LINE ( 'NONE', #3478, #3467 ) ;
#1559 = ORIENTED_EDGE ( 'NONE', *, *, #2006, .T. ) ;
#1560 = CARTESIAN_POINT ( 'NONE',  ( 113.9000000000000057, 98.49999999999997158, 0.9999999999999991118 ) ) ;
#1561 = DIRECTION ( 'NONE',  ( 0.000000000000000000, 0.000000000000000000, 1.000000000000000000 ) ) ;
#1562 = VERTEX_POINT ( 'NONE', #874 ) ;
#1563 = DIRECTION ( 'NONE',  ( 0.000000000000000000, 0.000000000000000000, 1.000000000000000000 ) ) ;
#1564 = DIRECTION ( 'NONE',  ( -0.000000000000000000, -0.000000000000000000, -1.000000000000000000 ) ) ;
#1565 = VERTEX_POINT ( 'NONE', #1978 ) ;
#1566 = CARTESIAN_POINT ( 'NONE',  ( 0.000000000000000000, 0.000000000000000000, 3.000000000000000000 ) ) ;
#1567 = ADVANCED_FACE ( 'NONE', ( #2542 ), #2274, .F. ) ;
#1568 = DIRECTION ( 'NONE',  ( -0.000000000000000000, -1.000000000000000000, -0.000000000000000000 ) ) ;
#1569 = ORIENTED_EDGE ( 'NONE', *, *, #2379, .F. ) ;
#1570 = EDGE_LOOP ( 'NONE', ( #1540, #2833, #1089, #2674 ) ) ;
#1571 = EDGE_CURVE ( 'NONE', #2413, #3114, #1522, .T. ) ;
#1572 = CARTESIAN_POINT ( 'NONE',  ( 73.50000000000001421, 136.2391149236989349, 11.00000000000000000 ) ) ;
#1573 = DIRECTION ( 'NONE',  ( 0.000000000000000000, -0.000000000000000000, 1.000000000000000000 ) ) ;
#1574 = ORIENTED_EDGE ( 'NONE', *, *, #1331, .F. ) ;
#1575 = EDGE_CURVE ( 'NONE', #1293, #1138, #1800, .T. ) ;
#1576 = LINE ( 'NONE', #3009, #3162 ) ;
#1577 = DIRECTION ( 'NONE',  ( 0.000000000000000000, 1.000000000000000000, 0.000000000000000000 ) ) ;
#1578 = LINE ( 'NONE', #1875, #2632 ) ;
#1579 = VERTEX_POINT ( 'NONE', #1508 ) ;
#1580 = DIRECTION ( 'NONE',  ( -1.000000000000000000, -0.000000000000000000, -0.000000000000000000 ) ) ;
#1581 = AXIS2_PLACEMENT_3D ( 'NONE', #1737, #1667, #2769 ) ;
#1582 = LINE ( 'NONE', #177, #3462 ) ;
#1583 = ADVANCED_FACE ( 'NONE', ( #2904 ), #3122, .F. ) ;
#1584 = EDGE_LOOP ( 'NONE', ( #1836, #809, #1151, #2973 ) ) ;
#1585 = VECTOR ( 'NONE', #2960, 1000.000000000000000 ) ;
#1586 = CYLINDRICAL_SURFACE ( 'NONE', #1300, 1.899999999999988587 ) ;
#1587 = DIRECTION ( 'NONE',  ( 0.000000000000000000, 0.000000000000000000, 1.000000000000000000 ) ) ;
#1588 = ORIENTED_EDGE ( 'NONE', *, *, #2926, .T. ) ;
#1589 = CYLINDRICAL_SURFACE ( 'NONE', #3452, 1.899999999999985034 ) ;
#1590 = AXIS2_PLACEMENT_3D ( 'NONE', #1554, #2378, #1234 ) ;
#1591 = CARTESIAN_POINT ( 'NONE',  ( 216.2000000000000171, 98.49999999999997158, 11.00000000000000000 ) ) ;
#1592 = AXIS2_PLACEMENT_3D ( 'NONE', #1935, #2194, #561 ) ;
#1593 = VECTOR ( 'NONE', #572, 1000.000000000000000 ) ;
#1594 = EDGE_LOOP ( 'NONE', ( #3130, #2298, #2600, #806 ) ) ;
#1595 = DIRECTION ( 'NONE',  ( -0.000000000000000000, -0.000000000000000000, 1.000000000000000000 ) ) ;
#1596 = VECTOR ( 'NONE', #1194, 1000.000000000000000 ) ;
#1597 = LINE ( 'NONE', #1073, #2315 ) ;
#1598 = ADVANCED_FACE ( 'NONE', ( #914 ), #70, .F. ) ;
#1599 = DIRECTION ( 'NONE',  ( 0.000000000000000000, 0.000000000000000000, -1.000000000000000000 ) ) ;
#1600 = VERTEX_POINT ( 'NONE', #3389 ) ;
#1601 = CARTESIAN_POINT ( 'NONE',  ( 0.000000000000000000, 0.000000000000000000, 3.000000000000000000 ) ) ;
#1602 = CARTESIAN_POINT ( 'NONE',  ( 73.50000000000001421, 151.9391149236989236, 11.00000000000000000 ) ) ;
#1603 = EDGE_CURVE ( 'NONE', #3457, #3003, #421, .T. ) ;
#1604 = VECTOR ( 'NONE', #1687, 1000.000000000000000 ) ;
#1606 = ORIENTED_EDGE ( 'NONE', *, *, #1272, .F. ) ;
#1605 = AXIS2_PLACEMENT_3D ( 'NONE', #3023, #3007, #474 ) ;
#1607 = DIRECTION ( 'NONE',  ( -0.000000000000000000, -0.000000000000000000, 1.000000000000000000 ) ) ;
#1608 = AXIS2_PLACEMENT_3D ( 'NONE', #1055, #2374, #1024 ) ;
#1609 = APPROVAL_PERSON_ORGANIZATION ( #1136, #170, #1971 ) ;
#1610 = EDGE_LOOP ( 'NONE', ( #466, #781, #3238, #3356 ) ) ;
#1611 = DIRECTION ( 'NONE',  ( 0.000000000000000000, 0.000000000000000000, 1.000000000000000000 ) ) ;
#1612 = MANIFOLD_SOLID_BREP ( '\X2\51f853f0\X0\-\X2\62c94f38\X0\5', #323 ) ;
#1613 = LINE ( 'NONE', #200, #2647 ) ;
#1614 = VERTEX_POINT ( 'NONE', #1745 ) ;
#1615 = CARTESIAN_POINT ( 'NONE',  ( 0.000000000000000000, 0.000000000000000000, 0.000000000000000000 ) ) ;
#1616 = CARTESIAN_POINT ( 'NONE',  ( 7.500000000000034639, 151.9391149236989236, 11.00000000000000000 ) ) ;
#1617 = DIRECTION ( 'NONE',  ( -1.000000000000000000, 0.000000000000000000, 0.000000000000000000 ) ) ;
#1618 = EDGE_CURVE ( 'NONE', #758, #1133, #2864, .T. ) ;
#1619 = EDGE_LOOP ( 'NONE', ( #1, #2918, #3573, #2334 ) ) ;
#1620 = DIRECTION ( 'NONE',  ( -0.000000000000000000, -0.000000000000000000, 1.000000000000000000 ) ) ;
#1621 = LINE ( 'NONE', #1602, #2187 ) ;
#1622 = PERSON_AND_ORGANIZATION ( #1892, #570 ) ;
#1623 = VERTEX_POINT ( 'NONE', #1782 ) ;
#1624 = FACE_OUTER_BOUND ( 'NONE', #1584, .T. ) ;
#1625 = EDGE_CURVE ( 'NONE', #1772, #483, #2633, .T. ) ;
#1626 = VERTEX_POINT ( 'NONE', #934 ) ;
#1627 = DIRECTION ( 'NONE',  ( -1.000000000000000000, 0.000000000000000000, 0.000000000000000000 ) ) ;
#1628 = LINE ( 'NONE', #3247, #3279 ) ;
#1629 = ORIENTED_EDGE ( 'NONE', *, *, #51, .F. ) ;
#1630 = CARTESIAN_POINT ( 'NONE',  ( 15.20000000000001883, 151.9391149236989236, 0.9999999999999991118 ) ) ;
#1631 = EDGE_LOOP ( 'NONE', ( #313, #3155, #3513, #1018 ) ) ;
#1632 = CARTESIAN_POINT ( 'NONE',  ( 106.2000000000000171, 98.49999999999997158, 0.9999999999999991118 ) ) ;
#1633 = CARTESIAN_POINT ( 'NONE',  ( 179.9000000000000057, 98.49999999999997158, 0.9999999999999991118 ) ) ;
#1634 = VECTOR ( 'NONE', #2297, 1000.000000000000000 ) ;
#1635 = ORIENTED_EDGE ( 'NONE', *, *, #1766, .F. ) ;
#1636 = DIRECTION ( 'NONE',  ( 1.000000000000000000, -0.000000000000000000, -0.000000000000000000 ) ) ;
#1637 = EDGE_CURVE ( 'NONE', #1623, #1626, #2847, .T. ) ;
#1638 = CARTESIAN_POINT ( 'NONE',  ( 230.0000000000000000, 154.0000000000000000, 3.000000000000000000 ) ) ;
#1639 = EDGE_CURVE ( 'NONE', #1614, #3056, #1200, .T. ) ;
#1640 = ORIENTED_EDGE ( 'NONE', *, *, #1266, .F. ) ;
#1641 = VECTOR ( 'NONE', #3587, 1000.000000000000000 ) ;
#1642 = LINE ( 'NONE', #3256, #3449 ) ;
#1643 = FACE_OUTER_BOUND ( 'NONE', #1668, .T. ) ;
#1644 = VECTOR ( 'NONE', #363, 1000.000000000000000 ) ;
#1645 = ADVANCED_FACE ( 'NONE', ( #95 ), #952, .T. ) ;
#1646 = ORIENTED_EDGE ( 'NONE', *, *, #599, .T. ) ;
#1647 = DIRECTION ( 'NONE',  ( 1.000000000000000000, -0.000000000000000000, 0.000000000000000000 ) ) ;
#1648 = ADVANCED_FACE ( 'NONE', ( #653 ), #2885, .F. ) ;
#1649 = FACE_OUTER_BOUND ( 'NONE', #1534, .T. ) ;
#1650 = EDGE_CURVE ( 'NONE', #132, #2777, #1220, .T. ) ;
#1651 = VERTEX_POINT ( 'NONE', #3446 ) ;
#1652 = VECTOR ( 'NONE', #1924, 1000.000000000000000 ) ;
#1653 = LINE ( 'NONE', #831, #3370 ) ;
#1654 = EDGE_LOOP ( 'NONE', ( #1485, #1574, #3163, #2371 ) ) ;
#1655 = VECTOR ( 'NONE', #998, 1000.000000000000000 ) ;
#1656 = DIRECTION ( 'NONE',  ( 0.000000000000000000, 0.000000000000000000, -1.000000000000000000 ) ) ;
#1657 = VECTOR ( 'NONE', #3551, 1000.000000000000000 ) ;
#1658 = LINE ( 'NONE', #2471, #2512 ) ;
#1659 = ORIENTED_EDGE ( 'NONE', *, *, #2706, .T. ) ;
#1660 = VECTOR ( 'NONE', #1175, 1000.000000000000000 ) ;
#1661 = CARTESIAN_POINT ( 'NONE',  ( 103.2000000000000171, 151.9391149236989236, 0.9999999999999991118 ) ) ;
#1662 = CARTESIAN_POINT ( 'NONE',  ( 230.0000000000000000, 160.8000000000005230, 13.00000000000000178 ) ) ;
#1663 = ORIENTED_EDGE ( 'NONE', *, *, #2468, .T. ) ;
#1664 = CARTESIAN_POINT ( 'NONE',  ( 37.20000000000000995, 136.2391149236989349, 0.9999999999999991118 ) ) ;
#1665 = AXIS2_PLACEMENT_3D ( 'NONE', #1329, #231, #2439 ) ;
#1666 = CARTESIAN_POINT ( 'NONE',  ( 83.10000000000012221, 8.999999999999984013, 3.800000000000001155 ) ) ;
#1667 = DIRECTION ( 'NONE',  ( -0.000000000000000000, -0.000000000000000000, 1.000000000000000000 ) ) ;
#1668 = EDGE_LOOP ( 'NONE', ( #3269, #893, #771, #1223 ) ) ;
#1669 = DIRECTION ( 'NONE',  ( -1.000000000000000000, 0.000000000000000000, 0.000000000000000000 ) ) ;
#1670 = VECTOR ( 'NONE', #1453, 1000.000000000000000 ) ;
#1671 = DIRECTION ( 'NONE',  ( -1.000000000000000000, 0.000000000000000000, 0.000000000000000000 ) ) ;
#1672 = VECTOR ( 'NONE', #990, 1000.000000000000000 ) ;
#1673 = ORIENTED_EDGE ( 'NONE', *, *, #1004, .T. ) ;
#1674 = CARTESIAN_POINT ( 'NONE',  ( 128.2000000000000171, 98.49999999999997158, 0.9999999999999991118 ) ) ;
#1675 = ORIENTED_EDGE ( 'NONE', *, *, #3133, .F. ) ;
#1676 = CARTESIAN_POINT ( 'NONE',  ( 95.50000000000000000, 136.2391149236989349, 0.9999999999999991118 ) ) ;
#1677 = LINE ( 'NONE', #2724, #2287 ) ;
#1678 = ORIENTED_EDGE ( 'NONE', *, *, #3129, .T. ) ;
#1679 = CARTESIAN_POINT ( 'NONE',  ( 194.2000000000000171, 98.49999999999997158, 11.00000000000000000 ) ) ;
#1680 = LINE ( 'NONE', #2784, #1490 ) ;
#1681 = EDGE_LOOP ( 'NONE', ( #3454, #389, #2183, #2125 ) ) ;
#1682 = CARTESIAN_POINT ( 'NONE',  ( 230.0000000000000000, 14.99999999999997158, 3.000000000000000000 ) ) ;
#1683 = MECHANICAL_CONTEXT ( 'NONE', #2264, 'mechanical' ) ;
#1684 = CARTESIAN_POINT ( 'NONE',  ( 205.5000000000000284, 151.9391149236989236, 11.00000000000000000 ) ) ;
#1685 = VERTEX_POINT ( 'NONE', #824 ) ;
#1686 = FACE_OUTER_BOUND ( 'NONE', #636, .T. ) ;
#1687 = DIRECTION ( 'NONE',  ( -0.000000000000000000, -1.000000000000000000, -0.000000000000000000 ) ) ;
#1688 = EDGE_CURVE ( 'NONE', #1651, #3180, #1192, .T. ) ;
#1689 = EDGE_CURVE ( 'NONE', #1255, #3404, #1954, .T. ) ;
#1690 = ADVANCED_FACE ( 'NONE', ( #883 ), #1972, .T. ) ;
#1691 = ORIENTED_EDGE ( 'NONE', *, *, #2772, .F. ) ;
#1692 = LINE ( 'NONE', #596, #3085 ) ;
#1693 = LINE ( 'NONE', #2795, #2652 ) ;
#1694 = EDGE_CURVE ( 'NONE', #1334, #2884, #3311, .T. ) ;
#1695 = CARTESIAN_POINT ( 'NONE',  ( 5.100000000000015632, 9.000000000000031974, 9.000000000000000000 ) ) ;
#1696 = CARTESIAN_POINT ( 'NONE',  ( 183.5000000000000000, 136.2391149236989349, 0.9999999999999991118 ) ) ;
#1697 = DIRECTION ( 'NONE',  ( 1.000000000000000000, -0.000000000000000000, -0.000000000000000000 ) ) ;
#1698 = ORIENTED_EDGE ( 'NONE', *, *, #2110, .T. ) ;
#1699 = DIRECTION ( 'NONE',  ( -0.000000000000000000, -0.000000000000000000, 1.000000000000000000 ) ) ;
#1700 = CARTESIAN_POINT ( 'NONE',  ( 117.5000000000000142, 136.2391149236989349, 0.9999999999999991118 ) ) ;
#1701 = AXIS2_PLACEMENT_3D ( 'NONE', #2056, #2039, #3139 ) ;
#1702 = EDGE_LOOP ( 'NONE', ( #717, #1515, #761, #951 ) ) ;
#1703 = DIRECTION ( 'NONE',  ( 0.000000000000000000, -0.000000000000000000, 1.000000000000000000 ) ) ;
#1704 = VECTOR ( 'NONE', #400, 1000.000000000000000 ) ;
#1705 = DIRECTION ( 'NONE',  ( 1.000000000000000000, -0.000000000000000000, 0.000000000000000000 ) ) ;
#1706 = EDGE_LOOP ( 'NONE', ( #433, #1876, #1464, #2349 ) ) ;
#1707 = DIRECTION ( 'NONE',  ( -0.000000000000000000, -1.000000000000000000, -0.000000000000000000 ) ) ;
#1708 = LINE ( 'NONE', #2236, #453 ) ;
#1709 = VERTEX_POINT ( 'NONE', #3074 ) ;
#1710 = FACE_OUTER_BOUND ( 'NONE', #1631, .T. ) ;
#1711 = AXIS2_PLACEMENT_3D ( 'NONE', #1735, #1171, #1116 ) ;
#1712 = VECTOR ( 'NONE', #2180, 1000.000000000000000 ) ;
#1713 = EDGE_CURVE ( 'NONE', #1809, #2409, #25, .T. ) ;
#1714 = LINE ( 'NONE', #1399, #1314 ) ;
#1715 = VECTOR ( 'NONE', #1669, 1000.000000000000000 ) ;
#1716 = VERTEX_POINT ( 'NONE', #1404 ) ;
#1717 = CARTESIAN_POINT ( 'NONE',  ( 216.2000000000000171, 114.1999999999999744, 0.9999999999999991118 ) ) ;
#1718 = CC_DESIGN_PERSON_AND_ORGANIZATION_ASSIGNMENT ( #3402, #1931, ( #1855 ) ) ;
#1719 = LINE ( 'NONE', #1987, #279 ) ;
#1720 = CARTESIAN_POINT ( 'NONE',  ( 25.90000000000000568, 98.49999999999997158, 0.9999999999999991118 ) ) ;
#1721 = ORIENTED_EDGE ( 'NONE', *, *, #1011, .T. ) ;
#1722 = DIRECTION ( 'NONE',  ( 0.000000000000000000, 0.000000000000000000, -1.000000000000000000 ) ) ;
#1723 = DIRECTION ( 'NONE',  ( 0.000000000000000000, 1.000000000000000000, 0.000000000000000000 ) ) ;
#1724 = DIRECTION ( 'NONE',  ( 0.000000000000000000, 0.000000000000000000, 1.000000000000000000 ) ) ;
#1725 = AXIS2_PLACEMENT_3D ( 'NONE', #2280, #863, #332 ) ;
#1726 = PLANE ( 'NONE',  #549 ) ;
#1727 = VERTEX_POINT ( 'NONE', #2250 ) ;
#1728 = VECTOR ( 'NONE', #3434, 1000.000000000000000 ) ;
#1729 = PLANE ( 'NONE',  #1032 ) ;
#1730 = ORIENTED_EDGE ( 'NONE', *, *, #3498, .T. ) ;
#1731 = CARTESIAN_POINT ( 'NONE',  ( 230.0000000000000000, 116.9999999999999858, 3.000000000000000000 ) ) ;
#1732 = DIRECTION ( 'NONE',  ( 1.000000000000000000, 0.000000000000000000, 0.000000000000000000 ) ) ;
#1733 = EDGE_CURVE ( 'NONE', #1791, #1449, #3040, .T. ) ;
#1734 = ORIENTED_EDGE ( 'NONE', *, *, #744, .F. ) ;
#1735 = CARTESIAN_POINT ( 'NONE',  ( 161.5000000000000000, 136.2391149236989349, 0.9999999999999991118 ) ) ;
#1736 =( NAMED_UNIT ( * ) PLANE_ANGLE_UNIT ( ) SI_UNIT ( $, .RADIAN. ) );
#1737 = CARTESIAN_POINT ( 'NONE',  ( 7.000000000000006217, 9.000000000000031974, 3.800000000000001155 ) ) ;
#1738 = ADVANCED_FACE ( 'NONE', ( #3348 ), #631, .F. ) ;
#1739 = ORIENTED_EDGE ( 'NONE', *, *, #2363, .T. ) ;
#1740 = DIRECTION ( 'NONE',  ( 0.000000000000000000, -1.000000000000000000, -0.000000000000000000 ) ) ;
#1741 = LINE ( 'NONE', #1936, #3107 ) ;
#1742 = LINE ( 'NONE', #2843, #1644 ) ;
#1743 = EDGE_LOOP ( 'NONE', ( #2781, #2895, #472, #2377 ) ) ;
#1744 = EDGE_LOOP ( 'NONE', ( #122, #3084, #198, #1297 ) ) ;
#1745 = CARTESIAN_POINT ( 'NONE',  ( 15.20000000000001883, 136.2391149236989349, 0.9999999999999991118 ) ) ;
#1746 = EDGE_LOOP ( 'NONE', ( #2367, #3476, #933, #1821 ) ) ;
#1747 = CARTESIAN_POINT ( 'NONE',  ( 233.0000000000000000, 0.000000000000000000, 0.000000000000000000 ) ) ;
#1748 = ORIENTED_EDGE ( 'NONE', *, *, #2838, .T. ) ;
#1749 = CARTESIAN_POINT ( 'NONE',  ( 51.50000000000002132, 136.2391149236989349, 0.9999999999999991118 ) ) ;
#1750 = DIRECTION ( 'NONE',  ( 0.000000000000000000, 1.000000000000000000, 0.000000000000000000 ) ) ;
#1751 = ORIENTED_EDGE ( 'NONE', *, *, #411, .F. ) ;
#1752 = DIRECTION ( 'NONE',  ( -0.000000000000000000, -0.000000000000000000, 1.000000000000000000 ) ) ;
#1753 = ADVANCED_FACE ( 'NONE', ( #908 ), #1763, .F. ) ;
#1754 = EDGE_CURVE ( 'NONE', #3320, #1334, #46, .T. ) ;
#1755 = CARTESIAN_POINT ( 'NONE',  ( 117.5000000000000142, 151.9391149236989236, 0.9999999999999991118 ) ) ;
#1756 = EDGE_LOOP ( 'NONE', ( #3103, #1053, #59, #1185 ) ) ;
#1757 = LINE ( 'NONE', #2013, #677 ) ;
#1758 = EDGE_CURVE ( 'NONE', #2251, #2950, #2267, .T. ) ;
#1759 = DIRECTION ( 'NONE',  ( 1.206764157201257045E-16, -1.000000000000000000, 0.000000000000000000 ) ) ;
#1760 = VERTEX_POINT ( 'NONE', #358 ) ;
#1761 = ORIENTED_EDGE ( 'NONE', *, *, #1115, .F. ) ;
#1762 = EDGE_CURVE ( 'NONE', #1133, #129, #3060, .T. ) ;
#1763 = CONICAL_SURFACE ( 'NONE', #1581, 1.899999999999988587, 1.029744258676653867 ) ;
#1764 = CARTESIAN_POINT ( 'NONE',  ( 7.500000000000034639, 151.9391149236989236, 0.9999999999999991118 ) ) ;
#1765 = ORIENTED_EDGE ( 'NONE', *, *, #2216, .F. ) ;
#1766 = EDGE_CURVE ( 'NONE', #2311, #884, #576, .T. ) ;
#1767 = PLANE ( 'NONE',  #1494 ) ;
#1768 = ORIENTED_EDGE ( 'NONE', *, *, #1312, .T. ) ;
#1769 = VECTOR ( 'NONE', #106, 1000.000000000000000 ) ;
#1770 = CARTESIAN_POINT ( 'NONE',  ( 117.5000000000000142, 151.9391149236989236, 11.00000000000000000 ) ) ;
#1771 = CARTESIAN_POINT ( 'NONE',  ( 117.5000000000000142, 136.2391149236989349, 11.00000000000000000 ) ) ;
#1772 = VERTEX_POINT ( 'NONE', #3092 ) ;
#1773 = LINE ( 'NONE', #1246, #2574 ) ;
#1774 = VECTOR ( 'NONE', #2947, 1000.000000000000000 ) ;
#1775 = DIRECTION ( 'NONE',  ( 0.000000000000000000, -0.000000000000000000, 1.000000000000000000 ) ) ;
#1776 = VERTEX_POINT ( 'NONE', #609 ) ;
#1777 = LINE ( 'NONE', #2479, #1252 ) ;
#1778 = AXIS2_PLACEMENT_3D ( 'NONE', #2174, #1647, #778 ) ;
#1779 = DIRECTION ( 'NONE',  ( 1.000000000000000000, -0.000000000000000000, 0.000000000000000000 ) ) ;
#1780 = ORIENTED_EDGE ( 'NONE', *, *, #2045, .T. ) ;
#1781 = ORIENTED_EDGE ( 'NONE', *, *, #2670, .F. ) ;
#1782 = CARTESIAN_POINT ( 'NONE',  ( 161.5000000000000000, 136.2391149236989349, 0.9999999999999991118 ) ) ;
#1783 = ORIENTED_EDGE ( 'NONE', *, *, #2713, .T. ) ;
#1784 = CARTESIAN_POINT ( 'NONE',  ( 86.90000000000009095, 8.999999999999984013, 3.800000000000001155 ) ) ;
#1785 = VECTOR ( 'NONE', #1697, 1000.000000000000000 ) ;
#1786 = VECTOR ( 'NONE', #749, 1000.000000000000000 ) ;
#1787 = EDGE_LOOP ( 'NONE', ( #913, #1811, #329, #1698 ) ) ;
#1788 = LINE ( 'NONE', #658, #3098 ) ;
#1789 = VECTOR ( 'NONE', #3471, 1000.000000000000000 ) ;
#1790 = LINE ( 'NONE', #643, #1728 ) ;
#1791 = VERTEX_POINT ( 'NONE', #1720 ) ;
#1792 = CARTESIAN_POINT ( 'NONE',  ( 227.5000000000000000, 136.2391149236989349, 0.9999999999999991118 ) ) ;
#1793 = LINE ( 'NONE', #3170, #2474 ) ;
#1794 = CARTESIAN_POINT ( 'NONE',  ( 194.2000000000000171, 98.49999999999997158, 0.9999999999999991118 ) ) ;
#1795 = ORIENTED_EDGE ( 'NONE', *, *, #3285, .F. ) ;
#1796 = DIRECTION ( 'NONE',  ( -0.000000000000000000, -0.000000000000000000, 1.000000000000000000 ) ) ;
#1797 = FACE_OUTER_BOUND ( 'NONE', #1681, .T. ) ;
#1798 = VERTEX_POINT ( 'NONE', #2497 ) ;
#1799 = EDGE_LOOP ( 'NONE', ( #706, #2498, #747 ) ) ;
#1800 = LINE ( 'NONE', #3158, #1634 ) ;
#1801 = EDGE_CURVE ( 'NONE', #129, #3179, #3362, .T. ) ;
#1802 = ORIENTED_EDGE ( 'NONE', *, *, #275, .T. ) ;
#1803 = CARTESIAN_POINT ( 'NONE',  ( 73.50000000000001421, 151.9391149236989236, 0.9999999999999991118 ) ) ;
#1804 = EDGE_CURVE ( 'NONE', #2099, #1651, #2286, .T. ) ;
#1805 = ORIENTED_EDGE ( 'NONE', *, *, #2661, .T. ) ;
#1806 = DIRECTION ( 'NONE',  ( -1.000000000000000000, 0.000000000000000000, 0.000000000000000000 ) ) ;
#1807 = DIRECTION ( 'NONE',  ( -0.000000000000000000, -0.000000000000000000, 1.000000000000000000 ) ) ;
#1808 = EDGE_CURVE ( 'NONE', #2029, #1212, #4, .T. ) ;
#1809 = VERTEX_POINT ( 'NONE', #83 ) ;
#1810 = CARTESIAN_POINT ( 'NONE',  ( 91.90000000000000568, 114.1999999999999744, 0.9999999999999991118 ) ) ;
#1811 = ORIENTED_EDGE ( 'NONE', *, *, #3297, .F. ) ;
#1812 = DIRECTION ( 'NONE',  ( -0.000000000000000000, -1.000000000000000000, -0.000000000000000000 ) ) ;
#1813 = ORIENTED_EDGE ( 'NONE', *, *, #1754, .F. ) ;
#1814 = FACE_OUTER_BOUND ( 'NONE', #764, .T. ) ;
#1815 = DIRECTION ( 'NONE',  ( 0.000000000000000000, 1.000000000000000000, 0.000000000000000000 ) ) ;
#1816 = VERTEX_POINT ( 'NONE', #1684 ) ;
#1817 = VECTOR ( 'NONE', #320, 1000.000000000000000 ) ;
#1818 = DIRECTION ( 'NONE',  ( -0.000000000000000000, 0.000000000000000000, -1.000000000000000000 ) ) ;
#1819 = AXIS2_PLACEMENT_3D ( 'NONE', #165, #2987, #147 ) ;
#1820 = CARTESIAN_POINT ( 'NONE',  ( 47.89999999999999858, 98.49999999999997158, 0.9999999999999991118 ) ) ;
#1821 = ORIENTED_EDGE ( 'NONE', *, *, #1491, .T. ) ;
#1822 = CARTESIAN_POINT ( 'NONE',  ( 29.50000000000002487, 151.9391149236989236, 11.00000000000000000 ) ) ;
#1823 = EDGE_CURVE ( 'NONE', #637, #96, #304, .T. ) ;
#1824 = CARTESIAN_POINT ( 'NONE',  ( 8.899999999999995026, 9.000000000000031974, 3.800000000000001155 ) ) ;
#1825 = ADVANCED_FACE ( 'NONE', ( #982 ), #481, .F. ) ;
#1826 = ORIENTED_EDGE ( 'NONE', *, *, #1356, .T. ) ;
#1827 = DIRECTION ( 'NONE',  ( -0.000000000000000000, -0.000000000000000000, 1.000000000000000000 ) ) ;
#1828 = EDGE_CURVE ( 'NONE', #1579, #3450, #209, .T. ) ;
#1829 = AXIS2_PLACEMENT_3D ( 'NONE', #79, #2, #2265 ) ;
#1830 = AXIS2_PLACEMENT_3D ( 'NONE', #3589, #2813, #1946 ) ;
#1831 = FACE_OUTER_BOUND ( 'NONE', #735, .T. ) ;
#1832 = ORIENTED_EDGE ( 'NONE', *, *, #243, .F. ) ;
#1833 = VECTOR ( 'NONE', #3313, 1000.000000000000000 ) ;
#1834 = FACE_BOUND ( 'NONE', #3182, .T. ) ;
#1835 = CARTESIAN_POINT ( 'NONE',  ( 183.5000000000000000, 151.9391149236989236, 0.9999999999999991118 ) ) ;
#1836 = ORIENTED_EDGE ( 'NONE', *, *, #3397, .T. ) ;
#1837 = CARTESIAN_POINT ( 'NONE',  ( 150.1999999999999886, 98.49999999999997158, 0.9999999999999991118 ) ) ;
#1838 = VECTOR ( 'NONE', #1844, 1000.000000000000000 ) ;
#1839 = LINE ( 'NONE', #2673, #334 ) ;
#1841 = ORIENTED_EDGE ( 'NONE', *, *, #851, .T. ) ;
#1840 = VECTOR ( 'NONE', #3585, 1000.000000000000000 ) ;
#1842 = CARTESIAN_POINT ( 'NONE',  ( 230.0000000000000000, 160.8000000000005230, 3.000000000000000000 ) ) ;
#1843 = ADVANCED_FACE ( 'NONE', ( #3132 ), #2344, .F. ) ;
#1844 = DIRECTION ( 'NONE',  ( -0.000000000000000000, -1.000000000000000000, -0.000000000000000000 ) ) ;
#1845 = VECTOR ( 'NONE', #2668, 1000.000000000000000 ) ;
#1846 = PERSON_AND_ORGANIZATION_ROLE ( 'design_supplier' ) ;
#1847 = ADVANCED_FACE ( 'NONE', ( #1041 ), #2150, .T. ) ;
#1848 = ORIENTED_EDGE ( 'NONE', *, *, #137, .T. ) ;
#1849 = CARTESIAN_POINT ( 'NONE',  ( 85.00000000000009948, 8.999999999999984013, 9.000000000000000000 ) ) ;
#1850 = EDGE_CURVE ( 'NONE', #2823, #1961, #3422, .T. ) ;
#1851 = ORIENTED_EDGE ( 'NONE', *, *, #2379, .T. ) ;
#1852 = VERTEX_POINT ( 'NONE', #2610 ) ;
#1853 = CARTESIAN_POINT ( 'NONE',  ( 1.734723475976807094E-15, 151.9391149236989236, 0.9999999999999991118 ) ) ;
#1854 = CARTESIAN_POINT ( 'NONE',  ( 85.00000000000009948, 8.999999999999984013, 3.800000000000001155 ) ) ;
#1855 = PRODUCT ( '\X2\58f34f53\X0\-2', '\X2\58f34f53\X0\-2', '', ( #1683 ) ) ;
#1856 = VERTEX_POINT ( 'NONE', #1502 ) ;
#1857 = DIRECTION ( 'NONE',  ( -1.000000000000000000, 0.000000000000000000, 0.000000000000000000 ) ) ;
#1858 = CARTESIAN_POINT ( 'NONE',  ( 15.20000000000001883, 136.2391149236989349, 11.00000000000000000 ) ) ;
#1859 = LINE ( 'NONE', #2360, #3089 ) ;
#1860 = ORIENTED_EDGE ( 'NONE', *, *, #1801, .F. ) ;
#1861 = CARTESIAN_POINT ( 'NONE',  ( 29.50000000000002487, 136.2391149236989349, 0.9999999999999991118 ) ) ;
#1862 = PLANE ( 'NONE',  #917 ) ;
#1863 = VERTEX_POINT ( 'NONE', #3251 ) ;
#1864 = FACE_OUTER_BOUND ( 'NONE', #2239, .T. ) ;
#1865 = EDGE_CURVE ( 'NONE', #1906, #1816, #1578, .T. ) ;
#1866 = ORIENTED_EDGE ( 'NONE', *, *, #1416, .T. ) ;
#1867 = EDGE_LOOP ( 'NONE', ( #3013, #1237, #2693, #1060 ) ) ;
#1868 = EDGE_CURVE ( 'NONE', #3125, #3411, #2133, .T. ) ;
#1869 = DIRECTION ( 'NONE',  ( 1.000000000000000000, 0.000000000000000000, -0.000000000000000000 ) ) ;
#1870 = ORIENTED_EDGE ( 'NONE', *, *, #1285, .F. ) ;
#1871 = ADVANCED_FACE ( 'NONE', ( #1309, #2420, #2310, #767 ), #945, .F. ) ;
#1872 = VECTOR ( 'NONE', #3410, 1000.000000000000000 ) ;
#1873 = DIRECTION ( 'NONE',  ( -0.000000000000000000, -0.000000000000000000, 1.000000000000000000 ) ) ;
#1874 = DIRECTION ( 'NONE',  ( -1.000000000000000000, 0.000000000000000000, 0.000000000000000000 ) ) ;
#1875 = CARTESIAN_POINT ( 'NONE',  ( 205.5000000000000284, 136.2391149236989349, 11.00000000000000000 ) ) ;
#1876 = ORIENTED_EDGE ( 'NONE', *, *, #700, .F. ) ;
#1877 = LINE ( 'NONE', #3239, #3493 ) ;
#1878 = VECTOR ( 'NONE', #61, 1000.000000000000000 ) ;
#1879 = DIRECTION ( 'NONE',  ( 0.000000000000000000, -0.000000000000000000, -1.000000000000000000 ) ) ;
#1880 = ORIENTED_EDGE ( 'NONE', *, *, #1951, .T. ) ;
#1881 = VECTOR ( 'NONE', #2148, 1000.000000000000000 ) ;
#1882 = LINE ( 'NONE', #1316, #1190 ) ;
#1883 = CARTESIAN_POINT ( 'NONE',  ( 201.9000000000000057, 98.49999999999997158, 0.9999999999999991118 ) ) ;
#1884 = ORIENTED_EDGE ( 'NONE', *, *, #1210, .T. ) ;
#1885 = LINE ( 'NONE', #2209, #1541 ) ;
#1886 = VECTOR ( 'NONE', #2206, 1000.000000000000000 ) ;
#1887 = FACE_OUTER_BOUND ( 'NONE', #3588, .T. ) ;
#1888 = EDGE_CURVE ( 'NONE', #1206, #3530, #2065, .T. ) ;
#1889 = EDGE_CURVE ( 'NONE', #3353, #1129, #928, .T. ) ;
#1890 = ORIENTED_EDGE ( 'NONE', *, *, #1046, .F. ) ;
#1891 = CARTESIAN_POINT ( 'NONE',  ( 128.2000000000000171, 114.1999999999999744, 0.9999999999999991118 ) ) ;
#1892 = PERSON ( 'æœª', 'æœª', 'æœª', ('æœª'), ('æœª'), ('æœª') ) ;
#1893 = FACE_OUTER_BOUND ( 'NONE', #3156, .T. ) ;
#1894 = DIRECTION ( 'NONE',  ( 0.000000000000000000, 1.000000000000000000, 0.000000000000000000 ) ) ;
#1895 = ORIENTED_EDGE ( 'NONE', *, *, #1269, .F. ) ;
#1896 = CARTESIAN_POINT ( 'NONE',  ( 191.2000000000000171, 136.2391149236989349, 0.9999999999999991118 ) ) ;
#1897 = DIRECTION ( 'NONE',  ( 0.000000000000000000, -0.000000000000000000, 1.000000000000000000 ) ) ;
#1898 = VECTOR ( 'NONE', #788, 1000.000000000000000 ) ;
#1899 = ORIENTED_EDGE ( 'NONE', *, *, #3197, .T. ) ;
#1900 = LINE ( 'NONE', #3274, #1886 ) ;
#1901 = VECTOR ( 'NONE', #2163, 1000.000000000000000 ) ;
#1902 = AXIS2_PLACEMENT_3D ( 'NONE', #3112, #356, #2266 ) ;
#1903 = EDGE_LOOP ( 'NONE', ( #812, #534, #1025, #583 ) ) ;
#1904 = CARTESIAN_POINT ( 'NONE',  ( 0.000000000000000000, 154.0000000000000000, 11.00000000000000000 ) ) ;
#1905 = PLANE ( 'NONE',  #2249 ) ;
#1906 = VERTEX_POINT ( 'NONE', #3438 ) ;
#1907 = EDGE_CURVE ( 'NONE', #1310, #3474, #2454, .T. ) ;
#1908 = LINE ( 'NONE', #1891, #150 ) ;
#1909 = EDGE_CURVE ( 'NONE', #2966, #288, #3456, .T. ) ;
#1910 = ADVANCED_FACE ( 'NONE', ( #3171 ), #415, .F. ) ;
#1911 = FACE_OUTER_BOUND ( 'NONE', #3363, .T. ) ;
#1912 = DIRECTION ( 'NONE',  ( 0.000000000000000000, -1.000000000000000000, -0.000000000000000000 ) ) ;
#1913 = ORIENTED_EDGE ( 'NONE', *, *, #1330, .T. ) ;
#1914 = CARTESIAN_POINT ( 'NONE',  ( 25.90000000000000568, 114.1999999999999744, 11.00000000000000000 ) ) ;
#1915 = EDGE_CURVE ( 'NONE', #3050, #2774, #1859, .T. ) ;
#1916 = DIRECTION ( 'NONE',  ( 0.000000000000000000, 1.000000000000000000, 0.000000000000000000 ) ) ;
#1917 = ORIENTED_EDGE ( 'NONE', *, *, #1999, .T. ) ;
#1918 = LINE ( 'NONE', #2967, #2585 ) ;
#1919 = DIRECTION ( 'NONE',  ( 0.000000000000000000, 1.000000000000000000, 0.000000000000000000 ) ) ;
#1920 = ORIENTED_EDGE ( 'NONE', *, *, #3393, .T. ) ;
#1921 = CARTESIAN_POINT ( 'NONE',  ( 0.000000000000000000, 154.0000000000000000, 3.000000000000000000 ) ) ;
#1922 = CARTESIAN_POINT ( 'NONE',  ( 227.5000000000000000, 151.9391149236989236, 11.00000000000000000 ) ) ;
#1923 = ORIENTED_EDGE ( 'NONE', *, *, #2398, .F. ) ;
#1924 = DIRECTION ( 'NONE',  ( -1.000000000000000000, 0.000000000000000000, 0.000000000000000000 ) ) ;
#1925 = PLANE ( 'NONE',  #2997 ) ;
#1926 = LINE ( 'NONE', #3028, #2055 ) ;
#1927 = ORIENTED_EDGE ( 'NONE', *, *, #2603, .T. ) ;
#1928 = DIRECTION ( 'NONE',  ( 0.000000000000000000, 0.000000000000000000, -1.000000000000000000 ) ) ;
#1929 = VERTEX_POINT ( 'NONE', #2962 ) ;
#1930 = PLANE ( 'NONE',  #2063 ) ;
#1931 = PERSON_AND_ORGANIZATION_ROLE ( 'design_owner' ) ;
#1932 = DIRECTION ( 'NONE',  ( -0.000000000000000000, -0.000000000000000000, 1.000000000000000000 ) ) ;
#1933 = AXIS2_PLACEMENT_3D ( 'NONE', #2137, #1928, #1311 ) ;
#1934 = ORIENTED_EDGE ( 'NONE', *, *, #1307, .F. ) ;
#1935 = CARTESIAN_POINT ( 'NONE',  ( -132.0000000000000000, 0.000000000000000000, 0.9999999999999991118 ) ) ;
#1936 = CARTESIAN_POINT ( 'NONE',  ( 0.000000000000000000, 162.0000000000000000, 3.000000000000000000 ) ) ;
#1937 = ORIENTED_EDGE ( 'NONE', *, *, #2407, .T. ) ;
#1938 = AXIS2_PLACEMENT_3D ( 'NONE', #1054, #1143, #3065 ) ;
#1939 = CARTESIAN_POINT ( 'NONE',  ( 113.9000000000000057, 98.49999999999997158, 0.9999999999999991118 ) ) ;
#1940 = VECTOR ( 'NONE', #1099, 1000.000000000000000 ) ;
#1941 = ADVANCED_FACE ( 'NONE', ( #1249 ), #1214, .T. ) ;
#1942 = CARTESIAN_POINT ( 'NONE',  ( 128.2000000000000171, 98.49999999999997158, 11.00000000000000000 ) ) ;
#1943 = VECTOR ( 'NONE', #518, 1000.000000000000000 ) ;
#1944 = CARTESIAN_POINT ( 'NONE',  ( 230.0000000000000000, 117.0000000000000000, 11.00000000000000000 ) ) ;
#1945 = ORIENTED_EDGE ( 'NONE', *, *, #250, .T. ) ;
#1946 = DIRECTION ( 'NONE',  ( 1.000000000000000000, 0.000000000000000000, -0.000000000000000000 ) ) ;
#1947 = FACE_OUTER_BOUND ( 'NONE', #2288, .T. ) ;
#1948 = VERTEX_POINT ( 'NONE', #1695 ) ;
#1949 = CARTESIAN_POINT ( 'NONE',  ( -154.0000000000000000, 0.000000000000000000, 0.9999999999999991118 ) ) ;
#1950 = EDGE_CURVE ( 'NONE', #935, #3003, #1677, .T. ) ;
#1951 = EDGE_CURVE ( 'NONE', #3394, #1709, #800, .T. ) ;
#1952 = VECTOR ( 'NONE', #3053, 1000.000000000000000 ) ;
#1953 = PERSON_AND_ORGANIZATION_ROLE ( 'creator' ) ;
#1954 = LINE ( 'NONE', #559, #1817 ) ;
#1955 = ORIENTED_EDGE ( 'NONE', *, *, #1889, .F. ) ;
#1956 = CARTESIAN_POINT ( 'NONE',  ( 227.5000000000000000, 136.2391149236989349, 0.9999999999999991118 ) ) ;
#1957 = VECTOR ( 'NONE', #2580, 1000.000000000000000 ) ;
#1958 = PLANE ( 'NONE',  #392 ) ;
#1959 = EDGE_CURVE ( 'NONE', #3373, #2441, #2215, .T. ) ;
#1960 = APPROVAL_PERSON_ORGANIZATION ( #303, #3425, #286 ) ;
#1961 = VERTEX_POINT ( 'NONE', #1325 ) ;
#1962 = LINE ( 'NONE', #582, #2735 ) ;
#1963 = ORIENTED_EDGE ( 'NONE', *, *, #2364, .T. ) ;
#1964 = DIRECTION ( 'NONE',  ( 0.000000000000000000, 0.000000000000000000, -1.000000000000000000 ) ) ;
#1965 = PLANE ( 'NONE',  #2351 ) ;
#1966 = VERTEX_POINT ( 'NONE', #2796 ) ;
#1967 = DIRECTION ( 'NONE',  ( 0.000000000000000000, -0.000000000000000000, 1.000000000000000000 ) ) ;
#1968 = LINE ( 'NONE', #3323, #3283 ) ;
#1969 = ORIENTED_EDGE ( 'NONE', *, *, #2812, .F. ) ;
#1970 = CARTESIAN_POINT ( 'NONE',  ( 230.0000000000000000, 162.0000000000000000, 20.99999999999999645 ) ) ;
#1971 = APPROVAL_ROLE ( '' ) ;
#1972 = PLANE ( 'NONE',  #3489 ) ;
#1973 = ORIENTED_EDGE ( 'NONE', *, *, #296, .F. ) ;
#1974 = DIRECTION ( 'NONE',  ( 0.000000000000000000, 0.000000000000000000, -1.000000000000000000 ) ) ;
#1975 = LINE ( 'NONE', #562, #2078 ) ;
#1976 = ORIENTED_EDGE ( 'NONE', *, *, #1538, .F. ) ;
#1977 = EDGE_CURVE ( 'NONE', #853, #2914, #2435, .T. ) ;
#1978 = CARTESIAN_POINT ( 'NONE',  ( 59.20000000000000284, 136.2391149236989349, 11.00000000000000000 ) ) ;
#1979 = DIRECTION ( 'NONE',  ( 1.000000000000000000, -0.000000000000000000, 0.000000000000000000 ) ) ;
#1980 = EDGE_CURVE ( 'NONE', #1623, #3093, #12, .T. ) ;
#1981 = VERTEX_POINT ( 'NONE', #785 ) ;
#1982 = EDGE_CURVE ( 'NONE', #335, #1856, #1128, .T. ) ;
#1983 = DIRECTION ( 'NONE',  ( 0.000000000000000000, 0.000000000000000000, -1.000000000000000000 ) ) ;
#1984 = CARTESIAN_POINT ( 'NONE',  ( 135.9000000000000057, 98.49999999999997158, 0.9999999999999991118 ) ) ;
#1985 = ORIENTED_EDGE ( 'NONE', *, *, #1639, .F. ) ;
#1986 = LINE ( 'NONE', #3090, #2871 ) ;
#1987 = CARTESIAN_POINT ( 'NONE',  ( 227.5000000000000000, 151.9391149236989236, 0.9999999999999991118 ) ) ;
#1988 = DIRECTION ( 'NONE',  ( 0.000000000000000000, 1.000000000000000000, 0.000000000000000000 ) ) ;
#1989 = ORIENTED_EDGE ( 'NONE', *, *, #2844, .F. ) ;
#1990 = FACE_BOUND ( 'NONE', #925, .T. ) ;
#1991 = AXIS2_PLACEMENT_3D ( 'NONE', #2293, #343, #1446 ) ;
#1992 = DIRECTION ( 'NONE',  ( -1.000000000000000000, 0.000000000000000000, 0.000000000000000000 ) ) ;
#1993 = LINE ( 'NONE', #2036, #1704 ) ;
#1994 = ORIENTED_EDGE ( 'NONE', *, *, #2975, .F. ) ;
#1995 = CARTESIAN_POINT ( 'NONE',  ( 113.9000000000000057, 114.1999999999999744, 11.00000000000000000 ) ) ;
#1996 = ADVANCED_FACE ( 'NONE', ( #259 ), #3011, .F. ) ;
#1997 = VERTEX_POINT ( 'NONE', #3337 ) ;
#1998 = CARTESIAN_POINT ( 'NONE',  ( 191.2000000000000171, 151.9391149236989236, 0.9999999999999991118 ) ) ;
#1999 = EDGE_CURVE ( 'NONE', #2426, #3017, #1341, .T. ) ;
#2000 = VECTOR ( 'NONE', #1323, 1000.000000000000000 ) ;
#2001 = ORIENTED_EDGE ( 'NONE', *, *, #1414, .F. ) ;
#2002 = DIRECTION ( 'NONE',  ( 0.000000000000000000, 1.000000000000000000, 0.000000000000000000 ) ) ;
#2003 = AXIS2_PLACEMENT_3D ( 'NONE', #807, #285, #2170 ) ;
#2004 = AXIS2_PLACEMENT_3D ( 'NONE', #1452, #2563, #2302 ) ;
#2005 = CARTESIAN_POINT ( 'NONE',  ( 47.89999999999999858, 98.49999999999997158, 0.9999999999999991118 ) ) ;
#2006 = EDGE_CURVE ( 'NONE', #167, #671, #529, .T. ) ;
#2007 = DATE_AND_TIME ( #1169, #2022 ) ;
#2008 = VECTOR ( 'NONE', #1051, 1000.000000000000000 ) ;
#2009 = ORIENTED_EDGE ( 'NONE', *, *, #2345, .F. ) ;
#2010 = FACE_OUTER_BOUND ( 'NONE', #273, .T. ) ;
#2011 = DIRECTION ( 'NONE',  ( 1.000000000000000000, -0.000000000000000000, -0.000000000000000000 ) ) ;
#2012 = EDGE_LOOP ( 'NONE', ( #3172, #1678, #3234, #3487 ) ) ;
#2013 = CARTESIAN_POINT ( 'NONE',  ( 91.90000000000000568, 98.49999999999997158, 0.9999999999999991118 ) ) ;
#2014 = AXIS2_PLACEMENT_3D ( 'NONE', #124, #927, #1230 ) ;
#2015 = CARTESIAN_POINT ( 'NONE',  ( 0.000000000000000000, 151.9391149236989236, 3.000000000000000000 ) ) ;
#2016 = DIRECTION ( 'NONE',  ( -1.000000000000000000, 0.000000000000000000, 0.000000000000000000 ) ) ;
#2017 = AXIS2_PLACEMENT_3D ( 'NONE', #1820, #1874, #3267 ) ;
#2018 = VERTEX_POINT ( 'NONE', #1633 ) ;
#2019 = VECTOR ( 'NONE', #1568, 1000.000000000000000 ) ;
#2020 = CARTESIAN_POINT ( 'NONE',  ( 230.0000000000000000, 160.8000000000005230, 13.00000000000000178 ) ) ;
#2021 = ORIENTED_EDGE ( 'NONE', *, *, #3496, .T. ) ;
#2022 = LOCAL_TIME ( 19, 24, 28.00000000000000000, #2243 ) ;
#2023 = DIRECTION ( 'NONE',  ( 0.000000000000000000, 1.000000000000000000, 0.000000000000000000 ) ) ;
#2024 = EDGE_LOOP ( 'NONE', ( #1437, #1280, #1338 ) ) ;
#2025 = ADVANCED_FACE ( 'NONE', ( #2451 ), #3027, .F. ) ;
#2026 = CARTESIAN_POINT ( 'NONE',  ( 213.1999999999999886, 136.2391149236989349, 0.9999999999999991118 ) ) ;
#2027 = ADVANCED_FACE ( 'NONE', ( #815 ), #1965, .F. ) ;
#2028 = CARTESIAN_POINT ( 'NONE',  ( 230.0000000000000000, 160.8000000000005230, 13.00000000000000178 ) ) ;
#2029 = VERTEX_POINT ( 'NONE', #3286 ) ;
#2030 = CARTESIAN_POINT ( 'NONE',  ( 0.000000000000000000, 162.0000000000000000, 13.00000000000000178 ) ) ;
#2031 = EDGE_CURVE ( 'NONE', #1727, #2018, #1075, .T. ) ;
#2032 = ADVANCED_FACE ( 'NONE', ( #2740 ), #3268, .F. ) ;
#2033 = CARTESIAN_POINT ( 'NONE',  ( 195.0000000000001137, 8.999999999999984013, 9.000000000000000000 ) ) ;
#2034 = ORIENTED_EDGE ( 'NONE', *, *, #1439, .F. ) ;
#2035 = LINE ( 'NONE', #578, #211 ) ;
#2036 = CARTESIAN_POINT ( 'NONE',  ( 73.50000000000001421, 136.2391149236989349, 0.9999999999999991118 ) ) ;
#2037 = ORIENTED_EDGE ( 'NONE', *, *, #2292, .F. ) ;
#2038 = ORIENTED_EDGE ( 'NONE', *, *, #1306, .T. ) ;
#2039 = DIRECTION ( 'NONE',  ( 0.000000000000000000, -0.000000000000000000, 1.000000000000000000 ) ) ;
#2040 = EDGE_LOOP ( 'NONE', ( #1170, #405, #2792, #1001 ) ) ;
#2041 = DIRECTION ( 'NONE',  ( 0.000000000000000000, -1.000000000000000000, 0.000000000000000000 ) ) ;
#2042 = EDGE_LOOP ( 'NONE', ( #2516, #2211, #2301, #3483 ) ) ;
#2043 = PLANE ( 'NONE',  #2639 ) ;
#2044 = DIRECTION ( 'NONE',  ( 1.000000000000000000, 0.000000000000000000, 0.000000000000000000 ) ) ;
#2045 = EDGE_CURVE ( 'NONE', #2258, #5, #1658, .T. ) ;
#2046 = VERTEX_POINT ( 'NONE', #1094 ) ;
#2047 = LINE ( 'NONE', #683, #663 ) ;
#2048 = CARTESIAN_POINT ( 'NONE',  ( -176.0000000000000000, 0.000000000000000000, 0.9999999999999991118 ) ) ;
#2049 = EDGE_LOOP ( 'NONE', ( #284, #1640, #2576, #3306 ) ) ;
#2050 = VECTOR ( 'NONE', #345, 1000.000000000000000 ) ;
#2051 = CARTESIAN_POINT ( 'NONE',  ( 62.20000000000000284, 114.1999999999999744, 11.00000000000000000 ) ) ;
#2052 = DIRECTION ( 'NONE',  ( -0.000000000000000000, -0.000000000000000000, 1.000000000000000000 ) ) ;
#2053 = ORIENTED_EDGE ( 'NONE', *, *, #1828, .F. ) ;
#2054 = VERTEX_POINT ( 'NONE', #2200 ) ;
#2055 = VECTOR ( 'NONE', #546, 1000.000000000000000 ) ;
#2056 = CARTESIAN_POINT ( 'NONE',  ( 0.000000000000000000, 0.000000000000000000, 0.9999999999999991118 ) ) ;
#2057 = ORIENTED_EDGE ( 'NONE', *, *, #3176, .T. ) ;
#2058 = CARTESIAN_POINT ( 'NONE',  ( 0.000000000000000000, 96.99999999999997158, 11.00000000000000000 ) ) ;
#2059 = VERTEX_POINT ( 'NONE', #3301 ) ;
#2060 = CARTESIAN_POINT ( 'NONE',  ( 15.20000000000001883, 136.2391149236989349, 0.9999999999999991118 ) ) ;
#2061 = DIRECTION ( 'NONE',  ( 0.000000000000000000, -1.000000000000000000, 0.000000000000000000 ) ) ;
#2062 = ORIENTED_EDGE ( 'NONE', *, *, #2551, .T. ) ;
#2063 = AXIS2_PLACEMENT_3D ( 'NONE', #248, #555, #1348 ) ;
#2064 = PLANE ( 'NONE',  #377 ) ;
#2065 = LINE ( 'NONE', #2709, #196 ) ;
#2066 = ORIENTED_EDGE ( 'NONE', *, *, #429, .T. ) ;
#2067 = EDGE_CURVE ( 'NONE', #1852, #2519, #1926, .T. ) ;
#2068 = CARTESIAN_POINT ( 'NONE',  ( 95.50000000000000000, 151.9391149236989236, 0.9999999999999991118 ) ) ;
#2069 = VECTOR ( 'NONE', #2879, 1000.000000000000000 ) ;
#2070 = ADVANCED_FACE ( 'NONE', ( #2760 ), #2881, .F. ) ;
#2071 = DIRECTION ( 'NONE',  ( 1.000000000000000000, 0.000000000000000000, -0.000000000000000000 ) ) ;
#2072 = EDGE_LOOP ( 'NONE', ( #1663, #346, #2256, #1866 ) ) ;
#2073 = VERTEX_POINT ( 'NONE', #3443 ) ;
#2074 = DIRECTION ( 'NONE',  ( 1.000000000000000000, -0.000000000000000000, 0.000000000000000000 ) ) ;
#2075 = EDGE_CURVE ( 'NONE', #712, #2690, #1197, .T. ) ;
#2076 = ORIENTED_EDGE ( 'NONE', *, *, #1951, .F. ) ;
#2077 = LINE ( 'NONE', #1489, #1957 ) ;
#2078 = VECTOR ( 'NONE', #1140, 1000.000000000000000 ) ;
#2079 = EDGE_LOOP ( 'NONE', ( #1390, #991, #3518, #3580 ) ) ;
#2080 = DIRECTION ( 'NONE',  ( 1.000000000000000000, 0.000000000000000000, 0.000000000000000000 ) ) ;
#2081 = VECTOR ( 'NONE', #2306, 1000.000000000000000 ) ;
#2082 = FACE_OUTER_BOUND ( 'NONE', #1256, .T. ) ;
#2083 = VECTOR ( 'NONE', #3579, 1000.000000000000000 ) ;
#2084 = ADVANCED_FACE ( 'NONE', ( #2594 ), #89, .F. ) ;
#2085 = ORIENTED_EDGE ( 'NONE', *, *, #3479, .T. ) ;
#2086 = DIRECTION ( 'NONE',  ( -0.000000000000000000, -0.000000000000000000, 1.000000000000000000 ) ) ;
#2087 = DIRECTION ( 'NONE',  ( -0.000000000000000000, -0.000000000000000000, 1.000000000000000000 ) ) ;
#2088 = VERTEX_POINT ( 'NONE', #1217 ) ;
#2089 = DIRECTION ( 'NONE',  ( -1.000000000000000000, 0.000000000000000000, 0.000000000000000000 ) ) ;
#2090 = DIRECTION ( 'NONE',  ( -1.000000000000000000, 0.000000000000000000, 0.000000000000000000 ) ) ;
#2091 = ORIENTED_EDGE ( 'NONE', *, *, #3201, .F. ) ;
#2092 = DIRECTION ( 'NONE',  ( 0.000000000000000000, 0.000000000000000000, -1.000000000000000000 ) ) ;
#2093 = DIRECTION ( 'NONE',  ( 1.000000000000000000, 0.000000000000000000, -0.000000000000000000 ) ) ;
#2094 = EDGE_CURVE ( 'NONE', #3035, #1791, #3366, .T. ) ;
#2095 = ORIENTED_EDGE ( 'NONE', *, *, #2551, .F. ) ;
#2096 = LINE ( 'NONE', #3126, #3442 ) ;
#2097 = ADVANCED_FACE ( 'NONE', ( #2557 ), #3426, .F. ) ;
#2098 = FACE_OUTER_BOUND ( 'NONE', #2221, .T. ) ;
#2099 = VERTEX_POINT ( 'NONE', #888 ) ;
#2100 = LINE ( 'NONE', #1842, #1478 ) ;
#2101 = DIRECTION ( 'NONE',  ( -0.000000000000000000, -0.000000000000000000, -1.000000000000000000 ) ) ;
#2102 = ORIENTED_EDGE ( 'NONE', *, *, #88, .F. ) ;
#2103 = DIRECTION ( 'NONE',  ( 0.000000000000000000, 1.000000000000000000, 0.000000000000000000 ) ) ;
#2104 = LINE ( 'NONE', #724, #2019 ) ;
#2105 = EDGE_LOOP ( 'NONE', ( #224, #412, #8, #2129 ) ) ;
#2106 = ORIENTED_EDGE ( 'NONE', *, *, #2705, .F. ) ;
#2107 = LINE ( 'NONE', #2369, #42 ) ;
#2108 = ORIENTED_EDGE ( 'NONE', *, *, #411, .T. ) ;
#2109 = VECTOR ( 'NONE', #3319, 1000.000000000000000 ) ;
#2110 = EDGE_CURVE ( 'NONE', #758, #2331, #1993, .T. ) ;
#2111 = LINE ( 'NONE', #1287, #1881 ) ;
#2112 = ADVANCED_FACE ( 'NONE', ( #2272 ), #949, .T. ) ;
#2113 = DIRECTION ( 'NONE',  ( -0.8571673007021117785, 1.049727191138617956E-16, 0.5150380749100550437 ) ) ;
#2114 = VECTOR ( 'NONE', #756, 1000.000000000000000 ) ;
#2115 = ORIENTED_EDGE ( 'NONE', *, *, #1459, .F. ) ;
#2116 = LINE ( 'NONE', #1278, #1774 ) ;
#2117 = ADVANCED_FACE ( 'NONE', ( #2575 ), #3154, .F. ) ;
#2118 = DIRECTION ( 'NONE',  ( -0.000000000000000000, -1.000000000000000000, -0.000000000000000000 ) ) ;
#2119 = VECTOR ( 'NONE', #3369, 1000.000000000000000 ) ;
#2120 = EDGE_LOOP ( 'NONE', ( #1377, #1751, #2657, #280 ) ) ;
#2121 = DIRECTION ( 'NONE',  ( 1.000000000000000000, -0.000000000000000000, -0.000000000000000000 ) ) ;
#2122 = AXIS2_PLACEMENT_3D ( 'NONE', #2457, #1061, #1081 ) ;
#2123 = VECTOR ( 'NONE', #3030, 1000.000000000000000 ) ;
#2124 = CARTESIAN_POINT ( 'NONE',  ( 106.2000000000000171, 98.49999999999997158, 0.9999999999999991118 ) ) ;
#2125 = ORIENTED_EDGE ( 'NONE', *, *, #782, .T. ) ;
#2126 = AXIS2_PLACEMENT_3D ( 'NONE', #420, #2936, #988 ) ;
#2127 = CARTESIAN_POINT ( 'NONE',  ( 73.50000000000001421, 136.2391149236989349, 0.9999999999999991118 ) ) ;
#2128 = FACE_OUTER_BOUND ( 'NONE', #2811, .T. ) ;
#2129 = ORIENTED_EDGE ( 'NONE', *, *, #2199, .F. ) ;
#2130 = DIRECTION ( 'NONE',  ( 1.000000000000000000, -0.000000000000000000, -0.000000000000000000 ) ) ;
#2131 = AXIS2_PLACEMENT_3D ( 'NONE', #532, #587, #2262 ) ;
#2132 = PLANE ( 'NONE',  #1608 ) ;
#2133 = LINE ( 'NONE', #2689, #3207 ) ;
#2134 = ADVANCED_FACE ( 'NONE', ( #649 ), #2613, .F. ) ;
#2136 = ORIENTED_EDGE ( 'NONE', *, *, #514, .F. ) ;
#2135 = VECTOR ( 'NONE', #2888, 1000.000000000000000 ) ;
#2137 = CARTESIAN_POINT ( 'NONE',  ( 0.000000000000000000, 0.000000000000000000, 0.000000000000000000 ) ) ;
#2138 = LINE ( 'NONE', #3520, #2937 ) ;
#2139 = ADVANCED_FACE ( 'NONE', ( #635 ), #967, .T. ) ;
#2140 = ORIENTED_EDGE ( 'NONE', *, *, #1459, .T. ) ;
#2141 = LINE ( 'NONE', #3538, #838 ) ;
#2142 = LINE ( 'NONE', #2124, #256 ) ;
#2143 = ORIENTED_EDGE ( 'NONE', *, *, #1766, .T. ) ;
#2144 = CC_DESIGN_DATE_AND_TIME_ASSIGNMENT ( #2247, #867, ( #3309 ) ) ;
#2145 = FACE_BOUND ( 'NONE', #1084, .T. ) ;
#2146 = LINE ( 'NONE', #763, #2650 ) ;
#2147 = ORIENTED_EDGE ( 'NONE', *, *, #3266, .F. ) ;
#2148 = DIRECTION ( 'NONE',  ( 1.000000000000000000, -0.000000000000000000, -0.000000000000000000 ) ) ;
#2149 = PLANE ( 'NONE',  #981 ) ;
#2150 = PLANE ( 'NONE',  #1347 ) ;
#2151 = ORIENTED_EDGE ( 'NONE', *, *, #2646, .F. ) ;
#2152 = CARTESIAN_POINT ( 'NONE',  ( 213.1999999999999886, 151.9391149236989236, 0.9999999999999991118 ) ) ;
#2153 = LINE ( 'NONE', #3000, #3231 ) ;
#2154 = VERTEX_POINT ( 'NONE', #690 ) ;
#2155 = CARTESIAN_POINT ( 'NONE',  ( 37.20000000000000995, 136.2391149236989349, 0.9999999999999991118 ) ) ;
#2156 = ADVANCED_FACE ( 'NONE', ( #1797 ), #418, .F. ) ;
#2157 = DIRECTION ( 'NONE',  ( -0.000000000000000000, -0.000000000000000000, 1.000000000000000000 ) ) ;
#2158 = VERTEX_POINT ( 'NONE', #382 ) ;
#2159 = PLANE ( 'NONE',  #3557 ) ;
#2160 = DIRECTION ( 'NONE',  ( 0.000000000000000000, -0.000000000000000000, 1.000000000000000000 ) ) ;
#2161 = ORIENTED_EDGE ( 'NONE', *, *, #1069, .T. ) ;
#2162 = DIRECTION ( 'NONE',  ( -0.000000000000000000, -0.000000000000000000, 1.000000000000000000 ) ) ;
#2163 = DIRECTION ( 'NONE',  ( -0.000000000000000000, -0.000000000000000000, -1.000000000000000000 ) ) ;
#2164 = CARTESIAN_POINT ( 'NONE',  ( 0.000000000000000000, 14.99999999999997158, 3.000000000000000000 ) ) ;
#2165 = EDGE_LOOP ( 'NONE', ( #3435, #929, #1781, #2543 ) ) ;
#2166 = LINE ( 'NONE', #802, #1132 ) ;
#2167 = AXIS2_PLACEMENT_3D ( 'NONE', #2540, #1759, #67 ) ;
#2168 = FACE_OUTER_BOUND ( 'NONE', #1706, .T. ) ;
#2169 = ORIENTED_EDGE ( 'NONE', *, *, #1349, .F. ) ;
#2170 = DIRECTION ( 'NONE',  ( 0.000000000000000000, -0.000000000000000000, 1.000000000000000000 ) ) ;
#2171 = VECTOR ( 'NONE', #53, 1000.000000000000000 ) ;
#2172 = ADVANCED_FACE ( 'NONE', ( #50 ), #1161, .F. ) ;
#2173 = ORIENTED_EDGE ( 'NONE', *, *, #940, .T. ) ;
#2174 = CARTESIAN_POINT ( 'NONE',  ( 194.2000000000000171, 98.49999999999997158, 0.9999999999999991118 ) ) ;
#2175 = EDGE_CURVE ( 'NONE', #2519, #96, #1177, .T. ) ;
#2176 = VECTOR ( 'NONE', #2130, 1000.000000000000000 ) ;
#2177 = CARTESIAN_POINT ( 'NONE',  ( -66.00000000000000000, 0.000000000000000000, 0.9999999999999991118 ) ) ;
#2178 = ORIENTED_EDGE ( 'NONE', *, *, #1285, .T. ) ;
#2179 = EDGE_CURVE ( 'NONE', #94, #3327, #1742, .T. ) ;
#2180 = DIRECTION ( 'NONE',  ( -0.000000000000000000, -0.000000000000000000, 1.000000000000000000 ) ) ;
#2181 = DIRECTION ( 'NONE',  ( -1.000000000000000000, 0.000000000000000000, 0.000000000000000000 ) ) ;
#2182 = DIRECTION ( 'NONE',  ( -0.000000000000000000, -1.000000000000000000, -0.000000000000000000 ) ) ;
#2183 = ORIENTED_EDGE ( 'NONE', *, *, #1999, .F. ) ;
#2184 = FACE_OUTER_BOUND ( 'NONE', #1346, .T. ) ;
#2185 = CIRCLE ( 'NONE', #618, 1.899999999999988587 ) ;
#2186 = LINE ( 'NONE', #1292, #1427 ) ;
#2187 = VECTOR ( 'NONE', #757, 1000.000000000000000 ) ;
#2188 = EDGE_LOOP ( 'NONE', ( #2001, #918, #2178, #229 ) ) ;
#2189 = FACE_OUTER_BOUND ( 'NONE', #673, .T. ) ;
#2190 = AXIS2_PLACEMENT_3D ( 'NONE', #2723, #1324, #239 ) ;
#2191 = DIRECTION ( 'NONE',  ( 1.000000000000000000, 0.000000000000000000, -0.000000000000000000 ) ) ;
#2192 =( GEOMETRIC_REPRESENTATION_CONTEXT ( 3 ) GLOBAL_UNCERTAINTY_ASSIGNED_CONTEXT ( ( #376 ) ) GLOBAL_UNIT_ASSIGNED_CONTEXT ( ( #337, #1736, #906 ) ) REPRESENTATION_CONTEXT ( 'NONE', 'WORKASPACE' ) );
#2193 = VERTEX_POINT ( 'NONE', #2917 ) ;
#2194 = DIRECTION ( 'NONE',  ( 0.000000000000000000, -0.000000000000000000, 1.000000000000000000 ) ) ;
#2195 = CARTESIAN_POINT ( 'NONE',  ( 0.000000000000000000, 96.99999999999997158, 11.00000000000000000 ) ) ;
#2196 = ORIENTED_EDGE ( 'NONE', *, *, #1349, .T. ) ;
#2197 = DIRECTION ( 'NONE',  ( 1.000000000000000000, 0.000000000000000000, 0.000000000000000000 ) ) ;
#2198 = PLANE ( 'NONE',  #567 ) ;
#2199 = EDGE_CURVE ( 'NONE', #3387, #1997, #470, .T. ) ;
#2200 = CARTESIAN_POINT ( 'NONE',  ( 230.0000000000000000, 96.99999999999994316, 3.000000000000000000 ) ) ;
#2201 = VERTEX_POINT ( 'NONE', #2365 ) ;
#2202 = LINE ( 'NONE', #2152, #3044 ) ;
#2203 = CARTESIAN_POINT ( 'NONE',  ( 0.000000000000000000, 96.99999999999997158, 11.00000000000000000 ) ) ;
#2204 = ADVANCED_FACE ( 'NONE', ( #776 ), #3463, .F. ) ;
#2205 = ORIENTED_EDGE ( 'NONE', *, *, #3563, .T. ) ;
#2206 = DIRECTION ( 'NONE',  ( -0.000000000000000000, -0.000000000000000000, 1.000000000000000000 ) ) ;
#2207 = CARTESIAN_POINT ( 'NONE',  ( -109.9999999999999858, 0.000000000000000000, 0.9999999999999991118 ) ) ;
#2208 = ORIENTED_EDGE ( 'NONE', *, *, #2528, .T. ) ;
#2209 = CARTESIAN_POINT ( 'NONE',  ( 37.20000000000000995, 136.2391149236989349, 0.9999999999999991118 ) ) ;
#2210 = CARTESIAN_POINT ( 'NONE',  ( 106.2000000000000171, 98.49999999999997158, 0.9999999999999991118 ) ) ;
#2211 = ORIENTED_EDGE ( 'NONE', *, *, #2643, .T. ) ;
#2212 = CARTESIAN_POINT ( 'NONE',  ( 150.1999999999999886, 98.49999999999997158, 0.9999999999999991118 ) ) ;
#2213 = EDGE_LOOP ( 'NONE', ( #1144, #890, #2906, #301 ) ) ;
#2214 = DIRECTION ( 'NONE',  ( 1.000000000000000000, 0.000000000000000000, 0.000000000000000000 ) ) ;
#2215 = LINE ( 'NONE', #297, #2916 ) ;
#2216 = EDGE_CURVE ( 'NONE', #1961, #3185, #3490, .T. ) ;
#2217 = ORIENTED_EDGE ( 'NONE', *, *, #512, .F. ) ;
#2218 = CARTESIAN_POINT ( 'NONE',  ( 7.000000000000006217, 9.000000000000031974, 3.800000000000001155 ) ) ;
#2219 = EDGE_CURVE ( 'NONE', #3180, #1447, #1318, .T. ) ;
#2220 = CARTESIAN_POINT ( 'NONE',  ( 139.5000000000000000, 151.9391149236989236, 0.9999999999999991118 ) ) ;
#2221 = EDGE_LOOP ( 'NONE', ( #2062, #2260, #1063, #3359 ) ) ;
#2222 = AXIS2_PLACEMENT_3D ( 'NONE', #2901, #1463, #3407 ) ;
#2223 = PLANE ( 'NONE',  #152 ) ;
#2224 = ADVANCED_FACE ( 'NONE', ( #1831 ), #986, .F. ) ;
#2225 = PERSON_AND_ORGANIZATION ( #1892, #570 ) ;
#2226 = CARTESIAN_POINT ( 'NONE',  ( 95.50000000000000000, 136.2391149236989349, 0.9999999999999991118 ) ) ;
#2227 = VECTOR ( 'NONE', #140, 1000.000000000000000 ) ;
#2228 = ORIENTED_EDGE ( 'NONE', *, *, #473, .T. ) ;
#2229 = CARTESIAN_POINT ( 'NONE',  ( 95.50000000000000000, 136.2391149236989349, 11.00000000000000000 ) ) ;
#2230 = LINE ( 'NONE', #886, #3398 ) ;
#2231 = EDGE_CURVE ( 'NONE', #3188, #2336, #2142, .T. ) ;
#2232 = EDGE_LOOP ( 'NONE', ( #1319, #427, #2091, #1286 ) ) ;
#2233 = VECTOR ( 'NONE', #3325, 1000.000000000000000 ) ;
#2234 = DIRECTION ( 'NONE',  ( -0.000000000000000000, 1.000000000000000000, -0.000000000000000000 ) ) ;
#2235 = AXIS2_PLACEMENT_3D ( 'NONE', #2592, #85, #1722 ) ;
#2236 = CARTESIAN_POINT ( 'NONE',  ( 7.500000000000034639, 151.9391149236989236, 0.9999999999999991118 ) ) ;
#2237 = AXIS2_PLACEMENT_3D ( 'NONE', #1149, #3395, #2797 ) ;
#2238 = CARTESIAN_POINT ( 'NONE',  ( 0.000000000000000000, 2.999999999999971578, 8.999999999999998224 ) ) ;
#2239 = EDGE_LOOP ( 'NONE', ( #175, #3428, #2524, #511 ) ) ;
#2240 = VECTOR ( 'NONE', #611, 1000.000000000000000 ) ;
#2241 = CARTESIAN_POINT ( 'NONE',  ( 150.1999999999999886, 114.1999999999999744, 11.00000000000000000 ) ) ;
#2242 = PLANE ( 'NONE',  #1725 ) ;
#2243 = COORDINATED_UNIVERSAL_TIME_OFFSET ( 8, 0, .AHEAD. ) ;
#2244 = ORIENTED_EDGE ( 'NONE', *, *, #426, .T. ) ;
#2245 = CARTESIAN_POINT ( 'NONE',  ( 117.5000000000000142, 136.2391149236989349, 0.9999999999999991118 ) ) ;
#2246 = AXIS2_PLACEMENT_3D ( 'NONE', #2177, #526, #2806 ) ;
#2247 = DATE_AND_TIME ( #24, #2768 ) ;
#2248 = EDGE_CURVE ( 'NONE', #3179, #1565, #708, .T. ) ;
#2249 = AXIS2_PLACEMENT_3D ( 'NONE', #3511, #2160, #1869 ) ;
#2250 = CARTESIAN_POINT ( 'NONE',  ( 179.9000000000000057, 114.1999999999999744, 0.9999999999999991118 ) ) ;
#2251 = VERTEX_POINT ( 'NONE', #2697 ) ;
#2252 = LINE ( 'NONE', #871, #1596 ) ;
#2253 = AXIS2_PLACEMENT_3D ( 'NONE', #55, #655, #2849 ) ;
#2254 = DIRECTION ( 'NONE',  ( -0.000000000000000000, -0.000000000000000000, -1.000000000000000000 ) ) ;
#2255 = CC_DESIGN_SECURITY_CLASSIFICATION ( #1034, ( #2601 ) ) ;
#2256 = ORIENTED_EDGE ( 'NONE', *, *, #1154, .F. ) ;
#2257 = CARTESIAN_POINT ( 'NONE',  ( 40.20000000000001705, 98.49999999999997158, 11.00000000000000000 ) ) ;
#2258 = VERTEX_POINT ( 'NONE', #3525 ) ;
#2259 = DIRECTION ( 'NONE',  ( 0.000000000000000000, 0.000000000000000000, -1.000000000000000000 ) ) ;
#2260 = ORIENTED_EDGE ( 'NONE', *, *, #2858, .F. ) ;
#2261 = CARTESIAN_POINT ( 'NONE',  ( 95.50000000000000000, 151.9391149236989236, 0.9999999999999991118 ) ) ;
#2262 = DIRECTION ( 'NONE',  ( 1.000000000000000000, 0.000000000000000000, 0.000000000000000000 ) ) ;
#2263 = ORIENTED_EDGE ( 'NONE', *, *, #2407, .F. ) ;
#2264 = APPLICATION_CONTEXT ( 'configuration controlled 3d designs of mechanical parts and assemblies' ) ;
#2265 = DIRECTION ( 'NONE',  ( 0.000000000000000000, 0.000000000000000000, -1.000000000000000000 ) ) ;
#2266 = DIRECTION ( 'NONE',  ( 1.000000000000000000, 0.000000000000000000, 0.000000000000000000 ) ) ;
#2267 = LINE ( 'NONE', #287, #719 ) ;
#2268 = ORIENTED_EDGE ( 'NONE', *, *, #2529, .F. ) ;
#2269 = EDGE_CURVE ( 'NONE', #1293, #1760, #2412, .T. ) ;
#2270 = DIRECTION ( 'NONE',  ( -0.000000000000000000, -1.000000000000000000, -0.000000000000000000 ) ) ;
#2271 = LINE ( 'NONE', #87, #272 ) ;
#2272 = FACE_OUTER_BOUND ( 'NONE', #401, .T. ) ;
#2273 = ORIENTED_EDGE ( 'NONE', *, *, #1915, .T. ) ;
#2274 = PLANE ( 'NONE',  #1342 ) ;
#2275 = ADVANCED_FACE ( 'NONE', ( #3192 ), #745, .F. ) ;
#2276 = VERTEX_POINT ( 'NONE', #2380 ) ;
#2277 = CARTESIAN_POINT ( 'NONE',  ( 194.2000000000000171, 98.49999999999997158, 11.00000000000000000 ) ) ;
#2278 = EDGE_LOOP ( 'NONE', ( #703, #2268, #3465, #3252, #56, #3391 ) ) ;
#2279 = DIRECTION ( 'NONE',  ( 1.000000000000000000, 0.000000000000000000, 0.000000000000000000 ) ) ;
#2280 = CARTESIAN_POINT ( 'NONE',  ( 7.500000000000034639, 136.2391149236989349, 0.9999999999999991118 ) ) ;
#2281 = SHAPE_DEFINITION_REPRESENTATION ( #1327, #1026 ) ;
#2282 = ORIENTED_EDGE ( 'NONE', *, *, #2484, .F. ) ;
#2283 = FACE_OUTER_BOUND ( 'NONE', #2980, .T. ) ;
#2284 = AXIS2_PLACEMENT_3D ( 'NONE', #3277, #3529, #271 ) ;
#2285 = DIRECTION ( 'NONE',  ( 0.000000000000000000, 1.000000000000000000, 0.000000000000000000 ) ) ;
#2286 = LINE ( 'NONE', #1457, #600 ) ;
#2287 = VECTOR ( 'NONE', #2780, 1000.000000000000000 ) ;
#2288 = EDGE_LOOP ( 'NONE', ( #2959, #751, #1424, #2085 ) ) ;
#2289 = LINE ( 'NONE', #2805, #2755 ) ;
#2290 = CIRCLE ( 'NONE', #164, 1.899999999999985034 ) ;
#2291 = FACE_OUTER_BOUND ( 'NONE', #829, .T. ) ;
#2292 = EDGE_CURVE ( 'NONE', #3474, #1310, #2290, .T. ) ;
#2293 = CARTESIAN_POINT ( 'NONE',  ( 25.90000000000000568, 98.49999999999997158, 0.9999999999999991118 ) ) ;
#2294 = EDGE_CURVE ( 'NONE', #942, #2817, #2104, .T. ) ;
#2295 = EDGE_CURVE ( 'NONE', #1524, #364, #455, .T. ) ;
#2296 = ORIENTED_EDGE ( 'NONE', *, *, #1754, .T. ) ;
#2297 = DIRECTION ( 'NONE',  ( -0.000000000000000000, -0.000000000000000000, 1.000000000000000000 ) ) ;
#2298 = ORIENTED_EDGE ( 'NONE', *, *, #989, .F. ) ;
#2299 = CARTESIAN_POINT ( 'NONE',  ( 0.000000000000000000, 2.999999999999971578, 8.999999999999998224 ) ) ;
#2300 = EDGE_CURVE ( 'NONE', #1334, #3008, #1440, .T. ) ;
#2301 = ORIENTED_EDGE ( 'NONE', *, *, #1758, .T. ) ;
#2302 = DIRECTION ( 'NONE',  ( 0.000000000000000000, -0.000000000000000000, -1.000000000000000000 ) ) ;
#2303 = VECTOR ( 'NONE', #1519, 1000.000000000000000 ) ;
#2304 = AXIS2_PLACEMENT_3D ( 'NONE', #101, #2870, #1224 ) ;
#2305 = EDGE_CURVE ( 'NONE', #3404, #202, #1456, .T. ) ;
#2306 = DIRECTION ( 'NONE',  ( 0.000000000000000000, 1.000000000000000000, 0.000000000000000000 ) ) ;
#2307 = ORIENTED_EDGE ( 'NONE', *, *, #666, .T. ) ;
#2308 = CYLINDRICAL_SURFACE ( 'NONE', #2868, 1.899999999999985034 ) ;
#2309 = CARTESIAN_POINT ( 'NONE',  ( 7.500000000000034639, 136.2391149236989349, 11.00000000000000000 ) ) ;
#2310 = FACE_BOUND ( 'NONE', #216, .T. ) ;
#2311 = VERTEX_POINT ( 'NONE', #2195 ) ;
#2312 = DIRECTION ( 'NONE',  ( 0.000000000000000000, 0.000000000000000000, -1.000000000000000000 ) ) ;
#2313 = VECTOR ( 'NONE', #7, 1000.000000000000000 ) ;
#2314 = CARTESIAN_POINT ( 'NONE',  ( 25.90000000000000568, 98.49999999999997158, 0.9999999999999991118 ) ) ;
#2315 = VECTOR ( 'NONE', #2488, 1000.000000000000000 ) ;
#2316 = EDGE_LOOP ( 'NONE', ( #3245, #1783, #260, #3193 ) ) ;
#2317 = ORIENTED_EDGE ( 'NONE', *, *, #2300, .F. ) ;
#2318 = CARTESIAN_POINT ( 'NONE',  ( 195.0000000000001137, 8.999999999999984013, 3.800000000000001155 ) ) ;
#2319 = ORIENTED_EDGE ( 'NONE', *, *, #2364, .F. ) ;
#2320 = LINE ( 'NONE', #72, #3512 ) ;
#2321 = ORIENTED_EDGE ( 'NONE', *, *, #1373, .T. ) ;
#2322 = CARTESIAN_POINT ( 'NONE',  ( 216.2000000000000171, 98.49999999999997158, 11.00000000000000000 ) ) ;
#2323 = EDGE_CURVE ( 'NONE', #265, #3188, #2701, .T. ) ;
#2324 = DIRECTION ( 'NONE',  ( -0.000000000000000000, -0.000000000000000000, 1.000000000000000000 ) ) ;
#2325 = ORIENTED_EDGE ( 'NONE', *, *, #51, .T. ) ;
#2326 = LINE ( 'NONE', #3436, #264 ) ;
#2327 = DIRECTION ( 'NONE',  ( -1.000000000000000000, 0.000000000000000000, 0.000000000000000000 ) ) ;
#2328 = ORIENTED_EDGE ( 'NONE', *, *, #845, .T. ) ;
#2329 = FACE_BOUND ( 'NONE', #2389, .T. ) ;
#2330 = DIRECTION ( 'NONE',  ( -0.000000000000000000, -1.000000000000000000, -0.000000000000000000 ) ) ;
#2331 = VERTEX_POINT ( 'NONE', #1572 ) ;
#2332 = ORIENTED_EDGE ( 'NONE', *, *, #1154, .T. ) ;
#2333 = DIRECTION ( 'NONE',  ( -1.000000000000000000, -1.206764157201257291E-16, 0.000000000000000000 ) ) ;
#2334 = ORIENTED_EDGE ( 'NONE', *, *, #2300, .T. ) ;
#2335 = FACE_OUTER_BOUND ( 'NONE', #327, .T. ) ;
#2336 = VERTEX_POINT ( 'NONE', #2465 ) ;
#2337 = DIRECTION ( 'NONE',  ( 1.000000000000000000, -0.000000000000000000, -0.000000000000000000 ) ) ;
#2338 = LINE ( 'NONE', #76, #1145 ) ;
#2339 = EDGE_CURVE ( 'NONE', #2331, #145, #2682, .T. ) ;
#2340 = ADVANCED_FACE ( 'NONE', ( #1037 ), #1905, .T. ) ;
#2341 = ADVANCED_FACE ( 'NONE', ( #2720 ), #254, .F. ) ;
#2342 = ORIENTED_EDGE ( 'NONE', *, *, #22, .F. ) ;
#2343 = LINE ( 'NONE', #1792, #1021 ) ;
#2344 = PLANE ( 'NONE',  #2450 ) ;
#2345 = EDGE_CURVE ( 'NONE', #1138, #691, #3296, .T. ) ;
#2346 = ORIENTED_EDGE ( 'NONE', *, *, #1225, .F. ) ;
#2347 = FACE_OUTER_BOUND ( 'NONE', #1363, .T. ) ;
#2348 = CARTESIAN_POINT ( 'NONE',  ( 95.50000000000000000, 136.2391149236989349, 0.9999999999999991118 ) ) ;
#2349 = ORIENTED_EDGE ( 'NONE', *, *, #1378, .T. ) ;
#2350 = CARTESIAN_POINT ( 'NONE',  ( 7.500000000000034639, 136.2391149236989349, 0.9999999999999991118 ) ) ;
#2351 = AXIS2_PLACEMENT_3D ( 'NONE', #3067, #1912, #585 ) ;
#2352 = CARTESIAN_POINT ( 'NONE',  ( 51.50000000000002132, 136.2391149236989349, 0.9999999999999991118 ) ) ;
#2353 = EDGE_LOOP ( 'NONE', ( #1739, #1162, #3224, #1927 ) ) ;
#2354 = LINE ( 'NONE', #1803, #3233 ) ;
#2355 = EDGE_LOOP ( 'NONE', ( #3120, #1969 ) ) ;
#2356 = CARTESIAN_POINT ( 'NONE',  ( 191.2000000000000171, 136.2391149236989349, 11.00000000000000000 ) ) ;
#2357 = DIRECTION ( 'NONE',  ( -0.000000000000000000, -0.000000000000000000, 1.000000000000000000 ) ) ;
#2358 = ORIENTED_EDGE ( 'NONE', *, *, #3562, .T. ) ;
#2359 = LINE ( 'NONE', #2911, #1769 ) ;
#2360 = CARTESIAN_POINT ( 'NONE',  ( 230.0000000000000000, 154.0000000000000000, 11.00000000000000000 ) ) ;
#2361 = ORIENTED_EDGE ( 'NONE', *, *, #675, .T. ) ;
#2362 = LINE ( 'NONE', #3191, #1655 ) ;
#2363 = EDGE_CURVE ( 'NONE', #1524, #3246, #236, .T. ) ;
#2364 = EDGE_CURVE ( 'NONE', #2046, #2276, #1628, .T. ) ;
#2365 = CARTESIAN_POINT ( 'NONE',  ( 230.0000000000000000, 2.999999999999971578, 20.99999999999999645 ) ) ;
#2366 = VERTEX_POINT ( 'NONE', #1853 ) ;
#2367 = ORIENTED_EDGE ( 'NONE', *, *, #477, .T. ) ;
#2368 = CC_DESIGN_DATE_AND_TIME_ASSIGNMENT ( #1400, #864, ( #1034 ) ) ;
#2369 = CARTESIAN_POINT ( 'NONE',  ( 169.2000000000000171, 136.2391149236989349, 11.00000000000000000 ) ) ;
#2370 = AXIS2_PLACEMENT_3D ( 'NONE', #737, #3505, #1897 ) ;
#2371 = ORIENTED_EDGE ( 'NONE', *, *, #669, .T. ) ;
#2372 = DIRECTION ( 'NONE',  ( -1.206764157201257045E-16, 1.000000000000000000, 0.000000000000000000 ) ) ;
#2373 = VECTOR ( 'NONE', #155, 1000.000000000000000 ) ;
#2374 = DIRECTION ( 'NONE',  ( 1.000000000000000000, -0.000000000000000000, 0.000000000000000000 ) ) ;
#2375 = EDGE_LOOP ( 'NONE', ( #1730, #234, #2619, #3288 ) ) ;
#2376 = CARTESIAN_POINT ( 'NONE',  ( 81.19999999999998863, 136.2391149236989349, 0.9999999999999991118 ) ) ;
#2377 = ORIENTED_EDGE ( 'NONE', *, *, #1733, .T. ) ;
#2378 = DIRECTION ( 'NONE',  ( -1.000000000000000000, 0.000000000000000000, 0.000000000000000000 ) ) ;
#2379 = EDGE_CURVE ( 'NONE', #2702, #2054, #1613, .T. ) ;
#2380 = CARTESIAN_POINT ( 'NONE',  ( 81.19999999999998863, 136.2391149236989349, 11.00000000000000000 ) ) ;
#2381 = ORIENTED_EDGE ( 'NONE', *, *, #2628, .T. ) ;
#2382 = EDGE_LOOP ( 'NONE', ( #2208, #1880, #2399, #2066 ) ) ;
#2383 = EDGE_CURVE ( 'NONE', #1557, #2046, #3261, .T. ) ;
#2384 = PLANE ( 'NONE',  #3118 ) ;
#2385 = ORIENTED_EDGE ( 'NONE', *, *, #3195, .F. ) ;
#2386 = ADVANCED_FACE ( 'NONE', ( #1649 ), #2753, .F. ) ;
#2387 = LINE ( 'NONE', #3433, #961 ) ;
#2388 = CARTESIAN_POINT ( 'NONE',  ( 230.0000000000000000, 154.0000000000000000, 11.00000000000000000 ) ) ;
#2389 = EDGE_LOOP ( 'NONE', ( #2770, #1357, #490, #2698 ) ) ;
#2390 = DIRECTION ( 'NONE',  ( 1.000000000000000000, -0.000000000000000000, -0.000000000000000000 ) ) ;
#2391 = CARTESIAN_POINT ( 'NONE',  ( 213.1999999999999886, 136.2391149236989349, 11.00000000000000000 ) ) ;
#2392 = ORIENTED_EDGE ( 'NONE', *, *, #245, .F. ) ;
#2393 = DIRECTION ( 'NONE',  ( 0.000000000000000000, -0.000000000000000000, 1.000000000000000000 ) ) ;
#2394 = EDGE_LOOP ( 'NONE', ( #1937, #3140, #2899, #2057 ) ) ;
#2395 = LINE ( 'NONE', #2127, #1305 ) ;
#2396 = EDGE_CURVE ( 'NONE', #96, #3450, #1103, .T. ) ;
#2397 = CARTESIAN_POINT ( 'NONE',  ( -197.9999999999999716, 0.000000000000000000, 0.9999999999999991118 ) ) ;
#2398 = EDGE_CURVE ( 'NONE', #1302, #77, #2146, .T. ) ;
#2399 = ORIENTED_EDGE ( 'NONE', *, *, #3504, .T. ) ;
#2400 = AXIS2_PLACEMENT_3D ( 'NONE', #2505, #3549, #859 ) ;
#2401 = CARTESIAN_POINT ( 'NONE',  ( 117.5000000000000142, 136.2391149236989349, 11.00000000000000000 ) ) ;
#2402 = CARTESIAN_POINT ( 'NONE',  ( 227.5000000000000000, 151.9391149236989236, 11.00000000000000000 ) ) ;
#2403 = EDGE_CURVE ( 'NONE', #359, #2519, #3542, .T. ) ;
#2404 = VECTOR ( 'NONE', #3220, 1000.000000000000000 ) ;
#2405 = ORIENTED_EDGE ( 'NONE', *, *, #3346, .F. ) ;
#2406 = DIRECTION ( 'NONE',  ( 0.000000000000000000, 1.000000000000000000, 0.000000000000000000 ) ) ;
#2407 = EDGE_CURVE ( 'NONE', #3327, #1188, #780, .T. ) ;
#2408 = CARTESIAN_POINT ( 'NONE',  ( 139.5000000000000000, 136.2391149236989349, 0.9999999999999991118 ) ) ;
#2409 = VERTEX_POINT ( 'NONE', #1922 ) ;
#2410 = DIRECTION ( 'NONE',  ( -1.000000000000000000, -0.000000000000000000, -0.000000000000000000 ) ) ;
#2411 = VECTOR ( 'NONE', #1636, 1000.000000000000000 ) ;
#2412 = LINE ( 'NONE', #2428, #3379 ) ;
#2413 = VERTEX_POINT ( 'NONE', #794 ) ;
#2414 = DIRECTION ( 'NONE',  ( 0.000000000000000000, 1.000000000000000000, 0.000000000000000000 ) ) ;
#2415 = CARTESIAN_POINT ( 'NONE',  ( 0.000000000000000000, 14.99999999999997158, 8.999999999999998224 ) ) ;
#2416 = ORIENTED_EDGE ( 'NONE', *, *, #940, .F. ) ;
#2417 = LINE ( 'NONE', #765, #3217 ) ;
#2418 = VECTOR ( 'NONE', #430, 1000.000000000000000 ) ;
#2419 = CARTESIAN_POINT ( 'NONE',  ( 161.5000000000000000, 151.9391149236989236, 0.9999999999999991118 ) ) ;
#2420 = FACE_BOUND ( 'NONE', #2355, .T. ) ;
#2421 = EDGE_CURVE ( 'NONE', #2950, #293, #1337, .T. ) ;
#2422 = ORIENTED_EDGE ( 'NONE', *, *, #333, .T. ) ;
#2423 = LINE ( 'NONE', #2981, #2123 ) ;
#2424 = DIRECTION ( 'NONE',  ( 0.000000000000000000, 1.000000000000000000, 0.000000000000000000 ) ) ;
#2425 = VECTOR ( 'NONE', #1815, 1000.000000000000000 ) ;
#2426 = VERTEX_POINT ( 'NONE', #1299 ) ;
#2427 = CARTESIAN_POINT ( 'NONE',  ( 191.2000000000000171, 151.9391149236989236, 11.00000000000000000 ) ) ;
#2428 = CARTESIAN_POINT ( 'NONE',  ( 150.1999999999999886, 114.1999999999999744, 0.9999999999999991118 ) ) ;
#2429 = ORIENTED_EDGE ( 'NONE', *, *, #2983, .T. ) ;
#2430 = LINE ( 'NONE', #810, #1715 ) ;
#2431 = CARTESIAN_POINT ( 'NONE',  ( 73.50000000000001421, 136.2391149236989349, 11.00000000000000000 ) ) ;
#2432 = VERTEX_POINT ( 'NONE', #2415 ) ;
#2433 = DIRECTION ( 'NONE',  ( 1.000000000000000000, 0.000000000000000000, 0.000000000000000000 ) ) ;
#2434 = LINE ( 'NONE', #3532, #1548 ) ;
#2435 = LINE ( 'NONE', #3533, #1291 ) ;
#2436 = ORIENTED_EDGE ( 'NONE', *, *, #2931, .F. ) ;
#2437 = CARTESIAN_POINT ( 'NONE',  ( 62.20000000000000284, 98.49999999999997158, 11.00000000000000000 ) ) ;
#2438 = ADVANCED_FACE ( 'NONE', ( #1887 ), #2990, .T. ) ;
#2439 = DIRECTION ( 'NONE',  ( -1.000000000000000000, 0.000000000000000000, -0.000000000000000000 ) ) ;
#2440 = ADVANCED_FACE ( 'NONE', ( #850 ), #828, .F. ) ;
#2441 = VERTEX_POINT ( 'NONE', #2500 ) ;
#2442 = PLANE ( 'NONE',  #2122 ) ;
#2443 = EDGE_CURVE ( 'NONE', #1614, #2853, #49, .T. ) ;
#2444 = EDGE_LOOP ( 'NONE', ( #1250, #1009, #3005, #3495 ) ) ;
#2445 = PLANE ( 'NONE',  #1592 ) ;
#2446 = CARTESIAN_POINT ( 'NONE',  ( 125.2000000000000028, 136.2391149236989349, 11.00000000000000000 ) ) ;
#2447 = VERTEX_POINT ( 'NONE', #66 ) ;
#2448 = CARTESIAN_POINT ( 'NONE',  ( 183.5000000000000000, 151.9391149236989236, 11.00000000000000000 ) ) ;
#2449 = FACE_OUTER_BOUND ( 'NONE', #2165, .T. ) ;
#2450 = AXIS2_PLACEMENT_3D ( 'NONE', #1755, #498, #2855 ) ;
#2451 = FACE_OUTER_BOUND ( 'NONE', #2591, .T. ) ;
#2452 = ORIENTED_EDGE ( 'NONE', *, *, #3568, .T. ) ;
#2453 = CARTESIAN_POINT ( 'NONE',  ( 106.2000000000000171, 98.49999999999997158, 0.9999999999999991118 ) ) ;
#2454 = CIRCLE ( 'NONE', #1407, 1.899999999999985034 ) ;
#2455 = DIRECTION ( 'NONE',  ( 0.000000000000000000, 1.000000000000000000, 0.000000000000000000 ) ) ;
#2456 = ORIENTED_EDGE ( 'NONE', *, *, #69, .T. ) ;
#2457 = CARTESIAN_POINT ( 'NONE',  ( 227.5000000000000000, 136.2391149236989349, 0.9999999999999991118 ) ) ;
#2458 = LINE ( 'NONE', #3196, #1672 ) ;
#2459 = VECTOR ( 'NONE', #3334, 1000.000000000000000 ) ;
#2460 = EDGE_LOOP ( 'NONE', ( #1101, #451, #972, #915 ) ) ;
#2461 = LINE ( 'NONE', #235, #1833 ) ;
#2462 = VECTOR ( 'NONE', #2854, 1000.000000000000000 ) ;
#2463 = VECTOR ( 'NONE', #699, 1000.000000000000000 ) ;
#2464 = ADVANCED_FACE ( 'NONE', ( #1176 ), #1958, .F. ) ;
#2465 = CARTESIAN_POINT ( 'NONE',  ( 106.2000000000000171, 114.1999999999999744, 0.9999999999999991118 ) ) ;
#2466 = AXIS2_PLACEMENT_3D ( 'NONE', #3076, #633, #2824 ) ;
#2467 = ORIENTED_EDGE ( 'NONE', *, *, #3147, .T. ) ;
#2468 = EDGE_CURVE ( 'NONE', #1776, #942, #2230, .T. ) ;
#2469 = CARTESIAN_POINT ( 'NONE',  ( 113.9000000000000057, 98.49999999999997158, 11.00000000000000000 ) ) ;
#2470 = PLANE ( 'NONE',  #2537 ) ;
#2471 = CARTESIAN_POINT ( 'NONE',  ( 8.899999999999995026, 9.000000000000031974, 8.999999999999998224 ) ) ;
#2472 = EDGE_LOOP ( 'NONE', ( #2741, #2804, #995, #2970 ) ) ;
#2473 = CARTESIAN_POINT ( 'NONE',  ( 230.0000000000000000, 2.999999999999971578, 8.999999999999998224 ) ) ;
#2474 = VECTOR ( 'NONE', #2101, 1000.000000000000000 ) ;
#2475 = CARTESIAN_POINT ( 'NONE',  ( 106.2000000000000171, 98.49999999999997158, 11.00000000000000000 ) ) ;
#2476 = VECTOR ( 'NONE', #3355, 1000.000000000000000 ) ;
#2478 = EDGE_LOOP ( 'NONE', ( #1509, #820, #2319, #1454 ) ) ;
#2477 = VECTOR ( 'NONE', #181, 1000.000000000000000 ) ;
#2479 = CARTESIAN_POINT ( 'NONE',  ( 227.5000000000000000, 136.2391149236989349, 0.9999999999999991118 ) ) ;
#2480 = PLANE ( 'NONE',  #1211 ) ;
#2481 = VERTEX_POINT ( 'NONE', #3331 ) ;
#2482 = LINE ( 'NONE', #848, #267 ) ;
#2483 = CARTESIAN_POINT ( 'NONE',  ( 62.20000000000000284, 98.49999999999997158, 0.9999999999999991118 ) ) ;
#2484 = EDGE_CURVE ( 'NONE', #2366, #1433, #3117, .T. ) ;
#2485 = EDGE_CURVE ( 'NONE', #3430, #3056, #3095, .T. ) ;
#2486 = VERTEX_POINT ( 'NONE', #3063 ) ;
#2487 = LINE ( 'NONE', #3584, #2119 ) ;
#2488 = DIRECTION ( 'NONE',  ( -0.000000000000000000, -0.000000000000000000, 1.000000000000000000 ) ) ;
#2489 = EDGE_CURVE ( 'NONE', #3114, #1433, #2271, .T. ) ;
#2490 = DIRECTION ( 'NONE',  ( 0.8571673007021117785, 0.000000000000000000, 0.5150380749100550437 ) ) ;
#2491 = ORIENTED_EDGE ( 'NONE', *, *, #3197, .F. ) ;
#2492 = LINE ( 'NONE', #314, #1294 ) ;
#2493 = DIRECTION ( 'NONE',  ( 0.000000000000000000, -0.000000000000000000, 1.000000000000000000 ) ) ;
#2494 = ORIENTED_EDGE ( 'NONE', *, *, #2912, .T. ) ;
#2495 = DIRECTION ( 'NONE',  ( -0.000000000000000000, -1.000000000000000000, -0.000000000000000000 ) ) ;
#2496 = CALENDAR_DATE ( 2025, 8, 12 ) ;
#2497 = CARTESIAN_POINT ( 'NONE',  ( 213.1999999999999886, 151.9391149236989236, 11.00000000000000000 ) ) ;
#2498 = ORIENTED_EDGE ( 'NONE', *, *, #3133, .T. ) ;
#2499 = LINE ( 'NONE', #3561, #28 ) ;
#2500 = CARTESIAN_POINT ( 'NONE',  ( 196.9000000000000909, 8.999999999999984013, 3.800000000000001155 ) ) ;
#2501 = ORIENTED_EDGE ( 'NONE', *, *, #3304, .T. ) ;
#2502 = CARTESIAN_POINT ( 'NONE',  ( 2.449293598294704146E-15, 134.0000000000000000, 3.000000000000000000 ) ) ;
#2503 = EDGE_CURVE ( 'NONE', #1487, #2660, #1196, .T. ) ;
#2504 = CARTESIAN_POINT ( 'NONE',  ( 128.2000000000000171, 114.1999999999999744, 11.00000000000000000 ) ) ;
#2505 = CARTESIAN_POINT ( 'NONE',  ( 7.000000000000006217, 9.000000000000031974, 3.800000000000001155 ) ) ;
#2506 = VERTEX_POINT ( 'NONE', #2842 ) ;
#2507 = PLANE ( 'NONE',  #729 ) ;
#2508 = EDGE_CURVE ( 'NONE', #1265, #94, #2791, .T. ) ;
#2509 = DIRECTION ( 'NONE',  ( -0.000000000000000000, -0.000000000000000000, 1.000000000000000000 ) ) ;
#2510 = ORIENTED_EDGE ( 'NONE', *, *, #822, .T. ) ;
#2511 = ADVANCED_FACE ( 'NONE', ( #2291 ), #594, .F. ) ;
#2512 = VECTOR ( 'NONE', #3572, 1000.000000000000000 ) ;
#2513 = DIRECTION ( 'NONE',  ( 1.000000000000000000, 0.000000000000000000, 0.000000000000000000 ) ) ;
#2514 = CARTESIAN_POINT ( 'NONE',  ( 125.2000000000000028, 151.9391149236989236, 0.9999999999999991118 ) ) ;
#2515 = VECTOR ( 'NONE', #3546, 1000.000000000000000 ) ;
#2516 = ORIENTED_EDGE ( 'NONE', *, *, #366, .T. ) ;
#2517 = FACE_BOUND ( 'NONE', #722, .T. ) ;
#2518 = CARTESIAN_POINT ( 'NONE',  ( 139.5000000000000000, 151.9391149236989236, 11.00000000000000000 ) ) ;
#2519 = VERTEX_POINT ( 'NONE', #2518 ) ;
#2520 = AXIS2_PLACEMENT_3D ( 'NONE', #1152, #3057, #1476 ) ;
#2521 = CARTESIAN_POINT ( 'NONE',  ( 0.000000000000000000, 0.000000000000000000, 0.000000000000000000 ) ) ;
#2522 = ORIENTED_EDGE ( 'NONE', *, *, #2772, .T. ) ;
#2523 = FACE_OUTER_BOUND ( 'NONE', #1787, .T. ) ;
#2524 = ORIENTED_EDGE ( 'NONE', *, *, #479, .F. ) ;
#2525 = VECTOR ( 'NONE', #2089, 1000.000000000000000 ) ;
#2526 = PLANE ( 'NONE',  #384 ) ;
#2527 = FACE_OUTER_BOUND ( 'NONE', #503, .T. ) ;
#2528 = EDGE_CURVE ( 'NONE', #2432, #3394, #1975, .T. ) ;
#2529 = EDGE_CURVE ( 'NONE', #71, #2154, #1741, .T. ) ;
#2530 = ORIENTED_EDGE ( 'NONE', *, *, #3458, .F. ) ;
#2531 = FACE_OUTER_BOUND ( 'NONE', #2829, .T. ) ;
#2532 = VECTOR ( 'NONE', #1671, 1000.000000000000000 ) ;
#2533 = CARTESIAN_POINT ( 'NONE',  ( 191.2000000000000171, 136.2391149236989349, 0.9999999999999991118 ) ) ;
#2534 = CARTESIAN_POINT ( 'NONE',  ( -22.00000000000000000, 0.000000000000000000, 0.9999999999999991118 ) ) ;
#2535 = ORIENTED_EDGE ( 'NONE', *, *, #1804, .T. ) ;
#2536 = FACE_BOUND ( 'NONE', #3447, .T. ) ;
#2537 = AXIS2_PLACEMENT_3D ( 'NONE', #3336, #258, #2259 ) ;
#2538 = CARTESIAN_POINT ( 'NONE',  ( 51.50000000000002132, 151.9391149236989236, 11.00000000000000000 ) ) ;
#2539 = CC_DESIGN_APPROVAL ( #3425, ( #3309 ) ) ;
#2540 = CARTESIAN_POINT ( 'NONE',  ( 230.0000000000000000, 117.0000000000000000, 11.00000000000000000 ) ) ;
#2541 = ORIENTED_EDGE ( 'NONE', *, *, #354, .T. ) ;
#2542 = FACE_OUTER_BOUND ( 'NONE', #2232, .T. ) ;
#2543 = ORIENTED_EDGE ( 'NONE', *, *, #3015, .T. ) ;
#2544 = LINE ( 'NONE', #3392, #223 ) ;
#2545 = ORIENTED_EDGE ( 'NONE', *, *, #2179, .F. ) ;
#2546 = LINE ( 'NONE', #3051, #1593 ) ;
#2547 = DIRECTION ( 'NONE',  ( -1.000000000000000000, 0.000000000000000000, 0.000000000000000000 ) ) ;
#2548 = ORIENTED_EDGE ( 'NONE', *, *, #1650, .T. ) ;
#2549 = LINE ( 'NONE', #842, #2462 ) ;
#2550 = ADVANCED_FACE ( 'NONE', ( #3077 ), #612, .F. ) ;
#2551 = EDGE_CURVE ( 'NONE', #3413, #577, #3365, .T. ) ;
#2552 = DIRECTION ( 'NONE',  ( -0.000000000000000000, -1.000000000000000000, -0.000000000000000000 ) ) ;
#2553 = ORIENTED_EDGE ( 'NONE', *, *, #985, .T. ) ;
#2554 = CARTESIAN_POINT ( 'NONE',  ( -154.0000000000000000, 0.000000000000000000, 0.9999999999999991118 ) ) ;
#2555 = CARTESIAN_POINT ( 'NONE',  ( 233.0000000000000000, 0.000000000000000000, 0.000000000000000000 ) ) ;
#2556 = EDGE_CURVE ( 'NONE', #2506, #31, #1445, .T. ) ;
#2557 = FACE_OUTER_BOUND ( 'NONE', #3480, .T. ) ;
#2558 = ORIENTED_EDGE ( 'NONE', *, *, #889, .T. ) ;
#2559 = FACE_OUTER_BOUND ( 'NONE', #2079, .T. ) ;
#2560 = ORIENTED_EDGE ( 'NONE', *, *, #899, .T. ) ;
#2561 = LINE ( 'NONE', #2277, #107 ) ;
#2562 = EDGE_LOOP ( 'NONE', ( #1899, #3029, #3248, #902 ) ) ;
#2563 = DIRECTION ( 'NONE',  ( 0.000000000000000000, -1.000000000000000000, 0.000000000000000000 ) ) ;
#2564 = LINE ( 'NONE', #680, #3111 ) ;
#2565 = VECTOR ( 'NONE', #1429, 1000.000000000000000 ) ;
#2566 = ORIENTED_EDGE ( 'NONE', *, *, #2844, .T. ) ;
#2567 = PLANE ( 'NONE',  #907 ) ;
#2568 = DIRECTION ( 'NONE',  ( -0.000000000000000000, -0.000000000000000000, 1.000000000000000000 ) ) ;
#2569 = DIRECTION ( 'NONE',  ( 1.000000000000000000, 0.000000000000000000, -0.000000000000000000 ) ) ;
#2570 = VECTOR ( 'NONE', #240, 1000.000000000000000 ) ;
#2571 = EDGE_LOOP ( 'NONE', ( #2541, #1841, #1659, #1884 ) ) ;
#2572 = CARTESIAN_POINT ( 'NONE',  ( 47.89999999999999858, 98.49999999999997158, 11.00000000000000000 ) ) ;
#2573 = DIRECTION ( 'NONE',  ( -1.000000000000000000, 0.000000000000000000, 0.000000000000000000 ) ) ;
#2574 = VECTOR ( 'NONE', #1516, 1000.000000000000000 ) ;
#2575 = FACE_OUTER_BOUND ( 'NONE', #26, .T. ) ;
#2576 = ORIENTED_EDGE ( 'NONE', *, *, #1625, .F. ) ;
#2577 = EDGE_LOOP ( 'NONE', ( #2228, #436, #1019, #3137 ) ) ;
#2578 = CARTESIAN_POINT ( 'NONE',  ( 15.20000000000001883, 136.2391149236989349, 0.9999999999999991118 ) ) ;
#2579 = VERTEX_POINT ( 'NONE', #2826 ) ;
#2580 = DIRECTION ( 'NONE',  ( 0.000000000000000000, 1.000000000000000000, 0.000000000000000000 ) ) ;
#2581 = VECTOR ( 'NONE', #2809, 1000.000000000000000 ) ;
#2582 = ORIENTED_EDGE ( 'NONE', *, *, #2983, .F. ) ;
#2583 = ADVANCED_FACE ( 'NONE', ( #2773 ), #1392, .F. ) ;
#2584 = PLANE ( 'NONE',  #2304 ) ;
#2585 = VECTOR ( 'NONE', #2495, 1000.000000000000000 ) ;
#2586 = AXIS2_PLACEMENT_3D ( 'NONE', #299, #878, #1983 ) ;
#2587 = CARTESIAN_POINT ( 'NONE',  ( 25.90000000000000568, 98.49999999999997158, 11.00000000000000000 ) ) ;
#2588 = ORIENTED_EDGE ( 'NONE', *, *, #1915, .F. ) ;
#2589 = CARTESIAN_POINT ( 'NONE',  ( 230.0000000000000000, 96.99999999999997158, 11.00000000000000000 ) ) ;
#2590 = DIRECTION ( 'NONE',  ( 0.000000000000000000, 1.000000000000000000, 0.000000000000000000 ) ) ;
#2591 = EDGE_LOOP ( 'NONE', ( #1691, #1080, #387 ) ) ;
#2592 = CARTESIAN_POINT ( 'NONE',  ( 51.50000000000002132, 136.2391149236989349, 0.9999999999999991118 ) ) ;
#2593 = AXIS2_PLACEMENT_3D ( 'NONE', #803, #2493, #58 ) ;
#2594 = FACE_OUTER_BOUND ( 'NONE', #909, .T. ) ;
#2595 = VECTOR ( 'NONE', #3448, 1000.000000000000000 ) ;
#2596 = ORIENTED_EDGE ( 'NONE', *, *, #816, .T. ) ;
#2597 = ORIENTED_EDGE ( 'NONE', *, *, #1373, .F. ) ;
#2598 = DIRECTION ( 'NONE',  ( 0.000000000000000000, -1.000000000000000000, -0.000000000000000000 ) ) ;
#2599 = ADVANCED_FACE ( 'NONE', ( #43 ), #414, .F. ) ;
#2600 = ORIENTED_EDGE ( 'NONE', *, *, #3586, .F. ) ;
#2601 = PRODUCT_DEFINITION_FORMATION_WITH_SPECIFIED_SOURCE ( 'ä»', '', #1855, .NOT_KNOWN. ) ;
#2602 = DIRECTION ( 'NONE',  ( -0.000000000000000000, 1.000000000000000000, -0.000000000000000000 ) ) ;
#2603 = EDGE_CURVE ( 'NONE', #1326, #1524, #1793, .T. ) ;
#2604 = ORIENTED_EDGE ( 'NONE', *, *, #3352, .T. ) ;
#2605 = LINE ( 'NONE', #1006, #2978 ) ;
#2606 = LINE ( 'NONE', #3417, #2710 ) ;
#2607 = EDGE_CURVE ( 'NONE', #3387, #1014, #37, .T. ) ;
#2608 = ORIENTED_EDGE ( 'NONE', *, *, #899, .F. ) ;
#2609 = PLANE ( 'NONE',  #3502 ) ;
#2610 = CARTESIAN_POINT ( 'NONE',  ( 139.5000000000000000, 151.9391149236989236, 0.9999999999999991118 ) ) ;
#2611 = ORIENTED_EDGE ( 'NONE', *, *, #2894, .F. ) ;
#2612 = DIRECTION ( 'NONE',  ( 1.000000000000000000, -0.000000000000000000, -0.000000000000000000 ) ) ;
#2613 = PLANE ( 'NONE',  #957 ) ;
#2614 = ORIENTED_EDGE ( 'NONE', *, *, #204, .T. ) ;
#2615 = CARTESIAN_POINT ( 'NONE',  ( 194.2000000000000171, 98.49999999999997158, 0.9999999999999991118 ) ) ;
#2616 = CARTESIAN_POINT ( 'NONE',  ( 230.0000000000000000, 160.8000000000005230, 13.00000000000000178 ) ) ;
#2617 = ORIENTED_EDGE ( 'NONE', *, *, #3147, .F. ) ;
#2618 = CARTESIAN_POINT ( 'NONE',  ( 128.2000000000000171, 98.49999999999997158, 11.00000000000000000 ) ) ;
#2619 = ORIENTED_EDGE ( 'NONE', *, *, #3390, .F. ) ;
#2620 = CARTESIAN_POINT ( 'NONE',  ( 216.2000000000000171, 114.1999999999999744, 0.9999999999999991118 ) ) ;
#2621 = LINE ( 'NONE', #425, #795 ) ;
#2622 = ORIENTED_EDGE ( 'NONE', *, *, #816, .F. ) ;
#2623 = DIRECTION ( 'NONE',  ( 0.000000000000000000, -0.000000000000000000, 1.000000000000000000 ) ) ;
#2624 = EDGE_CURVE ( 'NONE', #1014, #1716, #705, .T. ) ;
#2625 = DIRECTION ( 'NONE',  ( 0.000000000000000000, 1.000000000000000000, 0.000000000000000000 ) ) ;
#2626 = ORIENTED_EDGE ( 'NONE', *, *, #2403, .F. ) ;
#2627 = LINE ( 'NONE', #1267, #728 ) ;
#2628 = EDGE_CURVE ( 'NONE', #1449, #865, #1532, .T. ) ;
#2629 = DIRECTION ( 'NONE',  ( 0.000000000000000000, 0.000000000000000000, -1.000000000000000000 ) ) ;
#2630 = ORIENTED_EDGE ( 'NONE', *, *, #2779, .T. ) ;
#2631 = PLANE ( 'NONE',  #1418 ) ;
#2632 = VECTOR ( 'NONE', #2625, 1000.000000000000000 ) ;
#2633 = LINE ( 'NONE', #68, #3485 ) ;
#2634 = CARTESIAN_POINT ( 'NONE',  ( 230.0000000000000000, 160.8000000000004377, 3.000000000000000000 ) ) ;
#2635 = ORIENTED_EDGE ( 'NONE', *, *, #2663, .T. ) ;
#2636 = PLANE ( 'NONE',  #17 ) ;
#2637 = DIRECTION ( 'NONE',  ( -0.000000000000000000, -0.000000000000000000, 1.000000000000000000 ) ) ;
#2638 = ORIENTED_EDGE ( 'NONE', *, *, #597, .F. ) ;
#2639 = AXIS2_PLACEMENT_3D ( 'NONE', #1207, #1818, #1806 ) ;
#2640 = CARTESIAN_POINT ( 'NONE',  ( 147.1999999999999886, 136.2391149236989349, 11.00000000000000000 ) ) ;
#2641 = ADVANCED_FACE ( 'NONE', ( #2727 ), #1862, .F. ) ;
#2642 = VECTOR ( 'NONE', #491, 1000.000000000000000 ) ;
#2643 = EDGE_CURVE ( 'NONE', #1981, #2251, #2965, .T. ) ;
#2644 = ORIENTED_EDGE ( 'NONE', *, *, #2485, .T. ) ;
#2645 = PLANE ( 'NONE',  #1590 ) ;
#2646 = EDGE_CURVE ( 'NONE', #1188, #1265, #2138, .T. ) ;
#2647 = VECTOR ( 'NONE', #1321, 1000.000000000000000 ) ;
#2648 = EDGE_LOOP ( 'NONE', ( #1382, #1934, #2217, #869 ) ) ;
#2649 = ORIENTED_EDGE ( 'NONE', *, *, #1982, .F. ) ;
#2650 = VECTOR ( 'NONE', #811, 1000.000000000000000 ) ;
#2651 = DIRECTION ( 'NONE',  ( 1.000000000000000000, 0.000000000000000000, 0.000000000000000000 ) ) ;
#2652 = VECTOR ( 'NONE', #1127, 1000.000000000000000 ) ;
#2653 = ORIENTED_EDGE ( 'NONE', *, *, #700, .T. ) ;
#2654 = FACE_OUTER_BOUND ( 'NONE', #1124, .T. ) ;
#2655 = VECTOR ( 'NONE', #3516, 1000.000000000000000 ) ;
#2656 = CARTESIAN_POINT ( 'NONE',  ( 179.9000000000000057, 98.49999999999997158, 0.9999999999999991118 ) ) ;
#2657 = ORIENTED_EDGE ( 'NONE', *, *, #354, .F. ) ;
#2658 = DIRECTION ( 'NONE',  ( 1.000000000000000000, -0.000000000000000000, -0.000000000000000000 ) ) ;
#2659 = CARTESIAN_POINT ( 'NONE',  ( 62.20000000000000284, 114.1999999999999744, 0.9999999999999991118 ) ) ;
#2660 = VERTEX_POINT ( 'NONE', #485 ) ;
#2661 = EDGE_CURVE ( 'NONE', #2018, #2817, #2186, .T. ) ;
#2662 = CARTESIAN_POINT ( 'NONE',  ( 106.2000000000000171, 114.1999999999999744, 0.9999999999999991118 ) ) ;
#2663 = EDGE_CURVE ( 'NONE', #884, #2054, #1582, .T. ) ;
#2664 = CARTESIAN_POINT ( 'NONE',  ( 0.000000000000000000, 0.000000000000000000, 3.000000000000000000 ) ) ;
#2665 = ORIENTED_EDGE ( 'NONE', *, *, #362, .F. ) ;
#2666 = CARTESIAN_POINT ( 'NONE',  ( 0.000000000000000000, 0.000000000000000000, 11.00000000000000000 ) ) ;
#2667 = EDGE_CURVE ( 'NONE', #397, #359, #3241, .T. ) ;
#2668 = DIRECTION ( 'NONE',  ( -0.000000000000000000, -0.000000000000000000, -1.000000000000000000 ) ) ;
#2669 = VERTEX_POINT ( 'NONE', #2391 ) ;
#2670 = EDGE_CURVE ( 'NONE', #1147, #3320, #1012, .T. ) ;
#2671 = DIRECTION ( 'NONE',  ( -1.000000000000000000, 0.000000000000000000, 0.000000000000000000 ) ) ;
#2672 = PRODUCT_RELATED_PRODUCT_CATEGORY ( 'detail', '', ( #1855 ) ) ;
#2673 = CARTESIAN_POINT ( 'NONE',  ( 81.19999999999998863, 151.9391149236989236, 0.9999999999999991118 ) ) ;
#2674 = ORIENTED_EDGE ( 'NONE', *, *, #989, .T. ) ;
#2675 = LINE ( 'NONE', #1861, #553 ) ;
#2676 = DIRECTION ( 'NONE',  ( -0.000000000000000000, -0.000000000000000000, 1.000000000000000000 ) ) ;
#2677 = EDGE_LOOP ( 'NONE', ( #647, #2510, #3218, #641 ) ) ;
#2678 = CARTESIAN_POINT ( 'NONE',  ( 0.000000000000000000, 117.0000000000000000, 3.000000000000000000 ) ) ;
#2679 = DIRECTION ( 'NONE',  ( -1.000000000000000000, 0.000000000000000000, 0.000000000000000000 ) ) ;
#2680 = VERTEX_POINT ( 'NONE', #501 ) ;
#2681 = DIRECTION ( 'NONE',  ( 0.000000000000000000, -0.000000000000000000, 1.000000000000000000 ) ) ;
#2682 = LINE ( 'NONE', #2431, #1786 ) ;
#2683 = LINE ( 'NONE', #151, #2944 ) ;
#2684 = EDGE_LOOP ( 'NONE', ( #2328, #1182, #875, #247 ) ) ;
#2685 = AXIS2_PLACEMENT_3D ( 'NONE', #2348, #1779, #613 ) ;
#2686 = CARTESIAN_POINT ( 'NONE',  ( 40.20000000000001705, 114.1999999999999744, 0.9999999999999991118 ) ) ;
#2687 = DIRECTION ( 'NONE',  ( 0.000000000000000000, -0.000000000000000000, 1.000000000000000000 ) ) ;
#2688 = VECTOR ( 'NONE', #2002, 1000.000000000000000 ) ;
#2689 = CARTESIAN_POINT ( 'NONE',  ( 113.9000000000000057, 98.49999999999997158, 0.9999999999999991118 ) ) ;
#2690 = VERTEX_POINT ( 'NONE', #2692 ) ;
#2691 = DIRECTION ( 'NONE',  ( 0.000000000000000000, -0.000000000000000000, 1.000000000000000000 ) ) ;
#2692 = CARTESIAN_POINT ( 'NONE',  ( 169.2000000000000171, 151.9391149236989236, 11.00000000000000000 ) ) ;
#2693 = ORIENTED_EDGE ( 'NONE', *, *, #985, .F. ) ;
#2694 = PLANE ( 'NONE',  #92 ) ;
#2695 = VECTOR ( 'NONE', #2733, 1000.000000000000000 ) ;
#2696 = VECTOR ( 'NONE', #2406, 1000.000000000000000 ) ;
#2697 = CARTESIAN_POINT ( 'NONE',  ( 47.89999999999999858, 114.1999999999999744, 0.9999999999999991118 ) ) ;
#2698 = ORIENTED_EDGE ( 'NONE', *, *, #1888, .F. ) ;
#2699 = VECTOR ( 'NONE', #2103, 1000.000000000000000 ) ;
#2700 = DIRECTION ( 'NONE',  ( -1.000000000000000000, 0.000000000000000000, 0.000000000000000000 ) ) ;
#2701 = LINE ( 'NONE', #2210, #2941 ) ;
#2702 = VERTEX_POINT ( 'NONE', #214 ) ;
#2703 = EDGE_CURVE ( 'NONE', #2950, #317, #2929, .T. ) ;
#2704 = PLANE ( 'NONE',  #1938 ) ;
#2705 = EDGE_CURVE ( 'NONE', #397, #1852, #1345, .T. ) ;
#2706 = EDGE_CURVE ( 'NONE', #3440, #182, #1079, .T. ) ;
#2707 = VECTOR ( 'NONE', #836, 1000.000000000000000 ) ;
#2708 = DIRECTION ( 'NONE',  ( -1.000000000000000000, 0.000000000000000000, 0.000000000000000000 ) ) ;
#2709 = CARTESIAN_POINT ( 'NONE',  ( 117.5000000000000142, 151.9391149236989236, 11.00000000000000000 ) ) ;
#2711 = ORIENTED_EDGE ( 'NONE', *, *, #1762, .T. ) ;
#2710 = VECTOR ( 'NONE', #1750, 1000.000000000000000 ) ;
#2712 = CARTESIAN_POINT ( 'NONE',  ( 230.0000000000000000, 162.0000000000000000, 20.99999999999999645 ) ) ;
#2713 = EDGE_CURVE ( 'NONE', #3281, #1948, #2153, .T. ) ;
#2714 = PLANE ( 'NONE',  #1665 ) ;
#2715 = VECTOR ( 'NONE', #2285, 1000.000000000000000 ) ;
#2716 = ORIENTED_EDGE ( 'NONE', *, *, #782, .F. ) ;
#2717 = CARTESIAN_POINT ( 'NONE',  ( 7.500000000000034639, 136.2391149236989349, 0.9999999999999991118 ) ) ;
#2718 = ORIENTED_EDGE ( 'NONE', *, *, #3498, .F. ) ;
#2719 = CARTESIAN_POINT ( 'NONE',  ( 7.500000000000034639, 136.2391149236989349, 11.00000000000000000 ) ) ;
#2720 = FACE_OUTER_BOUND ( 'NONE', #197, .T. ) ;
#2721 = ORIENTED_EDGE ( 'NONE', *, *, #3034, .F. ) ;
#2722 = DIRECTION ( 'NONE',  ( -0.000000000000000000, -0.000000000000000000, 1.000000000000000000 ) ) ;
#2723 = CARTESIAN_POINT ( 'NONE',  ( 195.0000000000001137, 8.999999999999984013, 3.800000000000001155 ) ) ;
#2724 = CARTESIAN_POINT ( 'NONE',  ( 230.0000000000000000, 162.0000000000000000, 20.99999999999999645 ) ) ;
#2725 = ORIENTED_EDGE ( 'NONE', *, *, #169, .F. ) ;
#2726 = DIRECTION ( 'NONE',  ( 0.000000000000000000, 1.000000000000000000, 0.000000000000000000 ) ) ;
#2727 = FACE_OUTER_BOUND ( 'NONE', #1451, .T. ) ;
#2728 = ADVANCED_FACE ( 'NONE', ( #3222 ), #3254, .F. ) ;
#2729 = ORIENTED_EDGE ( 'NONE', *, *, #2503, .T. ) ;
#2730 = DIRECTION ( 'NONE',  ( 0.000000000000000000, -1.000000000000000000, -0.000000000000000000 ) ) ;
#2731 = EDGE_CURVE ( 'NONE', #1798, #2669, #520, .T. ) ;
#2732 = ORIENTED_EDGE ( 'NONE', *, *, #3157, .T. ) ;
#2733 = DIRECTION ( 'NONE',  ( -1.000000000000000000, -0.000000000000000000, -0.000000000000000000 ) ) ;
#2734 = DIRECTION ( 'NONE',  ( 1.000000000000000000, -0.000000000000000000, -0.000000000000000000 ) ) ;
#2735 = VECTOR ( 'NONE', #1411, 1000.000000000000000 ) ;
#2736 = EDGE_LOOP ( 'NONE', ( #1851, #3262, #1635, #423 ) ) ;
#2737 = LINE ( 'NONE', #3214, #1585 ) ;
#2738 = FACE_OUTER_BOUND ( 'NONE', #486, .T. ) ;
#2739 = VECTOR ( 'NONE', #868, 1000.000000000000000 ) ;
#2740 = FACE_OUTER_BOUND ( 'NONE', #1594, .T. ) ;
#2741 = ORIENTED_EDGE ( 'NONE', *, *, #1865, .T. ) ;
#2742 = LINE ( 'NONE', #2453, #1657 ) ;
#2743 = VECTOR ( 'NONE', #2157, 1000.000000000000000 ) ;
#2744 = LINE ( 'NONE', #1662, #159 ) ;
#2745 = ORIENTED_EDGE ( 'NONE', *, *, #1306, .F. ) ;
#2746 = FACE_OUTER_BOUND ( 'NONE', #476, .T. ) ;
#2747 = EDGE_CURVE ( 'NONE', #145, #987, #1621, .T. ) ;
#2748 = ADVANCED_FACE ( 'NONE', ( #770 ), #2714, .F. ) ;
#2749 = FACE_OUTER_BOUND ( 'NONE', #2024, .T. ) ;
#2750 = ORIENTED_EDGE ( 'NONE', *, *, #3299, .T. ) ;
#2751 = CARTESIAN_POINT ( 'NONE',  ( 125.2000000000000028, 151.9391149236989236, 11.00000000000000000 ) ) ;
#2752 = VECTOR ( 'NONE', #3186, 1000.000000000000000 ) ;
#2753 = PLANE ( 'NONE',  #2284 ) ;
#2754 = ADVANCED_FACE ( 'NONE', ( #2168 ), #3271, .F. ) ;
#2755 = VECTOR ( 'NONE', #1158, 1000.000000000000000 ) ;
#2756 = ORIENTED_EDGE ( 'NONE', *, *, #519, .T. ) ;
#2757 = CARTESIAN_POINT ( 'NONE',  ( 1.734723475976807094E-15, 151.9391149236989236, 11.00000000000000000 ) ) ;
#2758 = ORIENTED_EDGE ( 'NONE', *, *, #1444, .T. ) ;
#2759 = CARTESIAN_POINT ( 'NONE',  ( 5.100000000000017408, 9.000000000000031974, 3.800000000000001155 ) ) ;
#2760 = FACE_OUTER_BOUND ( 'NONE', #2577, .T. ) ;
#2761 = ORIENTED_EDGE ( 'NONE', *, *, #2703, .F. ) ;
#2762 = FACE_OUTER_BOUND ( 'NONE', #595, .T. ) ;
#2763 = VECTOR ( 'NONE', #1723, 1000.000000000000000 ) ;
#2764 = DIRECTION ( 'NONE',  ( -0.000000000000000000, -0.000000000000000000, -1.000000000000000000 ) ) ;
#2765 = AXIS2_PLACEMENT_3D ( 'NONE', #2778, #3571, #814 ) ;
#2766 = EDGE_LOOP ( 'NONE', ( #2358, #654, #619, #1419 ) ) ;
#2767 = CARTESIAN_POINT ( 'NONE',  ( 233.0000000000000000, 162.0000000000000000, 20.99999999999999645 ) ) ;
#2768 = LOCAL_TIME ( 19, 24, 28.00000000000000000, #1403 ) ;
#2769 = DIRECTION ( 'NONE',  ( 1.000000000000000000, 0.000000000000000000, 0.000000000000000000 ) ) ;
#2770 = ORIENTED_EDGE ( 'NONE', *, *, #1483, .F. ) ;
#2771 = CARTESIAN_POINT ( 'NONE',  ( 0.000000000000000000, 162.0000000000000000, 13.00000000000000178 ) ) ;
#2772 = EDGE_CURVE ( 'NONE', #2158, #2258, #3290, .T. ) ;
#2773 = FACE_OUTER_BOUND ( 'NONE', #3150, .T. ) ;
#2774 = VERTEX_POINT ( 'NONE', #1638 ) ;
#2775 = ADVANCED_FACE ( 'NONE', ( #1947 ), #1150, .T. ) ;
#2776 = LINE ( 'NONE', #294, #2565 ) ;
#2777 = VERTEX_POINT ( 'NONE', #3087 ) ;
#2778 = CARTESIAN_POINT ( 'NONE',  ( 125.2000000000000028, 136.2391149236989349, 0.9999999999999991118 ) ) ;
#2779 = EDGE_CURVE ( 'NONE', #1014, #3387, #793, .T. ) ;
#2780 = DIRECTION ( 'NONE',  ( -0.000000000000000000, -0.000000000000000000, -1.000000000000000000 ) ) ;
#2781 = ORIENTED_EDGE ( 'NONE', *, *, #1066, .T. ) ;
#2782 = EDGE_CURVE ( 'NONE', #2311, #2702, #3305, .T. ) ;
#2783 = CARTESIAN_POINT ( 'NONE',  ( 29.50000000000002487, 151.9391149236989236, 0.9999999999999991118 ) ) ;
#2784 = CARTESIAN_POINT ( 'NONE',  ( 179.9000000000000057, 114.1999999999999744, 0.9999999999999991118 ) ) ;
#2785 = ORIENTED_EDGE ( 'NONE', *, *, #1225, .T. ) ;
#2786 = CARTESIAN_POINT ( 'NONE',  ( 195.0000000000001137, 8.999999999999984013, 8.999999999999998224 ) ) ;
#2787 = LINE ( 'NONE', #3091, #3406 ) ;
#2788 = CARTESIAN_POINT ( 'NONE',  ( 230.0000000000000000, 97.00000000000000000, 11.00000000000000000 ) ) ;
#2789 = ORIENTED_EDGE ( 'NONE', *, *, #1689, .F. ) ;
#2790 = CARTESIAN_POINT ( 'NONE',  ( 91.90000000000000568, 98.49999999999997158, 0.9999999999999991118 ) ) ;
#2791 = LINE ( 'NONE', #307, #2532 ) ;
#2792 = ORIENTED_EDGE ( 'NONE', *, *, #2912, .F. ) ;
#2793 = LINE ( 'NONE', #1939, #438 ) ;
#2794 = EDGE_CURVE ( 'NONE', #1727, #942, #1680, .T. ) ;
#2795 = CARTESIAN_POINT ( 'NONE',  ( 95.50000000000000000, 136.2391149236989349, 0.9999999999999991118 ) ) ;
#2796 = CARTESIAN_POINT ( 'NONE',  ( 233.0000000000000000, 0.000000000000000000, 20.99999999999999645 ) ) ;
#2797 = DIRECTION ( 'NONE',  ( 0.000000000000000000, 0.000000000000000000, 1.000000000000000000 ) ) ;
#2798 = FACE_OUTER_BOUND ( 'NONE', #153, .T. ) ;
#2799 = ORIENTED_EDGE ( 'NONE', *, *, #3019, .F. ) ;
#2800 = AXIS2_PLACEMENT_3D ( 'NONE', #2827, #912, #2071 ) ;
#2801 = DIRECTION ( 'NONE',  ( -0.000000000000000000, -0.000000000000000000, 1.000000000000000000 ) ) ;
#2802 = COORDINATED_UNIVERSAL_TIME_OFFSET ( 8, 0, .AHEAD. ) ;
#2803 = CARTESIAN_POINT ( 'NONE',  ( 128.2000000000000171, 114.1999999999999744, 0.9999999999999991118 ) ) ;
#2804 = ORIENTED_EDGE ( 'NONE', *, *, #3012, .F. ) ;
#2805 = CARTESIAN_POINT ( 'NONE',  ( 0.000000000000000000, 154.0000000000000000, 11.00000000000000000 ) ) ;
#2806 = DIRECTION ( 'NONE',  ( 1.000000000000000000, 0.000000000000000000, -0.000000000000000000 ) ) ;
#2807 = ORIENTED_EDGE ( 'NONE', *, *, #3129, .F. ) ;
#2808 = AXIS2_PLACEMENT_3D ( 'NONE', #1717, #302, #626 ) ;
#2809 = DIRECTION ( 'NONE',  ( -0.000000000000000000, -0.000000000000000000, 1.000000000000000000 ) ) ;
#2810 = LINE ( 'NONE', #1676, #1840 ) ;
#2811 = EDGE_LOOP ( 'NONE', ( #2535, #1047, #2969, #1768 ) ) ;
#2812 = EDGE_CURVE ( 'NONE', #1716, #1997, #2820, .T. ) ;
#2813 = DIRECTION ( 'NONE',  ( 0.000000000000000000, -0.000000000000000000, 1.000000000000000000 ) ) ;
#2814 = EDGE_CURVE ( 'NONE', #2018, #3353, #1714, .T. ) ;
#2815 = EDGE_CURVE ( 'NONE', #379, #1600, #1131, .T. ) ;
#2816 = LINE ( 'NONE', #3341, #1785 ) ;
#2817 = VERTEX_POINT ( 'NONE', #263 ) ;
#2818 = DIRECTION ( 'NONE',  ( -0.000000000000000000, -1.000000000000000000, -0.000000000000000000 ) ) ;
#2819 = EDGE_CURVE ( 'NONE', #352, #2848, #2816, .T. ) ;
#2820 = CIRCLE ( 'NONE', #852, 1.899999999999985034 ) ;
#2821 = ADVANCED_FACE ( 'NONE', ( #18 ), #2242, .F. ) ;
#2822 = DIRECTION ( 'NONE',  ( 0.000000000000000000, -0.000000000000000000, 1.000000000000000000 ) ) ;
#2823 = VERTEX_POINT ( 'NONE', #819 ) ;
#2824 = DIRECTION ( 'NONE',  ( 0.000000000000000000, 0.000000000000000000, -1.000000000000000000 ) ) ;
#2825 = AXIS2_PLACEMENT_3D ( 'NONE', #1187, #977, #1732 ) ;
#2826 = CARTESIAN_POINT ( 'NONE',  ( 37.20000000000000995, 151.9391149236989236, 0.9999999999999991118 ) ) ;
#2827 = CARTESIAN_POINT ( 'NONE',  ( 0.000000000000000000, 0.000000000000000000, 13.00000000000000178 ) ) ;
#2828 = ADVANCED_FACE ( 'NONE', ( #2798 ), #3575, .F. ) ;
#2829 = EDGE_LOOP ( 'NONE', ( #1588, #1848, #3534, #3555 ) ) ;
#2830 = CARTESIAN_POINT ( 'NONE',  ( 0.000000000000000000, 2.999999999999971578, 20.99999999999999645 ) ) ;
#2831 = ORIENTED_EDGE ( 'NONE', *, *, #2305, .F. ) ;
#2832 = CARTESIAN_POINT ( 'NONE',  ( 103.2000000000000171, 136.2391149236989349, 0.9999999999999991118 ) ) ;
#2833 = ORIENTED_EDGE ( 'NONE', *, *, #1512, .F. ) ;
#2834 = FACE_OUTER_BOUND ( 'NONE', #2278, .T. ) ;
#2835 = LINE ( 'NONE', #350, #2081 ) ;
#2836 = EDGE_LOOP ( 'NONE', ( #2173, #1233, #2831, #52 ) ) ;
#2837 = DIRECTION ( 'NONE',  ( 0.000000000000000000, -1.000000000000000000, -0.000000000000000000 ) ) ;
#2838 = EDGE_CURVE ( 'NONE', #1626, #983, #1968, .T. ) ;
#2839 = DIRECTION ( 'NONE',  ( -0.000000000000000000, -1.000000000000000000, -0.000000000000000000 ) ) ;
#2840 = ORIENTED_EDGE ( 'NONE', *, *, #407, .F. ) ;
#2841 = FACE_BOUND ( 'NONE', #2478, .T. ) ;
#2842 = CARTESIAN_POINT ( 'NONE',  ( 51.50000000000002132, 151.9391149236989236, 11.00000000000000000 ) ) ;
#2843 = CARTESIAN_POINT ( 'NONE',  ( 201.9000000000000057, 98.49999999999997158, 11.00000000000000000 ) ) ;
#2844 = EDGE_CURVE ( 'NONE', #3457, #3423, #2744, .T. ) ;
#2845 = ORIENTED_EDGE ( 'NONE', *, *, #2269, .T. ) ;
#2846 = ORIENTED_EDGE ( 'NONE', *, *, #2485, .F. ) ;
#2847 = LINE ( 'NONE', #367, #657 ) ;
#2848 = VERTEX_POINT ( 'NONE', #2475 ) ;
#2849 = DIRECTION ( 'NONE',  ( 0.000000000000000000, 0.000000000000000000, -1.000000000000000000 ) ) ;
#2850 = ORIENTED_EDGE ( 'NONE', *, *, #1231, .F. ) ;
#2851 = CARTESIAN_POINT ( 'NONE',  ( 230.0000000000000000, 14.99999999999997158, 8.999999999999998224 ) ) ;
#2852 = CARTESIAN_POINT ( 'NONE',  ( 0.000000000000000000, 14.99999999999997158, 20.99999999999999645 ) ) ;
#2853 = VERTEX_POINT ( 'NONE', #316 ) ;
#2854 = DIRECTION ( 'NONE',  ( -0.000000000000000000, -0.000000000000000000, 1.000000000000000000 ) ) ;
#2855 = DIRECTION ( 'NONE',  ( 0.000000000000000000, -0.000000000000000000, 1.000000000000000000 ) ) ;
#2856 = AXIS2_PLACEMENT_3D ( 'NONE', #2048, #3148, #569 ) ;
#2857 = ORIENTED_EDGE ( 'NONE', *, *, #2339, .F. ) ;
#2858 = EDGE_CURVE ( 'NONE', #614, #577, #282, .T. ) ;
#2859 = PLANE ( 'NONE',  #2466 ) ;
#2860 = AXIS2_PLACEMENT_3D ( 'NONE', #3574, #2999, #484 ) ;
#2861 = DIRECTION ( 'NONE',  ( -1.000000000000000000, 0.000000000000000000, 0.000000000000000000 ) ) ;
#2862 = ORIENTED_EDGE ( 'NONE', *, *, #3304, .F. ) ;
#2863 = ORIENTED_EDGE ( 'NONE', *, *, #339, .F. ) ;
#2864 = LINE ( 'NONE', #131, #308 ) ;
#2865 = ADVANCED_FACE ( 'NONE', ( #2527 ), #1365, .F. ) ;
#2866 = ORIENTED_EDGE ( 'NONE', *, *, #946, .F. ) ;
#2867 = FACE_OUTER_BOUND ( 'NONE', #2072, .T. ) ;
#2868 = AXIS2_PLACEMENT_3D ( 'NONE', #2786, #926, #2513 ) ;
#2869 = ORIENTED_EDGE ( 'NONE', *, *, #2396, .F. ) ;
#2870 = DIRECTION ( 'NONE',  ( 1.000000000000000000, -0.000000000000000000, 0.000000000000000000 ) ) ;
#2871 = VECTOR ( 'NONE', #1752, 1000.000000000000000 ) ;
#2872 = AXIS2_PLACEMENT_3D ( 'NONE', #3199, #1473, #2080 ) ;
#2873 = DIRECTION ( 'NONE',  ( 1.000000000000000000, 0.000000000000000000, 0.000000000000000000 ) ) ;
#2874 = CIRCLE ( 'NONE', #2126, 1.899999999999990141 ) ;
#2875 = ORIENTED_EDGE ( 'NONE', *, *, #1231, .T. ) ;
#2876 = FACE_OUTER_BOUND ( 'NONE', #2353, .T. ) ;
#2877 = DIRECTION ( 'NONE',  ( 0.000000000000000000, -0.000000000000000000, 1.000000000000000000 ) ) ;
#2878 = ORIENTED_EDGE ( 'NONE', *, *, #1868, .F. ) ;
#2879 = DIRECTION ( 'NONE',  ( 0.000000000000000000, 1.000000000000000000, 0.000000000000000000 ) ) ;
#2880 = VECTOR ( 'NONE', #3351, 1000.000000000000000 ) ;
#2881 = PLANE ( 'NONE',  #3264 ) ;
#2882 = AXIS2_PLACEMENT_3D ( 'NONE', #2656, #2708, #994 ) ;
#2883 = ORIENTED_EDGE ( 'NONE', *, *, #3562, .F. ) ;
#2884 = VERTEX_POINT ( 'NONE', #1385 ) ;
#2885 = PLANE ( 'NONE',  #141 ) ;
#2886 = ORIENTED_EDGE ( 'NONE', *, *, #3079, .F. ) ;
#2887 = AXIS2_PLACEMENT_3D ( 'NONE', #249, #1003, #475 ) ;
#2888 = DIRECTION ( 'NONE',  ( 0.000000000000000000, 1.000000000000000000, 0.000000000000000000 ) ) ;
#2889 = ADVANCED_FACE ( 'NONE', ( #3590 ), #1436, .F. ) ;
#2890 = ORIENTED_EDGE ( 'NONE', *, *, #2819, .F. ) ;
#2891 = DIRECTION ( 'NONE',  ( -0.000000000000000000, -0.000000000000000000, 1.000000000000000000 ) ) ;
#2892 = EDGE_CURVE ( 'NONE', #2258, #3281, #2185, .T. ) ;
#2893 = CARTESIAN_POINT ( 'NONE',  ( 191.2000000000000171, 151.9391149236989236, 0.9999999999999991118 ) ) ;
#2894 = EDGE_CURVE ( 'NONE', #3404, #542, #3106, .T. ) ;
#2895 = ORIENTED_EDGE ( 'NONE', *, *, #1468, .T. ) ;
#2896 = DIRECTION ( 'NONE',  ( 0.000000000000000000, 1.000000000000000000, 0.000000000000000000 ) ) ;
#2897 = CARTESIAN_POINT ( 'NONE',  ( 85.00000000000009948, 8.999999999999984013, 3.800000000000001155 ) ) ;
#2898 = DIRECTION ( 'NONE',  ( -0.000000000000000000, -0.000000000000000000, -1.000000000000000000 ) ) ;
#2899 = ORIENTED_EDGE ( 'NONE', *, *, #1210, .F. ) ;
#2900 = CARTESIAN_POINT ( 'NONE',  ( 59.20000000000000284, 151.9391149236989236, 0.9999999999999991118 ) ) ;
#2901 = CARTESIAN_POINT ( 'NONE',  ( 62.20000000000000284, 98.49999999999997158, 0.9999999999999991118 ) ) ;
#2902 = ORIENTED_EDGE ( 'NONE', *, *, #2294, .T. ) ;
#2903 = PLANE ( 'NONE',  #1077 ) ;
#2904 = FACE_OUTER_BOUND ( 'NONE', #113, .T. ) ;
#2905 = CARTESIAN_POINT ( 'NONE',  ( 125.2000000000000028, 136.2391149236989349, 11.00000000000000000 ) ) ;
#2906 = ORIENTED_EDGE ( 'NONE', *, *, #3390, .T. ) ;
#2907 = ADVANCED_FACE ( 'NONE', ( #136 ), #2909, .F. ) ;
#2908 = CARTESIAN_POINT ( 'NONE',  ( 37.20000000000000995, 151.9391149236989236, 0.9999999999999991118 ) ) ;
#2909 = PLANE ( 'NONE',  #624 ) ;
#2910 = VERTEX_POINT ( 'NONE', #2587 ) ;
#2911 = CARTESIAN_POINT ( 'NONE',  ( 51.50000000000002132, 136.2391149236989349, 0.9999999999999991118 ) ) ;
#2912 = EDGE_CURVE ( 'NONE', #1371, #1487, #2338, .T. ) ;
#2913 = CARTESIAN_POINT ( 'NONE',  ( 83.10000000000012221, 8.999999999999984013, 8.999999999999998224 ) ) ;
#2914 = VERTEX_POINT ( 'NONE', #701 ) ;
#2915 = FACE_OUTER_BOUND ( 'NONE', #2375, .T. ) ;
#2916 = VECTOR ( 'NONE', #2490, 1000.000000000000000 ) ;
#2917 = CARTESIAN_POINT ( 'NONE',  ( 183.5000000000000000, 151.9391149236989236, 11.00000000000000000 ) ) ;
#2918 = ORIENTED_EDGE ( 'NONE', *, *, #519, .F. ) ;
#2919 = FACE_BOUND ( 'NONE', #3472, .T. ) ;
#2920 = VECTOR ( 'NONE', #2016, 1000.000000000000000 ) ;
#2921 = FACE_OUTER_BOUND ( 'NONE', #1903, .T. ) ;
#2922 = ORIENTED_EDGE ( 'NONE', *, *, #1378, .F. ) ;
#2923 = CARTESIAN_POINT ( 'NONE',  ( 205.5000000000000284, 151.9391149236989236, 0.9999999999999991118 ) ) ;
#2924 = DIRECTION ( 'NONE',  ( 1.000000000000000000, -0.000000000000000000, -0.000000000000000000 ) ) ;
#2925 = EDGE_CURVE ( 'NONE', #1469, #1255, #2606, .T. ) ;
#2926 = EDGE_CURVE ( 'NONE', #1157, #232, #1790, .T. ) ;
#2927 = ORIENTED_EDGE ( 'NONE', *, *, #119, .F. ) ;
#2928 = CARTESIAN_POINT ( 'NONE',  ( 73.50000000000001421, 136.2391149236989349, 0.9999999999999991118 ) ) ;
#2929 = LINE ( 'NONE', #1313, #1205 ) ;
#2930 = AXIS2_PLACEMENT_3D ( 'NONE', #2554, #1703, #1425 ) ;
#2931 = EDGE_CURVE ( 'NONE', #2158, #3281, #2621, .T. ) ;
#2932 = ORIENTED_EDGE ( 'NONE', *, *, #2603, .F. ) ;
#2933 = DIRECTION ( 'NONE',  ( -0.000000000000000000, -1.000000000000000000, -0.000000000000000000 ) ) ;
#2934 = ADVANCED_FACE ( 'NONE', ( #939 ), #857, .F. ) ;
#2935 = ORIENTED_EDGE ( 'NONE', *, *, #2953, .F. ) ;
#2936 = DIRECTION ( 'NONE',  ( -0.000000000000000000, -0.000000000000000000, 1.000000000000000000 ) ) ;
#2937 = VECTOR ( 'NONE', #449, 1000.000000000000000 ) ;
#2938 = EDGE_CURVE ( 'NONE', #1499, #2966, #958, .T. ) ;
#2939 = FACE_OUTER_BOUND ( 'NONE', #2012, .T. ) ;
#2940 = CIRCLE ( 'NONE', #2190, 1.899999999999985034 ) ;
#2941 = VECTOR ( 'NONE', #1052, 1000.000000000000000 ) ;
#2942 = VERTEX_POINT ( 'NONE', #1527 ) ;
#2943 = LINE ( 'NONE', #2401, #2176 ) ;
#2944 = VECTOR ( 'NONE', #823, 1000.000000000000000 ) ;
#2945 = LINE ( 'NONE', #226, #1901 ) ;
#2946 = ORIENTED_EDGE ( 'NONE', *, *, #851, .F. ) ;
#2947 = DIRECTION ( 'NONE',  ( -1.000000000000000000, -2.051499067242136828E-15, 0.000000000000000000 ) ) ;
#2948 = DIRECTION ( 'NONE',  ( 0.000000000000000000, -1.000000000000000000, 0.000000000000000000 ) ) ;
#2949 = SECURITY_CLASSIFICATION_LEVEL ( 'unclassified' ) ;
#2950 = VERTEX_POINT ( 'NONE', #2005 ) ;
#2951 = CARTESIAN_POINT ( 'NONE',  ( 62.20000000000000284, 98.49999999999997158, 0.9999999999999991118 ) ) ;
#2952 = DIRECTION ( 'NONE',  ( 1.000000000000000000, -0.000000000000000000, 0.000000000000000000 ) ) ;
#2953 = EDGE_CURVE ( 'NONE', #1499, #2201, #1260, .T. ) ;
#2954 = DIRECTION ( 'NONE',  ( 1.000000000000000000, 0.000000000000000000, 0.000000000000000000 ) ) ;
#2955 = ORIENTED_EDGE ( 'NONE', *, *, #3461, .T. ) ;
#2956 = ORIENTED_EDGE ( 'NONE', *, *, #2031, .T. ) ;
#2957 = DIRECTION ( 'NONE',  ( 1.000000000000000000, -0.000000000000000000, -0.000000000000000000 ) ) ;
#2958 = CARTESIAN_POINT ( 'NONE',  ( 15.20000000000001883, 151.9391149236989236, 11.00000000000000000 ) ) ;
#2959 = ORIENTED_EDGE ( 'NONE', *, *, #2925, .T. ) ;
#2960 = DIRECTION ( 'NONE',  ( -0.000000000000000000, -1.000000000000000000, -0.000000000000000000 ) ) ;
#2961 = CARTESIAN_POINT ( 'NONE',  ( 0.000000000000000000, 14.99999999999997158, 20.99999999999999645 ) ) ;
#2962 = CARTESIAN_POINT ( 'NONE',  ( 230.0000000000000000, 134.0000000000000000, 11.00000000000000000 ) ) ;
#2963 = ORIENTED_EDGE ( 'NONE', *, *, #775, .F. ) ;
#2964 = CARTESIAN_POINT ( 'NONE',  ( 191.2000000000000171, 136.2391149236989349, 11.00000000000000000 ) ) ;
#2965 = LINE ( 'NONE', #2659, #978 ) ;
#2966 = VERTEX_POINT ( 'NONE', #103 ) ;
#2967 = CARTESIAN_POINT ( 'NONE',  ( 81.19999999999998863, 136.2391149236989349, 0.9999999999999991118 ) ) ;
#2968 = EDGE_CURVE ( 'NONE', #483, #2413, #2835, .T. ) ;
#2969 = ORIENTED_EDGE ( 'NONE', *, *, #1439, .T. ) ;
#2970 = ORIENTED_EDGE ( 'NONE', *, *, #1331, .T. ) ;
#2971 = ADVANCED_FACE ( 'NONE', ( #2082 ), #1264, .F. ) ;
#2972 = DIRECTION ( 'NONE',  ( -1.000000000000000000, 0.000000000000000000, 0.000000000000000000 ) ) ;
#2973 = ORIENTED_EDGE ( 'NONE', *, *, #1002, .T. ) ;
#2974 = VECTOR ( 'NONE', #2552, 1000.000000000000000 ) ;
#2975 = EDGE_CURVE ( 'NONE', #884, #2426, #3376, .T. ) ;
#2976 = CARTESIAN_POINT ( 'NONE',  ( 194.2000000000000171, 114.1999999999999744, 0.9999999999999991118 ) ) ;
#2977 = DIRECTION ( 'NONE',  ( -0.000000000000000000, -0.000000000000000000, 1.000000000000000000 ) ) ;
#2978 = VECTOR ( 'NONE', #3164, 1000.000000000000000 ) ;
#2979 = CARTESIAN_POINT ( 'NONE',  ( 0.000000000000000000, 0.000000000000000000, 8.999999999999998224 ) ) ;
#2980 = EDGE_LOOP ( 'NONE', ( #172, #2317, #1813, #1405 ) ) ;
#2981 = CARTESIAN_POINT ( 'NONE',  ( 230.0000000000000000, 14.99999999999997158, 20.99999999999999645 ) ) ;
#2982 = CARTESIAN_POINT ( 'NONE',  ( 0.000000000000000000, 2.999999999999971578, 8.999999999999998224 ) ) ;
#2983 = EDGE_CURVE ( 'NONE', #983, #755, #2564, .T. ) ;
#2984 = ORIENTED_EDGE ( 'NONE', *, *, #3079, .T. ) ;
#2985 = LINE ( 'NONE', #2155, #1940 ) ;
#2986 = VECTOR ( 'NONE', #3194, 1000.000000000000000 ) ;
#2987 = DIRECTION ( 'NONE',  ( 0.000000000000000000, 1.000000000000000000, 0.000000000000000000 ) ) ;
#2988 = EDGE_LOOP ( 'NONE', ( #2342, #2622, #2745, #3142 ) ) ;
#2989 = CARTESIAN_POINT ( 'NONE',  ( 201.9000000000000057, 114.1999999999999744, 11.00000000000000000 ) ) ;
#2990 = PLANE ( 'NONE',  #2246 ) ;
#2991 = ORIENTED_EDGE ( 'NONE', *, *, #479, .T. ) ;
#2992 = LINE ( 'NONE', #1071, #381 ) ;
#2993 = AXIS2_PLACEMENT_3D ( 'NONE', #342, #2952, #3578 ) ;
#2994 = LINE ( 'NONE', #3200, #3570 ) ;
#2995 = EDGE_CURVE ( 'NONE', #2486, #3457, #3144, .T. ) ;
#2996 = DIRECTION ( 'NONE',  ( -1.000000000000000000, -1.206764157201257045E-16, 0.000000000000000000 ) ) ;
#2998 = ORIENTED_EDGE ( 'NONE', *, *, #2814, .F. ) ;
#2997 = AXIS2_PLACEMENT_3D ( 'NONE', #3026, #545, #1656 ) ;
#2999 = DIRECTION ( 'NONE',  ( 1.000000000000000000, -0.000000000000000000, 0.000000000000000000 ) ) ;
#3000 = CARTESIAN_POINT ( 'NONE',  ( 5.100000000000016520, 9.000000000000031974, 8.999999999999998224 ) ) ;
#3001 = APPROVAL_DATE_TIME ( #1155, #170 ) ;
#3002 = CC_DESIGN_PERSON_AND_ORGANIZATION_ASSIGNMENT ( #2225, #1953, ( #3309 ) ) ;
#3003 = VERTEX_POINT ( 'NONE', #3187 ) ;
#3004 = DIRECTION ( 'NONE',  ( -0.000000000000000000, -0.000000000000000000, 1.000000000000000000 ) ) ;
#3005 = ORIENTED_EDGE ( 'NONE', *, *, #2421, .F. ) ;
#3006 = DIRECTION ( 'NONE',  ( -0.000000000000000000, -0.000000000000000000, 1.000000000000000000 ) ) ;
#3007 = DIRECTION ( 'NONE',  ( -1.000000000000000000, 0.000000000000000000, 0.000000000000000000 ) ) ;
#3008 = VERTEX_POINT ( 'NONE', #1771 ) ;
#3009 = CARTESIAN_POINT ( 'NONE',  ( 205.5000000000000284, 136.2391149236989349, 0.9999999999999991118 ) ) ;
#3010 = CARTESIAN_POINT ( 'NONE',  ( 0.000000000000000000, 0.000000000000000000, 3.000000000000000000 ) ) ;
#3011 = PLANE ( 'NONE',  #540 ) ;
#3012 = EDGE_CURVE ( 'NONE', #1255, #1816, #660, .T. ) ;
#3013 = ORIENTED_EDGE ( 'NONE', *, *, #1350, .T. ) ;
#3014 = LINE ( 'NONE', #3253, #2696 ) ;
#3015 = EDGE_CURVE ( 'NONE', #1147, #3530, #1496, .T. ) ;
#3016 = DIRECTION ( 'NONE',  ( 0.000000000000000000, 0.000000000000000000, 1.000000000000000000 ) ) ;
#3017 = VERTEX_POINT ( 'NONE', #3453 ) ;
#3018 = LINE ( 'NONE', #535, #3553 ) ;
#3019 = EDGE_CURVE ( 'NONE', #2409, #1798, #497, .T. ) ;
#3020 = CARTESIAN_POINT ( 'NONE',  ( 193.1000000000001364, 8.999999999999984013, 9.000000000000000000 ) ) ;
#3021 = ORIENTED_EDGE ( 'NONE', *, *, #3461, .F. ) ;
#3022 = FACE_OUTER_BOUND ( 'NONE', #40, .T. ) ;
#3023 = CARTESIAN_POINT ( 'NONE',  ( 147.1999999999999886, 136.2391149236989349, 0.9999999999999991118 ) ) ;
#3024 = ORIENTED_EDGE ( 'NONE', *, *, #855, .T. ) ;
#3025 = DIRECTION ( 'NONE',  ( 0.000000000000000000, 0.000000000000000000, -1.000000000000000000 ) ) ;
#3026 = CARTESIAN_POINT ( 'NONE',  ( 73.50000000000001421, 136.2391149236989349, 0.9999999999999991118 ) ) ;
#3027 = CONICAL_SURFACE ( 'NONE', #2400, 1.899999999999988587, 1.029744258676653867 ) ;
#3028 = CARTESIAN_POINT ( 'NONE',  ( 139.5000000000000000, 151.9391149236989236, 0.9999999999999991118 ) ) ;
#3029 = ORIENTED_EDGE ( 'NONE', *, *, #1977, .T. ) ;
#3030 = DIRECTION ( 'NONE',  ( -0.000000000000000000, -1.000000000000000000, -0.000000000000000000 ) ) ;
#3031 = EDGE_CURVE ( 'NONE', #2441, #73, #2940, .T. ) ;
#3032 = VECTOR ( 'NONE', #230, 1000.000000000000000 ) ;
#3033 = DIRECTION ( 'NONE',  ( 0.000000000000000000, 1.000000000000000000, 0.000000000000000000 ) ) ;
#3034 = EDGE_CURVE ( 'NONE', #446, #2660, #2434, .T. ) ;
#3035 = VERTEX_POINT ( 'NONE', #784 ) ;
#3036 = CARTESIAN_POINT ( 'NONE',  ( 62.20000000000000284, 98.49999999999997158, 11.00000000000000000 ) ) ;
#3037 = APPLICATION_PROTOCOL_DEFINITION ( 'international standard', 'config_control_design', 1994, #841 ) ;
#3038 = VECTOR ( 'NONE', #1163, 1000.000000000000000 ) ;
#3039 = ADVANCED_FACE ( 'NONE', ( #732 ), #2132, .F. ) ;
#3040 = LINE ( 'NONE', #338, #1526 ) ;
#3041 = VERTEX_POINT ( 'NONE', #1308 ) ;
#3042 = CARTESIAN_POINT ( 'NONE',  ( 5.551115123125782702E-14, 160.8000000000004945, 13.00000000000000178 ) ) ;
#3043 = VECTOR ( 'NONE', #1827, 1000.000000000000000 ) ;
#3044 = VECTOR ( 'NONE', #3535, 1000.000000000000000 ) ;
#3045 = DIRECTION ( 'NONE',  ( 0.000000000000000000, 0.000000000000000000, 1.000000000000000000 ) ) ;
#3046 = ORIENTED_EDGE ( 'NONE', *, *, #843, .T. ) ;
#3047 = CARTESIAN_POINT ( 'NONE',  ( 0.000000000000000000, 154.0000000000000000, 3.000000000000000000 ) ) ;
#3048 = DIRECTION ( 'NONE',  ( -1.000000000000000000, 0.000000000000000000, 0.000000000000000000 ) ) ;
#3049 = CARTESIAN_POINT ( 'NONE',  ( 179.9000000000000057, 98.49999999999997158, 0.9999999999999991118 ) ) ;
#3050 = VERTEX_POINT ( 'NONE', #2388 ) ;
#3051 = CARTESIAN_POINT ( 'NONE',  ( 40.20000000000001705, 114.1999999999999744, 11.00000000000000000 ) ) ;
#3052 = VECTOR ( 'NONE', #573, 1000.000000000000000 ) ;
#3053 = DIRECTION ( 'NONE',  ( 0.8571673007021120005, 0.000000000000000000, 0.5150380749100547106 ) ) ;
#3054 = APPROVAL_DATE_TIME ( #2007, #369 ) ;
#3055 = VECTOR ( 'NONE', #3372, 1000.000000000000000 ) ;
#3056 = VERTEX_POINT ( 'NONE', #1858 ) ;
#3057 = DIRECTION ( 'NONE',  ( 0.000000000000000000, -0.000000000000000000, 1.000000000000000000 ) ) ;
#3058 = LOCAL_TIME ( 19, 24, 28.00000000000000000, #19 ) ;
#3059 = DIRECTION ( 'NONE',  ( -0.8571673007021117785, 1.049727191138617956E-16, 0.5150380749100550437 ) ) ;
#3060 = LINE ( 'NONE', #1389, #253 ) ;
#3061 = ORIENTED_EDGE ( 'NONE', *, *, #3466, .F. ) ;
#3062 = CARTESIAN_POINT ( 'NONE',  ( 91.90000000000000568, 98.49999999999997158, 0.9999999999999991118 ) ) ;
#3063 = CARTESIAN_POINT ( 'NONE',  ( 5.551115123125782702E-14, 160.8000000000004945, 13.00000000000000178 ) ) ;
#3064 = ORIENTED_EDGE ( 'NONE', *, *, #3299, .F. ) ;
#3065 = DIRECTION ( 'NONE',  ( 0.000000000000000000, 0.000000000000000000, -1.000000000000000000 ) ) ;
#3066 = DIRECTION ( 'NONE',  ( 0.000000000000000000, 0.000000000000000000, 1.000000000000000000 ) ) ;
#3067 = CARTESIAN_POINT ( 'NONE',  ( 128.2000000000000171, 98.49999999999997158, 0.9999999999999991118 ) ) ;
#3068 = DIRECTION ( 'NONE',  ( 0.000000000000000000, 1.000000000000000000, 0.000000000000000000 ) ) ;
#3069 = DIRECTION ( 'NONE',  ( 1.000000000000000000, -0.000000000000000000, -0.000000000000000000 ) ) ;
#3070 = EDGE_LOOP ( 'NONE', ( #2244, #255, #1895, #1471 ) ) ;
#3071 = DIRECTION ( 'NONE',  ( -1.000000000000000000, -0.000000000000000000, -0.000000000000000000 ) ) ;
#3072 = EDGE_LOOP ( 'NONE', ( #2429, #2169, #3145, #3123 ) ) ;
#3073 = APPROVAL_STATUS ( 'not_yet_approved' ) ;
#3074 = CARTESIAN_POINT ( 'NONE',  ( 230.0000000000000000, 2.999999999999971578, 8.999999999999998224 ) ) ;
#3075 = ORIENTED_EDGE ( 'NONE', *, *, #2815, .F. ) ;
#3076 = CARTESIAN_POINT ( 'NONE',  ( 117.5000000000000142, 136.2391149236989349, 0.9999999999999991118 ) ) ;
#3077 = FACE_OUTER_BOUND ( 'NONE', #937, .T. ) ;
#3078 = ADVANCED_FACE ( 'NONE', ( #1893 ), #716, .F. ) ;
#3079 = EDGE_CURVE ( 'NONE', #1227, #167, #2945, .T. ) ;
#3080 = ORIENTED_EDGE ( 'NONE', *, *, #1538, .T. ) ;
#3081 = CARTESIAN_POINT ( 'NONE',  ( 213.1999999999999886, 136.2391149236989349, 0.9999999999999991118 ) ) ;
#3082 = FACE_OUTER_BOUND ( 'NONE', #2684, .T. ) ;
#3083 = ADVANCED_FACE ( 'NONE', ( #2098 ), #462, .F. ) ;
#3084 = ORIENTED_EDGE ( 'NONE', *, *, #620, .F. ) ;
#3085 = VECTOR ( 'NONE', #2234, 1000.000000000000000 ) ;
#3086 = CYLINDRICAL_SURFACE ( 'NONE', #3388, 1.899999999999985034 ) ;
#3087 = CARTESIAN_POINT ( 'NONE',  ( 227.5000000000000000, 136.2391149236989349, 11.00000000000000000 ) ) ;
#3088 = ORIENTED_EDGE ( 'NONE', *, *, #355, .T. ) ;
#3089 = VECTOR ( 'NONE', #142, 1000.000000000000000 ) ;
#3090 = CARTESIAN_POINT ( 'NONE',  ( 183.5000000000000000, 136.2391149236989349, 0.9999999999999991118 ) ) ;
#3091 = CARTESIAN_POINT ( 'NONE',  ( 62.20000000000000284, 98.49999999999997158, 0.9999999999999991118 ) ) ;
#3092 = CARTESIAN_POINT ( 'NONE',  ( 1.734723475976807094E-15, 136.2391149236989349, 0.9999999999999991118 ) ) ;
#3093 = VERTEX_POINT ( 'NONE', #2419 ) ;
#3094 = FACE_OUTER_BOUND ( 'NONE', #1619, .T. ) ;
#3095 = LINE ( 'NONE', #1159, #1604 ) ;
#3096 = DIRECTION ( 'NONE',  ( 0.000000000000000000, 0.000000000000000000, -1.000000000000000000 ) ) ;
#3097 = ORIENTED_EDGE ( 'NONE', *, *, #3559, .T. ) ;
#3098 = VECTOR ( 'NONE', #424, 1000.000000000000000 ) ;
#3099 = LINE ( 'NONE', #2257, #2459 ) ;
#3100 = EDGE_LOOP ( 'NONE', ( #105, #1005 ) ) ;
#3101 = VECTOR ( 'NONE', #1320, 1000.000000000000000 ) ;
#3102 = DIRECTION ( 'NONE',  ( -0.000000000000000000, -0.000000000000000000, 1.000000000000000000 ) ) ;
#3103 = ORIENTED_EDGE ( 'NONE', *, *, #2819, .T. ) ;
#3104 = PLANE ( 'NONE',  #1830 ) ;
#3105 = EDGE_CURVE ( 'NONE', #2054, #167, #2994, .T. ) ;
#3106 = LINE ( 'NONE', #2893, #2373 ) ;
#3108 = ORIENTED_EDGE ( 'NONE', *, *, #1980, .T. ) ;
#3107 = VECTOR ( 'NONE', #2254, 1000.000000000000000 ) ;
#3109 = ADVANCED_FACE ( 'NONE', ( #3236 ), #206, .F. ) ;
#3110 = PLANE ( 'NONE',  #2520 ) ;
#3111 = VECTOR ( 'NONE', #923, 1000.000000000000000 ) ;
#3112 = CARTESIAN_POINT ( 'NONE',  ( 0.000000000000000000, 0.000000000000000000, 0.000000000000000000 ) ) ;
#3113 = DIRECTION ( 'NONE',  ( 0.000000000000000000, 1.000000000000000000, 0.000000000000000000 ) ) ;
#3114 = VERTEX_POINT ( 'NONE', #1616 ) ;
#3115 = LINE ( 'NONE', #3062, #1660 ) ;
#3116 = LOCAL_TIME ( 19, 24, 28.00000000000000000, #2802 ) ;
#3117 = LINE ( 'NONE', #2015, #2880 ) ;
#3118 = AXIS2_PLACEMENT_3D ( 'NONE', #2207, #3232, #3310 ) ;
#3119 = CARTESIAN_POINT ( 'NONE',  ( 169.2000000000000171, 151.9391149236989236, 0.9999999999999991118 ) ) ;
#3120 = ORIENTED_EDGE ( 'NONE', *, *, #404, .F. ) ;
#3121 = VERTEX_POINT ( 'NONE', #1547 ) ;
#3122 = PLANE ( 'NONE',  #192 ) ;
#3123 = ORIENTED_EDGE ( 'NONE', *, *, #713, .T. ) ;
#3124 = FACE_OUTER_BOUND ( 'NONE', #1000, .T. ) ;
#3125 = VERTEX_POINT ( 'NONE', #445 ) ;
#3126 = CARTESIAN_POINT ( 'NONE',  ( 227.5000000000000000, 136.2391149236989349, 11.00000000000000000 ) ) ;
#3127 = DIRECTION ( 'NONE',  ( 1.000000000000000000, 1.206764157201257291E-16, -0.000000000000000000 ) ) ;
#3128 = EDGE_CURVE ( 'NONE', #2432, #671, #1007, .T. ) ;
#3129 = EDGE_CURVE ( 'NONE', #1852, #637, #174, .T. ) ;
#3130 = ORIENTED_EDGE ( 'NONE', *, *, #3019, .T. ) ;
#3131 = LINE ( 'NONE', #1438, #3272 ) ;
#3132 = FACE_OUTER_BOUND ( 'NONE', #3444, .T. ) ;
#3133 = EDGE_CURVE ( 'NONE', #3373, #73, #189, .T. ) ;
#3134 = ORIENTED_EDGE ( 'NONE', *, *, #1889, .T. ) ;
#3135 = CARTESIAN_POINT ( 'NONE',  ( 0.000000000000000000, 0.000000000000000000, 0.000000000000000000 ) ) ;
#3136 = DIRECTION ( 'NONE',  ( 0.000000000000000000, -0.000000000000000000, 1.000000000000000000 ) ) ;
#3137 = ORIENTED_EDGE ( 'NONE', *, *, #1639, .T. ) ;
#3138 = EDGE_LOOP ( 'NONE', ( #2857, #408, #1199, #1282 ) ) ;
#3139 = DIRECTION ( 'NONE',  ( 1.000000000000000000, 0.000000000000000000, -0.000000000000000000 ) ) ;
#3140 = ORIENTED_EDGE ( 'NONE', *, *, #292, .F. ) ;
#3141 = DIRECTION ( 'NONE',  ( 0.000000000000000000, -0.000000000000000000, -1.000000000000000000 ) ) ;
#3142 = ORIENTED_EDGE ( 'NONE', *, *, #2556, .F. ) ;
#3143 = LINE ( 'NONE', #1545, #1074 ) ;
#3144 = LINE ( 'NONE', #2028, #3287 ) ;
#3145 = ORIENTED_EDGE ( 'NONE', *, *, #3559, .F. ) ;
#3146 = CARTESIAN_POINT ( 'NONE',  ( 213.1999999999999886, 136.2391149236989349, 0.9999999999999991118 ) ) ;
#3147 = EDGE_CURVE ( 'NONE', #2914, #2046, #1839, .T. ) ;
#3148 = DIRECTION ( 'NONE',  ( 0.000000000000000000, -0.000000000000000000, 1.000000000000000000 ) ) ;
#3149 = VECTOR ( 'NONE', #3113, 1000.000000000000000 ) ;
#3150 = EDGE_LOOP ( 'NONE', ( #1219, #847, #2106, #183 ) ) ;
#3151 = LINE ( 'NONE', #2951, #2069 ) ;
#3152 = ADVANCED_FACE ( 'NONE', ( #1040 ), #2149, .F. ) ;
#3153 = VECTOR ( 'NONE', #1493, 1000.000000000000000 ) ;
#3154 = PLANE ( 'NONE',  #2685 ) ;
#3155 = ORIENTED_EDGE ( 'NONE', *, *, #1625, .T. ) ;
#3156 = EDGE_LOOP ( 'NONE', ( #2902, #190, #560, #698 ) ) ;
#3157 = EDGE_CURVE ( 'NONE', #2336, #379, #3250, .T. ) ;
#3158 = CARTESIAN_POINT ( 'NONE',  ( 150.1999999999999886, 114.1999999999999744, 0.9999999999999991118 ) ) ;
#3159 = ORIENTED_EDGE ( 'NONE', *, *, #1637, .T. ) ;
#3160 = PLANE ( 'NONE',  #1434 ) ;
#3161 = VECTOR ( 'NONE', #2612, 1000.000000000000000 ) ;
#3162 = VECTOR ( 'NONE', #2162, 1000.000000000000000 ) ;
#3163 = ORIENTED_EDGE ( 'NONE', *, *, #3479, .F. ) ;
#3164 = DIRECTION ( 'NONE',  ( 1.000000000000000000, -0.000000000000000000, -0.000000000000000000 ) ) ;
#3165 = VECTOR ( 'NONE', #1620, 1000.000000000000000 ) ;
#3166 = DIRECTION ( 'NONE',  ( 1.000000000000000000, 0.000000000000000000, 0.000000000000000000 ) ) ;
#3167 = VECTOR ( 'NONE', #2933, 1000.000000000000000 ) ;
#3168 = ORIENTED_EDGE ( 'NONE', *, *, #2892, .T. ) ;
#3169 = DIRECTION ( 'NONE',  ( -0.000000000000000000, -0.000000000000000000, 1.000000000000000000 ) ) ;
#3170 = CARTESIAN_POINT ( 'NONE',  ( 2.449293598294704146E-15, 134.0000000000000000, 11.00000000000000000 ) ) ;
#3171 = FACE_OUTER_BOUND ( 'NONE', #1193, .T. ) ;
#3172 = ORIENTED_EDGE ( 'NONE', *, *, #2705, .T. ) ;
#3173 = CARTESIAN_POINT ( 'NONE',  ( 147.1999999999999886, 136.2391149236989349, 11.00000000000000000 ) ) ;
#3174 = VECTOR ( 'NONE', #509, 1000.000000000000000 ) ;
#3175 = AXIS2_PLACEMENT_3D ( 'NONE', #579, #361, #3045 ) ;
#3176 = EDGE_CURVE ( 'NONE', #182, #3327, #1597, .T. ) ;
#3177 = DIRECTION ( 'NONE',  ( 1.000000000000000000, 0.000000000000000000, -0.000000000000000000 ) ) ;
#3178 = VECTOR ( 'NONE', #2061, 1000.000000000000000 ) ;
#3179 = VERTEX_POINT ( 'NONE', #10 ) ;
#3180 = VERTEX_POINT ( 'NONE', #2504 ) ;
#3181 = DIRECTION ( 'NONE',  ( -0.000000000000000000, -0.000000000000000000, 1.000000000000000000 ) ) ;
#3182 = EDGE_LOOP ( 'NONE', ( #2530, #2866, #1976, #1413 ) ) ;
#3183 = AXIS2_PLACEMENT_3D ( 'NONE', #459, #1284, #1020 ) ;
#3184 = CARTESIAN_POINT ( 'NONE',  ( 195.0000000000001137, 8.999999999999984013, 2.658364823847642722 ) ) ;
#3185 = VERTEX_POINT ( 'NONE', #3317 ) ;
#3186 = DIRECTION ( 'NONE',  ( -1.000000000000000000, 0.000000000000000000, 0.000000000000000000 ) ) ;
#3187 = CARTESIAN_POINT ( 'NONE',  ( 230.0000000000000000, 162.0000000000000000, 13.00000000000000178 ) ) ;
#3188 = VERTEX_POINT ( 'NONE', #1632 ) ;
#3189 = LINE ( 'NONE', #718, #2227 ) ;
#3190 = ORIENTED_EDGE ( 'NONE', *, *, #2292, .T. ) ;
#3191 = CARTESIAN_POINT ( 'NONE',  ( 103.2000000000000171, 136.2391149236989349, 11.00000000000000000 ) ) ;
#3192 = FACE_OUTER_BOUND ( 'NONE', #1610, .T. ) ;
#3193 = ORIENTED_EDGE ( 'NONE', *, *, #2045, .F. ) ;
#3194 = DIRECTION ( 'NONE',  ( 0.000000000000000000, 1.000000000000000000, 0.000000000000000000 ) ) ;
#3195 = EDGE_CURVE ( 'NONE', #3411, #3567, #832, .T. ) ;
#3196 = CARTESIAN_POINT ( 'NONE',  ( 205.5000000000000284, 136.2391149236989349, 0.9999999999999991118 ) ) ;
#3197 = EDGE_CURVE ( 'NONE', #2029, #853, #1693, .T. ) ;
#3198 = ORIENTED_EDGE ( 'NONE', *, *, #2216, .T. ) ;
#3199 = CARTESIAN_POINT ( 'NONE',  ( 195.0000000000001137, 8.999999999999984013, 3.800000000000001155 ) ) ;
#3200 = CARTESIAN_POINT ( 'NONE',  ( 230.0000000000000000, 14.99999999999997158, 3.000000000000000000 ) ) ;
#3201 = EDGE_CURVE ( 'NONE', #2853, #1142, #568, .T. ) ;
#3202 = ORIENTED_EDGE ( 'NONE', *, *, #3195, .T. ) ;
#3203 = CARTESIAN_POINT ( 'NONE',  ( 147.1999999999999886, 151.9391149236989236, 11.00000000000000000 ) ) ;
#3204 = VECTOR ( 'NONE', #3181, 1000.000000000000000 ) ;
#3205 = ORIENTED_EDGE ( 'NONE', *, *, #992, .F. ) ;
#3206 = DIRECTION ( 'NONE',  ( 1.000000000000000000, 0.000000000000000000, 0.000000000000000000 ) ) ;
#3207 = VECTOR ( 'NONE', #3403, 1000.000000000000000 ) ;
#3208 = DIRECTION ( 'NONE',  ( -1.000000000000000000, 0.000000000000000000, 0.000000000000000000 ) ) ;
#3209 = EDGE_LOOP ( 'NONE', ( #932, #2053, #160, #632 ) ) ;
#3210 = CYLINDRICAL_SURFACE ( 'NONE', #1195, 1.899999999999988587 ) ;
#3211 = VECTOR ( 'NONE', #1017, 1000.000000000000000 ) ;
#3212 = LINE ( 'NONE', #171, #2083 ) ;
#3213 = ORIENTED_EDGE ( 'NONE', *, *, #627, .F. ) ;
#3214 = CARTESIAN_POINT ( 'NONE',  ( 37.20000000000000995, 136.2391149236989349, 11.00000000000000000 ) ) ;
#3215 = EDGE_CURVE ( 'NONE', #897, #2910, #295, .T. ) ;
#3216 = DIRECTION ( 'NONE',  ( -0.000000000000000000, -1.000000000000000000, -0.000000000000000000 ) ) ;
#3217 = VECTOR ( 'NONE', #1873, 1000.000000000000000 ) ;
#3218 = ORIENTED_EDGE ( 'NONE', *, *, #697, .T. ) ;
#3219 = VECTOR ( 'NONE', #1275, 1000.000000000000000 ) ;
#3220 = DIRECTION ( 'NONE',  ( -1.000000000000000000, 0.000000000000000000, 0.000000000000000000 ) ) ;
#3221 = EDGE_CURVE ( 'NONE', #2413, #2366, #1708, .T. ) ;
#3222 = FACE_OUTER_BOUND ( 'NONE', #1702, .T. ) ;
#3223 = VECTOR ( 'NONE', #2312, 1000.000000000000000 ) ;
#3224 = ORIENTED_EDGE ( 'NONE', *, *, #1383, .F. ) ;
#3225 = LINE ( 'NONE', #2051, #23 ) ;
#3226 = EDGE_CURVE ( 'NONE', #1465, #2029, #2810, .T. ) ;
#3227 = DIRECTION ( 'NONE',  ( 0.000000000000000000, 1.000000000000000000, 0.000000000000000000 ) ) ;
#3228 = VECTOR ( 'NONE', #222, 1000.000000000000000 ) ;
#3229 = ORIENTED_EDGE ( 'NONE', *, *, #1247, .F. ) ;
#3230 = DIRECTION ( 'NONE',  ( 1.000000000000000000, -0.000000000000000000, -0.000000000000000000 ) ) ;
#3231 = VECTOR ( 'NONE', #2676, 1000.000000000000000 ) ;
#3232 = DIRECTION ( 'NONE',  ( 0.000000000000000000, -0.000000000000000000, 1.000000000000000000 ) ) ;
#3233 = VECTOR ( 'NONE', #3102, 1000.000000000000000 ) ;
#3234 = ORIENTED_EDGE ( 'NONE', *, *, #1204, .T. ) ;
#3235 = LINE ( 'NONE', #527, #492 ) ;
#3236 = FACE_OUTER_BOUND ( 'NONE', #3315, .T. ) ;
#3237 = CARTESIAN_POINT ( 'NONE',  ( 51.50000000000002132, 151.9391149236989236, 0.9999999999999991118 ) ) ;
#3238 = ORIENTED_EDGE ( 'NONE', *, *, #2269, .F. ) ;
#3239 = CARTESIAN_POINT ( 'NONE',  ( 0.000000000000000000, 162.0000000000000000, 0.000000000000000000 ) ) ;
#3240 = ADVANCED_FACE ( 'NONE', ( #2449 ), #1395, .F. ) ;
#3241 = LINE ( 'NONE', #1045, #1368 ) ;
#3242 = ADVANCED_FACE ( 'NONE', ( #1360 ), #598, .F. ) ;
#3243 = DIRECTION ( 'NONE',  ( -0.000000000000000000, -0.000000000000000000, 1.000000000000000000 ) ) ;
#3244 = ADVANCED_FACE ( 'NONE', ( #34 ), #311, .F. ) ;
#3245 = ORIENTED_EDGE ( 'NONE', *, *, #1105, .F. ) ;
#3246 = VERTEX_POINT ( 'NONE', #1412 ) ;
#3247 = CARTESIAN_POINT ( 'NONE',  ( 81.19999999999998863, 136.2391149236989349, 11.00000000000000000 ) ) ;
#3248 = ORIENTED_EDGE ( 'NONE', *, *, #597, .T. ) ;
#3249 = DIRECTION ( 'NONE',  ( 0.000000000000000000, 1.000000000000000000, 0.000000000000000000 ) ) ;
#3250 = LINE ( 'NONE', #766, #3401 ) ;
#3251 = CARTESIAN_POINT ( 'NONE',  ( 40.20000000000001705, 114.1999999999999744, 11.00000000000000000 ) ) ;
#3252 = ORIENTED_EDGE ( 'NONE', *, *, #1950, .F. ) ;
#3253 = CARTESIAN_POINT ( 'NONE',  ( 183.5000000000000000, 136.2391149236989349, 11.00000000000000000 ) ) ;
#3254 = PLANE ( 'NONE',  #2370 ) ;
#3255 = ORIENTED_EDGE ( 'NONE', *, *, #3416, .F. ) ;
#3256 = CARTESIAN_POINT ( 'NONE',  ( 0.000000000000000000, 0.000000000000000000, 0.9999999999999991118 ) ) ;
#3257 = VECTOR ( 'NONE', #32, 1000.000000000000000 ) ;
#3258 = EDGE_LOOP ( 'NONE', ( #2596, #3213, #1076, #1646 ) ) ;
#3259 = CARTESIAN_POINT ( 'NONE',  ( 193.1000000000001364, 8.999999999999984013, 3.800000000000001155 ) ) ;
#3260 = ADVANCED_FACE ( 'NONE', ( #2738 ), #2470, .F. ) ;
#3261 = LINE ( 'NONE', #1355, #3228 ) ;
#3262 = ORIENTED_EDGE ( 'NONE', *, *, #2663, .F. ) ;
#3263 = ADVANCED_FACE ( 'NONE', ( #1911 ), #3548, .F. ) ;
#3264 = AXIS2_PLACEMENT_3D ( 'NONE', #1505, #112, #3096 ) ;
#3265 = CARTESIAN_POINT ( 'NONE',  ( 150.1999999999999886, 114.1999999999999744, 0.9999999999999991118 ) ) ;
#3266 = EDGE_CURVE ( 'NONE', #1302, #1326, #1092, .T. ) ;
#3267 = DIRECTION ( 'NONE',  ( 0.000000000000000000, 0.000000000000000000, 1.000000000000000000 ) ) ;
#3268 = PLANE ( 'NONE',  #774 ) ;
#3269 = ORIENTED_EDGE ( 'NONE', *, *, #3201, .T. ) ;
#3270 = CARTESIAN_POINT ( 'NONE',  ( 91.90000000000000568, 114.1999999999999744, 0.9999999999999991118 ) ) ;
#3271 = PLANE ( 'NONE',  #104 ) ;
#3272 = VECTOR ( 'NONE', #2801, 1000.000000000000000 ) ;
#3273 = ORIENTED_EDGE ( 'NONE', *, *, #3176, .F. ) ;
#3274 = CARTESIAN_POINT ( 'NONE',  ( 117.5000000000000142, 151.9391149236989236, 0.9999999999999991118 ) ) ;
#3275 = EDGE_LOOP ( 'NONE', ( #2038, #1274, #3540, #2875 ) ) ;
#3276 = DIRECTION ( 'NONE',  ( -1.000000000000000000, 0.000000000000000000, 0.000000000000000000 ) ) ;
#3277 = CARTESIAN_POINT ( 'NONE',  ( 0.000000000000000000, 0.000000000000000000, 3.000000000000000000 ) ) ;
#3278 = ADVANCED_FACE ( 'NONE', ( #2523 ), #2198, .F. ) ;
#3279 = VECTOR ( 'NONE', #493, 1000.000000000000000 ) ;
#3280 = ADVANCED_FACE ( 'NONE', ( #3082 ), #1925, .F. ) ;
#3281 = VERTEX_POINT ( 'NONE', #2759 ) ;
#3282 = CARTESIAN_POINT ( 'NONE',  ( 1.734723475976807094E-15, 136.2391149236989349, 11.00000000000000000 ) ) ;
#3283 = VECTOR ( 'NONE', #1916, 1000.000000000000000 ) ;
#3284 = CARTESIAN_POINT ( 'NONE',  ( 25.90000000000000568, 98.49999999999997158, 11.00000000000000000 ) ) ;
#3285 = EDGE_CURVE ( 'NONE', #1129, #1776, #2561, .T. ) ;
#3286 = CARTESIAN_POINT ( 'NONE',  ( 95.50000000000000000, 136.2391149236989349, 0.9999999999999991118 ) ) ;
#3288 = ORIENTED_EDGE ( 'NONE', *, *, #2075, .T. ) ;
#3287 = VECTOR ( 'NONE', #3127, 1000.000000000000000 ) ;
#3289 = LINE ( 'NONE', #1328, #212 ) ;
#3290 = LINE ( 'NONE', #1824, #1952 ) ;
#3291 = ORIENTED_EDGE ( 'NONE', *, *, #627, .T. ) ;
#3292 = DIRECTION ( 'NONE',  ( 0.000000000000000000, -1.000000000000000000, -0.000000000000000000 ) ) ;
#3293 = CARTESIAN_POINT ( 'NONE',  ( 201.9000000000000057, 114.1999999999999744, 0.9999999999999991118 ) ) ;
#3294 = ORIENTED_EDGE ( 'NONE', *, *, #713, .F. ) ;
#3295 = CARTESIAN_POINT ( 'NONE',  ( 205.5000000000000284, 151.9391149236989236, 11.00000000000000000 ) ) ;
#3296 = LINE ( 'NONE', #3564, #508 ) ;
#3297 = EDGE_CURVE ( 'NONE', #1133, #145, #2354, .T. ) ;
#3298 = LINE ( 'NONE', #615, #1652 ) ;
#3299 = EDGE_CURVE ( 'NONE', #3567, #3180, #617, .T. ) ;
#3300 = DIRECTION ( 'NONE',  ( 0.000000000000000000, 1.000000000000000000, 0.000000000000000000 ) ) ;
#3301 = CARTESIAN_POINT ( 'NONE',  ( 213.1999999999999886, 151.9391149236989236, 0.9999999999999991118 ) ) ;
#3302 = ORIENTED_EDGE ( 'NONE', *, *, #775, .T. ) ;
#3303 = FACE_OUTER_BOUND ( 'NONE', #368, .T. ) ;
#3304 = EDGE_CURVE ( 'NONE', #3440, #94, #894, .T. ) ;
#3305 = LINE ( 'NONE', #2203, #3052 ) ;
#3306 = ORIENTED_EDGE ( 'NONE', *, *, #204, .F. ) ;
#3307 = ADVANCED_FACE ( 'NONE', ( #1510 ), #1729, .T. ) ;
#3308 = CARTESIAN_POINT ( 'NONE',  ( 106.2000000000000171, 98.49999999999997158, 0.9999999999999991118 ) ) ;
#3309 = PRODUCT_DEFINITION ( 'æœ', '', #2601, #1501 ) ;
#3310 = DIRECTION ( 'NONE',  ( 1.000000000000000000, 0.000000000000000000, -0.000000000000000000 ) ) ;
#3311 = LINE ( 'NONE', #1700, #3149 ) ;
#3312 = ORIENTED_EDGE ( 'NONE', *, *, #1555, .T. ) ;
#3313 = DIRECTION ( 'NONE',  ( 1.000000000000000000, -0.000000000000000000, -0.000000000000000000 ) ) ;
#3314 = DIRECTION ( 'NONE',  ( 0.000000000000000000, -0.000000000000000000, -1.000000000000000000 ) ) ;
#3315 = EDGE_LOOP ( 'NONE', ( #3080, #2761, #3408, #2021 ) ) ;
#3316 = LINE ( 'NONE', #1674, #3038 ) ;
#3317 = CARTESIAN_POINT ( 'NONE',  ( 183.5000000000000000, 136.2391149236989349, 11.00000000000000000 ) ) ;
#3318 = AXIS2_PLACEMENT_3D ( 'NONE', #670, #931, #1235 ) ;
#3319 = DIRECTION ( 'NONE',  ( -0.000000000000000000, -1.000000000000000000, -0.000000000000000000 ) ) ;
#3320 = VERTEX_POINT ( 'NONE', #2832 ) ;
#3321 = LINE ( 'NONE', #1696, #1015 ) ;
#3322 = CIRCLE ( 'NONE', #199, 1.899999999999988587 ) ;
#3323 = CARTESIAN_POINT ( 'NONE',  ( 161.5000000000000000, 136.2391149236989349, 11.00000000000000000 ) ) ;
#3324 = ORIENTED_EDGE ( 'NONE', *, *, #2628, .F. ) ;
#3325 = DIRECTION ( 'NONE',  ( 4.625929269273386004E-14, -1.000000000000000000, 0.000000000000000000 ) ) ;
#3326 = CARTESIAN_POINT ( 'NONE',  ( 161.5000000000000000, 151.9391149236989236, 0.9999999999999991118 ) ) ;
#3327 = VERTEX_POINT ( 'NONE', #974 ) ;
#3328 = CARTESIAN_POINT ( 'NONE',  ( 201.9000000000000057, 98.49999999999997158, 0.9999999999999991118 ) ) ;
#3329 = AXIS2_PLACEMENT_3D ( 'NONE', #1443, #1740, #1974 ) ;
#3330 = AXIS2_PLACEMENT_3D ( 'NONE', #1601, #2726, #2691 ) ;
#3331 = CARTESIAN_POINT ( 'NONE',  ( 0.000000000000000000, 154.0000000000000000, 11.00000000000000000 ) ) ;
#3332 = VECTOR ( 'NONE', #539, 1000.000000000000000 ) ;
#3333 = ORIENTED_EDGE ( 'NONE', *, *, #524, .T. ) ;
#3334 = DIRECTION ( 'NONE',  ( 1.000000000000000000, -0.000000000000000000, -0.000000000000000000 ) ) ;
#3335 = ORIENTED_EDGE ( 'NONE', *, *, #1201, .T. ) ;
#3336 = CARTESIAN_POINT ( 'NONE',  ( 227.5000000000000000, 136.2391149236989349, 0.9999999999999991118 ) ) ;
#3337 = CARTESIAN_POINT ( 'NONE',  ( 86.90000000000009095, 8.999999999999984013, 9.000000000000000000 ) ) ;
#3338 = EDGE_LOOP ( 'NONE', ( #1114, #463, #3190, #1870 ) ) ;
#3339 = DIRECTION ( 'NONE',  ( 0.000000000000000000, 1.000000000000000000, 0.000000000000000000 ) ) ;
#3340 = VECTOR ( 'NONE', #1097, 1000.000000000000000 ) ;
#3341 = CARTESIAN_POINT ( 'NONE',  ( 106.2000000000000171, 98.49999999999997158, 11.00000000000000000 ) ) ;
#3342 = VECTOR ( 'NONE', #936, 1000.000000000000000 ) ;
#3343 = ORIENTED_EDGE ( 'NONE', *, *, #88, .T. ) ;
#3344 = DIRECTION ( 'NONE',  ( 0.000000000000000000, 0.000000000000000000, -1.000000000000000000 ) ) ;
#3345 = EDGE_CURVE ( 'NONE', #3017, #2311, #347, .T. ) ;
#3346 = EDGE_CURVE ( 'NONE', #1562, #3387, #696, .T. ) ;
#3347 = CARTESIAN_POINT ( 'NONE',  ( 95.50000000000000000, 136.2391149236989349, 11.00000000000000000 ) ) ;
#3348 = FACE_OUTER_BOUND ( 'NONE', #3072, .T. ) ;
#3349 = ORIENTED_EDGE ( 'NONE', *, *, #3352, .F. ) ;
#3350 = CARTESIAN_POINT ( 'NONE',  ( 0.000000000000000000, 136.2391149236989349, 3.000000000000000000 ) ) ;
#3351 = DIRECTION ( 'NONE',  ( 0.000000000000000000, 0.000000000000000000, 1.000000000000000000 ) ) ;
#3352 = EDGE_CURVE ( 'NONE', #865, #1863, #2077, .T. ) ;
#3353 = VERTEX_POINT ( 'NONE', #328 ) ;
#3354 = CARTESIAN_POINT ( 'NONE',  ( 95.50000000000000000, 151.9391149236989236, 11.00000000000000000 ) ) ;
#3355 = DIRECTION ( 'NONE',  ( -0.000000000000000000, -1.000000000000000000, -0.000000000000000000 ) ) ;
#3356 = ORIENTED_EDGE ( 'NONE', *, *, #1575, .T. ) ;
#3357 = FACE_OUTER_BOUND ( 'NONE', #2188, .T. ) ;
#3358 = DIRECTION ( 'NONE',  ( 1.000000000000000000, -0.000000000000000000, 0.000000000000000000 ) ) ;
#3359 = ORIENTED_EDGE ( 'NONE', *, *, #102, .T. ) ;
#3360 = PLANE ( 'NONE',  #1829 ) ;
#3361 = DATE_AND_TIME ( #2496, #3515 ) ;
#3362 = LINE ( 'NONE', #1441, #2974 ) ;
#3363 = EDGE_LOOP ( 'NONE', ( #2147, #2614, #385, #610, #1832, #1258, #959, #371, #1315, #471, #3312, #1401, #1241, #1734, #1442, #1353, #437, #1120, #625, #1945, #676, #2932 ) ) ;
#3364 = FACE_BOUND ( 'NONE', #3138, .T. ) ;
#3365 = LINE ( 'NONE', #2555, #2763 ) ;
#3366 = LINE ( 'NONE', #2314, #143 ) ;
#3367 = ORIENTED_EDGE ( 'NONE', *, *, #1733, .F. ) ;
#3368 = ADVANCED_FACE ( 'NONE', ( #1470 ), #1767, .F. ) ;
#3369 = DIRECTION ( 'NONE',  ( 0.000000000000000000, 1.000000000000000000, 0.000000000000000000 ) ) ;
#3370 = VECTOR ( 'NONE', #326, 1000.000000000000000 ) ;
#3371 = EDGE_LOOP ( 'NONE', ( #2644, #1985, #3229, #1035 ) ) ;
#3372 = DIRECTION ( 'NONE',  ( 0.8571673007021117785, 0.000000000000000000, 0.5150380749100550437 ) ) ;
#3373 = VERTEX_POINT ( 'NONE', #3184 ) ;
#3374 = CARTESIAN_POINT ( 'NONE',  ( 83.10000000000012221, 8.999999999999984013, 3.800000000000001155 ) ) ;
#3375 = VECTOR ( 'NONE', #1137, 1000.000000000000000 ) ;
#3376 = LINE ( 'NONE', #3396, #1670 ) ;
#3377 = APPROVAL_ROLE ( '' ) ;
#3378 = ORIENTED_EDGE ( 'NONE', *, *, #2175, .T. ) ;
#3379 = VECTOR ( 'NONE', #2679, 1000.000000000000000 ) ;
#3380 = CARTESIAN_POINT ( 'NONE',  ( 125.2000000000000028, 151.9391149236989236, 0.9999999999999991118 ) ) ;
#3381 = LINE ( 'NONE', #3347, #456 ) ;
#3382 = DIRECTION ( 'NONE',  ( 0.000000000000000000, 1.000000000000000000, 0.000000000000000000 ) ) ;
#3383 = ORIENTED_EDGE ( 'NONE', *, *, #2508, .F. ) ;
#3384 = LINE ( 'NONE', #948, #97 ) ;
#3385 = DIRECTION ( 'NONE',  ( 0.000000000000000000, 1.000000000000000000, 0.000000000000000000 ) ) ;
#3386 = CARTESIAN_POINT ( 'NONE',  ( 139.5000000000000000, 151.9391149236989236, 11.00000000000000000 ) ) ;
#3387 = VERTEX_POINT ( 'NONE', #1450 ) ;
#3388 = AXIS2_PLACEMENT_3D ( 'NONE', #835, #281, #2279 ) ;
#3389 = CARTESIAN_POINT ( 'NONE',  ( 91.90000000000000568, 114.1999999999999744, 11.00000000000000000 ) ) ;
#3390 = EDGE_CURVE ( 'NONE', #712, #2823, #2320, .T. ) ;
#3391 = ORIENTED_EDGE ( 'NONE', *, *, #2858, .T. ) ;
#3392 = CARTESIAN_POINT ( 'NONE',  ( 106.2000000000000171, 98.49999999999997158, 11.00000000000000000 ) ) ;
#3393 = EDGE_CURVE ( 'NONE', #1929, #3050, #1183, .T. ) ;
#3394 = VERTEX_POINT ( 'NONE', #2299 ) ;
#3395 = DIRECTION ( 'NONE',  ( -1.000000000000000000, 0.000000000000000000, 0.000000000000000000 ) ) ;
#3396 = CARTESIAN_POINT ( 'NONE',  ( 230.0000000000000000, 97.00000000000000000, 11.00000000000000000 ) ) ;
#3397 = EDGE_CURVE ( 'NONE', #2848, #379, #2544, .T. ) ;
#3399 = ORIENTED_EDGE ( 'NONE', *, *, #3345, .T. ) ;
#3398 = VECTOR ( 'NONE', #1992, 1000.000000000000000 ) ;
#3400 = CARTESIAN_POINT ( 'NONE',  ( 0.000000000000000000, 14.99999999999997158, 3.000000000000000000 ) ) ;
#3401 = VECTOR ( 'NONE', #2977, 1000.000000000000000 ) ;
#3402 = PERSON_AND_ORGANIZATION ( #1892, #570 ) ;
#3403 = DIRECTION ( 'NONE',  ( -0.000000000000000000, -0.000000000000000000, 1.000000000000000000 ) ) ;
#3404 = VERTEX_POINT ( 'NONE', #1998 ) ;
#3405 = CARTESIAN_POINT ( 'NONE',  ( 51.50000000000002132, 151.9391149236989236, 0.9999999999999991118 ) ) ;
#3406 = VECTOR ( 'NONE', #2568, 1000.000000000000000 ) ;
#3407 = DIRECTION ( 'NONE',  ( 0.000000000000000000, 0.000000000000000000, -1.000000000000000000 ) ) ;
#3408 = ORIENTED_EDGE ( 'NONE', *, *, #1758, .F. ) ;
#3409 = ORIENTED_EDGE ( 'NONE', *, *, #2892, .F. ) ;
#3410 = DIRECTION ( 'NONE',  ( 0.000000000000000000, 1.000000000000000000, 0.000000000000000000 ) ) ;
#3411 = VERTEX_POINT ( 'NONE', #916 ) ;
#3412 = CARTESIAN_POINT ( 'NONE',  ( 230.0000000000000000, 154.0000000000000000, 11.00000000000000000 ) ) ;
#3413 = VERTEX_POINT ( 'NONE', #1747 ) ;
#3414 = ADVANCED_FACE ( 'NONE', ( #3124 ), #640, .F. ) ;
#3415 = LINE ( 'NONE', #2060, #3219 ) ;
#3416 = EDGE_CURVE ( 'NONE', #1270, #1906, #1222, .T. ) ;
#3417 = CARTESIAN_POINT ( 'NONE',  ( 205.5000000000000284, 136.2391149236989349, 0.9999999999999991118 ) ) ;
#3418 = ORIENTED_EDGE ( 'NONE', *, *, #3504, .F. ) ;
#3419 = CARTESIAN_POINT ( 'NONE',  ( 0.000000000000000000, 2.999999999999971578, 8.999999999999998224 ) ) ;
#3420 = ADVANCED_FACE ( 'NONE', ( #2335 ), #3160, .F. ) ;
#3421 = ADVANCED_FACE ( 'NONE', ( #2867 ), #406, .F. ) ;
#3422 = LINE ( 'NONE', #962, #75 ) ;
#3423 = VERTEX_POINT ( 'NONE', #2634 ) ;
#3424 = PLANE ( 'NONE',  #1135 ) ;
#3425 = APPROVAL ( #558, 'æœª' ) ;
#3426 = PLANE ( 'NONE',  #2222 ) ;
#3427 = EDGE_LOOP ( 'NONE', ( #2566, #2785, #2588, #1492, #241, #709, #2716, #1994, #2635, #62, #2886, #3418, #114, #877, #1366, #574 ) ) ;
#3428 = ORIENTED_EDGE ( 'NONE', *, *, #1650, .F. ) ;
#3429 = DIRECTION ( 'NONE',  ( 0.000000000000000000, 1.000000000000000000, 0.000000000000000000 ) ) ;
#3430 = VERTEX_POINT ( 'NONE', #2958 ) ;
#3431 = DIRECTION ( 'NONE',  ( 0.000000000000000000, -1.000000000000000000, -0.000000000000000000 ) ) ;
#3432 = ORIENTED_EDGE ( 'NONE', *, *, #3015, .F. ) ;
#3433 = CARTESIAN_POINT ( 'NONE',  ( 135.9000000000000057, 114.1999999999999744, 0.9999999999999991118 ) ) ;
#3434 = DIRECTION ( 'NONE',  ( 0.000000000000000000, 1.000000000000000000, 0.000000000000000000 ) ) ;
#3435 = ORIENTED_EDGE ( 'NONE', *, *, #448, .T. ) ;
#3436 = CARTESIAN_POINT ( 'NONE',  ( 51.50000000000002132, 136.2391149236989349, 11.00000000000000000 ) ) ;
#3437 = ADVANCED_FACE ( 'NONE', ( #1643 ), #2480, .T. ) ;
#3438 = CARTESIAN_POINT ( 'NONE',  ( 205.5000000000000284, 136.2391149236989349, 11.00000000000000000 ) ) ;
#3439 = VECTOR ( 'NONE', #1173, 1000.000000000000000 ) ;
#3440 = VERTEX_POINT ( 'NONE', #3293 ) ;
#3441 = CARTESIAN_POINT ( 'NONE',  ( 29.50000000000002487, 136.2391149236989349, 11.00000000000000000 ) ) ;
#3442 = VECTOR ( 'NONE', #2337, 1000.000000000000000 ) ;
#3443 = CARTESIAN_POINT ( 'NONE',  ( 183.5000000000000000, 136.2391149236989349, 0.9999999999999991118 ) ) ;
#3444 = EDGE_LOOP ( 'NONE', ( #571, #3432, #126, #2756 ) ) ;
#3445 = LINE ( 'NONE', #2615, #2986 ) ;
#3446 = CARTESIAN_POINT ( 'NONE',  ( 128.2000000000000171, 114.1999999999999744, 0.9999999999999991118 ) ) ;
#3447 = EDGE_LOOP ( 'NONE', ( #817, #840, #2846, #2725 ) ) ;
#3448 = DIRECTION ( 'NONE',  ( -0.000000000000000000, -0.000000000000000000, 1.000000000000000000 ) ) ;
#3449 = VECTOR ( 'NONE', #2730, 1000.000000000000000 ) ;
#3450 = VERTEX_POINT ( 'NONE', #2905 ) ;
#3451 = LINE ( 'NONE', #642, #2752 ) ;
#3452 = AXIS2_PLACEMENT_3D ( 'NONE', #220, #3006, #525 ) ;
#3453 = CARTESIAN_POINT ( 'NONE',  ( 2.449293598294704146E-15, 116.9999999999999858, 11.00000000000000000 ) ) ;
#3454 = ORIENTED_EDGE ( 'NONE', *, *, #1528, .T. ) ;
#3455 = CARTESIAN_POINT ( 'NONE',  ( 216.2000000000000171, 114.1999999999999744, 0.9999999999999991118 ) ) ;
#3456 = LINE ( 'NONE', #1479, #1062 ) ;
#3457 = VERTEX_POINT ( 'NONE', #1273 ) ;
#3458 = EDGE_CURVE ( 'NONE', #505, #2447, #1558, .T. ) ;
#3459 = LINE ( 'NONE', #2662, #2525 ) ;
#3460 = ADVANCED_FACE ( 'NONE', ( #1257 ), #2384, .T. ) ;
#3461 = EDGE_CURVE ( 'NONE', #3537, #2193, #2683, .T. ) ;
#3462 = VECTOR ( 'NONE', #1564, 1000.000000000000000 ) ;
#3463 = PLANE ( 'NONE',  #1184 ) ;
#3464 = ORIENTED_EDGE ( 'NONE', *, *, #2995, .F. ) ;
#3465 = ORIENTED_EDGE ( 'NONE', *, *, #822, .F. ) ;
#3466 = EDGE_CURVE ( 'NONE', #2481, #134, #711, .T. ) ;
#3467 = VECTOR ( 'NONE', #1919, 1000.000000000000000 ) ;
#3468 = LINE ( 'NONE', #268, #2425 ) ;
#3469 = ORIENTED_EDGE ( 'NONE', *, *, #2248, .F. ) ;
#3470 = LINE ( 'NONE', #993, #2463 ) ;
#3471 = DIRECTION ( 'NONE',  ( -1.000000000000000000, 0.000000000000000000, 0.000000000000000000 ) ) ;
#3472 = EDGE_LOOP ( 'NONE', ( #1795, #3500, #91, #1050 ) ) ;
#3473 = CARTESIAN_POINT ( 'NONE',  ( 29.50000000000002487, 151.9391149236989236, 0.9999999999999991118 ) ) ;
#3474 = VERTEX_POINT ( 'NONE', #3020 ) ;
#3475 = PLANE ( 'NONE',  #1477 ) ;
#3476 = ORIENTED_EDGE ( 'NONE', *, *, #3496, .F. ) ;
#3477 = CARTESIAN_POINT ( 'NONE',  ( 51.50000000000002132, 136.2391149236989349, 11.00000000000000000 ) ) ;
#3478 = CARTESIAN_POINT ( 'NONE',  ( 62.20000000000000284, 98.49999999999997158, 11.00000000000000000 ) ) ;
#3479 = EDGE_CURVE ( 'NONE', #202, #1469, #2458, .T. ) ;
#3480 = EDGE_LOOP ( 'NONE', ( #305, #538, #1174, #639 ) ) ;
#3481 = CARTESIAN_POINT ( 'NONE',  ( 95.50000000000000000, 136.2391149236989349, 11.00000000000000000 ) ) ;
#3482 = CARTESIAN_POINT ( 'NONE',  ( 193.1000000000001364, 8.999999999999984013, 3.800000000000001155 ) ) ;
#3483 = ORIENTED_EDGE ( 'NONE', *, *, #2421, .T. ) ;
#3484 = DIRECTION ( 'NONE',  ( 0.000000000000000000, -0.000000000000000000, 1.000000000000000000 ) ) ;
#3485 = VECTOR ( 'NONE', #1181, 1000.000000000000000 ) ;
#3486 = CARTESIAN_POINT ( 'NONE',  ( 201.9000000000000057, 98.49999999999997158, 0.9999999999999991118 ) ) ;
#3487 = ORIENTED_EDGE ( 'NONE', *, *, #1269, .T. ) ;
#3488 = LINE ( 'NONE', #3441, #905 ) ;
#3489 = AXIS2_PLACEMENT_3D ( 'NONE', #2534, #2822, #2569 ) ;
#3490 = LINE ( 'NONE', #218, #3211 ) ;
#3491 = ORIENTED_EDGE ( 'NONE', *, *, #2075, .F. ) ;
#3492 = FACE_BOUND ( 'NONE', #1530, .T. ) ;
#3493 = VECTOR ( 'NONE', #1580, 1000.000000000000000 ) ;
#3494 = DIRECTION ( 'NONE',  ( 0.000000000000000000, -1.000000000000000000, -0.000000000000000000 ) ) ;
#3495 = ORIENTED_EDGE ( 'NONE', *, *, #2703, .T. ) ;
#3496 = EDGE_CURVE ( 'NONE', #2251, #340, #1523, .T. ) ;
#3497 = DIRECTION ( 'NONE',  ( -1.000000000000000000, 0.000000000000000000, 0.000000000000000000 ) ) ;
#3498 = EDGE_CURVE ( 'NONE', #2690, #1961, #2107, .T. ) ;
#3499 = CARTESIAN_POINT ( 'NONE',  ( 233.0000000000000000, 0.000000000000000000, 3.000000000000000000 ) ) ;
#3500 = ORIENTED_EDGE ( 'NONE', *, *, #1069, .F. ) ;
#3501 = VECTOR ( 'NONE', #3556, 1000.000000000000000 ) ;
#3502 = AXIS2_PLACEMENT_3D ( 'NONE', #123, #1228, #2623 ) ;
#3503 = CARTESIAN_POINT ( 'NONE',  ( 233.0000000000000000, 0.000000000000000000, 20.99999999999999645 ) ) ;
#3504 = EDGE_CURVE ( 'NONE', #1709, #1227, #3468, .T. ) ;
#3505 = DIRECTION ( 'NONE',  ( 0.000000000000000000, 1.000000000000000000, 0.000000000000000000 ) ) ;
#3506 = ORIENTED_EDGE ( 'NONE', *, *, #1688, .F. ) ;
#3507 = CARTESIAN_POINT ( 'NONE',  ( 147.1999999999999886, 151.9391149236989236, 0.9999999999999991118 ) ) ;
#3508 = EDGE_LOOP ( 'NONE', ( #1215, #2711, #1428, #1549 ) ) ;
#3509 = CARTESIAN_POINT ( 'NONE',  ( 37.20000000000000995, 151.9391149236989236, 11.00000000000000000 ) ) ;
#3510 = VECTOR ( 'NONE', #1551, 1000.000000000000000 ) ;
#3511 = CARTESIAN_POINT ( 'NONE',  ( 0.000000000000000000, 0.000000000000000000, 0.9999999999999991118 ) ) ;
#3512 = VECTOR ( 'NONE', #954, 1000.000000000000000 ) ;
#3513 = ORIENTED_EDGE ( 'NONE', *, *, #2968, .T. ) ;
#3514 = LINE ( 'NONE', #2686, #1712 ) ;
#3515 = LOCAL_TIME ( 19, 24, 28.00000000000000000, #1388 ) ;
#3516 = DIRECTION ( 'NONE',  ( -1.000000000000000000, 0.000000000000000000, 0.000000000000000000 ) ) ;
#3517 = DIRECTION ( 'NONE',  ( -0.000000000000000000, -0.000000000000000000, 1.000000000000000000 ) ) ;
#3518 = ORIENTED_EDGE ( 'NONE', *, *, #2199, .T. ) ;
#3519 = LINE ( 'NONE', #3270, #2114 ) ;
#3520 = CARTESIAN_POINT ( 'NONE',  ( 216.2000000000000171, 98.49999999999997158, 11.00000000000000000 ) ) ;
#3521 = ADVANCED_FACE ( 'NONE', ( #2921 ), #439, .F. ) ;
#3522 = ORIENTED_EDGE ( 'NONE', *, *, #1107, .F. ) ;
#3523 = DIRECTION ( 'NONE',  ( 1.000000000000000000, -0.000000000000000000, -0.000000000000000000 ) ) ;
#3524 = ADVANCED_FACE ( 'NONE', ( #2749 ), #1091, .F. ) ;
#3525 = CARTESIAN_POINT ( 'NONE',  ( 8.899999999999995026, 9.000000000000031974, 3.800000000000001155 ) ) ;
#3526 = EDGE_LOOP ( 'NONE', ( #3202, #694, #688, #1511 ) ) ;
#3527 = EDGE_CURVE ( 'NONE', #801, #1626, #3212, .T. ) ;
#3528 = CARTESIAN_POINT ( 'NONE',  ( 51.50000000000002132, 151.9391149236989236, 0.9999999999999991118 ) ) ;
#3529 = DIRECTION ( 'NONE',  ( 0.000000000000000000, 0.000000000000000000, -1.000000000000000000 ) ) ;
#3530 = VERTEX_POINT ( 'NONE', #727 ) ;
#3531 = CARTESIAN_POINT ( 'NONE',  ( 135.9000000000000057, 98.49999999999997158, 0.9999999999999991118 ) ) ;
#3532 = CARTESIAN_POINT ( 'NONE',  ( 150.1999999999999886, 98.49999999999997158, 11.00000000000000000 ) ) ;
#3533 = CARTESIAN_POINT ( 'NONE',  ( 95.50000000000000000, 151.9391149236989236, 0.9999999999999991118 ) ) ;
#3534 = ORIENTED_EDGE ( 'NONE', *, *, #99, .T. ) ;
#3535 = DIRECTION ( 'NONE',  ( -0.000000000000000000, -0.000000000000000000, 1.000000000000000000 ) ) ;
#3536 = DIRECTION ( 'NONE',  ( -0.000000000000000000, -0.000000000000000000, 1.000000000000000000 ) ) ;
#3537 = VERTEX_POINT ( 'NONE', #1835 ) ;
#3538 = CARTESIAN_POINT ( 'NONE',  ( 135.9000000000000057, 98.49999999999997158, 0.9999999999999991118 ) ) ;
#3539 = ADVANCED_FACE ( 'NONE', ( #2939 ), #1100, .T. ) ;
#3540 = ORIENTED_EDGE ( 'NONE', *, *, #99, .F. ) ;
#3541 = LINE ( 'NONE', #3528, #2008 ) ;
#3542 = LINE ( 'NONE', #1375, #1546 ) ;
#3543 = ADVANCED_FACE ( 'NONE', ( #2128 ), #750, .T. ) ;
#3544 = ORIENTED_EDGE ( 'NONE', *, *, #3397, .F. ) ;
#3545 = AXIS2_PLACEMENT_3D ( 'NONE', #1482, #3136, #3177 ) ;
#3546 = DIRECTION ( 'NONE',  ( -0.000000000000000000, -1.000000000000000000, -0.000000000000000000 ) ) ;
#3547 = ORIENTED_EDGE ( 'NONE', *, *, #2938, .T. ) ;
#3548 = PLANE ( 'NONE',  #1317 ) ;
#3549 = DIRECTION ( 'NONE',  ( -0.000000000000000000, -0.000000000000000000, 1.000000000000000000 ) ) ;
#3550 = ORIENTED_EDGE ( 'NONE', *, *, #339, .T. ) ;
#3551 = DIRECTION ( 'NONE',  ( -0.000000000000000000, -0.000000000000000000, 1.000000000000000000 ) ) ;
#3552 = DIRECTION ( 'NONE',  ( 0.000000000000000000, -0.000000000000000000, 1.000000000000000000 ) ) ;
#3553 = VECTOR ( 'NONE', #504, 1000.000000000000000 ) ;
#3554 = VECTOR ( 'NONE', #2086, 1000.000000000000000 ) ;
#3555 = ORIENTED_EDGE ( 'NONE', *, *, #849, .T. ) ;
#3556 = DIRECTION ( 'NONE',  ( 0.000000000000000000, 1.000000000000000000, 0.000000000000000000 ) ) ;
#3557 = AXIS2_PLACEMENT_3D ( 'NONE', #1102, #270, #1611 ) ;
#3558 = CARTESIAN_POINT ( 'NONE',  ( -88.00000000000000000, 0.000000000000000000, 0.9999999999999991118 ) ) ;
#3559 = EDGE_CURVE ( 'NONE', #3093, #335, #629, .T. ) ;
#3560 = ORIENTED_EDGE ( 'NONE', *, *, #2713, .F. ) ;
#3561 = CARTESIAN_POINT ( 'NONE',  ( 51.50000000000002132, 151.9391149236989236, 0.9999999999999991118 ) ) ;
#3562 = EDGE_CURVE ( 'NONE', #77, #3114, #1172, .T. ) ;
#3563 = EDGE_CURVE ( 'NONE', #1562, #1014, #1118, .T. ) ;
#3564 = CARTESIAN_POINT ( 'NONE',  ( 150.1999999999999886, 114.1999999999999744, 11.00000000000000000 ) ) ;
#3565 = EDGE_CURVE ( 'NONE', #293, #505, #2787, .T. ) ;
#3566 = AXIS2_PLACEMENT_3D ( 'NONE', #290, #1705, #1462 ) ;
#3567 = VERTEX_POINT ( 'NONE', #1422 ) ;
#3568 = EDGE_CURVE ( 'NONE', #1212, #1557, #3381, .T. ) ;
#3569 = DIRECTION ( 'NONE',  ( -0.000000000000000000, -0.000000000000000000, 1.000000000000000000 ) ) ;
#3570 = VECTOR ( 'NONE', #3216, 1000.000000000000000 ) ;
#3571 = DIRECTION ( 'NONE',  ( -1.000000000000000000, 0.000000000000000000, 0.000000000000000000 ) ) ;
#3572 = DIRECTION ( 'NONE',  ( -0.000000000000000000, -0.000000000000000000, 1.000000000000000000 ) ) ;
#3573 = ORIENTED_EDGE ( 'NONE', *, *, #1694, .F. ) ;
#3574 = CARTESIAN_POINT ( 'NONE',  ( 128.2000000000000171, 98.49999999999997158, 0.9999999999999991118 ) ) ;
#3575 = PLANE ( 'NONE',  #681 ) ;
#3576 = ORIENTED_EDGE ( 'NONE', *, *, #362, .T. ) ;
#3577 = LINE ( 'NONE', #217, #3501 ) ;
#3578 = DIRECTION ( 'NONE',  ( 0.000000000000000000, 0.000000000000000000, -1.000000000000000000 ) ) ;
#3579 = DIRECTION ( 'NONE',  ( 1.000000000000000000, -0.000000000000000000, -0.000000000000000000 ) ) ;
#3580 = ORIENTED_EDGE ( 'NONE', *, *, #404, .T. ) ;
#3581 = CARTESIAN_POINT ( 'NONE',  ( 233.0000000000000000, 0.000000000000000000, 3.000000000000000000 ) ) ;
#3582 = DIRECTION ( 'NONE',  ( -0.000000000000000000, -1.000000000000000000, -0.000000000000000000 ) ) ;
#3583 = EDGE_LOOP ( 'NONE', ( #2325, #2332, #2956, #237 ) ) ;
#3584 = CARTESIAN_POINT ( 'NONE',  ( 117.5000000000000142, 136.2391149236989349, 11.00000000000000000 ) ) ;
#3585 = DIRECTION ( 'NONE',  ( 1.000000000000000000, -0.000000000000000000, -0.000000000000000000 ) ) ;
#3586 = EDGE_CURVE ( 'NONE', #1809, #2059, #1719, .T. ) ;
#3587 = DIRECTION ( 'NONE',  ( 0.000000000000000000, 1.000000000000000000, 0.000000000000000000 ) ) ;
#3588 = EDGE_LOOP ( 'NONE', ( #1826, #2845, #3046, #2494 ) ) ;
#3589 = CARTESIAN_POINT ( 'NONE',  ( -219.9999999999999716, 0.000000000000000000, 0.9999999999999991118 ) ) ;
#3590 = FACE_OUTER_BOUND ( 'NONE', #1744, .T. ) ;
ENDSEC;
END-ISO-10303-21;
