ISO-10303-21;
HEADER;
FILE_DESCRIPTION (( 'STEP AP203' ),
    '1' );
FILE_NAME ('Á´½ÓÖá.STEP',
    '2025-12-08T11:24:08',
    ( '' ),
    ( '' ),
    'SwSTEP 2.0',
    'SolidWorks 2025',
    '' );
FILE_SCHEMA (( 'CONFIG_CONTROL_DESIGN' ));
ENDSEC;

DATA;
#1 = EDGE_CURVE ( 'NONE', #2220, #350, #207, .T. ) ;
#2 = VECTOR ( 'NONE', #99, 1000.000000000000000 ) ;
#3 = CARTESIAN_POINT ( 'NONE',  ( 12.00000000000000178, -6.000000000000000000, 300.0000000000000000 ) ) ;
#4 = CARTESIAN_POINT ( 'NONE',  ( 9.500000000000001776, -3.000000000000125677, 4.974999999999944578 ) ) ;
#5 = VERTEX_POINT ( 'NONE', #1434 ) ;
#6 = DIRECTION ( 'NONE',  ( -0.000000000000000000, -1.000000000000000000, -0.000000000000000000 ) ) ;
#7 = ORIENTED_EDGE ( 'NONE', *, *, #1828, .F. ) ;
#8 = EDGE_CURVE ( 'NONE', #64, #1994, #572, .T. ) ;
#9 = EDGE_LOOP ( 'NONE', ( #1248, #1159 ) ) ;
#10 = AXIS2_PLACEMENT_3D ( 'NONE', #2211, #1471, #976 ) ;
#11 = CIRCLE ( 'NONE', #10, 3.500000000000003109 ) ;
#12 = DIRECTION ( 'NONE',  ( 0.000000000000000000, 0.000000000000000000, -1.000000000000000000 ) ) ;
#13 = DIRECTION ( 'NONE',  ( 0.000000000000000000, 0.000000000000000000, 1.000000000000000000 ) ) ;
#14 = CIRCLE ( 'NONE', #1168, 0.8000000000000003775 ) ;
#15 = EDGE_CURVE ( 'NONE', #1889, #130, #2151, .T. ) ;
#16 = CARTESIAN_POINT ( 'NONE',  ( 6.000000000000000000, -4.200000000000000178, 288.0000000000000000 ) ) ;
#17 = CARTESIAN_POINT ( 'NONE',  ( 6.499999999999992006, 1.734723475976807883E-15, 168.0000000000000853 ) ) ;
#18 = VERTEX_POINT ( 'NONE', #1995 ) ;
#19 = FACE_BOUND ( 'NONE', #1337, .T. ) ;
#20 = ORIENTED_EDGE ( 'NONE', *, *, #363, .F. ) ;
#21 = VECTOR ( 'NONE', #1721, 1000.000000000000000 ) ;
#22 = AXIS2_PLACEMENT_3D ( 'NONE', #186, #1573, #2244 ) ;
#23 = ORIENTED_EDGE ( 'NONE', *, *, #607, .T. ) ;
#24 = CIRCLE ( 'NONE', #1323, 0.7999999999999951594 ) ;
#25 = ADVANCED_FACE ( 'NONE', ( #418 ), #1382, .F. ) ;
#26 = CARTESIAN_POINT ( 'NONE',  ( 6.000000000000000000, -4.200000000000000178, 150.2499999999999716 ) ) ;
#27 = FACE_BOUND ( 'NONE', #498, .T. ) ;
#28 = CARTESIAN_POINT ( 'NONE',  ( 2.500000000000000000, 0.000000000000000000, 5.999999999999998224 ) ) ;
#29 = AXIS2_PLACEMENT_3D ( 'NONE', #445, #466, #288 ) ;
#30 = CC_DESIGN_DATE_AND_TIME_ASSIGNMENT ( #148, #494, ( #2069 ) ) ;
#31 = FACE_BOUND ( 'NONE', #650, .T. ) ;
#32 = ORIENTED_EDGE ( 'NONE', *, *, #1996, .F. ) ;
#33 = EDGE_CURVE ( 'NONE', #1409, #823, #1551, .T. ) ;
#34 = ORIENTED_EDGE ( 'NONE', *, *, #1244, .F. ) ;
#35 = CARTESIAN_POINT ( 'NONE',  ( 6.499999999999992006, 1.734723475976807883E-15, 165.9750000000001080 ) ) ;
#36 = DIRECTION ( 'NONE',  ( -0.000000000000000000, -1.000000000000000000, -0.000000000000000000 ) ) ;
#37 = ADVANCED_FACE ( 'NONE', ( #1955 ), #1078, .F. ) ;
#38 = CARTESIAN_POINT ( 'NONE',  ( 6.000000000000000000, -4.200000000000000178, 147.9999999999999716 ) ) ;
#39 = CARTESIAN_POINT ( 'NONE',  ( 9.500000000000001776, -2.774999999999525180, 5.199999999999998401 ) ) ;
#40 = CARTESIAN_POINT ( 'NONE',  ( 6.499999999999992006, -6.000000000000000000, 120.6500000000002046 ) ) ;
#41 = ORIENTED_EDGE ( 'NONE', *, *, #607, .F. ) ;
#42 = ADVANCED_FACE ( 'NONE', ( #1968 ), #1791, .F. ) ;
#43 = ORIENTED_EDGE ( 'NONE', *, *, #2158, .F. ) ;
#44 = ORIENTED_EDGE ( 'NONE', *, *, #1066, .F. ) ;
#45 = DIRECTION ( 'NONE',  ( 0.000000000000000000, 0.000000000000000000, -1.000000000000000000 ) ) ;
#46 = DIRECTION ( 'NONE',  ( 0.000000000000000000, 0.000000000000000000, 1.000000000000000000 ) ) ;
#47 = CARTESIAN_POINT ( 'NONE',  ( 6.499999999999992006, 1.734723475976807883E-15, 200.9750000000001080 ) ) ;
#48 = FACE_OUTER_BOUND ( 'NONE', #914, .T. ) ;
#49 = AXIS2_PLACEMENT_3D ( 'NONE', #526, #1766, #199 ) ;
#50 = CIRCLE ( 'NONE', #329, 1.649999999999984812 ) ;
#51 = CARTESIAN_POINT ( 'NONE',  ( 6.499999999999992006, -0.3750000000000003331, 201.3500000000001080 ) ) ;
#52 = ORIENTED_EDGE ( 'NONE', *, *, #501, .T. ) ;
#53 = VERTEX_POINT ( 'NONE', #2041 ) ;
#54 = ORIENTED_EDGE ( 'NONE', *, *, #298, .F. ) ;
#55 = EDGE_CURVE ( 'NONE', #540, #472, #324, .T. ) ;
#56 = CARTESIAN_POINT ( 'NONE',  ( 6.499999999999992006, -6.000000000000000000, 84.00000000000021316 ) ) ;
#57 = VECTOR ( 'NONE', #1719, 1000.000000000000000 ) ;
#58 = DIRECTION ( 'NONE',  ( -0.000000000000000000, 1.000000000000000000, -0.000000000000000000 ) ) ;
#59 = DIRECTION ( 'NONE',  ( -0.000000000000000000, -1.000000000000000000, -0.000000000000000000 ) ) ;
#60 = DIRECTION ( 'NONE',  ( -0.000000000000000000, 1.000000000000000000, -0.000000000000000000 ) ) ;
#61 = FACE_BOUND ( 'NONE', #346, .T. ) ;
#62 = ORIENTED_EDGE ( 'NONE', *, *, #900, .F. ) ;
#63 = EDGE_LOOP ( 'NONE', ( #668, #1667, #744, #1272 ) ) ;
#64 = VERTEX_POINT ( 'NONE', #124 ) ;
#65 = CARTESIAN_POINT ( 'NONE',  ( 2.500000000000000000, -3.000000000000125677, 26.00000000000000000 ) ) ;
#66 = LINE ( 'NONE', #223, #1874 ) ;
#67 = EDGE_CURVE ( 'NONE', #192, #1656, #287, .T. ) ;
#68 = FACE_OUTER_BOUND ( 'NONE', #391, .T. ) ;
#69 = EDGE_LOOP ( 'NONE', ( #1779, #1730 ) ) ;
#70 = AXIS2_PLACEMENT_3D ( 'NONE', #2185, #1831, #1868 ) ;
#71 = EDGE_CURVE ( 'NONE', #678, #1543, #111, .T. ) ;
#72 = ORIENTED_EDGE ( 'NONE', *, *, #1318, .T. ) ;
#73 = EDGE_LOOP ( 'NONE', ( #1263, #1487 ) ) ;
#74 = DIRECTION ( 'NONE',  ( 0.000000000000000000, 0.000000000000000000, 1.000000000000000000 ) ) ;
#75 = CARTESIAN_POINT ( 'NONE',  ( 2.500000000000000000, 0.000000000000000000, 26.00000000000000000 ) ) ;
#76 = CARTESIAN_POINT ( 'NONE',  ( 0.000000000000000000, -3.000000000000000000, 40.00000000000000000 ) ) ;
#77 = DIRECTION ( 'NONE',  ( 0.000000000000000000, 1.000000000000000000, 0.000000000000000000 ) ) ;
#78 = VECTOR ( 'NONE', #1245, 1000.000000000000000 ) ;
#79 = EDGE_CURVE ( 'NONE', #286, #474, #1870, .T. ) ;
#80 = DIRECTION ( 'NONE',  ( 0.000000000000000000, 1.000000000000000000, 0.000000000000000000 ) ) ;
#81 = ORIENTED_EDGE ( 'NONE', *, *, #2188, .T. ) ;
#82 = CC_DESIGN_APPROVAL ( #1366, ( #591 ) ) ;
#83 = ORIENTED_EDGE ( 'NONE', *, *, #491, .F. ) ;
#84 = EDGE_CURVE ( 'NONE', #1732, #1734, #11, .T. ) ;
#85 = LINE ( 'NONE', #997, #1742 ) ;
#86 = ORIENTED_EDGE ( 'NONE', *, *, #784, .F. ) ;
#87 = ADVANCED_FACE ( 'NONE', ( #1515 ), #2052, .F. ) ;
#88 = AXIS2_PLACEMENT_3D ( 'NONE', #149, #1166, #1178 ) ;
#89 = DIRECTION ( 'NONE',  ( 0.000000000000000000, -1.000000000000000000, 0.000000000000000000 ) ) ;
#90 = CIRCLE ( 'NONE', #633, 1.649999999999991696 ) ;
#91 = CYLINDRICAL_SURFACE ( 'NONE', #98, 0.7999999999999951594 ) ;
#92 = APPLICATION_PROTOCOL_DEFINITION ( 'international standard', 'config_control_design', 1994, #253 ) ;
#93 = CARTESIAN_POINT ( 'NONE',  ( 6.499999999999992006, -6.000000000000000000, 169.6500000000000909 ) ) ;
#94 = EDGE_CURVE ( 'NONE', #552, #847, #291, .T. ) ;
#95 = DIRECTION ( 'NONE',  ( 0.000000000000000000, 0.000000000000000000, 1.000000000000000000 ) ) ;
#96 = ORIENTED_EDGE ( 'NONE', *, *, #1954, .T. ) ;
#97 = ADVANCED_FACE ( 'NONE', ( #620 ), #299, .F. ) ;
#98 = AXIS2_PLACEMENT_3D ( 'NONE', #2137, #1280, #564 ) ;
#99 = DIRECTION ( 'NONE',  ( -0.000000000000000000, -1.000000000000000000, -0.000000000000000000 ) ) ;
#100 = ORIENTED_EDGE ( 'NONE', *, *, #2248, .F. ) ;
#101 = PLANE ( 'NONE',  #470 ) ;
#102 = DIRECTION ( 'NONE',  ( 0.000000000000000000, 0.000000000000000000, 1.000000000000000000 ) ) ;
#103 = CARTESIAN_POINT ( 'NONE',  ( 2.500000000000000000, -3.000000000000125677, 7.025000000000051870 ) ) ;
#104 = EDGE_CURVE ( 'NONE', #595, #2050, #1344, .T. ) ;
#105 = DIRECTION ( 'NONE',  ( 0.000000000000000000, 0.000000000000000000, 1.000000000000000000 ) ) ;
#106 = CARTESIAN_POINT ( 'NONE',  ( 6.000000000000000000, -6.000000000000000000, 60.74999999999995737 ) ) ;
#107 = ORIENTED_EDGE ( 'NONE', *, *, #1895, .F. ) ;
#108 = ADVANCED_FACE ( 'NONE', ( #819 ), #101, .F. ) ;
#109 = DIRECTION ( 'NONE',  ( -0.000000000000000000, 1.000000000000000000, -0.000000000000000000 ) ) ;
#110 = ORIENTED_EDGE ( 'NONE', *, *, #966, .F. ) ;
#111 = LINE ( 'NONE', #1503, #987 ) ;
#112 = DIRECTION ( 'NONE',  ( 0.000000000000000000, -0.000000000000000000, -1.000000000000000000 ) ) ;
#113 =( NAMED_UNIT ( * ) PLANE_ANGLE_UNIT ( ) SI_UNIT ( $, .RADIAN. ) );
#114 = CARTESIAN_POINT ( 'NONE',  ( 6.499999999999992006, 1.734723475976807883E-15, 86.02500000000021885 ) ) ;
#115 = CLOSED_SHELL ( 'NONE', ( #1739, #258, #343, #1814, #1678, #2229, #25, #242, #1490, #525, #1963, #1330, #191, #534, #1698, #42, #2049, #2091, #245, #1900, #392, #37, #266, #97, #1639, #87, #579, #1152, #434, #864, #1555, #1354, #108, #1576, #801, #1292, #1468, #2181, #322, #871, #879, #1108, #1562, #1853, #128, #2036, #495, #1645, #1811, #381, #1347, #1451, #1512, #2001, #1410, #2063, #1397, #683, #1273, #936, #913, #1295, #1790, #1019, #1733, #339, #944, #769, #1825, #1624, #1927 ) ) ;
#116 = FACE_BOUND ( 'NONE', #9, .T. ) ;
#117 = EDGE_LOOP ( 'NONE', ( #1869, #1677 ) ) ;
#118 = CIRCLE ( 'NONE', #2048, 2.024999999999999023 ) ;
#119 = EDGE_LOOP ( 'NONE', ( #1489, #1340, #816, #1976 ) ) ;
#120 = AXIS2_PLACEMENT_3D ( 'NONE', #1610, #58, #599 ) ;
#121 = VECTOR ( 'NONE', #718, 1000.000000000000114 ) ;
#122 = DIRECTION ( 'NONE',  ( -0.000000000000000000, 1.000000000000000000, -0.000000000000000000 ) ) ;
#123 = VERTEX_POINT ( 'NONE', #480 ) ;
#124 = CARTESIAN_POINT ( 'NONE',  ( 6.000000000000000000, -6.000000000000000000, 145.7499999999999716 ) ) ;
#125 = DIRECTION ( 'NONE',  ( 0.000000000000000000, 1.000000000000000000, 0.000000000000000000 ) ) ;
#126 = APPROVAL_ROLE ( '' ) ;
#127 = CONICAL_SURFACE ( 'NONE', #257, 2.024999999999999023, 0.7853981633974576049 ) ;
#128 = ADVANCED_FACE ( 'NONE', ( #651 ), #1881, .F. ) ;
#129 = DIRECTION ( 'NONE',  ( -0.000000000000000000, 1.000000000000000000, -0.000000000000000000 ) ) ;
#130 = VERTEX_POINT ( 'NONE', #2021 ) ;
#131 = DIRECTION ( 'NONE',  ( 0.000000000000000000, 0.000000000000000000, 1.000000000000000000 ) ) ;
#132 = FACE_BOUND ( 'NONE', #1514, .T. ) ;
#133 = VERTEX_POINT ( 'NONE', #952 ) ;
#134 = CARTESIAN_POINT ( 'NONE',  ( 6.499999999999992006, 0.000000000000000000, 117.3500000000002359 ) ) ;
#135 = EDGE_LOOP ( 'NONE', ( #20, #1092, #721, #430 ) ) ;
#136 = CIRCLE ( 'NONE', #2101, 2.250000000000001776 ) ;
#137 = CARTESIAN_POINT ( 'NONE',  ( 2.500000000000000000, -3.000000000000000000, 5.999999999999998224 ) ) ;
#138 = DIRECTION ( 'NONE',  ( -0.000000000000000000, -1.000000000000000000, -0.000000000000000000 ) ) ;
#139 = LOCAL_TIME ( 19, 24, 8.000000000000000000, #1697 ) ;
#140 = EDGE_CURVE ( 'NONE', #2040, #1094, #1595, .T. ) ;
#141 = CARTESIAN_POINT ( 'NONE',  ( 9.500000000000001776, -3.000000000000125677, 5.999999999999998224 ) ) ;
#142 = VERTEX_POINT ( 'NONE', #985 ) ;
#143 = FACE_OUTER_BOUND ( 'NONE', #861, .T. ) ;
#144 = EDGE_CURVE ( 'NONE', #214, #1692, #1342, .T. ) ;
#145 = ORIENTED_EDGE ( 'NONE', *, *, #596, .T. ) ;
#146 = DIRECTION ( 'NONE',  ( -0.000000000000000000, 1.000000000000000000, -0.000000000000000000 ) ) ;
#147 = CARTESIAN_POINT ( 'NONE',  ( 12.00000000000000178, -6.000000000000000000, 300.0000000000000000 ) ) ;
#148 = DATE_AND_TIME ( #1359, #1296 ) ;
#149 = CARTESIAN_POINT ( 'NONE',  ( 6.000000000000000000, 0.000000000000000000, 147.9999999999999716 ) ) ;
#150 = VERTEX_POINT ( 'NONE', #2189 ) ;
#151 = EDGE_CURVE ( 'NONE', #1732, #618, #1668, .T. ) ;
#152 = VECTOR ( 'NONE', #177, 1000.000000000000000 ) ;
#153 = CARTESIAN_POINT ( 'NONE',  ( 12.00000000000000178, -6.000000000000000000, 39.99999999999997868 ) ) ;
#154 = EDGE_LOOP ( 'NONE', ( #631, #81 ) ) ;
#155 = EDGE_CURVE ( 'NONE', #453, #1641, #947, .T. ) ;
#156 = ORIENTED_EDGE ( 'NONE', *, *, #1042, .T. ) ;
#157 = CARTESIAN_POINT ( 'NONE',  ( 6.499999999999992006, 0.000000000000000000, 15.65000000000019575 ) ) ;
#158 = DIRECTION ( 'NONE',  ( -0.000000000000000000, 1.000000000000000000, -0.000000000000000000 ) ) ;
#159 = AXIS2_PLACEMENT_3D ( 'NONE', #789, #612, #1670 ) ;
#160 = AXIS2_PLACEMENT_3D ( 'NONE', #2227, #1211, #1049 ) ;
#161 = CARTESIAN_POINT ( 'NONE',  ( 6.000000000000000000, 0.000000000000000000, 147.9999999999999716 ) ) ;
#162 = ORIENTED_EDGE ( 'NONE', *, *, #1066, .T. ) ;
#163 = DIRECTION ( 'NONE',  ( 0.000000000000000000, 0.000000000000000000, -1.000000000000000000 ) ) ;
#164 = CIRCLE ( 'NONE', #2135, 0.8000000000000003775 ) ;
#165 = ORIENTED_EDGE ( 'NONE', *, *, #501, .F. ) ;
#166 = EDGE_CURVE ( 'NONE', #1692, #214, #2226, .T. ) ;
#167 = VERTEX_POINT ( 'NONE', #2083 ) ;
#168 = LINE ( 'NONE', #853, #152 ) ;
#169 = CARTESIAN_POINT ( 'NONE',  ( 6.499999999999992006, -6.000000000000000000, 203.0000000000000853 ) ) ;
#170 = DIRECTION ( 'NONE',  ( -0.000000000000000000, 1.000000000000000000, -0.000000000000000000 ) ) ;
#171 = DIRECTION ( 'NONE',  ( 0.000000000000000000, -1.000000000000000000, 0.000000000000000000 ) ) ;
#172 = ORIENTED_EDGE ( 'NONE', *, *, #1222, .F. ) ;
#173 = LINE ( 'NONE', #1220, #21 ) ;
#174 = ORIENTED_EDGE ( 'NONE', *, *, #1203, .T. ) ;
#175 = ORIENTED_EDGE ( 'NONE', *, *, #94, .F. ) ;
#176 = EDGE_CURVE ( 'NONE', #239, #472, #168, .T. ) ;
#177 = DIRECTION ( 'NONE',  ( -0.000000000000000000, 1.000000000000000000, -0.000000000000000000 ) ) ;
#178 = CARTESIAN_POINT ( 'NONE',  ( 6.499999999999992006, -0.3750000000000003331, 84.00000000000021316 ) ) ;
#179 = DIRECTION ( 'NONE',  ( 0.000000000000000000, 0.000000000000000000, -1.000000000000000000 ) ) ;
#180 = LINE ( 'NONE', #1729, #772 ) ;
#181 = FACE_OUTER_BOUND ( 'NONE', #1084, .T. ) ;
#182 = EDGE_LOOP ( 'NONE', ( #738, #2038, #2225, #372 ) ) ;
#183 = VERTEX_POINT ( 'NONE', #829 ) ;
#184 = VECTOR ( 'NONE', #800, 1000.000000000000000 ) ;
#185 = DIRECTION ( 'NONE',  ( 0.000000000000000000, 0.000000000000000000, 1.000000000000000000 ) ) ;
#186 = CARTESIAN_POINT ( 'NONE',  ( 6.499999999999992006, 1.734723475976807883E-15, 273.0000000000001137 ) ) ;
#187 = AXIS2_PLACEMENT_3D ( 'NONE', #1689, #1391, #131 ) ;
#188 = LINE ( 'NONE', #813, #2018 ) ;
#189 = AXIS2_PLACEMENT_3D ( 'NONE', #1767, #1805, #536 ) ;
#190 = LINE ( 'NONE', #882, #625 ) ;
#191 = ADVANCED_FACE ( 'NONE', ( #877 ), #1559, .F. ) ;
#192 = VERTEX_POINT ( 'NONE', #1367 ) ;
#193 = DIRECTION ( 'NONE',  ( 0.000000000000000000, 0.7071067811865409114, 0.7071067811865541231 ) ) ;
#194 = EDGE_LOOP ( 'NONE', ( #1089, #465, #1770, #461 ) ) ;
#195 = CIRCLE ( 'NONE', #2240, 2.024999999999999023 ) ;
#196 = VERTEX_POINT ( 'NONE', #1560 ) ;
#197 = DIRECTION ( 'NONE',  ( 0.000000000000000000, 0.000000000000000000, 1.000000000000000000 ) ) ;
#198 = DIRECTION ( 'NONE',  ( -0.000000000000000000, 1.000000000000000000, -0.000000000000000000 ) ) ;
#199 = DIRECTION ( 'NONE',  ( 0.000000000000000000, 0.000000000000000000, -1.000000000000000000 ) ) ;
#200 = LINE ( 'NONE', #1065, #1755 ) ;
#201 = ORIENTED_EDGE ( 'NONE', *, *, #1376, .T. ) ;
#202 = CIRCLE ( 'NONE', #1771, 3.500000000000003109 ) ;
#203 = EDGE_CURVE ( 'NONE', #264, #1641, #2073, .T. ) ;
#204 = DIRECTION ( 'NONE',  ( -0.000000000000000000, 1.000000000000000000, -0.000000000000000000 ) ) ;
#205 = EDGE_LOOP ( 'NONE', ( #1620, #521, #1741, #1276 ) ) ;
#206 = ORIENTED_EDGE ( 'NONE', *, *, #468, .F. ) ;
#207 = LINE ( 'NONE', #928, #725 ) ;
#208 = CARTESIAN_POINT ( 'NONE',  ( 6.000000000000000000, -6.000000000000000000, 290.2500000000000000 ) ) ;
#209 = CARTESIAN_POINT ( 'NONE',  ( 6.000000000000000000, -4.200000000000000178, 65.24999999999995737 ) ) ;
#210 = LINE ( 'NONE', #221, #1607 ) ;
#211 = CARTESIAN_POINT ( 'NONE',  ( 6.499999999999992006, 1.734723475976807883E-15, 240.0250000000000909 ) ) ;
#212 = EDGE_LOOP ( 'NONE', ( #867, #1948, #1429, #145 ) ) ;
#213 = CARTESIAN_POINT ( 'NONE',  ( 0.000000000000000000, 0.000000000000000000, 300.0000000000000000 ) ) ;
#214 = VERTEX_POINT ( 'NONE', #1215 ) ;
#215 = AXIS2_PLACEMENT_3D ( 'NONE', #410, #1109, #1446 ) ;
#216 = EDGE_LOOP ( 'NONE', ( #1715, #1511, #2140, #1852 ) ) ;
#217 = ORIENTED_EDGE ( 'NONE', *, *, #454, .F. ) ;
#218 = DIRECTION ( 'NONE',  ( 0.000000000000000000, 1.000000000000000000, 0.000000000000000000 ) ) ;
#219 = DIRECTION ( 'NONE',  ( 1.000000000000000000, 0.000000000000000000, 0.000000000000000000 ) ) ;
#220 = AXIS2_PLACEMENT_3D ( 'NONE', #1920, #1894, #1404 ) ;
#221 = CARTESIAN_POINT ( 'NONE',  ( 9.500000000000001776, -3.000000000000000000, 5.200000000000003730 ) ) ;
#222 = VECTOR ( 'NONE', #1414, 1000.000000000000000 ) ;
#223 = CARTESIAN_POINT ( 'NONE',  ( 0.000000000000000000, 0.000000000000000000, 300.0000000000000000 ) ) ;
#224 = EDGE_LOOP ( 'NONE', ( #726, #43 ) ) ;
#225 = CIRCLE ( 'NONE', #1386, 1.649999999999991696 ) ;
#226 = CIRCLE ( 'NONE', #992, 3.500000000000003109 ) ;
#227 = CARTESIAN_POINT ( 'NONE',  ( 6.499999999999992006, 0.000000000000000000, 82.35000000000022169 ) ) ;
#228 = ORIENTED_EDGE ( 'NONE', *, *, #1765, .T. ) ;
#229 = ORIENTED_EDGE ( 'NONE', *, *, #1032, .T. ) ;
#230 = ORIENTED_EDGE ( 'NONE', *, *, #462, .F. ) ;
#231 = DIRECTION ( 'NONE',  ( 0.000000000000000000, -0.000000000000000000, -1.000000000000000000 ) ) ;
#232 = CARTESIAN_POINT ( 'NONE',  ( 6.499999999999992006, -0.3750000000000003331, 271.3500000000001364 ) ) ;
#233 = DIRECTION ( 'NONE',  ( 0.000000000000000000, -1.000000000000000000, 0.000000000000000000 ) ) ;
#234 = LINE ( 'NONE', #922, #2051 ) ;
#235 = EDGE_CURVE ( 'NONE', #1760, #1125, #2243, .T. ) ;
#236 = CARTESIAN_POINT ( 'NONE',  ( 6.000000000000000000, -4.200000000000000178, 291.5000000000000000 ) ) ;
#237 = ORIENTED_EDGE ( 'NONE', *, *, #94, .T. ) ;
#238 = ORIENTED_EDGE ( 'NONE', *, *, #1013, .F. ) ;
#239 = VERTEX_POINT ( 'NONE', #1053 ) ;
#240 = CARTESIAN_POINT ( 'NONE',  ( 6.000000000000000000, -8.400000000000000355, 62.99999999999995737 ) ) ;
#241 = LINE ( 'NONE', #1821, #547 ) ;
#242 = ADVANCED_FACE ( 'NONE', ( #1185 ), #1549, .F. ) ;
#243 = PLANE ( 'NONE',  #1241 ) ;
#244 = FACE_OUTER_BOUND ( 'NONE', #1041, .T. ) ;
#245 = ADVANCED_FACE ( 'NONE', ( #1204 ), #1232, .F. ) ;
#246 = VECTOR ( 'NONE', #693, 1000.000000000000000 ) ;
#247 = ORIENTED_EDGE ( 'NONE', *, *, #1233, .F. ) ;
#248 = ORIENTED_EDGE ( 'NONE', *, *, #1458, .T. ) ;
#249 = EDGE_CURVE ( 'NONE', #1641, #453, #868, .T. ) ;
#250 = CIRCLE ( 'NONE', #791, 0.8000000000000003775 ) ;
#251 = DIRECTION ( 'NONE',  ( 0.000000000000000000, 0.000000000000000000, 1.000000000000000000 ) ) ;
#252 = CARTESIAN_POINT ( 'NONE',  ( 6.000000000000000000, -4.200000000000000178, 151.4999999999999716 ) ) ;
#253 = APPLICATION_CONTEXT ( 'configuration controlled 3d designs of mechanical parts and assemblies' ) ;
#254 = AXIS2_PLACEMENT_3D ( 'NONE', #2232, #2252, #185 ) ;
#255 = CARTESIAN_POINT ( 'NONE',  ( 2.500000000000000000, -3.000000000000125677, 26.00000000000000000 ) ) ;
#256 = DIRECTION ( 'NONE',  ( 0.000000000000000000, 0.000000000000000000, 1.000000000000000000 ) ) ;
#257 = AXIS2_PLACEMENT_3D ( 'NONE', #1261, #886, #1091 ) ;
#258 = ADVANCED_FACE ( 'NONE', ( #1539 ), #1227, .F. ) ;
#259 = FACE_OUTER_BOUND ( 'NONE', #2150, .T. ) ;
#260 = CIRCLE ( 'NONE', #49, 3.500000000000003109 ) ;
#261 = CONICAL_SURFACE ( 'NONE', #1684, 1.025000000000053646, 0.7853981633962330289 ) ;
#262 = VECTOR ( 'NONE', #2146, 1000.000000000000000 ) ;
#263 = DIRECTION ( 'NONE',  ( -0.000000000000000000, 1.000000000000000000, -0.000000000000000000 ) ) ;
#264 = VERTEX_POINT ( 'NONE', #1011 ) ;
#265 = CIRCLE ( 'NONE', #1242, 1.649999999999984812 ) ;
#266 = ADVANCED_FACE ( 'NONE', ( #310 ), #912, .F. ) ;
#267 = AXIS2_PLACEMENT_3D ( 'NONE', #1934, #6, #163 ) ;
#268 = CARTESIAN_POINT ( 'NONE',  ( 6.499999999999992006, -6.000000000000000000, 238.0000000000001137 ) ) ;
#269 = ORIENTED_EDGE ( 'NONE', *, *, #1859, .T. ) ;
#270 = DIRECTION ( 'NONE',  ( 0.000000000000000000, 0.000000000000000000, -1.000000000000000000 ) ) ;
#271 = CARTESIAN_POINT ( 'NONE',  ( 6.499999999999992006, 1.734723475976807883E-15, 165.9750000000001080 ) ) ;
#272 = DIRECTION ( 'NONE',  ( -0.000000000000000000, 1.000000000000000000, -0.000000000000000000 ) ) ;
#273 = EDGE_CURVE ( 'NONE', #2071, #1072, #681, .T. ) ;
#274 = CARTESIAN_POINT ( 'NONE',  ( 7.347880794884119736E-16, -6.000000000000000000, 300.0000000000000000 ) ) ;
#275 = ORIENTED_EDGE ( 'NONE', *, *, #151, .T. ) ;
#276 = AXIS2_PLACEMENT_3D ( 'NONE', #932, #751, #1449 ) ;
#277 = DIRECTION ( 'NONE',  ( -0.000000000000000000, 1.000000000000000000, -0.000000000000000000 ) ) ;
#278 = VERTEX_POINT ( 'NONE', #705 ) ;
#279 = DIRECTION ( 'NONE',  ( -1.000000000000000000, 0.000000000000000000, 0.000000000000000000 ) ) ;
#280 = CARTESIAN_POINT ( 'NONE',  ( 6.499999999999992006, -6.000000000000000000, 201.3500000000001080 ) ) ;
#281 = CYLINDRICAL_SURFACE ( 'NONE', #916, 3.500000000000003109 ) ;
#282 = DIRECTION ( 'NONE',  ( 0.000000000000000000, 0.000000000000000000, 1.000000000000000000 ) ) ;
#283 = ORIENTED_EDGE ( 'NONE', *, *, #522, .F. ) ;
#284 = CIRCLE ( 'NONE', #1157, 0.7999999999999942712 ) ;
#285 = CARTESIAN_POINT ( 'NONE',  ( 6.499999999999992006, 0.000000000000000000, 119.0000000000002132 ) ) ;
#286 = VERTEX_POINT ( 'NONE', #1918 ) ;
#287 = LINE ( 'NONE', #1679, #688 ) ;
#288 = DIRECTION ( 'NONE',  ( 0.000000000000000000, 0.000000000000000000, -1.000000000000000000 ) ) ;
#289 = COORDINATED_UNIVERSAL_TIME_OFFSET ( 8, 0, .AHEAD. ) ;
#290 = VECTOR ( 'NONE', #1525, 1000.000000000000000 ) ;
#291 = CIRCLE ( 'NONE', #583, 1.649999999999984812 ) ;
#292 = DIRECTION ( 'NONE',  ( -0.000000000000000000, 1.000000000000000000, -0.000000000000000000 ) ) ;
#293 = FACE_OUTER_BOUND ( 'NONE', #1923, .T. ) ;
#294 = VERTEX_POINT ( 'NONE', #1735 ) ;
#295 = CARTESIAN_POINT ( 'NONE',  ( 2.500000000000000000, -3.000000000000125677, 7.025000000000051870 ) ) ;
#296 = AXIS2_PLACEMENT_3D ( 'NONE', #1614, #401, #1981 ) ;
#297 = EDGE_LOOP ( 'NONE', ( #1442, #712, #645, #2082 ) ) ;
#298 = EDGE_CURVE ( 'NONE', #1384, #2118, #1892, .T. ) ;
#299 = CYLINDRICAL_SURFACE ( 'NONE', #1942, 0.7999999999999942712 ) ;
#300 = CARTESIAN_POINT ( 'NONE',  ( 6.000000000000000000, -4.200000000000000178, 288.0000000000000000 ) ) ;
#301 = SECURITY_CLASSIFICATION_LEVEL ( 'unclassified' ) ;
#302 = AXIS2_PLACEMENT_3D ( 'NONE', #2139, #1577, #2148 ) ;
#303 = DIRECTION ( 'NONE',  ( 0.000000000000000000, -0.7071067811874075515, -0.7071067811856874830 ) ) ;
#304 = ORIENTED_EDGE ( 'NONE', *, *, #328, .F. ) ;
#305 = EDGE_CURVE ( 'NONE', #667, #2112, #341, .T. ) ;
#306 = CARTESIAN_POINT ( 'NONE',  ( 2.500000000000000000, -3.000000000000125677, 24.97499999999994458 ) ) ;
#307 = ORIENTED_EDGE ( 'NONE', *, *, #2192, .T. ) ;
#308 = VERTEX_POINT ( 'NONE', #26 ) ;
#309 = CIRCLE ( 'NONE', #603, 1.649999999999984812 ) ;
#310 = FACE_OUTER_BOUND ( 'NONE', #1785, .T. ) ;
#311 = DIRECTION ( 'NONE',  ( -0.000000000000000000, 1.000000000000000000, -0.000000000000000000 ) ) ;
#312 = CARTESIAN_POINT ( 'NONE',  ( 2.500000000000000000, -2.774999999999525180, 26.00000000000000000 ) ) ;
#313 = ORIENTED_EDGE ( 'NONE', *, *, #787, .T. ) ;
#314 = FACE_OUTER_BOUND ( 'NONE', #541, .T. ) ;
#315 = VERTEX_POINT ( 'NONE', #2107 ) ;
#316 = ORIENTED_EDGE ( 'NONE', *, *, #1712, .T. ) ;
#317 = CARTESIAN_POINT ( 'NONE',  ( 9.500000000000001776, -3.000000000000125677, 24.97499999999994458 ) ) ;
#318 = DIRECTION ( 'NONE',  ( -0.000000000000000000, -1.000000000000000000, -0.000000000000000000 ) ) ;
#319 = VECTOR ( 'NONE', #2132, 1000.000000000000000 ) ;
#320 = DIRECTION ( 'NONE',  ( -0.000000000000000000, 1.000000000000000000, -0.000000000000000000 ) ) ;
#321 = EDGE_LOOP ( 'NONE', ( #981, #2162 ) ) ;
#322 = ADVANCED_FACE ( 'NONE', ( #1389 ), #2097, .F. ) ;
#323 = EDGE_LOOP ( 'NONE', ( #2045, #2251 ) ) ;
#324 = CIRCLE ( 'NONE', #398, 2.250000000000029754 ) ;
#325 = AXIS2_PLACEMENT_3D ( 'NONE', #274, #959, #980 ) ;
#326 = EDGE_LOOP ( 'NONE', ( #1070, #1926 ) ) ;
#327 = AXIS2_PLACEMENT_3D ( 'NONE', #1148, #263, #95 ) ;
#328 = EDGE_CURVE ( 'NONE', #2105, #2131, #284, .T. ) ;
#329 = AXIS2_PLACEMENT_3D ( 'NONE', #1970, #1932, #1450 ) ;
#330 = CARTESIAN_POINT ( 'NONE',  ( 6.499999999999992006, 0.000000000000000000, 14.00000000000020606 ) ) ;
#331 = AXIS2_PLACEMENT_3D ( 'NONE', #1596, #953, #2168 ) ;
#332 = CYLINDRICAL_SURFACE ( 'NONE', #1104, 0.7999999999999951594 ) ;
#333 = DIRECTION ( 'NONE',  ( -0.000000000000000000, -1.000000000000000000, -0.000000000000000000 ) ) ;
#334 = CARTESIAN_POINT ( 'NONE',  ( 6.000000000000000000, -4.200000000000000178, 145.7499999999999716 ) ) ;
#335 = ORIENTED_EDGE ( 'NONE', *, *, #658, .F. ) ;
#336 = CONICAL_SURFACE ( 'NONE', #1615, 2.024999999999999023, 0.7853981633974576049 ) ;
#337 = DIRECTION ( 'NONE',  ( -0.000000000000000000, 1.000000000000000000, -0.000000000000000000 ) ) ;
#338 = ORIENTED_EDGE ( 'NONE', *, *, #639, .T. ) ;
#339 = ADVANCED_FACE ( 'NONE', ( #1435, #760 ), #395, .F. ) ;
#340 = EDGE_LOOP ( 'NONE', ( #1913, #1349, #2149, #592 ) ) ;
#341 = LINE ( 'NONE', #1044, #246 ) ;
#342 = DIRECTION ( 'NONE',  ( -1.000000000000000000, -0.000000000000000000, -0.000000000000000000 ) ) ;
#343 = ADVANCED_FACE ( 'NONE', ( #1277 ), #1762, .F. ) ;
#344 = DIRECTION ( 'NONE',  ( 0.000000000000000000, 0.000000000000000000, 1.000000000000000000 ) ) ;
#345 = CARTESIAN_POINT ( 'NONE',  ( 9.500000000000001776, 0.000000000000000000, 25.20000000000000284 ) ) ;
#346 = EDGE_LOOP ( 'NONE', ( #1210, #269 ) ) ;
#347 = FACE_BOUND ( 'NONE', #1886, .T. ) ;
#348 = ORIENTED_EDGE ( 'NONE', *, *, #305, .T. ) ;
#349 = CC_DESIGN_PERSON_AND_ORGANIZATION_ASSIGNMENT ( #1873, #1527, ( #478 ) ) ;
#350 = VERTEX_POINT ( 'NONE', #2164 ) ;
#351 = COORDINATED_UNIVERSAL_TIME_OFFSET ( 8, 0, .AHEAD. ) ;
#352 = CARTESIAN_POINT ( 'NONE',  ( 6.499999999999992006, 1.734723475976807883E-15, 11.97500000000020748 ) ) ;
#353 = DIRECTION ( 'NONE',  ( -0.000000000000000000, -1.000000000000000000, -0.000000000000000000 ) ) ;
#354 = DIRECTION ( 'NONE',  ( 0.000000000000000000, 0.000000000000000000, -1.000000000000000000 ) ) ;
#355 = DIRECTION ( 'NONE',  ( 0.000000000000000000, 0.000000000000000000, -1.000000000000000000 ) ) ;
#356 = ORIENTED_EDGE ( 'NONE', *, *, #1, .T. ) ;
#357 = CARTESIAN_POINT ( 'NONE',  ( 12.00000000000000178, -3.000000000000000000, 0.000000000000000000 ) ) ;
#358 = VERTEX_POINT ( 'NONE', #1990 ) ;
#359 = ORIENTED_EDGE ( 'NONE', *, *, #776, .T. ) ;
#360 = APPROVAL_ROLE ( '' ) ;
#361 = DIRECTION ( 'NONE',  ( -0.000000000000000000, 1.000000000000000000, -0.000000000000000000 ) ) ;
#362 = CARTESIAN_POINT ( 'NONE',  ( 6.499999999999992006, -6.000000000000000000, 119.0000000000002132 ) ) ;
#363 = EDGE_CURVE ( 'NONE', #823, #1025, #1459, .T. ) ;
#364 = DIRECTION ( 'NONE',  ( 0.000000000000000000, 0.000000000000000000, -1.000000000000000000 ) ) ;
#365 = DIRECTION ( 'NONE',  ( 0.000000000000000000, 0.000000000000000000, 1.000000000000000000 ) ) ;
#366 = VERTEX_POINT ( 'NONE', #1096 ) ;
#367 = DIRECTION ( 'NONE',  ( 0.000000000000000000, -1.000000000000000000, 0.000000000000000000 ) ) ;
#368 = EDGE_LOOP ( 'NONE', ( #1665, #348, #1901, #1951 ) ) ;
#369 = EDGE_CURVE ( 'NONE', #638, #1396, #903, .T. ) ;
#370 = CIRCLE ( 'NONE', #662, 0.7999999999999951594 ) ;
#371 = ADVANCED_BREP_SHAPE_REPRESENTATION ( '\X2\94fe63a58f74\X0\', ( #1524, #1834 ), #550 ) ;
#372 = ORIENTED_EDGE ( 'NONE', *, *, #858, .T. ) ;
#373 = COORDINATED_UNIVERSAL_TIME_OFFSET ( 8, 0, .AHEAD. ) ;
#374 = VERTEX_POINT ( 'NONE', #1413 ) ;
#375 = LINE ( 'NONE', #1622, #1784 ) ;
#376 = DIRECTION ( 'NONE',  ( -0.000000000000000000, 1.000000000000000000, -0.000000000000000000 ) ) ;
#377 = CYLINDRICAL_SURFACE ( 'NONE', #1256, 0.7999999999999951594 ) ;
#378 = CARTESIAN_POINT ( 'NONE',  ( 6.499999999999992006, -3.000000000000000000, 15.65000000000019575 ) ) ;
#379 = EDGE_LOOP ( 'NONE', ( #923, #2129, #1518, #1714 ) ) ;
#380 = CIRCLE ( 'NONE', #670, 1.649999999999991696 ) ;
#381 = ADVANCED_FACE ( 'NONE', ( #598 ), #649, .F. ) ;
#382 = FACE_BOUND ( 'NONE', #1695, .T. ) ;
#383 = ORIENTED_EDGE ( 'NONE', *, *, #1972, .F. ) ;
#384 = EDGE_LOOP ( 'NONE', ( #217, #86 ) ) ;
#385 = EDGE_LOOP ( 'NONE', ( #1361, #72, #511, #488 ) ) ;
#386 = DIRECTION ( 'NONE',  ( 0.000000000000000000, -1.000000000000000000, 0.000000000000000000 ) ) ;
#387 = CYLINDRICAL_SURFACE ( 'NONE', #436, 1.649999999999984812 ) ;
#388 = DIRECTION ( 'NONE',  ( 0.000000000000000000, 0.000000000000000000, 1.000000000000000000 ) ) ;
#389 = CARTESIAN_POINT ( 'NONE',  ( 6.499999999999992006, 1.734723475976807883E-15, 235.9750000000001080 ) ) ;
#390 = CARTESIAN_POINT ( 'NONE',  ( 6.000000000000000000, -4.200000000000000178, 147.9999999999999716 ) ) ;
#391 = EDGE_LOOP ( 'NONE', ( #1040, #165, #1535, #1977 ) ) ;
#392 = ADVANCED_FACE ( 'NONE', ( #573 ), #1975, .F. ) ;
#393 = ORIENTED_EDGE ( 'NONE', *, *, #1541, .F. ) ;
#394 = ORIENTED_EDGE ( 'NONE', *, *, #1654, .F. ) ;
#395 = PLANE ( 'NONE',  #680 ) ;
#396 = DIRECTION ( 'NONE',  ( 1.000000000000000000, 0.000000000000000000, 0.000000000000000000 ) ) ;
#397 = EDGE_CURVE ( 'NONE', #1928, #678, #533, .T. ) ;
#398 = AXIS2_PLACEMENT_3D ( 'NONE', #1846, #807, #632 ) ;
#399 = LINE ( 'NONE', #2154, #1621 ) ;
#400 = VECTOR ( 'NONE', #1170, 1000.000000000000000 ) ;
#401 = DIRECTION ( 'NONE',  ( -0.000000000000000000, 1.000000000000000000, -0.000000000000000000 ) ) ;
#402 = AXIS2_PLACEMENT_3D ( 'NONE', #549, #170, #344 ) ;
#403 = CARTESIAN_POINT ( 'NONE',  ( 6.499999999999992006, -6.000000000000000000, 49.00000000000021316 ) ) ;
#404 = ORIENTED_EDGE ( 'NONE', *, *, #1133, .F. ) ;
#405 = EDGE_CURVE ( 'NONE', #239, #442, #2187, .T. ) ;
#406 = EDGE_LOOP ( 'NONE', ( #1703, #1899, #1262, #960 ) ) ;
#407 = ORIENTED_EDGE ( 'NONE', *, *, #635, .T. ) ;
#408 = DIRECTION ( 'NONE',  ( 8.659560562355014209E-17, 0.7071067811865409114, -0.7071067811865541231 ) ) ;
#409 = CONICAL_SURFACE ( 'NONE', #443, 1.025000000000053646, 0.7853981633962320297 ) ;
#410 = CARTESIAN_POINT ( 'NONE',  ( 6.499999999999992006, -6.000000000000000000, 168.0000000000000853 ) ) ;
#411 = DIRECTION ( 'NONE',  ( 0.000000000000000000, -1.000000000000000000, 0.000000000000000000 ) ) ;
#412 = EDGE_CURVE ( 'NONE', #1008, #1675, #375, .T. ) ;
#413 = CARTESIAN_POINT ( 'NONE',  ( 2.500000000000000000, -2.774999999999525180, 6.799999999999998934 ) ) ;
#414 = CARTESIAN_POINT ( 'NONE',  ( 0.000000000000000000, 0.000000000000000000, 0.000000000000000000 ) ) ;
#415 = CARTESIAN_POINT ( 'NONE',  ( 6.499999999999992006, 0.000000000000000000, 50.65000000000020464 ) ) ;
#416 = AXIS2_PLACEMENT_3D ( 'NONE', #986, #808, #1493 ) ;
#417 = EDGE_LOOP ( 'NONE', ( #901, #1916 ) ) ;
#418 = FACE_OUTER_BOUND ( 'NONE', #1115, .T. ) ;
#419 = EDGE_CURVE ( 'NONE', #1409, #1808, #2223, .T. ) ;
#420 = LINE ( 'NONE', #134, #1122 ) ;
#421 = DIRECTION ( 'NONE',  ( 0.000000000000000000, -1.000000000000000000, 0.000000000000000000 ) ) ;
#422 = EDGE_CURVE ( 'NONE', #1455, #196, #1936, .T. ) ;
#423 = LINE ( 'NONE', #47, #2233 ) ;
#424 = CARTESIAN_POINT ( 'NONE',  ( 12.00000000000000178, -3.000000000000000000, 39.99999999999997868 ) ) ;
#425 = EDGE_CURVE ( 'NONE', #847, #552, #979, .T. ) ;
#426 = VECTOR ( 'NONE', #843, 1000.000000000000000 ) ;
#427 = FACE_BOUND ( 'NONE', #2184, .T. ) ;
#428 = ORIENTED_EDGE ( 'NONE', *, *, #613, .F. ) ;
#429 = CARTESIAN_POINT ( 'NONE',  ( 6.499999999999992006, 0.000000000000000000, 273.0000000000001137 ) ) ;
#430 = ORIENTED_EDGE ( 'NONE', *, *, #447, .T. ) ;
#431 = ORIENTED_EDGE ( 'NONE', *, *, #522, .T. ) ;
#432 = DIRECTION ( 'NONE',  ( 0.000000000000000000, 0.000000000000000000, 1.000000000000000000 ) ) ;
#433 = DIRECTION ( 'NONE',  ( 1.000000000000000000, 0.000000000000000000, 0.000000000000000000 ) ) ;
#434 = ADVANCED_FACE ( 'NONE', ( #1075 ), #1412, .F. ) ;
#435 = DIRECTION ( 'NONE',  ( 0.000000000000000000, 0.7071067811865409114, 0.7071067811865541231 ) ) ;
#436 = AXIS2_PLACEMENT_3D ( 'NONE', #2134, #1633, #46 ) ;
#437 = CARTESIAN_POINT ( 'NONE',  ( 6.499999999999992006, 0.000000000000000000, 84.00000000000021316 ) ) ;
#438 = EDGE_LOOP ( 'NONE', ( #1050, #1945 ) ) ;
#439 = LOCAL_TIME ( 19, 24, 8.000000000000000000, #373 ) ;
#440 = AXIS2_PLACEMENT_3D ( 'NONE', #1029, #1363, #1740 ) ;
#441 = DIRECTION ( 'NONE',  ( 0.000000000000000000, 0.7071067811865409114, 0.7071067811865541231 ) ) ;
#442 = VERTEX_POINT ( 'NONE', #208 ) ;
#443 = AXIS2_PLACEMENT_3D ( 'NONE', #141, #1004, #1738 ) ;
#444 = CARTESIAN_POINT ( 'NONE',  ( 7.347880794884119736E-16, -6.000000000000000000, 300.0000000000000000 ) ) ;
#445 = CARTESIAN_POINT ( 'NONE',  ( 9.500000000000001776, -3.000000000000125677, 5.999999999999998224 ) ) ;
#446 = FACE_BOUND ( 'NONE', #326, .T. ) ;
#447 = EDGE_CURVE ( 'NONE', #18, #1025, #2115, .T. ) ;
#448 = DIRECTION ( 'NONE',  ( 0.000000000000000000, 0.000000000000000000, 1.000000000000000000 ) ) ;
#449 = CARTESIAN_POINT ( 'NONE',  ( 6.000000000000000000, -6.000000000000000000, 62.99999999999995737 ) ) ;
#450 = ORIENTED_EDGE ( 'NONE', *, *, #838, .T. ) ;
#451 = ORIENTED_EDGE ( 'NONE', *, *, #422, .F. ) ;
#452 = DIRECTION ( 'NONE',  ( -0.000000000000000000, -0.000000000000000000, -1.000000000000000000 ) ) ;
#453 = VERTEX_POINT ( 'NONE', #561 ) ;
#454 = EDGE_CURVE ( 'NONE', #5, #1125, #1191, .T. ) ;
#455 = DIRECTION ( 'NONE',  ( -0.000000000000000000, -1.000000000000000000, -0.000000000000000000 ) ) ;
#456 = DIRECTION ( 'NONE',  ( -0.000000000000000000, -1.000000000000000000, -0.000000000000000000 ) ) ;
#457 = MECHANICAL_CONTEXT ( 'NONE', #560, 'mechanical' ) ;
#458 = CARTESIAN_POINT ( 'NONE',  ( 6.000000000000000000, -4.200000000000000178, 66.49999999999995737 ) ) ;
#459 = EDGE_LOOP ( 'NONE', ( #1599, #857, #828, #1983 ) ) ;
#460 = FACE_BOUND ( 'NONE', #2127, .T. ) ;
#461 = ORIENTED_EDGE ( 'NONE', *, *, #1478, .T. ) ;
#462 = EDGE_CURVE ( 'NONE', #1808, #1409, #1375, .T. ) ;
#463 = VECTOR ( 'NONE', #452, 1000.000000000000000 ) ;
#464 = LINE ( 'NONE', #1501, #463 ) ;
#465 = ORIENTED_EDGE ( 'NONE', *, *, #838, .F. ) ;
#466 = DIRECTION ( 'NONE',  ( -0.000000000000000000, -1.000000000000000000, -0.000000000000000000 ) ) ;
#467 = CALENDAR_DATE ( 2025, 8, 12 ) ;
#468 = EDGE_CURVE ( 'NONE', #1192, #724, #1484, .T. ) ;
#469 = AXIS2_PLACEMENT_3D ( 'NONE', #330, #515, #1035 ) ;
#470 = AXIS2_PLACEMENT_3D ( 'NONE', #1345, #279, #432 ) ;
#471 = CARTESIAN_POINT ( 'NONE',  ( 6.499999999999992006, -6.000000000000000000, 84.00000000000021316 ) ) ;
#472 = VERTEX_POINT ( 'NONE', #783 ) ;
#473 = DIRECTION ( 'NONE',  ( 0.000000000000000000, 0.000000000000000000, 1.000000000000000000 ) ) ;
#474 = VERTEX_POINT ( 'NONE', #1117 ) ;
#475 = AXIS2_PLACEMENT_3D ( 'NONE', #1647, #411, #930 ) ;
#476 = EDGE_CURVE ( 'NONE', #781, #264, #2019, .T. ) ;
#477 = CIRCLE ( 'NONE', #1758, 2.024999999999999023 ) ;
#478 = PRODUCT_DEFINITION_FORMATION_WITH_SPECIFIED_SOURCE ( 'ä»', '', #1663, .NOT_KNOWN. ) ;
#479 = ORIENTED_EDGE ( 'NONE', *, *, #704, .T. ) ;
#480 = CARTESIAN_POINT ( 'NONE',  ( 6.499999999999992006, 1.734723475976807883E-15, 86.02500000000021885 ) ) ;
#481 = DIRECTION ( 'NONE',  ( 0.000000000000000000, 1.000000000000000000, 0.000000000000000000 ) ) ;
#482 = PERSON_AND_ORGANIZATION ( #2205, #1422 ) ;
#483 = AXIS2_PLACEMENT_3D ( 'NONE', #2067, #1209, #1024 ) ;
#484 = CIRCLE ( 'NONE', #2167, 2.024999999999999023 ) ;
#485 = CARTESIAN_POINT ( 'NONE',  ( 6.499999999999992006, -0.3750000000000003331, 82.35000000000022169 ) ) ;
#486 = EDGE_LOOP ( 'NONE', ( #1444, #841 ) ) ;
#487 = LINE ( 'NONE', #836, #1135 ) ;
#488 = ORIENTED_EDGE ( 'NONE', *, *, #2104, .T. ) ;
#489 = EDGE_LOOP ( 'NONE', ( #1800, #1365, #1300, #659 ) ) ;
#490 = AXIS2_PLACEMENT_3D ( 'NONE', #1177, #1848, #2212 ) ;
#491 = EDGE_CURVE ( 'NONE', #1743, #1470, #1479, .T. ) ;
#492 = DIRECTION ( 'NONE',  ( 0.000000000000000000, 0.000000000000000000, 1.000000000000000000 ) ) ;
#493 = DIRECTION ( 'NONE',  ( 0.000000000000000000, 0.000000000000000000, 1.000000000000000000 ) ) ;
#494 = DATE_TIME_ROLE ( 'classification_date' ) ;
#495 = ADVANCED_FACE ( 'NONE', ( #1997 ), #640, .F. ) ;
#496 = CC_DESIGN_APPROVAL ( #821, ( #478 ) ) ;
#497 = CARTESIAN_POINT ( 'NONE',  ( 6.000000000000000000, -8.400000000000000355, 288.0000000000000000 ) ) ;
#498 = EDGE_LOOP ( 'NONE', ( #1774, #2072 ) ) ;
#499 = CARTESIAN_POINT ( 'NONE',  ( 6.499999999999992006, 0.000000000000000000, 12.35000000000021814 ) ) ;
#500 = VERTEX_POINT ( 'NONE', #1854 ) ;
#501 = EDGE_CURVE ( 'NONE', #142, #690, #464, .T. ) ;
#502 = ORIENTED_EDGE ( 'NONE', *, *, #1356, .F. ) ;
#503 = CIRCLE ( 'NONE', #1634, 2.024999999999999023 ) ;
#504 = DIRECTION ( 'NONE',  ( 0.000000000000000000, 0.000000000000000000, -1.000000000000000000 ) ) ;
#505 = CARTESIAN_POINT ( 'NONE',  ( 6.499999999999992006, -3.000000000000000000, 14.00000000000020606 ) ) ;
#506 = AXIS2_PLACEMENT_3D ( 'NONE', #268, #2039, #1302 ) ;
#507 = EDGE_CURVE ( 'NONE', #860, #2215, #420, .T. ) ;
#508 = DIRECTION ( 'NONE',  ( -0.000000000000000000, 1.000000000000000000, -0.000000000000000000 ) ) ;
#509 = ORIENTED_EDGE ( 'NONE', *, *, #2201, .T. ) ;
#510 = CYLINDRICAL_SURFACE ( 'NONE', #160, 1.649999999999984812 ) ;
#511 = ORIENTED_EDGE ( 'NONE', *, *, #2145, .T. ) ;
#512 = ORIENTED_EDGE ( 'NONE', *, *, #71, .F. ) ;
#513 = AXIS2_PLACEMENT_3D ( 'NONE', #1370, #1246, #2076 ) ;
#514 = CONICAL_SURFACE ( 'NONE', #1986, 2.024999999999999023, 0.7853981633974576049 ) ;
#515 = DIRECTION ( 'NONE',  ( -0.000000000000000000, 1.000000000000000000, -0.000000000000000000 ) ) ;
#516 = DIRECTION ( 'NONE',  ( -0.000000000000000000, 1.000000000000000000, -0.000000000000000000 ) ) ;
#517 = CARTESIAN_POINT ( 'NONE',  ( 2.500000000000000000, -2.774999999999525180, 5.999999999999998224 ) ) ;
#518 = CYLINDRICAL_SURFACE ( 'NONE', #1173, 2.250000000000029754 ) ;
#519 = ORIENTED_EDGE ( 'NONE', *, *, #1958, .F. ) ;
#520 = DIRECTION ( 'NONE',  ( -0.000000000000000000, 1.000000000000000000, -0.000000000000000000 ) ) ;
#521 = ORIENTED_EDGE ( 'NONE', *, *, #955, .T. ) ;
#522 = EDGE_CURVE ( 'NONE', #1192, #133, #85, .T. ) ;
#523 = ORIENTED_EDGE ( 'NONE', *, *, #1126, .F. ) ;
#524 = CARTESIAN_POINT ( 'NONE',  ( 2.500000000000000000, -3.000000000000000000, 26.00000000000000000 ) ) ;
#525 = ADVANCED_FACE ( 'NONE', ( #817 ), #1160, .F. ) ;
#526 = CARTESIAN_POINT ( 'NONE',  ( 6.000000000000000000, 0.000000000000000000, 62.99999999999995737 ) ) ;
#527 = DIRECTION ( 'NONE',  ( -0.000000000000000000, 1.000000000000000000, -0.000000000000000000 ) ) ;
#528 = ORIENTED_EDGE ( 'NONE', *, *, #1890, .T. ) ;
#529 = EDGE_CURVE ( 'NONE', #1399, #18, #1676, .T. ) ;
#530 = EDGE_LOOP ( 'NONE', ( #338, #2090, #1445, #172 ) ) ;
#531 = CARTESIAN_POINT ( 'NONE',  ( 6.499999999999992006, 1.734723475976807883E-15, 203.0000000000000853 ) ) ;
#532 = CARTESIAN_POINT ( 'NONE',  ( 6.499999999999992006, -0.3750000000000003331, 119.0000000000002132 ) ) ;
#533 = CIRCLE ( 'NONE', #827, 0.7999999999999951594 ) ;
#534 = ADVANCED_FACE ( 'NONE', ( #950 ), #1646, .F. ) ;
#535 = LINE ( 'NONE', #1046, #766 ) ;
#536 = DIRECTION ( 'NONE',  ( 0.000000000000000000, 0.000000000000000000, 1.000000000000000000 ) ) ;
#537 = ORIENTED_EDGE ( 'NONE', *, *, #1341, .T. ) ;
#538 = FACE_OUTER_BOUND ( 'NONE', #2218, .T. ) ;
#539 = VERTEX_POINT ( 'NONE', #295 ) ;
#540 = VERTEX_POINT ( 'NONE', #1657 ) ;
#541 = EDGE_LOOP ( 'NONE', ( #1311, #1782, #1897, #1322, #52, #567 ) ) ;
#542 = EDGE_CURVE ( 'NONE', #350, #167, #503, .T. ) ;
#543 = AXIS2_PLACEMENT_3D ( 'NONE', #970, #1662, #105 ) ;
#544 = DIRECTION ( 'NONE',  ( 0.000000000000000000, 0.000000000000000000, 1.000000000000000000 ) ) ;
#545 = DIRECTION ( 'NONE',  ( 0.000000000000000000, 0.000000000000000000, -1.000000000000000000 ) ) ;
#546 = VECTOR ( 'NONE', #1324, 1000.000000000000000 ) ;
#547 = VECTOR ( 'NONE', #219, 1000.000000000000000 ) ;
#548 = VECTOR ( 'NONE', #1553, 1000.000000000000000 ) ;
#549 = CARTESIAN_POINT ( 'NONE',  ( 6.499999999999992006, -0.3750000000000003331, 14.00000000000020606 ) ) ;
#550 =( GEOMETRIC_REPRESENTATION_CONTEXT ( 3 ) GLOBAL_UNCERTAINTY_ASSIGNED_CONTEXT ( ( #1635 ) ) GLOBAL_UNIT_ASSIGNED_CONTEXT ( ( #1816, #113, #2200 ) ) REPRESENTATION_CONTEXT ( 'NONE', 'WORKASPACE' ) );
#551 = CARTESIAN_POINT ( 'NONE',  ( 2.500000000000000000, 0.000000000000000000, 6.799999999999992717 ) ) ;
#552 = VERTEX_POINT ( 'NONE', #1488 ) ;
#553 = VECTOR ( 'NONE', #1888, 1000.000000000000000 ) ;
#554 = CARTESIAN_POINT ( 'NONE',  ( 6.499999999999992006, 1.734723475976807883E-15, 51.02500000000021174 ) ) ;
#555 = ORIENTED_EDGE ( 'NONE', *, *, #745, .F. ) ;
#556 = CONICAL_SURFACE ( 'NONE', #2133, 2.024999999999999023, 0.7853981633974576049 ) ;
#557 = CIRCLE ( 'NONE', #845, 1.025000000000053646 ) ;
#558 = ORIENTED_EDGE ( 'NONE', *, *, #33, .T. ) ;
#559 = ORIENTED_EDGE ( 'NONE', *, *, #1708, .F. ) ;
#560 = APPLICATION_CONTEXT ( 'configuration controlled 3d designs of mechanical parts and assemblies' ) ;
#561 = CARTESIAN_POINT ( 'NONE',  ( 6.499999999999992006, 1.734723475976807883E-15, 200.9750000000001080 ) ) ;
#562 = DIRECTION ( 'NONE',  ( 0.000000000000000000, 0.000000000000000000, -1.000000000000000000 ) ) ;
#563 = CARTESIAN_POINT ( 'NONE',  ( 6.499999999999992006, 0.000000000000000000, 273.0000000000001137 ) ) ;
#564 = DIRECTION ( 'NONE',  ( 0.000000000000000000, 0.000000000000000000, -1.000000000000000000 ) ) ;
#565 = CARTESIAN_POINT ( 'NONE',  ( 9.500000000000001776, 0.000000000000000000, 5.200000000000003730 ) ) ;
#566 = EDGE_CURVE ( 'NONE', #1094, #2040, #250, .T. ) ;
#567 = ORIENTED_EDGE ( 'NONE', *, *, #1534, .T. ) ;
#568 = AXIS2_PLACEMENT_3D ( 'NONE', #300, #481, #1316 ) ;
#569 = FACE_OUTER_BOUND ( 'NONE', #379, .T. ) ;
#570 = ORIENTED_EDGE ( 'NONE', *, *, #33, .F. ) ;
#571 = ORIENTED_EDGE ( 'NONE', *, *, #1598, .F. ) ;
#572 = LINE ( 'NONE', #747, #1865 ) ;
#573 = FACE_OUTER_BOUND ( 'NONE', #1179, .T. ) ;
#574 = DIRECTION ( 'NONE',  ( -0.000000000000000000, 1.000000000000000000, -0.000000000000000000 ) ) ;
#575 = DIRECTION ( 'NONE',  ( -0.000000000000000000, 1.000000000000000000, -0.000000000000000000 ) ) ;
#576 = CARTESIAN_POINT ( 'NONE',  ( 2.500000000000000000, -3.000000000000125677, 5.999999999999998224 ) ) ;
#577 = FACE_OUTER_BOUND ( 'NONE', #182, .T. ) ;
#578 = EDGE_LOOP ( 'NONE', ( #770, #1051 ) ) ;
#579 = ADVANCED_FACE ( 'NONE', ( #2175 ), #1860, .F. ) ;
#580 = CARTESIAN_POINT ( 'NONE',  ( 6.499999999999992006, 1.734723475976807883E-15, 205.0250000000000909 ) ) ;
#581 = ORIENTED_EDGE ( 'NONE', *, *, #948, .F. ) ;
#582 = ORIENTED_EDGE ( 'NONE', *, *, #850, .T. ) ;
#583 = AXIS2_PLACEMENT_3D ( 'NONE', #2221, #786, #2177 ) ;
#584 = DIRECTION ( 'NONE',  ( -0.000000000000000000, 1.000000000000000000, -0.000000000000000000 ) ) ;
#585 = DIRECTION ( 'NONE',  ( -0.000000000000000000, -1.000000000000000000, -0.000000000000000000 ) ) ;
#586 = FACE_OUTER_BOUND ( 'NONE', #1961, .T. ) ;
#587 = PERSON_AND_ORGANIZATION ( #2205, #1422 ) ;
#588 = VECTOR ( 'NONE', #1463, 1000.000000000000000 ) ;
#589 = CIRCLE ( 'NONE', #2087, 2.250000000000001776 ) ;
#590 = DIRECTION ( 'NONE',  ( 0.000000000000000000, 1.000000000000000000, 0.000000000000000000 ) ) ;
#591 = PRODUCT_DEFINITION ( 'æœ', '', #478, #762 ) ;
#592 = ORIENTED_EDGE ( 'NONE', *, *, #454, .T. ) ;
#593 = AXIS2_PLACEMENT_3D ( 'NONE', #934, #1250, #1617 ) ;
#594 = ORIENTED_EDGE ( 'NONE', *, *, #1439, .T. ) ;
#595 = VERTEX_POINT ( 'NONE', #1141 ) ;
#596 = EDGE_CURVE ( 'NONE', #123, #315, #2086, .T. ) ;
#597 = AXIS2_PLACEMENT_3D ( 'NONE', #1893, #353, #1206 ) ;
#598 = FACE_OUTER_BOUND ( 'NONE', #2197, .T. ) ;
#599 = DIRECTION ( 'NONE',  ( 0.000000000000000000, 0.000000000000000000, 1.000000000000000000 ) ) ;
#600 = FACE_OUTER_BOUND ( 'NONE', #119, .T. ) ;
#601 = CARTESIAN_POINT ( 'NONE',  ( 6.499999999999992006, -0.3750000000000003331, 117.3500000000002359 ) ) ;
#602 = DIRECTION ( 'NONE',  ( 0.000000000000000000, 0.000000000000000000, 1.000000000000000000 ) ) ;
#603 = AXIS2_PLACEMENT_3D ( 'NONE', #532, #878, #1186 ) ;
#604 = DIRECTION ( 'NONE',  ( -0.000000000000000000, 1.000000000000000000, -0.000000000000000000 ) ) ;
#605 = CARTESIAN_POINT ( 'NONE',  ( 6.499999999999992006, 0.000000000000000000, 120.6500000000002046 ) ) ;
#606 = ORIENTED_EDGE ( 'NONE', *, *, #1523, .T. ) ;
#607 = EDGE_CURVE ( 'NONE', #1419, #2050, #2196, .T. ) ;
#608 = CARTESIAN_POINT ( 'NONE',  ( 9.500000000000001776, -3.000000000000125677, 26.00000000000000000 ) ) ;
#609 = ORIENTED_EDGE ( 'NONE', *, *, #1519, .T. ) ;
#610 = DIRECTION ( 'NONE',  ( -0.000000000000000000, 1.000000000000000000, -0.000000000000000000 ) ) ;
#611 = CARTESIAN_POINT ( 'NONE',  ( 6.499999999999992006, -6.000000000000000000, 117.3500000000002359 ) ) ;
#612 = DIRECTION ( 'NONE',  ( 0.000000000000000000, 1.000000000000000000, 0.000000000000000000 ) ) ;
#613 = EDGE_CURVE ( 'NONE', #1057, #1889, #2031, .T. ) ;
#614 = DIRECTION ( 'NONE',  ( 0.000000000000000000, 0.000000000000000000, 1.000000000000000000 ) ) ;
#615 = LINE ( 'NONE', #605, #1568 ) ;
#616 = ORIENTED_EDGE ( 'NONE', *, *, #84, .T. ) ;
#617 = DIRECTION ( 'NONE',  ( -0.000000000000000000, 1.000000000000000000, -0.000000000000000000 ) ) ;
#618 = VERTEX_POINT ( 'NONE', #1298 ) ;
#619 = CC_DESIGN_PERSON_AND_ORGANIZATION_ASSIGNMENT ( #1239, #1938, ( #2069 ) ) ;
#620 = FACE_OUTER_BOUND ( 'NONE', #205, .T. ) ;
#621 = FACE_OUTER_BOUND ( 'NONE', #1343, .T. ) ;
#622 = CARTESIAN_POINT ( 'NONE',  ( 0.000000000000000000, -3.000000000000000000, 0.000000000000000000 ) ) ;
#623 = CIRCLE ( 'NONE', #1905, 2.250000000000001776 ) ;
#624 = CARTESIAN_POINT ( 'NONE',  ( 6.000000000000000000, -8.400000000000000355, 62.99999999999995737 ) ) ;
#625 = VECTOR ( 'NONE', #709, 1000.000000000000000 ) ;
#626 = CIRCLE ( 'NONE', #920, 1.025000000000053646 ) ;
#627 = DIRECTION ( 'NONE',  ( 0.000000000000000000, 0.000000000000000000, 1.000000000000000000 ) ) ;
#628 = EDGE_LOOP ( 'NONE', ( #2231, #1606, #228, #925 ) ) ;
#629 = AXIS2_PLACEMENT_3D ( 'NONE', #1600, #898, #1795 ) ;
#630 = CARTESIAN_POINT ( 'NONE',  ( 6.499999999999992006, 1.734723475976807883E-15, 275.0250000000001478 ) ) ;
#631 = ORIENTED_EDGE ( 'NONE', *, *, #468, .T. ) ;
#632 = DIRECTION ( 'NONE',  ( 0.000000000000000000, 0.000000000000000000, 1.000000000000000000 ) ) ;
#633 = AXIS2_PLACEMENT_3D ( 'NONE', #1748, #198, #2074 ) ;
#634 = DIRECTION ( 'NONE',  ( 0.000000000000000000, 0.000000000000000000, 1.000000000000000000 ) ) ;
#635 = EDGE_CURVE ( 'NONE', #374, #130, #1871, .T. ) ;
#636 = DIRECTION ( 'NONE',  ( 0.000000000000000000, 1.000000000000000000, 0.000000000000000000 ) ) ;
#637 = CIRCLE ( 'NONE', #1924, 3.500000000000003109 ) ;
#638 = VERTEX_POINT ( 'NONE', #1956 ) ;
#639 = EDGE_CURVE ( 'NONE', #1710, #278, #954, .T. ) ;
#640 = CYLINDRICAL_SURFACE ( 'NONE', #753, 1.649999999999984812 ) ;
#641 = ORIENTED_EDGE ( 'NONE', *, *, #176, .T. ) ;
#642 = CARTESIAN_POINT ( 'NONE',  ( 9.500000000000001776, -3.000000000000000000, 5.999999999999998224 ) ) ;
#643 = DIRECTION ( 'NONE',  ( -0.000000000000000000, 1.000000000000000000, -0.000000000000000000 ) ) ;
#644 = CYLINDRICAL_SURFACE ( 'NONE', #1752, 2.250000000000029754 ) ;
#645 = ORIENTED_EDGE ( 'NONE', *, *, #1009, .T. ) ;
#646 = EDGE_CURVE ( 'NONE', #710, #1387, #1055, .T. ) ;
#647 = FACE_BOUND ( 'NONE', #657, .T. ) ;
#648 = EDGE_LOOP ( 'NONE', ( #679, #1188 ) ) ;
#649 = CONICAL_SURFACE ( 'NONE', #1591, 2.024999999999999023, 0.7853981633974576049 ) ;
#650 = EDGE_LOOP ( 'NONE', ( #1043, #1433 ) ) ;
#651 = FACE_OUTER_BOUND ( 'NONE', #2008, .T. ) ;
#652 = DIRECTION ( 'NONE',  ( 0.000000000000000000, 0.000000000000000000, -1.000000000000000000 ) ) ;
#653 = DIRECTION ( 'NONE',  ( 0.000000000000000000, 0.000000000000000000, 1.000000000000000000 ) ) ;
#654 = ORIENTED_EDGE ( 'NONE', *, *, #203, .T. ) ;
#655 = AXIS2_PLACEMENT_3D ( 'NONE', #471, #2002, #2170 ) ;
#656 = DIRECTION ( 'NONE',  ( 0.000000000000000000, 0.000000000000000000, -1.000000000000000000 ) ) ;
#657 = EDGE_LOOP ( 'NONE', ( #1786, #237 ) ) ;
#658 = EDGE_CURVE ( 'NONE', #278, #1508, #188, .T. ) ;
#659 = ORIENTED_EDGE ( 'NONE', *, *, #273, .F. ) ;
#660 = DIRECTION ( 'NONE',  ( -0.000000000000000000, -1.000000000000000000, -0.000000000000000000 ) ) ;
#661 = CARTESIAN_POINT ( 'NONE',  ( 2.500000000000000000, -3.000000000000000000, 6.799999999999992717 ) ) ;
#662 = AXIS2_PLACEMENT_3D ( 'NONE', #75, #421, #562 ) ;
#663 = EDGE_CURVE ( 'NONE', #192, #908, #14, .T. ) ;
#664 = DIRECTION ( 'NONE',  ( 0.000000000000000000, 0.000000000000000000, -1.000000000000000000 ) ) ;
#665 = ORIENTED_EDGE ( 'NONE', *, *, #2109, .T. ) ;
#666 = DIRECTION ( 'NONE',  ( 0.000000000000000000, 0.000000000000000000, 1.000000000000000000 ) ) ;
#667 = VERTEX_POINT ( 'NONE', #2088 ) ;
#668 = ORIENTED_EDGE ( 'NONE', *, *, #699, .F. ) ;
#669 = ORIENTED_EDGE ( 'NONE', *, *, #787, .F. ) ;
#670 = AXIS2_PLACEMENT_3D ( 'NONE', #1012, #1857, #102 ) ;
#671 = EDGE_CURVE ( 'NONE', #1396, #1686, #535, .T. ) ;
#672 = DIRECTION ( 'NONE',  ( 0.000000000000000000, 0.000000000000000000, 1.000000000000000000 ) ) ;
#673 = CARTESIAN_POINT ( 'NONE',  ( 6.499999999999992006, -6.000000000000000000, 119.0000000000002132 ) ) ;
#674 = CARTESIAN_POINT ( 'NONE',  ( 2.500000000000000000, -2.774999999999525180, 25.19999999999999929 ) ) ;
#675 = DIRECTION ( 'NONE',  ( 0.000000000000000000, 0.000000000000000000, 1.000000000000000000 ) ) ;
#676 = ORIENTED_EDGE ( 'NONE', *, *, #646, .F. ) ;
#677 = FACE_BOUND ( 'NONE', #1198, .T. ) ;
#678 = VERTEX_POINT ( 'NONE', #1931 ) ;
#679 = ORIENTED_EDGE ( 'NONE', *, *, #1165, .F. ) ;
#680 = AXIS2_PLACEMENT_3D ( 'NONE', #715, #386, #231 ) ;
#681 = LINE ( 'NONE', #157, #1312 ) ;
#682 = CARTESIAN_POINT ( 'NONE',  ( 6.000000000000000000, -8.400000000000000355, 290.2500000000000000 ) ) ;
#683 = ADVANCED_FACE ( 'NONE', ( #880 ), #1028, .F. ) ;
#684 = DIRECTION ( 'NONE',  ( 0.000000000000000000, 0.000000000000000000, 1.000000000000000000 ) ) ;
#685 = CARTESIAN_POINT ( 'NONE',  ( 6.499999999999992006, 1.734723475976807883E-15, 84.00000000000021316 ) ) ;
#686 = EDGE_LOOP ( 'NONE', ( #775, #606, #1864, #1264 ) ) ;
#687 = DIRECTION ( 'NONE',  ( 0.000000000000000000, 0.000000000000000000, -1.000000000000000000 ) ) ;
#688 = VECTOR ( 'NONE', #1481, 1000.000000000000114 ) ;
#689 = EDGE_CURVE ( 'NONE', #1440, #1704, #1350, .T. ) ;
#690 = VERTEX_POINT ( 'NONE', #1064 ) ;
#691 = AXIS2_PLACEMENT_3D ( 'NONE', #16, #1737, #1943 ) ;
#692 = CIRCLE ( 'NONE', #1098, 1.649999999999984812 ) ;
#693 = DIRECTION ( 'NONE',  ( 8.659560562355014209E-17, 0.7071067811865409114, -0.7071067811865541231 ) ) ;
#694 = CARTESIAN_POINT ( 'NONE',  ( 0.000000000000000000, 0.000000000000000000, 0.000000000000000000 ) ) ;
#695 = CARTESIAN_POINT ( 'NONE',  ( 6.499999999999992006, -6.000000000000000000, 204.6500000000000909 ) ) ;
#696 = FACE_OUTER_BOUND ( 'NONE', #1059, .T. ) ;
#697 = ORIENTED_EDGE ( 'NONE', *, *, #784, .T. ) ;
#698 = AXIS2_PLACEMENT_3D ( 'NONE', #312, #1565, #1360 ) ;
#699 = EDGE_CURVE ( 'NONE', #1601, #1411, #1196, .T. ) ;
#700 = FACE_BOUND ( 'NONE', #1547, .T. ) ;
#701 = CIRCLE ( 'NONE', #1691, 2.024999999999999023 ) ;
#702 = ORIENTED_EDGE ( 'NONE', *, *, #249, .F. ) ;
#703 = ORIENTED_EDGE ( 'NONE', *, *, #1996, .T. ) ;
#704 = EDGE_CURVE ( 'NONE', #618, #53, #260, .T. ) ;
#705 = CARTESIAN_POINT ( 'NONE',  ( 6.000000000000000000, -4.200000000000000178, 144.4999999999999716 ) ) ;
#706 = DIRECTION ( 'NONE',  ( 0.000000000000000000, 1.000000000000000000, 0.000000000000000000 ) ) ;
#707 = AXIS2_PLACEMENT_3D ( 'NONE', #968, #1335, #2190 ) ;
#708 = CARTESIAN_POINT ( 'NONE',  ( 6.499999999999992006, -0.3750000000000003331, 50.65000000000020464 ) ) ;
#709 = DIRECTION ( 'NONE',  ( -0.000000000000000000, 1.000000000000000000, -0.000000000000000000 ) ) ;
#710 = VERTEX_POINT ( 'NONE', #674 ) ;
#711 = DIRECTION ( 'NONE',  ( 0.000000000000000000, 0.000000000000000000, 1.000000000000000000 ) ) ;
#712 = ORIENTED_EDGE ( 'NONE', *, *, #8, .T. ) ;
#713 = EDGE_CURVE ( 'NONE', #1235, #1419, #1906, .T. ) ;
#714 = ORIENTED_EDGE ( 'NONE', *, *, #810, .F. ) ;
#715 = CARTESIAN_POINT ( 'NONE',  ( 6.000000000000000000, -4.200000000000000178, 147.9999999999999716 ) ) ;
#716 = DIRECTION ( 'NONE',  ( -0.000000000000000000, 1.000000000000000000, 0.000000000000000000 ) ) ;
#717 = AXIS2_PLACEMENT_3D ( 'NONE', #1313, #1333, #1127 ) ;
#718 = DIRECTION ( 'NONE',  ( 8.659560562344407728E-17, -0.7071067811874067743, 0.7071067811856881491 ) ) ;
#719 = DIRECTION ( 'NONE',  ( 0.000000000000000000, 0.000000000000000000, 1.000000000000000000 ) ) ;
#720 = EDGE_CURVE ( 'NONE', #1094, #1010, #1584, .T. ) ;
#721 = ORIENTED_EDGE ( 'NONE', *, *, #529, .T. ) ;
#722 = FACE_BOUND ( 'NONE', #648, .T. ) ;
#723 = ORIENTED_EDGE ( 'NONE', *, *, #1581, .T. ) ;
#724 = VERTEX_POINT ( 'NONE', #855 ) ;
#725 = VECTOR ( 'NONE', #1095, 1000.000000000000000 ) ;
#726 = ORIENTED_EDGE ( 'NONE', *, *, #635, .F. ) ;
#727 = EDGE_CURVE ( 'NONE', #746, #1889, #225, .T. ) ;
#728 = DIRECTION ( 'NONE',  ( -0.000000000000000000, 1.000000000000000000, -0.000000000000000000 ) ) ;
#729 = DIRECTION ( 'NONE',  ( 0.000000000000000000, 0.000000000000000000, -1.000000000000000000 ) ) ;
#730 = AXIS2_PLACEMENT_3D ( 'NONE', #38, #1751, #354 ) ;
#731 = AXIS2_PLACEMENT_3D ( 'NONE', #437, #1863, #627 ) ;
#732 = CARTESIAN_POINT ( 'NONE',  ( 6.499999999999992006, 1.734723475976807883E-15, 275.0250000000001478 ) ) ;
#733 = ORIENTED_EDGE ( 'NONE', *, *, #948, .T. ) ;
#734 = AXIS2_PLACEMENT_3D ( 'NONE', #213, #367, #754 ) ;
#735 = FACE_OUTER_BOUND ( 'NONE', #1107, .T. ) ;
#736 = ORIENTED_EDGE ( 'NONE', *, *, #79, .T. ) ;
#737 = ORIENTED_EDGE ( 'NONE', *, *, #104, .T. ) ;
#738 = ORIENTED_EDGE ( 'NONE', *, *, #2201, .F. ) ;
#739 = CARTESIAN_POINT ( 'NONE',  ( 6.499999999999992006, -6.000000000000000000, 273.0000000000001137 ) ) ;
#740 = CARTESIAN_POINT ( 'NONE',  ( 6.499999999999992006, 1.734723475976807883E-15, 238.0000000000001137 ) ) ;
#741 = EDGE_CURVE ( 'NONE', #1072, #1760, #2159, .T. ) ;
#742 = ORIENTED_EDGE ( 'NONE', *, *, #155, .T. ) ;
#743 = DIRECTION ( 'NONE',  ( 0.000000000000000000, 1.000000000000000000, 0.000000000000000000 ) ) ;
#744 = ORIENTED_EDGE ( 'NONE', *, *, #646, .T. ) ;
#745 = EDGE_CURVE ( 'NONE', #1393, #2118, #1492, .T. ) ;
#746 = VERTEX_POINT ( 'NONE', #708 ) ;
#747 = CARTESIAN_POINT ( 'NONE',  ( 6.000000000000000000, -8.400000000000000355, 145.7499999999999716 ) ) ;
#748 = CARTESIAN_POINT ( 'NONE',  ( 9.500000000000001776, 0.000000000000000000, 5.999999999999998224 ) ) ;
#749 = CYLINDRICAL_SURFACE ( 'NONE', #2204, 1.649999999999991696 ) ;
#750 = CC_DESIGN_PERSON_AND_ORGANIZATION_ASSIGNMENT ( #1155, #1652, ( #1663 ) ) ;
#751 = DIRECTION ( 'NONE',  ( -0.000000000000000000, 1.000000000000000000, -0.000000000000000000 ) ) ;
#752 = FACE_OUTER_BOUND ( 'NONE', #1630, .T. ) ;
#753 = AXIS2_PLACEMENT_3D ( 'NONE', #429, #1289, #251 ) ;
#754 = DIRECTION ( 'NONE',  ( 0.000000000000000000, -0.000000000000000000, -1.000000000000000000 ) ) ;
#755 = ORIENTED_EDGE ( 'NONE', *, *, #958, .T. ) ;
#756 = AXIS2_PLACEMENT_3D ( 'NONE', #531, #146, #672 ) ;
#757 = ORIENTED_EDGE ( 'NONE', *, *, #2030, .F. ) ;
#758 = VERTEX_POINT ( 'NONE', #3 ) ;
#759 = VECTOR ( 'NONE', #1153, 1000.000000000000000 ) ;
#760 = FACE_OUTER_BOUND ( 'NONE', #117, .T. ) ;
#761 = PLANE ( 'NONE',  #1207 ) ;
#762 = DESIGN_CONTEXT ( 'detailed design', #253, 'design' ) ;
#763 = VECTOR ( 'NONE', #129, 1000.000000000000000 ) ;
#764 = CARTESIAN_POINT ( 'NONE',  ( 6.499999999999992006, -0.3750000000000003331, 166.3500000000001080 ) ) ;
#765 = CIRCLE ( 'NONE', #1984, 2.250000000000001776 ) ;
#766 = VECTOR ( 'NONE', #1208, 1000.000000000000000 ) ;
#767 = APPROVAL_PERSON_ORGANIZATION ( #1073, #821, #1761 ) ;
#768 = DIRECTION ( 'NONE',  ( 0.000000000000000000, 0.000000000000000000, 1.000000000000000000 ) ) ;
#769 = ADVANCED_FACE ( 'NONE', ( #27, #1564 ), #1405, .F. ) ;
#770 = ORIENTED_EDGE ( 'NONE', *, *, #1376, .F. ) ;
#771 = ORIENTED_EDGE ( 'NONE', *, *, #1895, .T. ) ;
#772 = VECTOR ( 'NONE', #822, 1000.000000000000000 ) ;
#773 = CIRCLE ( 'NONE', #2060, 1.649999999999988365 ) ;
#774 = CARTESIAN_POINT ( 'NONE',  ( 6.499999999999992006, 1.734723475976807883E-15, 119.0000000000002132 ) ) ;
#775 = ORIENTED_EDGE ( 'NONE', *, *, #689, .F. ) ;
#776 = EDGE_CURVE ( 'NONE', #1734, #1732, #1985, .T. ) ;
#777 = PERSON_AND_ORGANIZATION ( #2205, #1422 ) ;
#778 = DIRECTION ( 'NONE',  ( -0.000000000000000000, 1.000000000000000000, -0.000000000000000000 ) ) ;
#779 = CIRCLE ( 'NONE', #2066, 1.649999999999984812 ) ;
#780 = CARTESIAN_POINT ( 'NONE',  ( 6.000000000000000000, -6.000000000000000000, 147.9999999999999716 ) ) ;
#781 = VERTEX_POINT ( 'NONE', #695 ) ;
#782 = ORIENTED_EDGE ( 'NONE', *, *, #1119, .F. ) ;
#783 = CARTESIAN_POINT ( 'NONE',  ( 6.000000000000000000, -4.200000000000000178, 285.7499999999999432 ) ) ;
#784 = EDGE_CURVE ( 'NONE', #1125, #5, #1279, .T. ) ;
#785 = ORIENTED_EDGE ( 'NONE', *, *, #1749, .T. ) ;
#786 = DIRECTION ( 'NONE',  ( 0.000000000000000000, 1.000000000000000000, 0.000000000000000000 ) ) ;
#787 = EDGE_CURVE ( 'NONE', #1470, #474, #906, .T. ) ;
#788 = CARTESIAN_POINT ( 'NONE',  ( 6.499999999999992006, 1.734723475976807883E-15, 49.00000000000021316 ) ) ;
#789 = CARTESIAN_POINT ( 'NONE',  ( 6.000000000000000000, -4.200000000000000178, 62.99999999999995737 ) ) ;
#790 = FACE_OUTER_BOUND ( 'NONE', #1334, .T. ) ;
#791 = AXIS2_PLACEMENT_3D ( 'NONE', #1469, #1150, #1666 ) ;
#792 = CARTESIAN_POINT ( 'NONE',  ( 6.499999999999992006, -6.000000000000000000, 85.65000000000020464 ) ) ;
#793 = ORIENTED_EDGE ( 'NONE', *, *, #727, .T. ) ;
#794 = CARTESIAN_POINT ( 'NONE',  ( 6.499999999999992006, 0.000000000000000000, 204.6500000000000909 ) ) ;
#795 = ORIENTED_EDGE ( 'NONE', *, *, #1723, .T. ) ;
#796 = EDGE_CURVE ( 'NONE', #1675, #453, #423, .T. ) ;
#797 = CARTESIAN_POINT ( 'NONE',  ( 6.000000000000000000, -4.200000000000000178, 66.49999999999995737 ) ) ;
#798 = PLANE ( 'NONE',  #1398 ) ;
#799 = AXIS2_PLACEMENT_3D ( 'NONE', #1612, #575, #2198 ) ;
#800 = DIRECTION ( 'NONE',  ( 0.000000000000000000, 0.7071067811865409114, 0.7071067811865541231 ) ) ;
#801 = ADVANCED_FACE ( 'NONE', ( #1651 ), #243, .T. ) ;
#802 = DIRECTION ( 'NONE',  ( 0.000000000000000000, 1.000000000000000000, 0.000000000000000000 ) ) ;
#803 = ORIENTED_EDGE ( 'NONE', *, *, #713, .T. ) ;
#804 = CIRCLE ( 'NONE', #593, 1.649999999999984812 ) ;
#805 = CARTESIAN_POINT ( 'NONE',  ( 6.499999999999992006, 0.000000000000000000, 47.35000000000022169 ) ) ;
#806 = ORIENTED_EDGE ( 'NONE', *, *, #1026, .F. ) ;
#807 = DIRECTION ( 'NONE',  ( 0.000000000000000000, 1.000000000000000000, 0.000000000000000000 ) ) ;
#808 = DIRECTION ( 'NONE',  ( -0.000000000000000000, -1.000000000000000000, -0.000000000000000000 ) ) ;
#809 = DATE_AND_TIME ( #1683, #2236 ) ;
#810 = EDGE_CURVE ( 'NONE', #1743, #638, #1472, .T. ) ;
#811 = CARTESIAN_POINT ( 'NONE',  ( 6.000000000000000000, -4.200000000000000178, 59.49999999999995737 ) ) ;
#812 = EDGE_LOOP ( 'NONE', ( #1274, #1303, #528, #201 ) ) ;
#813 = CARTESIAN_POINT ( 'NONE',  ( 6.000000000000000000, -4.200000000000000178, 144.4999999999999716 ) ) ;
#814 = VECTOR ( 'NONE', #1130, 1000.000000000000000 ) ;
#815 = FACE_BOUND ( 'NONE', #154, .T. ) ;
#816 = ORIENTED_EDGE ( 'NONE', *, *, #982, .T. ) ;
#817 = FACE_OUTER_BOUND ( 'NONE', #1521, .T. ) ;
#818 = EDGE_LOOP ( 'NONE', ( #2057, #110, #1407, #2142 ) ) ;
#819 = FACE_OUTER_BOUND ( 'NONE', #1457, .T. ) ;
#820 = CARTESIAN_POINT ( 'NONE',  ( 6.000000000000000000, -4.200000000000000178, 291.5000000000000000 ) ) ;
#821 = APPROVAL ( #1224, 'æœª' ) ;
#822 = DIRECTION ( 'NONE',  ( -0.000000000000000000, 1.000000000000000000, -0.000000000000000000 ) ) ;
#823 = VERTEX_POINT ( 'NONE', #764 ) ;
#824 = EDGE_CURVE ( 'NONE', #1057, #1103, #1531, .T. ) ;
#825 = DIRECTION ( 'NONE',  ( 0.000000000000000000, -1.000000000000000000, 0.000000000000000000 ) ) ;
#826 = EDGE_LOOP ( 'NONE', ( #998, #1240, #1288, #2124 ) ) ;
#827 = AXIS2_PLACEMENT_3D ( 'NONE', #2120, #1788, #1609 ) ;
#828 = ORIENTED_EDGE ( 'NONE', *, *, #1213, .T. ) ;
#829 = CARTESIAN_POINT ( 'NONE',  ( 12.00000000000000178, 0.000000000000000000, 300.0000000000000000 ) ) ;
#830 = CARTESIAN_POINT ( 'NONE',  ( 6.000000000000000000, -4.200000000000000178, 147.9999999999999716 ) ) ;
#831 = DATE_TIME_ROLE ( 'creation_date' ) ;
#832 = DIRECTION ( 'NONE',  ( 0.000000000000000000, 0.000000000000000000, 1.000000000000000000 ) ) ;
#833 = EDGE_LOOP ( 'NONE', ( #2080, #100 ) ) ;
#834 = CIRCLE ( 'NONE', #655, 1.649999999999984812 ) ;
#835 = AXIS2_PLACEMENT_3D ( 'NONE', #2003, #1136, #1841 ) ;
#836 = CARTESIAN_POINT ( 'NONE',  ( 6.000000000000000000, -8.400000000000000355, 60.74999999999995737 ) ) ;
#837 = ORIENTED_EDGE ( 'NONE', *, *, #476, .F. ) ;
#838 = EDGE_CURVE ( 'NONE', #781, #1008, #1833, .T. ) ;
#839 = AXIS2_PLACEMENT_3D ( 'NONE', #1269, #1406, #1597 ) ;
#840 = AXIS2_PLACEMENT_3D ( 'NONE', #622, #969, #1473 ) ;
#841 = ORIENTED_EDGE ( 'NONE', *, *, #973, .T. ) ;
#842 = VECTOR ( 'NONE', #193, 1000.000000000000000 ) ;
#843 = DIRECTION ( 'NONE',  ( 0.000000000000000000, -0.7071067811874075515, -0.7071067811856874830 ) ) ;
#844 = DIRECTION ( 'NONE',  ( 0.000000000000000000, 0.000000000000000000, -1.000000000000000000 ) ) ;
#845 = AXIS2_PLACEMENT_3D ( 'NONE', #2121, #585, #729 ) ;
#846 = FACE_OUTER_BOUND ( 'NONE', #135, .T. ) ;
#847 = VERTEX_POINT ( 'NONE', #1437 ) ;
#848 = DIRECTION ( 'NONE',  ( 0.000000000000000000, 0.000000000000000000, 1.000000000000000000 ) ) ;
#849 = VERTEX_POINT ( 'NONE', #1999 ) ;
#850 = EDGE_CURVE ( 'NONE', #2105, #2040, #210, .T. ) ;
#851 = ORIENTED_EDGE ( 'NONE', *, *, #2119, .T. ) ;
#852 = VECTOR ( 'NONE', #125, 1000.000000000000000 ) ;
#853 = CARTESIAN_POINT ( 'NONE',  ( 6.000000000000000000, -8.400000000000000355, 285.7499999999999432 ) ) ;
#854 = CARTESIAN_POINT ( 'NONE',  ( 9.500000000000001776, -2.774999999999525180, 6.799999999999998934 ) ) ;
#855 = CARTESIAN_POINT ( 'NONE',  ( 6.499999999999992006, -6.000000000000000000, 236.3500000000001080 ) ) ;
#856 = DIRECTION ( 'NONE',  ( 0.000000000000000000, 0.000000000000000000, -1.000000000000000000 ) ) ;
#857 = ORIENTED_EDGE ( 'NONE', *, *, #1708, .T. ) ;
#858 = EDGE_CURVE ( 'NONE', #1656, #539, #626, .T. ) ;
#859 = LINE ( 'NONE', #357, #1101 ) ;
#860 = VERTEX_POINT ( 'NONE', #611 ) ;
#861 = EDGE_LOOP ( 'NONE', ( #736, #669, #883, #1151 ) ) ;
#862 = CARTESIAN_POINT ( 'NONE',  ( 6.499999999999992006, 1.734723475976807883E-15, 119.0000000000002132 ) ) ;
#863 = CARTESIAN_POINT ( 'NONE',  ( 6.499999999999992006, -0.3750000000000003331, 85.65000000000020464 ) ) ;
#864 = ADVANCED_FACE ( 'NONE', ( #600 ), #91, .F. ) ;
#865 = DIRECTION ( 'NONE',  ( 0.000000000000000000, 0.000000000000000000, 1.000000000000000000 ) ) ;
#866 = DIRECTION ( 'NONE',  ( -0.000000000000000000, 1.000000000000000000, -0.000000000000000000 ) ) ;
#867 = ORIENTED_EDGE ( 'NONE', *, *, #1380, .F. ) ;
#868 = CIRCLE ( 'NONE', #1746, 2.024999999999999023 ) ;
#869 = FACE_BOUND ( 'NONE', #899, .T. ) ;
#870 = ORIENTED_EDGE ( 'NONE', *, *, #140, .T. ) ;
#871 = ADVANCED_FACE ( 'NONE', ( #1823 ), #1810, .F. ) ;
#872 = AXIS2_PLACEMENT_3D ( 'NONE', #2182, #272, #614 ) ;
#873 = AXIS2_PLACEMENT_3D ( 'NONE', #1685, #2214, #1328 ) ;
#874 = ORIENTED_EDGE ( 'NONE', *, *, #2017, .T. ) ;
#875 = CIRCLE ( 'NONE', #1603, 3.500000000000003109 ) ;
#876 = AXIS2_PLACEMENT_3D ( 'NONE', #1383, #2089, #1957 ) ;
#877 = FACE_OUTER_BOUND ( 'NONE', #1202, .T. ) ;
#878 = DIRECTION ( 'NONE',  ( -0.000000000000000000, 1.000000000000000000, -0.000000000000000000 ) ) ;
#879 = ADVANCED_FACE ( 'NONE', ( #1637 ), #377, .F. ) ;
#880 = FACE_OUTER_BOUND ( 'NONE', #212, .T. ) ;
#881 = VECTOR ( 'NONE', #1234, 1000.000000000000000 ) ;
#882 = CARTESIAN_POINT ( 'NONE',  ( 12.00000000000000178, 0.000000000000000000, 300.0000000000000000 ) ) ;
#883 = ORIENTED_EDGE ( 'NONE', *, *, #1052, .F. ) ;
#884 = AXIS2_PLACEMENT_3D ( 'NONE', #161, #2246, #664 ) ;
#885 = VECTOR ( 'NONE', #342, 1000.000000000000000 ) ;
#886 = DIRECTION ( 'NONE',  ( -0.000000000000000000, 1.000000000000000000, -0.000000000000000000 ) ) ;
#887 = ORIENTED_EDGE ( 'NONE', *, *, #1222, .T. ) ;
#888 = ORIENTED_EDGE ( 'NONE', *, *, #2145, .F. ) ;
#889 = DATE_AND_TIME ( #1744, #1401 ) ;
#890 = CARTESIAN_POINT ( 'NONE',  ( 6.499999999999992006, 1.734723475976807883E-15, 238.0000000000001137 ) ) ;
#891 = LINE ( 'NONE', #1583, #1139 ) ;
#892 = AXIS2_PLACEMENT_3D ( 'NONE', #1001, #1504, #2034 ) ;
#893 = DIRECTION ( 'NONE',  ( 0.000000000000000000, 1.000000000000000000, 0.000000000000000000 ) ) ;
#894 = CARTESIAN_POINT ( 'NONE',  ( 2.500000000000000000, -3.000000000000125677, 5.999999999999998224 ) ) ;
#895 = ORIENTED_EDGE ( 'NONE', *, *, #2081, .F. ) ;
#896 = CC_DESIGN_APPROVAL ( #1911, ( #2069 ) ) ;
#897 = EDGE_CURVE ( 'NONE', #278, #1710, #202, .T. ) ;
#898 = DIRECTION ( 'NONE',  ( -0.000000000000000000, 1.000000000000000000, -0.000000000000000000 ) ) ;
#899 = EDGE_LOOP ( 'NONE', ( #2078, #571 ) ) ;
#900 = EDGE_CURVE ( 'NONE', #214, #949, #399, .T. ) ;
#901 = ORIENTED_EDGE ( 'NONE', *, *, #1608, .T. ) ;
#902 = EDGE_LOOP ( 'NONE', ( #1569, #2020, #1060, #1578 ) ) ;
#903 = LINE ( 'NONE', #917, #945 ) ;
#904 = CARTESIAN_POINT ( 'NONE',  ( 6.499999999999992006, 0.000000000000000000, 49.00000000000021316 ) ) ;
#905 = AXIS2_PLACEMENT_3D ( 'NONE', #929, #361, #197 ) ;
#906 = LINE ( 'NONE', #1427, #588 ) ;
#907 = FACE_BOUND ( 'NONE', #323, .T. ) ;
#908 = VERTEX_POINT ( 'NONE', #413 ) ;
#909 = VECTOR ( 'NONE', #1491, 1000.000000000000000 ) ;
#910 = CYLINDRICAL_SURFACE ( 'NONE', #302, 2.250000000000001776 ) ;
#911 = ORIENTED_EDGE ( 'NONE', *, *, #2017, .F. ) ;
#912 = CONICAL_SURFACE ( 'NONE', #1195, 1.025000000000053646, 0.7853981633962330289 ) ;
#913 = ADVANCED_FACE ( 'NONE', ( #1980 ), #1099, .F. ) ;
#914 = EDGE_LOOP ( 'NONE', ( #1809, #1724, #742, #1020 ) ) ;
#915 = ORIENTED_EDGE ( 'NONE', *, *, #1608, .F. ) ;
#916 = AXIS2_PLACEMENT_3D ( 'NONE', #1146, #80, #768 ) ;
#917 = CARTESIAN_POINT ( 'NONE',  ( 0.000000000000000000, -3.000000000000000000, 0.000000000000000000 ) ) ;
#918 = DIRECTION ( 'NONE',  ( 0.000000000000000000, 1.000000000000000000, 0.000000000000000000 ) ) ;
#919 = AXIS2_PLACEMENT_3D ( 'NONE', #2099, #1038, #684 ) ;
#920 = AXIS2_PLACEMENT_3D ( 'NONE', #576, #1815, #1079 ) ;
#921 = DIRECTION ( 'NONE',  ( 0.000000000000000000, 1.000000000000000000, 0.000000000000000000 ) ) ;
#922 = CARTESIAN_POINT ( 'NONE',  ( 6.499999999999992006, 1.734723475976807883E-15, 116.9750000000002217 ) ) ;
#923 = ORIENTED_EDGE ( 'NONE', *, *, #566, .F. ) ;
#924 = DIRECTION ( 'NONE',  ( -0.000000000000000000, 1.000000000000000000, -0.000000000000000000 ) ) ;
#925 = ORIENTED_EDGE ( 'NONE', *, *, #2178, .T. ) ;
#926 = VECTOR ( 'NONE', #1803, 1000.000000000000000 ) ;
#927 = ORIENTED_EDGE ( 'NONE', *, *, #422, .T. ) ;
#928 = CARTESIAN_POINT ( 'NONE',  ( 6.499999999999992006, 1.734723475976807883E-15, 121.0250000000002188 ) ) ;
#929 = CARTESIAN_POINT ( 'NONE',  ( 6.499999999999992006, 1.734723475976807883E-15, 273.0000000000001137 ) ) ;
#930 = DIRECTION ( 'NONE',  ( 0.000000000000000000, 0.000000000000000000, -1.000000000000000000 ) ) ;
#931 = VECTOR ( 'NONE', #1526, 1000.000000000000000 ) ;
#932 = CARTESIAN_POINT ( 'NONE',  ( 6.499999999999992006, 0.000000000000000000, 14.00000000000020606 ) ) ;
#933 = DIRECTION ( 'NONE',  ( -0.000000000000000000, 1.000000000000000000, -0.000000000000000000 ) ) ;
#934 = CARTESIAN_POINT ( 'NONE',  ( 6.499999999999992006, -0.3750000000000003331, 168.0000000000000853 ) ) ;
#935 = EDGE_LOOP ( 'NONE', ( #428, #915, #316, #793 ) ) ;
#936 = ADVANCED_FACE ( 'NONE', ( #586 ), #1544, .F. ) ;
#937 = ORIENTED_EDGE ( 'NONE', *, *, #1799, .T. ) ;
#938 = ORIENTED_EDGE ( 'NONE', *, *, #405, .T. ) ;
#939 = ORIENTED_EDGE ( 'NONE', *, *, #305, .F. ) ;
#940 = DIRECTION ( 'NONE',  ( 0.000000000000000000, 0.000000000000000000, -1.000000000000000000 ) ) ;
#941 = FACE_OUTER_BOUND ( 'NONE', #459, .T. ) ;
#942 = DIRECTION ( 'NONE',  ( 8.659560562355014209E-17, 0.7071067811865409114, -0.7071067811865541231 ) ) ;
#943 = CARTESIAN_POINT ( 'NONE',  ( 6.499999999999992006, -6.000000000000000000, 238.0000000000001137 ) ) ;
#944 = ADVANCED_FACE ( 'NONE', ( #621 ), #2234, .F. ) ;
#945 = VECTOR ( 'NONE', #1086, 1000.000000000000000 ) ;
#946 = CYLINDRICAL_SURFACE ( 'NONE', #1528, 3.500000000000003109 ) ;
#947 = CIRCLE ( 'NONE', #756, 2.024999999999999023 ) ;
#948 = EDGE_CURVE ( 'NONE', #1411, #1387, #1847, .T. ) ;
#949 = VERTEX_POINT ( 'NONE', #1681 ) ;
#950 = FACE_OUTER_BOUND ( 'NONE', #1674, .T. ) ;
#951 = DIRECTION ( 'NONE',  ( 0.000000000000000000, 0.000000000000000000, 1.000000000000000000 ) ) ;
#952 = CARTESIAN_POINT ( 'NONE',  ( 6.499999999999992006, -0.3750000000000003331, 239.6500000000000909 ) ) ;
#953 = DIRECTION ( 'NONE',  ( 0.000000000000000000, 1.000000000000000000, 0.000000000000000000 ) ) ;
#954 = CIRCLE ( 'NONE', #730, 3.500000000000003109 ) ;
#955 = EDGE_CURVE ( 'NONE', #2176, #908, #1144, .T. ) ;
#956 = CARTESIAN_POINT ( 'NONE',  ( 6.000000000000000000, -8.400000000000000355, 288.0000000000000000 ) ) ;
#957 = CONICAL_SURFACE ( 'NONE', #2166, 1.025000000000053646, 0.7853981633962320297 ) ;
#958 = EDGE_CURVE ( 'NONE', #1692, #366, #1346, .T. ) ;
#959 = DIRECTION ( 'NONE',  ( 0.000000000000000000, 1.000000000000000000, 0.000000000000000000 ) ) ;
#960 = ORIENTED_EDGE ( 'NONE', *, *, #1581, .F. ) ;
#961 = CIRCLE ( 'NONE', #1138, 1.649999999999984812 ) ;
#962 = EDGE_CURVE ( 'NONE', #53, #618, #637, .T. ) ;
#963 = VECTOR ( 'NONE', #1358, 1000.000000000000000 ) ;
#964 = DIRECTION ( 'NONE',  ( -0.000000000000000000, -1.000000000000000000, -0.000000000000000000 ) ) ;
#965 = ORIENTED_EDGE ( 'NONE', *, *, #1233, .T. ) ;
#966 = EDGE_CURVE ( 'NONE', #442, #239, #2174, .T. ) ;
#967 = DIRECTION ( 'NONE',  ( 0.000000000000000000, 0.000000000000000000, -1.000000000000000000 ) ) ;
#968 = CARTESIAN_POINT ( 'NONE',  ( 6.000000000000000000, -6.000000000000000000, 147.9999999999999716 ) ) ;
#969 = DIRECTION ( 'NONE',  ( -0.000000000000000000, 1.000000000000000000, 0.000000000000000000 ) ) ;
#970 = CARTESIAN_POINT ( 'NONE',  ( 6.000000000000000000, -4.200000000000000178, 288.0000000000000000 ) ) ;
#971 = DIRECTION ( 'NONE',  ( 0.000000000000000000, 0.000000000000000000, 1.000000000000000000 ) ) ;
#972 = ORIENTED_EDGE ( 'NONE', *, *, #1309, .F. ) ;
#973 = EDGE_CURVE ( 'NONE', #64, #358, #1505, .T. ) ;
#974 = CARTESIAN_POINT ( 'NONE',  ( 12.00000000000000178, -3.000000000000000000, 39.99999999999997868 ) ) ;
#975 = ORIENTED_EDGE ( 'NONE', *, *, #1213, .F. ) ;
#976 = DIRECTION ( 'NONE',  ( 0.000000000000000000, 0.000000000000000000, -1.000000000000000000 ) ) ;
#977 = CARTESIAN_POINT ( 'NONE',  ( 6.000000000000000000, 0.000000000000000000, 62.99999999999995737 ) ) ;
#978 = DIRECTION ( 'NONE',  ( 0.000000000000000000, 0.000000000000000000, -1.000000000000000000 ) ) ;
#979 = CIRCLE ( 'NONE', #1225, 1.649999999999984812 ) ;
#980 = DIRECTION ( 'NONE',  ( 0.000000000000000000, -0.000000000000000000, 1.000000000000000000 ) ) ;
#981 = ORIENTED_EDGE ( 'NONE', *, *, #166, .F. ) ;
#982 = EDGE_CURVE ( 'NONE', #1601, #710, #1579, .T. ) ;
#983 = CARTESIAN_POINT ( 'NONE',  ( 6.499999999999992006, 1.734723475976807883E-15, 84.00000000000021316 ) ) ;
#984 = ORIENTED_EDGE ( 'NONE', *, *, #249, .T. ) ;
#985 = CARTESIAN_POINT ( 'NONE',  ( 0.000000000000000000, 0.000000000000000000, 300.0000000000000000 ) ) ;
#986 = CARTESIAN_POINT ( 'NONE',  ( 2.500000000000000000, -3.000000000000125677, 26.00000000000000000 ) ) ;
#987 = VECTOR ( 'NONE', #2010, 1000.000000000000000 ) ;
#988 = AXIS2_PLACEMENT_3D ( 'NONE', #624, #2026, #448 ) ;
#989 = CIRCLE ( 'NONE', #1644, 1.649999999999984812 ) ;
#990 = CARTESIAN_POINT ( 'NONE',  ( 6.499999999999992006, 0.000000000000000000, 271.3500000000001364 ) ) ;
#991 = AXIS2_PLACEMENT_3D ( 'NONE', #994, #1509, #179 ) ;
#992 = AXIS2_PLACEMENT_3D ( 'NONE', #1189, #825, #656 ) ;
#993 = VECTOR ( 'NONE', #60, 1000.000000000000000 ) ;
#994 = CARTESIAN_POINT ( 'NONE',  ( 6.000000000000000000, -4.200000000000000178, 62.99999999999995737 ) ) ;
#995 = CARTESIAN_POINT ( 'NONE',  ( 6.499999999999992006, 0.000000000000000000, 119.0000000000002132 ) ) ;
#996 = CIRCLE ( 'NONE', #440, 1.025000000000053646 ) ;
#997 = CARTESIAN_POINT ( 'NONE',  ( 6.499999999999992006, 0.000000000000000000, 239.6500000000000909 ) ) ;
#998 = ORIENTED_EDGE ( 'NONE', *, *, #720, .F. ) ;
#999 = CC_DESIGN_PERSON_AND_ORGANIZATION_ASSIGNMENT ( #1570, #1061, ( #478 ) ) ;
#1000 = CIRCLE ( 'NONE', #22, 2.024999999999999023 ) ;
#1001 = CARTESIAN_POINT ( 'NONE',  ( 6.000000000000000000, -6.000000000000000000, 288.0000000000000000 ) ) ;
#1002 = COORDINATED_UNIVERSAL_TIME_OFFSET ( 8, 0, .AHEAD. ) ;
#1003 = EDGE_CURVE ( 'NONE', #500, #710, #1669, .T. ) ;
#1004 = DIRECTION ( 'NONE',  ( -0.000000000000000000, -1.000000000000000000, -0.000000000000000000 ) ) ;
#1005 = EDGE_LOOP ( 'NONE', ( #616, #771, #2103, #1757 ) ) ;
#1006 = VECTOR ( 'NONE', #456, 1000.000000000000000 ) ;
#1007 = CYLINDRICAL_SURFACE ( 'NONE', #731, 1.649999999999984812 ) ;
#1008 = VERTEX_POINT ( 'NONE', #280 ) ;
#1009 = EDGE_CURVE ( 'NONE', #1994, #308, #136, .T. ) ;
#1010 = VERTEX_POINT ( 'NONE', #2042 ) ;
#1011 = CARTESIAN_POINT ( 'NONE',  ( 6.499999999999992006, -0.3750000000000003331, 204.6500000000000909 ) ) ;
#1012 = CARTESIAN_POINT ( 'NONE',  ( 6.499999999999992006, -0.3750000000000003331, 49.00000000000021316 ) ) ;
#1013 = EDGE_CURVE ( 'NONE', #1808, #1399, #2011, .T. ) ;
#1014 = DIRECTION ( 'NONE',  ( 0.000000000000000000, 1.000000000000000000, 0.000000000000000000 ) ) ;
#1015 = ORIENTED_EDGE ( 'NONE', *, *, #1309, .T. ) ;
#1016 = CYLINDRICAL_SURFACE ( 'NONE', #2024, 0.7999999999999942712 ) ;
#1017 = ORIENTED_EDGE ( 'NONE', *, *, #2025, .F. ) ;
#1018 = AXIS2_PLACEMENT_3D ( 'NONE', #1423, #1592, #1632 ) ;
#1019 = ADVANCED_FACE ( 'NONE', ( #1882, #1660 ), #798, .F. ) ;
#1020 = ORIENTED_EDGE ( 'NONE', *, *, #203, .F. ) ;
#1021 = DIRECTION ( 'NONE',  ( 0.000000000000000000, -1.000000000000000000, 0.000000000000000000 ) ) ;
#1022 = CARTESIAN_POINT ( 'NONE',  ( 6.499999999999992006, -0.3750000000000003331, 15.65000000000019931 ) ) ;
#1023 = AXIS2_PLACEMENT_3D ( 'NONE', #563, #1426, #1257 ) ;
#1024 = DIRECTION ( 'NONE',  ( 0.000000000000000000, 0.000000000000000000, 1.000000000000000000 ) ) ;
#1025 = VERTEX_POINT ( 'NONE', #271 ) ;
#1026 = EDGE_CURVE ( 'NONE', #638, #474, #1696, .T. ) ;
#1027 = VECTOR ( 'NONE', #1640, 1000.000000000000000 ) ;
#1028 = CONICAL_SURFACE ( 'NONE', #1237, 2.024999999999999023, 0.7853981633974576049 ) ;
#1029 = CARTESIAN_POINT ( 'NONE',  ( 2.500000000000000000, -3.000000000000125677, 5.999999999999998224 ) ) ;
#1030 = EDGE_LOOP ( 'NONE', ( #1879, #2095 ) ) ;
#1031 = CONICAL_SURFACE ( 'NONE', #1495, 2.024999999999999023, 0.7853981633974576049 ) ;
#1032 = EDGE_CURVE ( 'NONE', #1889, #746, #380, .T. ) ;
#1033 = PRODUCT_DEFINITION_SHAPE ( 'NONE', 'NONE',  #591 ) ;
#1034 = ORIENTED_EDGE ( 'NONE', *, *, #1529, .T. ) ;
#1035 = DIRECTION ( 'NONE',  ( 0.000000000000000000, 0.000000000000000000, 1.000000000000000000 ) ) ;
#1036 = LINE ( 'NONE', #694, #885 ) ;
#1037 = EDGE_CURVE ( 'NONE', #1432, #1010, #1291, .T. ) ;
#1038 = DIRECTION ( 'NONE',  ( -0.000000000000000000, 1.000000000000000000, -0.000000000000000000 ) ) ;
#1039 = DIRECTION ( 'NONE',  ( -0.000000000000000000, 1.000000000000000000, -0.000000000000000000 ) ) ;
#1040 = ORIENTED_EDGE ( 'NONE', *, *, #1199, .T. ) ;
#1041 = EDGE_LOOP ( 'NONE', ( #107, #359, #275, #2016 ) ) ;
#1042 = EDGE_CURVE ( 'NONE', #1384, #1543, #1962, .T. ) ;
#1043 = ORIENTED_EDGE ( 'NONE', *, *, #447, .F. ) ;
#1044 = CARTESIAN_POINT ( 'NONE',  ( 6.499999999999992006, 1.734723475976807883E-15, 235.9750000000001080 ) ) ;
#1045 = DIRECTION ( 'NONE',  ( -0.000000000000000000, -1.000000000000000000, -0.000000000000000000 ) ) ;
#1046 = CARTESIAN_POINT ( 'NONE',  ( 0.000000000000000000, -3.000000000000000000, 0.000000000000000000 ) ) ;
#1047 = LINE ( 'NONE', #1530, #57 ) ;
#1048 = EDGE_LOOP ( 'NONE', ( #383, #1149, #1467, #2061 ) ) ;
#1049 = DIRECTION ( 'NONE',  ( 0.000000000000000000, 0.000000000000000000, 1.000000000000000000 ) ) ;
#1050 = ORIENTED_EDGE ( 'NONE', *, *, #84, .F. ) ;
#1051 = ORIENTED_EDGE ( 'NONE', *, *, #1009, .F. ) ;
#1052 = EDGE_CURVE ( 'NONE', #758, #1470, #1706, .T. ) ;
#1053 = CARTESIAN_POINT ( 'NONE',  ( 6.000000000000000000, -6.000000000000000000, 285.7499999999999432 ) ) ;
#1054 = DIRECTION ( 'NONE',  ( 0.000000000000000000, 0.000000000000000000, -1.000000000000000000 ) ) ;
#1055 = LINE ( 'NONE', #1552, #1680 ) ;
#1056 = CARTESIAN_POINT ( 'NONE',  ( 6.000000000000000000, 0.000000000000000000, 151.4999999999999716 ) ) ;
#1057 = VERTEX_POINT ( 'NONE', #1216 ) ;
#1058 = CARTESIAN_POINT ( 'NONE',  ( 6.499999999999992006, 1.734723475976807883E-15, 49.00000000000021316 ) ) ;
#1059 = EDGE_LOOP ( 'NONE', ( #975, #1643, #1329, #1642 ) ) ;
#1060 = ORIENTED_EDGE ( 'NONE', *, *, #1541, .T. ) ;
#1061 = PERSON_AND_ORGANIZATION_ROLE ( 'design_supplier' ) ;
#1062 = DIRECTION ( 'NONE',  ( 0.000000000000000000, -1.000000000000000000, 0.000000000000000000 ) ) ;
#1063 = DIRECTION ( 'NONE',  ( 0.000000000000000000, 0.000000000000000000, 1.000000000000000000 ) ) ;
#1064 = CARTESIAN_POINT ( 'NONE',  ( 0.000000000000000000, 0.000000000000000000, 0.000000000000000000 ) ) ;
#1065 = CARTESIAN_POINT ( 'NONE',  ( 0.000000000000000000, 0.000000000000000000, 300.0000000000000000 ) ) ;
#1066 = EDGE_CURVE ( 'NONE', #2220, #2215, #309, .T. ) ;
#1067 = ORIENTED_EDGE ( 'NONE', *, *, #2136, .T. ) ;
#1068 = CIRCLE ( 'NONE', #88, 3.500000000000003109 ) ;
#1069 = LINE ( 'NONE', #554, #842 ) ;
#1070 = ORIENTED_EDGE ( 'NONE', *, *, #858, .F. ) ;
#1071 = EDGE_CURVE ( 'NONE', #860, #1619, #1884, .T. ) ;
#1072 = VERTEX_POINT ( 'NONE', #1022 ) ;
#1073 = PERSON_AND_ORGANIZATION ( #2205, #1422 ) ;
#1074 = EDGE_LOOP ( 'NONE', ( #335, #1105, #887, #519 ) ) ;
#1075 = FACE_OUTER_BOUND ( 'NONE', #1829, .T. ) ;
#1076 = DIRECTION ( 'NONE',  ( 0.000000000000000000, 0.000000000000000000, 1.000000000000000000 ) ) ;
#1077 = AXIS2_PLACEMENT_3D ( 'NONE', #2222, #138, #652 ) ;
#1078 = CYLINDRICAL_SURFACE ( 'NONE', #1023, 1.649999999999984812 ) ;
#1079 = DIRECTION ( 'NONE',  ( 0.000000000000000000, 0.000000000000000000, -1.000000000000000000 ) ) ;
#1080 = DIRECTION ( 'NONE',  ( -0.000000000000000000, 1.000000000000000000, -0.000000000000000000 ) ) ;
#1081 = EDGE_CURVE ( 'NONE', #1008, #781, #779, .T. ) ;
#1082 = CARTESIAN_POINT ( 'NONE',  ( 12.00000000000000178, -3.000000000000000000, 0.000000000000000000 ) ) ;
#1083 = ORIENTED_EDGE ( 'NONE', *, *, #1304, .F. ) ;
#1084 = EDGE_LOOP ( 'NONE', ( #1855, #304, #582, #870 ) ) ;
#1085 = ORIENTED_EDGE ( 'NONE', *, *, #1093, .F. ) ;
#1086 = DIRECTION ( 'NONE',  ( -0.000000000000000000, -0.000000000000000000, -1.000000000000000000 ) ) ;
#1087 = FACE_OUTER_BOUND ( 'NONE', #340, .T. ) ;
#1088 = DIRECTION ( 'NONE',  ( 0.000000000000000000, -1.000000000000000000, 0.000000000000000000 ) ) ;
#1089 = ORIENTED_EDGE ( 'NONE', *, *, #412, .F. ) ;
#1090 = AXIS2_PLACEMENT_3D ( 'NONE', #1129, #1315, #967 ) ;
#1091 = DIRECTION ( 'NONE',  ( 0.000000000000000000, 0.000000000000000000, 1.000000000000000000 ) ) ;
#1092 = ORIENTED_EDGE ( 'NONE', *, *, #1594, .F. ) ;
#1093 = EDGE_CURVE ( 'NONE', #1387, #1411, #1616, .T. ) ;
#1094 = VERTEX_POINT ( 'NONE', #854 ) ;
#1095 = DIRECTION ( 'NONE',  ( 0.000000000000000000, 0.7071067811865409114, 0.7071067811865541231 ) ) ;
#1096 = CARTESIAN_POINT ( 'NONE',  ( 6.000000000000000000, 0.000000000000000000, 291.5000000000000000 ) ) ;
#1097 = DIRECTION ( 'NONE',  ( -0.000000000000000000, -1.000000000000000000, -0.000000000000000000 ) ) ;
#1098 = AXIS2_PLACEMENT_3D ( 'NONE', #2092, #2102, #666 ) ;
#1099 = CYLINDRICAL_SURFACE ( 'NONE', #276, 1.649999999999988365 ) ;
#1100 = CYLINDRICAL_SURFACE ( 'NONE', #296, 1.649999999999984812 ) ;
#1101 = VECTOR ( 'NONE', #848, 1000.000000000000000 ) ;
#1102 = LINE ( 'NONE', #227, #1830 ) ;
#1103 = VERTEX_POINT ( 'NONE', #1763 ) ;
#1104 = AXIS2_PLACEMENT_3D ( 'NONE', #1540, #1045, #844 ) ;
#1105 = ORIENTED_EDGE ( 'NONE', *, *, #897, .T. ) ;
#1106 = ORIENTED_EDGE ( 'NONE', *, *, #1462, .F. ) ;
#1107 = EDGE_LOOP ( 'NONE', ( #1965, #1372, #937, #2228 ) ) ;
#1108 = ADVANCED_FACE ( 'NONE', ( #2084 ), #1693, .F. ) ;
#1109 = DIRECTION ( 'NONE',  ( 0.000000000000000000, 1.000000000000000000, 0.000000000000000000 ) ) ;
#1110 = LINE ( 'NONE', #1776, #1430 ) ;
#1111 = VECTOR ( 'NONE', #311, 1000.000000000000000 ) ;
#1112 = CARTESIAN_POINT ( 'NONE',  ( 6.499999999999992006, -0.3750000000000003331, 120.6500000000002046 ) ) ;
#1113 = LINE ( 'NONE', #415, #763 ) ;
#1114 = ORIENTED_EDGE ( 'NONE', *, *, #462, .T. ) ;
#1115 = EDGE_LOOP ( 'NONE', ( #404, #1933, #697, #34 ) ) ;
#1116 = ORIENTED_EDGE ( 'NONE', *, *, #507, .F. ) ;
#1117 = CARTESIAN_POINT ( 'NONE',  ( 0.000000000000000000, -6.000000000000000000, 40.00000000000000000 ) ) ;
#1118 = DIRECTION ( 'NONE',  ( -0.000000000000000000, 0.000000000000000000, 1.000000000000000000 ) ) ;
#1119 = EDGE_CURVE ( 'NONE', #1235, #595, #2108, .T. ) ;
#1120 = DIRECTION ( 'NONE',  ( 0.000000000000000000, 1.000000000000000000, 0.000000000000000000 ) ) ;
#1121 = CARTESIAN_POINT ( 'NONE',  ( 6.000000000000000000, -4.200000000000000178, 62.99999999999995737 ) ) ;
#1122 = VECTOR ( 'NONE', #2208, 1000.000000000000000 ) ;
#1123 = CARTESIAN_POINT ( 'NONE',  ( 6.499999999999992006, 1.734723475976807883E-15, 240.0250000000000909 ) ) ;
#1124 = CARTESIAN_POINT ( 'NONE',  ( 3.673940397442059868E-16, -3.000000000000000000, 0.000000000000000000 ) ) ;
#1125 = VERTEX_POINT ( 'NONE', #1194 ) ;
#1126 = EDGE_CURVE ( 'NONE', #442, #540, #1941, .T. ) ;
#1127 = DIRECTION ( 'NONE',  ( 0.000000000000000000, 0.000000000000000000, 1.000000000000000000 ) ) ;
#1128 = EDGE_LOOP ( 'NONE', ( #1807, #2250, #2068, #2186 ) ) ;
#1129 = CARTESIAN_POINT ( 'NONE',  ( 2.500000000000000000, -3.000000000000000000, 5.999999999999998224 ) ) ;
#1130 = DIRECTION ( 'NONE',  ( -0.000000000000000000, -1.000000000000000000, -0.000000000000000000 ) ) ;
#1131 = DIRECTION ( 'NONE',  ( -0.000000000000000000, -1.000000000000000000, -0.000000000000000000 ) ) ;
#1132 = CIRCLE ( 'NONE', #1532, 2.250000000000001776 ) ;
#1133 = EDGE_CURVE ( 'NONE', #1760, #1072, #90, .T. ) ;
#1134 = FACE_OUTER_BOUND ( 'NONE', #1832, .T. ) ;
#1135 = VECTOR ( 'NONE', #527, 1000.000000000000000 ) ;
#1136 = DIRECTION ( 'NONE',  ( -0.000000000000000000, 1.000000000000000000, -0.000000000000000000 ) ) ;
#1137 = DIRECTION ( 'NONE',  ( -0.000000000000000000, 1.000000000000000000, -0.000000000000000000 ) ) ;
#1138 = AXIS2_PLACEMENT_3D ( 'NONE', #1542, #1392, #675 ) ;
#1139 = VECTOR ( 'NONE', #36, 1000.000000000000000 ) ;
#1140 = EDGE_CURVE ( 'NONE', #2131, #1094, #891, .T. ) ;
#1141 = CARTESIAN_POINT ( 'NONE',  ( 6.499999999999992006, 1.734723475976807883E-15, 270.9750000000001364 ) ) ;
#1142 = ORIENTED_EDGE ( 'NONE', *, *, #298, .T. ) ;
#1143 = DIRECTION ( 'NONE',  ( -0.000000000000000000, -1.000000000000000000, -0.000000000000000000 ) ) ;
#1144 = LINE ( 'NONE', #661, #814 ) ;
#1145 = DIRECTION ( 'NONE',  ( 0.000000000000000000, 1.000000000000000000, 0.000000000000000000 ) ) ;
#1146 = CARTESIAN_POINT ( 'NONE',  ( 6.000000000000000000, -4.200000000000000178, 147.9999999999999716 ) ) ;
#1147 = EDGE_CURVE ( 'NONE', #2112, #2028, #701, .T. ) ;
#1148 = CARTESIAN_POINT ( 'NONE',  ( 6.499999999999992006, 1.734723475976807883E-15, 203.0000000000000853 ) ) ;
#1149 = ORIENTED_EDGE ( 'NONE', *, *, #671, .F. ) ;
#1150 = DIRECTION ( 'NONE',  ( -0.000000000000000000, -1.000000000000000000, -0.000000000000000000 ) ) ;
#1151 = ORIENTED_EDGE ( 'NONE', *, *, #1318, .F. ) ;
#1152 = ADVANCED_FACE ( 'NONE', ( #1718 ), #332, .F. ) ;
#1153 = DIRECTION ( 'NONE',  ( -0.000000000000000000, -0.000000000000000000, -1.000000000000000000 ) ) ;
#1154 = DIRECTION ( 'NONE',  ( -0.000000000000000000, -1.000000000000000000, -0.000000000000000000 ) ) ;
#1155 = PERSON_AND_ORGANIZATION ( #2205, #1422 ) ;
#1156 = FACE_OUTER_BOUND ( 'NONE', #826, .T. ) ;
#1157 = AXIS2_PLACEMENT_3D ( 'NONE', #748, #1062, #1582 ) ;
#1158 = FACE_BOUND ( 'NONE', #1629, .T. ) ;
#1159 = ORIENTED_EDGE ( 'NONE', *, *, #689, .T. ) ;
#1160 = CYLINDRICAL_SURFACE ( 'NONE', #70, 1.649999999999991696 ) ;
#1161 = ORIENTED_EDGE ( 'NONE', *, *, #1003, .T. ) ;
#1162 = DIRECTION ( 'NONE',  ( 0.000000000000000000, 1.000000000000000000, 0.000000000000000000 ) ) ;
#1163 = DATE_AND_TIME ( #467, #439 ) ;
#1164 = AXIS2_PLACEMENT_3D ( 'NONE', #2203, #1850, #978 ) ;
#1165 = EDGE_CURVE ( 'NONE', #2050, #595, #1000, .T. ) ;
#1166 = DIRECTION ( 'NONE',  ( 0.000000000000000000, -1.000000000000000000, 0.000000000000000000 ) ) ;
#1167 = ORIENTED_EDGE ( 'NONE', *, *, #1119, .T. ) ;
#1168 = AXIS2_PLACEMENT_3D ( 'NONE', #517, #333, #364 ) ;
#1169 = CIRCLE ( 'NONE', #189, 2.250000000000029754 ) ;
#1170 = DIRECTION ( 'NONE',  ( 8.659560562355014209E-17, 0.7071067811865409114, -0.7071067811865541231 ) ) ;
#1171 = VERTEX_POINT ( 'NONE', #863 ) ;
#1172 = ORIENTED_EDGE ( 'NONE', *, *, #962, .T. ) ;
#1173 = AXIS2_PLACEMENT_3D ( 'NONE', #497, #320, #2056 ) ;
#1174 = CIRCLE ( 'NONE', #1840, 1.649999999999984812 ) ;
#1175 = EDGE_CURVE ( 'NONE', #1619, #860, #1764, .T. ) ;
#1176 = DIRECTION ( 'NONE',  ( 0.000000000000000000, 0.000000000000000000, 1.000000000000000000 ) ) ;
#1177 = CARTESIAN_POINT ( 'NONE',  ( 2.500000000000000000, -2.774999999999525180, 26.00000000000000000 ) ) ;
#1178 = DIRECTION ( 'NONE',  ( 0.000000000000000000, 0.000000000000000000, -1.000000000000000000 ) ) ;
#1179 = EDGE_LOOP ( 'NONE', ( #1332, #1167, #737, #41 ) ) ;
#1180 = EDGE_CURVE ( 'NONE', #2071, #1201, #1285, .T. ) ;
#1181 = AXIS2_PLACEMENT_3D ( 'NONE', #362, #706, #1063 ) ;
#1182 = CARTESIAN_POINT ( 'NONE',  ( 6.499999999999992006, 0.000000000000000000, 85.65000000000020464 ) ) ;
#1183 = ORIENTED_EDGE ( 'NONE', *, *, #1765, .F. ) ;
#1184 = ORIENTED_EDGE ( 'NONE', *, *, #2192, .F. ) ;
#1185 = FACE_OUTER_BOUND ( 'NONE', #489, .T. ) ;
#1186 = DIRECTION ( 'NONE',  ( 0.000000000000000000, 0.000000000000000000, 1.000000000000000000 ) ) ;
#1187 = LINE ( 'NONE', #4, #1205 ) ;
#1188 = ORIENTED_EDGE ( 'NONE', *, *, #104, .F. ) ;
#1189 = CARTESIAN_POINT ( 'NONE',  ( 6.000000000000000000, 0.000000000000000000, 288.0000000000000000 ) ) ;
#1190 = ORIENTED_EDGE ( 'NONE', *, *, #1462, .T. ) ;
#1191 = CIRCLE ( 'NONE', #1448, 2.024999999999999023 ) ;
#1192 = VERTEX_POINT ( 'NONE', #1561 ) ;
#1193 = DIRECTION ( 'NONE',  ( -0.000000000000000000, 1.000000000000000000, -0.000000000000000000 ) ) ;
#1194 = CARTESIAN_POINT ( 'NONE',  ( 6.499999999999992006, 1.734723475976807883E-15, 11.97500000000020748 ) ) ;
#1195 = AXIS2_PLACEMENT_3D ( 'NONE', #1705, #660, #12 ) ;
#1196 = LINE ( 'NONE', #1907, #121 ) ;
#1197 = CARTESIAN_POINT ( 'NONE',  ( 9.500000000000001776, 0.000000000000000000, 5.999999999999998224 ) ) ;
#1198 = EDGE_LOOP ( 'NONE', ( #479, #1172 ) ) ;
#1199 = EDGE_CURVE ( 'NONE', #150, #690, #1036, .T. ) ;
#1200 = FACE_BOUND ( 'NONE', #224, .T. ) ;
#1201 = VERTEX_POINT ( 'NONE', #1727 ) ;
#1202 = EDGE_LOOP ( 'NONE', ( #1017, #1819, #174, #1796 ) ) ;
#1203 = EDGE_CURVE ( 'NONE', #167, #350, #484, .T. ) ;
#1204 = FACE_OUTER_BOUND ( 'NONE', #368, .T. ) ;
#1205 = VECTOR ( 'NONE', #303, 1000.000000000000000 ) ;
#1206 = DIRECTION ( 'NONE',  ( 0.000000000000000000, 0.000000000000000000, -1.000000000000000000 ) ) ;
#1207 = AXIS2_PLACEMENT_3D ( 'NONE', #1593, #1118, #396 ) ;
#1208 = DIRECTION ( 'NONE',  ( 1.000000000000000000, 0.000000000000000000, 0.000000000000000000 ) ) ;
#1209 = DIRECTION ( 'NONE',  ( -0.000000000000000000, 1.000000000000000000, -0.000000000000000000 ) ) ;
#1210 = ORIENTED_EDGE ( 'NONE', *, *, #328, .T. ) ;
#1211 = DIRECTION ( 'NONE',  ( -0.000000000000000000, 1.000000000000000000, -0.000000000000000000 ) ) ;
#1212 = ORIENTED_EDGE ( 'NONE', *, *, #419, .F. ) ;
#1213 = EDGE_CURVE ( 'NONE', #1935, #1171, #1174, .T. ) ;
#1214 = ORIENTED_EDGE ( 'NONE', *, *, #958, .F. ) ;
#1215 = CARTESIAN_POINT ( 'NONE',  ( 6.000000000000000000, -4.200000000000000178, 284.5000000000000000 ) ) ;
#1216 = CARTESIAN_POINT ( 'NONE',  ( 6.499999999999992006, -6.000000000000000000, 47.35000000000022169 ) ) ;
#1217 = CARTESIAN_POINT ( 'NONE',  ( 6.499999999999992006, -0.3750000000000003331, 49.00000000000021316 ) ) ;
#1218 = LINE ( 'NONE', #1626, #993 ) ;
#1219 = EDGE_CURVE ( 'NONE', #2028, #2112, #195, .T. ) ;
#1220 = CARTESIAN_POINT ( 'NONE',  ( 0.000000000000000000, 0.000000000000000000, 0.000000000000000000 ) ) ;
#1221 = ORIENTED_EDGE ( 'NONE', *, *, #796, .F. ) ;
#1222 = EDGE_CURVE ( 'NONE', #1710, #2062, #1623, .T. ) ;
#1223 = ORIENTED_EDGE ( 'NONE', *, *, #15, .F. ) ;
#1224 = APPROVAL_STATUS ( 'not_yet_approved' ) ;
#1225 = AXIS2_PLACEMENT_3D ( 'NONE', #739, #1812, #1952 ) ;
#1226 = EDGE_CURVE ( 'NONE', #1201, #2071, #773, .T. ) ;
#1227 = CYLINDRICAL_SURFACE ( 'NONE', #254, 2.250000000000001776 ) ;
#1228 = DIRECTION ( 'NONE',  ( 8.659560562355014209E-17, 0.7071067811865409114, -0.7071067811865541231 ) ) ;
#1229 = AXIS2_PLACEMENT_3D ( 'NONE', #1402, #1021, #504 ) ;
#1230 = DIRECTION ( 'NONE',  ( 0.000000000000000000, 0.000000000000000000, 1.000000000000000000 ) ) ;
#1231 = DIRECTION ( 'NONE',  ( -0.000000000000000000, 1.000000000000000000, -0.000000000000000000 ) ) ;
#1232 = CONICAL_SURFACE ( 'NONE', #1417, 2.024999999999999023, 0.7853981633974576049 ) ;
#1233 = EDGE_CURVE ( 'NONE', #1543, #1393, #1998, .T. ) ;
#1234 = DIRECTION ( 'NONE',  ( -0.000000000000000000, -1.000000000000000000, -0.000000000000000000 ) ) ;
#1235 = VERTEX_POINT ( 'NONE', #232 ) ;
#1236 = VECTOR ( 'NONE', #435, 1000.000000000000000 ) ;
#1237 = AXIS2_PLACEMENT_3D ( 'NONE', #1574, #508, #865 ) ;
#1238 = ORIENTED_EDGE ( 'NONE', *, *, #2014, .F. ) ;
#1239 = PERSON_AND_ORGANIZATION ( #2205, #1422 ) ;
#1240 = ORIENTED_EDGE ( 'NONE', *, *, #140, .F. ) ;
#1241 = AXIS2_PLACEMENT_3D ( 'NONE', #1258, #1969, #1293 ) ;
#1242 = AXIS2_PLACEMENT_3D ( 'NONE', #1247, #1080, #1778 ) ;
#1243 = DIRECTION ( 'NONE',  ( -0.000000000000000000, 1.000000000000000000, -0.000000000000000000 ) ) ;
#1244 = EDGE_CURVE ( 'NONE', #1072, #5, #1110, .T. ) ;
#1245 = DIRECTION ( 'NONE',  ( -0.000000000000000000, 1.000000000000000000, -0.000000000000000000 ) ) ;
#1246 = DIRECTION ( 'NONE',  ( -0.000000000000000000, -1.000000000000000000, -0.000000000000000000 ) ) ;
#1247 = CARTESIAN_POINT ( 'NONE',  ( 6.499999999999992006, -0.3750000000000003331, 273.0000000000001137 ) ) ;
#1248 = ORIENTED_EDGE ( 'NONE', *, *, #1356, .T. ) ;
#1249 = CONICAL_SURFACE ( 'NONE', #1538, 2.024999999999999023, 0.7853981633974576049 ) ;
#1250 = DIRECTION ( 'NONE',  ( -0.000000000000000000, 1.000000000000000000, -0.000000000000000000 ) ) ;
#1251 = VERTEX_POINT ( 'NONE', #209 ) ;
#1252 = ORIENTED_EDGE ( 'NONE', *, *, #824, .F. ) ;
#1253 = ORIENTED_EDGE ( 'NONE', *, *, #1443, .F. ) ;
#1254 = CARTESIAN_POINT ( 'NONE',  ( 6.499999999999992006, 1.734723475976807883E-15, 14.00000000000020606 ) ) ;
#1255 = LINE ( 'NONE', #1460, #222 ) ;
#1256 = AXIS2_PLACEMENT_3D ( 'NONE', #1268, #1777, #1804 ) ;
#1257 = DIRECTION ( 'NONE',  ( 0.000000000000000000, 0.000000000000000000, 1.000000000000000000 ) ) ;
#1258 = CARTESIAN_POINT ( 'NONE',  ( 0.000000000000000000, 0.000000000000000000, 300.0000000000000000 ) ) ;
#1259 = CARTESIAN_POINT ( 'NONE',  ( 12.00000000000000178, 0.000000000000000000, 300.0000000000000000 ) ) ;
#1260 = EDGE_LOOP ( 'NONE', ( #175, #795, #803, #1183 ) ) ;
#1261 = CARTESIAN_POINT ( 'NONE',  ( 6.499999999999992006, 1.734723475976807883E-15, 168.0000000000000853 ) ) ;
#1262 = ORIENTED_EDGE ( 'NONE', *, *, #2158, .T. ) ;
#1263 = ORIENTED_EDGE ( 'NONE', *, *, #1037, .F. ) ;
#1264 = ORIENTED_EDGE ( 'NONE', *, *, #2096, .F. ) ;
#1265 = DIRECTION ( 'NONE',  ( 0.000000000000000000, 1.000000000000000000, 0.000000000000000000 ) ) ;
#1266 = FACE_BOUND ( 'NONE', #486, .T. ) ;
#1267 = AXIS2_PLACEMENT_3D ( 'NONE', #240, #728, #1978 ) ;
#1268 = CARTESIAN_POINT ( 'NONE',  ( 9.500000000000001776, -3.000000000000000000, 26.00000000000000000 ) ) ;
#1269 = CARTESIAN_POINT ( 'NONE',  ( 6.499999999999992006, 1.734723475976807883E-15, 119.0000000000002132 ) ) ;
#1270 = AXIS2_PLACEMENT_3D ( 'NONE', #862, #1572, #1717 ) ;
#1271 = CARTESIAN_POINT ( 'NONE',  ( 6.499999999999992006, 1.734723475976807883E-15, 84.00000000000021316 ) ) ;
#1272 = ORIENTED_EDGE ( 'NONE', *, *, #1093, .T. ) ;
#1273 = ADVANCED_FACE ( 'NONE', ( #1789 ), #749, .F. ) ;
#1274 = ORIENTED_EDGE ( 'NONE', *, *, #8, .F. ) ;
#1275 = ORIENTED_EDGE ( 'NONE', *, *, #613, .T. ) ;
#1276 = ORIENTED_EDGE ( 'NONE', *, *, #1341, .F. ) ;
#1277 = FACE_OUTER_BOUND ( 'NONE', #686, .T. ) ;
#1278 = CARTESIAN_POINT ( 'NONE',  ( 6.499999999999992006, -3.000000000000000000, 14.00000000000020606 ) ) ;
#1279 = CIRCLE ( 'NONE', #187, 2.024999999999999023 ) ;
#1280 = DIRECTION ( 'NONE',  ( -0.000000000000000000, -1.000000000000000000, -0.000000000000000000 ) ) ;
#1281 = PERSON_AND_ORGANIZATION_ROLE ( 'creator' ) ;
#1282 = AXIS2_PLACEMENT_3D ( 'NONE', #1545, #2239, #1556 ) ;
#1283 = DIRECTION ( 'NONE',  ( 0.000000000000000000, 0.000000000000000000, 1.000000000000000000 ) ) ;
#1284 = VECTOR ( 'NONE', #1014, 1000.000000000000000 ) ;
#1285 = CIRCLE ( 'NONE', #1878, 1.649999999999988365 ) ;
#1286 = EDGE_CURVE ( 'NONE', #1353, #500, #370, .T. ) ;
#1287 = ORIENTED_EDGE ( 'NONE', *, *, #955, .F. ) ;
#1288 = ORIENTED_EDGE ( 'NONE', *, *, #1866, .T. ) ;
#1289 = DIRECTION ( 'NONE',  ( -0.000000000000000000, 1.000000000000000000, -0.000000000000000000 ) ) ;
#1290 = FACE_BOUND ( 'NONE', #1818, .T. ) ;
#1291 = CIRCLE ( 'NONE', #29, 1.025000000000053646 ) ;
#1292 = ADVANCED_FACE ( 'NONE', ( #1991 ), #761, .F. ) ;
#1293 = DIRECTION ( 'NONE',  ( 1.000000000000000000, 0.000000000000000000, 0.000000000000000000 ) ) ;
#1294 = APPLICATION_PROTOCOL_DEFINITION ( 'international standard', 'config_control_design', 1994, #560 ) ;
#1295 = ADVANCED_FACE ( 'NONE', ( #1087 ), #1249, .F. ) ;
#1296 = LOCAL_TIME ( 19, 24, 8.000000000000000000, #1002 ) ;
#1297 = CARTESIAN_POINT ( 'NONE',  ( 6.499999999999992006, -0.3750000000000003331, 12.35000000000021636 ) ) ;
#1298 = CARTESIAN_POINT ( 'NONE',  ( 6.000000000000000000, 0.000000000000000000, 66.49999999999995737 ) ) ;
#1299 = CARTESIAN_POINT ( 'NONE',  ( 9.500000000000001776, -2.774999999999525180, 25.19999999999999929 ) ) ;
#1300 = ORIENTED_EDGE ( 'NONE', *, *, #1133, .T. ) ;
#1301 = EDGE_CURVE ( 'NONE', #1010, #1432, #557, .T. ) ;
#1302 = DIRECTION ( 'NONE',  ( 0.000000000000000000, 0.000000000000000000, 1.000000000000000000 ) ) ;
#1303 = ORIENTED_EDGE ( 'NONE', *, *, #1369, .F. ) ;
#1304 = EDGE_CURVE ( 'NONE', #908, #192, #164, .T. ) ;
#1305 = DIRECTION ( 'NONE',  ( 0.000000000000000000, 0.000000000000000000, -1.000000000000000000 ) ) ;
#1306 = DIRECTION ( 'NONE',  ( 0.000000000000000000, 0.000000000000000000, -1.000000000000000000 ) ) ;
#1307 = APPROVAL_STATUS ( 'not_yet_approved' ) ;
#1308 = FACE_OUTER_BOUND ( 'NONE', #1558, .T. ) ;
#1309 = EDGE_CURVE ( 'NONE', #294, #2176, #1725, .T. ) ;
#1310 = DIRECTION ( 'NONE',  ( 0.000000000000000000, 1.000000000000000000, 0.000000000000000000 ) ) ;
#1311 = ORIENTED_EDGE ( 'NONE', *, *, #369, .F. ) ;
#1312 = VECTOR ( 'NONE', #1357, 1000.000000000000000 ) ;
#1313 = CARTESIAN_POINT ( 'NONE',  ( 6.499999999999992006, -6.000000000000000000, 168.0000000000000853 ) ) ;
#1314 = ORIENTED_EDGE ( 'NONE', *, *, #1042, .F. ) ;
#1315 = DIRECTION ( 'NONE',  ( -0.000000000000000000, -1.000000000000000000, -0.000000000000000000 ) ) ;
#1316 = DIRECTION ( 'NONE',  ( 0.000000000000000000, 0.000000000000000000, 1.000000000000000000 ) ) ;
#1317 = FACE_OUTER_BOUND ( 'NONE', #902, .T. ) ;
#1318 = EDGE_CURVE ( 'NONE', #286, #758, #241, .T. ) ;
#1319 = CYLINDRICAL_SURFACE ( 'NONE', #543, 3.500000000000003109 ) ;
#1320 = DIRECTION ( 'NONE',  ( 0.000000000000000000, 1.000000000000000000, 0.000000000000000000 ) ) ;
#1321 = ORIENTED_EDGE ( 'NONE', *, *, #397, .F. ) ;
#1322 = ORIENTED_EDGE ( 'NONE', *, *, #2172, .F. ) ;
#1323 = AXIS2_PLACEMENT_3D ( 'NONE', #2100, #171, #856 ) ;
#1324 = DIRECTION ( 'NONE',  ( 0.000000000000000000, 0.7071067811865409114, 0.7071067811865541231 ) ) ;
#1325 = EDGE_LOOP ( 'NONE', ( #2032, #555 ) ) ;
#1326 = CARTESIAN_POINT ( 'NONE',  ( 9.500000000000001776, -2.774999999999525180, 5.999999999999998224 ) ) ;
#1327 = CARTESIAN_POINT ( 'NONE',  ( 6.499999999999992006, 0.000000000000000000, 169.6500000000000909 ) ) ;
#1328 = DIRECTION ( 'NONE',  ( 0.000000000000000000, 0.000000000000000000, -1.000000000000000000 ) ) ;
#1329 = ORIENTED_EDGE ( 'NONE', *, *, #1598, .T. ) ;
#1330 = ADVANCED_FACE ( 'NONE', ( #941 ), #387, .F. ) ;
#1331 = CARTESIAN_POINT ( 'NONE',  ( 2.500000000000000000, -3.000000000000125677, 27.02500000000005187 ) ) ;
#1332 = ORIENTED_EDGE ( 'NONE', *, *, #713, .F. ) ;
#1333 = DIRECTION ( 'NONE',  ( 0.000000000000000000, 1.000000000000000000, 0.000000000000000000 ) ) ;
#1334 = EDGE_LOOP ( 'NONE', ( #1618, #502, #2117, #248 ) ) ;
#1335 = DIRECTION ( 'NONE',  ( 0.000000000000000000, 1.000000000000000000, 0.000000000000000000 ) ) ;
#1336 = DIRECTION ( 'NONE',  ( 0.000000000000000000, 0.000000000000000000, 1.000000000000000000 ) ) ;
#1337 = EDGE_LOOP ( 'NONE', ( #1910, #1190 ) ) ;
#1338 = VECTOR ( 'NONE', #441, 1000.000000000000000 ) ;
#1339 = DIRECTION ( 'NONE',  ( 0.000000000000000000, 0.000000000000000000, 1.000000000000000000 ) ) ;
#1340 = ORIENTED_EDGE ( 'NONE', *, *, #1654, .T. ) ;
#1341 = EDGE_CURVE ( 'NONE', #294, #192, #1255, .T. ) ;
#1342 = CIRCLE ( 'NONE', #1745, 3.500000000000003109 ) ;
#1343 = EDGE_LOOP ( 'NONE', ( #62, #1862, #755, #1106 ) ) ;
#1344 = CIRCLE ( 'NONE', #1454, 2.024999999999999023 ) ;
#1345 = CARTESIAN_POINT ( 'NONE',  ( 12.00000000000000178, 0.000000000000000000, 300.0000000000000000 ) ) ;
#1346 = LINE ( 'NONE', #820, #852 ) ;
#1347 = ADVANCED_FACE ( 'NONE', ( #2165 ), #1424, .F. ) ;
#1348 = CYLINDRICAL_SURFACE ( 'NONE', #1877, 1.649999999999984812 ) ;
#1349 = ORIENTED_EDGE ( 'NONE', *, *, #741, .F. ) ;
#1350 = CIRCLE ( 'NONE', #1648, 2.250000000000001776 ) ;
#1351 = VECTOR ( 'NONE', #2000, 1000.000000000000114 ) ;
#1352 = CARTESIAN_POINT ( 'NONE',  ( 0.000000000000000000, -3.000000000000000000, 40.00000000000000000 ) ) ;
#1353 = VERTEX_POINT ( 'NONE', #2144 ) ;
#1354 = ADVANCED_FACE ( 'NONE', ( #1290, #1266, #116, #1842, #132, #460, #427, #1158, #815, #647, #143 ), #1510, .F. ) ;
#1355 = AXIS2_PLACEMENT_3D ( 'NONE', #673, #1368, #13 ) ;
#1356 = EDGE_CURVE ( 'NONE', #1704, #1440, #765, .T. ) ;
#1357 = DIRECTION ( 'NONE',  ( -0.000000000000000000, 1.000000000000000000, -0.000000000000000000 ) ) ;
#1358 = DIRECTION ( 'NONE',  ( -0.000000000000000000, 1.000000000000000000, -0.000000000000000000 ) ) ;
#1359 = CALENDAR_DATE ( 2025, 8, 12 ) ;
#1360 = DIRECTION ( 'NONE',  ( 0.000000000000000000, 0.000000000000000000, -1.000000000000000000 ) ) ;
#1361 = ORIENTED_EDGE ( 'NONE', *, *, #2172, .T. ) ;
#1362 = AXIS2_PLACEMENT_3D ( 'NONE', #788, #643, #1482 ) ;
#1363 = DIRECTION ( 'NONE',  ( -0.000000000000000000, -1.000000000000000000, -0.000000000000000000 ) ) ;
#1364 = ORIENTED_EDGE ( 'NONE', *, *, #1443, .T. ) ;
#1365 = ORIENTED_EDGE ( 'NONE', *, *, #1548, .T. ) ;
#1366 = APPROVAL ( #1307, 'æœª' ) ;
#1367 = CARTESIAN_POINT ( 'NONE',  ( 2.500000000000000000, -2.774999999999525180, 5.199999999999998401 ) ) ;
#1368 = DIRECTION ( 'NONE',  ( 0.000000000000000000, 1.000000000000000000, 0.000000000000000000 ) ) ;
#1369 = EDGE_CURVE ( 'NONE', #358, #64, #623, .T. ) ;
#1370 = CARTESIAN_POINT ( 'NONE',  ( 9.500000000000001776, -3.000000000000125677, 26.00000000000000000 ) ) ;
#1371 = DIRECTION ( 'NONE',  ( -0.000000000000000000, 1.000000000000000000, -0.000000000000000000 ) ) ;
#1372 = ORIENTED_EDGE ( 'NONE', *, *, #363, .T. ) ;
#1373 = FACE_BOUND ( 'NONE', #384, .T. ) ;
#1374 = ORIENTED_EDGE ( 'NONE', *, *, #982, .F. ) ;
#1375 = CIRCLE ( 'NONE', #717, 1.649999999999984812 ) ;
#1376 = EDGE_CURVE ( 'NONE', #308, #1994, #2085, .T. ) ;
#1377 = ORIENTED_EDGE ( 'NONE', *, *, #155, .F. ) ;
#1378 = CARTESIAN_POINT ( 'NONE',  ( 6.499999999999992006, 1.734723475976807883E-15, 205.0250000000000909 ) ) ;
#1379 = DIRECTION ( 'NONE',  ( 0.000000000000000000, 0.000000000000000000, 1.000000000000000000 ) ) ;
#1380 = EDGE_CURVE ( 'NONE', #1935, #315, #1466, .T. ) ;
#1381 = DIRECTION ( 'NONE',  ( 0.000000000000000000, 1.000000000000000000, 0.000000000000000000 ) ) ;
#1382 = CONICAL_SURFACE ( 'NONE', #220, 2.024999999999999023, 0.7853981633974576049 ) ;
#1383 = CARTESIAN_POINT ( 'NONE',  ( 6.499999999999992006, -0.3750000000000003331, 119.0000000000002132 ) ) ;
#1384 = VERTEX_POINT ( 'NONE', #1299 ) ;
#1385 = AXIS2_PLACEMENT_3D ( 'NONE', #2046, #1310, #473 ) ;
#1386 = AXIS2_PLACEMENT_3D ( 'NONE', #1217, #1415, #2122 ) ;
#1387 = VERTEX_POINT ( 'NONE', #306 ) ;
#1388 = ORIENTED_EDGE ( 'NONE', *, *, #542, .F. ) ;
#1389 = FACE_OUTER_BOUND ( 'NONE', #2141, .T. ) ;
#1390 = CARTESIAN_POINT ( 'NONE',  ( 6.499999999999992006, 1.734723475976807883E-15, 119.0000000000002132 ) ) ;
#1391 = DIRECTION ( 'NONE',  ( -0.000000000000000000, 1.000000000000000000, -0.000000000000000000 ) ) ;
#1392 = DIRECTION ( 'NONE',  ( -0.000000000000000000, 1.000000000000000000, -0.000000000000000000 ) ) ;
#1393 = VERTEX_POINT ( 'NONE', #2183 ) ;
#1394 = CC_DESIGN_DATE_AND_TIME_ASSIGNMENT ( #1163, #831, ( #591 ) ) ;
#1395 = DIRECTION ( 'NONE',  ( 1.734723475976807094E-15, -0.000000000000000000, 1.000000000000000000 ) ) ;
#1396 = VERTEX_POINT ( 'NONE', #1124 ) ;
#1397 = ADVANCED_FACE ( 'NONE', ( #2037 ), #1007, .F. ) ;
#1398 = AXIS2_PLACEMENT_3D ( 'NONE', #1872, #1836, #112 ) ;
#1399 = VERTEX_POINT ( 'NONE', #2206 ) ;
#1400 = APPROVAL_DATE_TIME ( #889, #821 ) ;
#1401 = LOCAL_TIME ( 19, 24, 8.000000000000000000, #351 ) ;
#1402 = CARTESIAN_POINT ( 'NONE',  ( 6.000000000000000000, -4.200000000000000178, 288.0000000000000000 ) ) ;
#1403 = CARTESIAN_POINT ( 'NONE',  ( 9.500000000000001776, -3.000000000000125677, 26.00000000000000000 ) ) ;
#1404 = DIRECTION ( 'NONE',  ( 0.000000000000000000, 0.000000000000000000, 1.000000000000000000 ) ) ;
#1405 = PLANE ( 'NONE',  #691 ) ;
#1406 = DIRECTION ( 'NONE',  ( -0.000000000000000000, 1.000000000000000000, -0.000000000000000000 ) ) ;
#1407 = ORIENTED_EDGE ( 'NONE', *, *, #1126, .T. ) ;
#1408 = FACE_BOUND ( 'NONE', #2173, .T. ) ;
#1409 = VERTEX_POINT ( 'NONE', #1827 ) ;
#1410 = ADVANCED_FACE ( 'NONE', ( #293 ), #2015, .F. ) ;
#1411 = VERTEX_POINT ( 'NONE', #1331 ) ;
#1412 = CONICAL_SURFACE ( 'NONE', #1711, 1.025000000000053646, 0.7853981633962330289 ) ;
#1413 = CARTESIAN_POINT ( 'NONE',  ( 6.499999999999992006, 1.734723475976807883E-15, 51.02500000000021174 ) ) ;
#1414 = DIRECTION ( 'NONE',  ( -0.000000000000000000, -1.000000000000000000, -0.000000000000000000 ) ) ;
#1415 = DIRECTION ( 'NONE',  ( -0.000000000000000000, 1.000000000000000000, -0.000000000000000000 ) ) ;
#1416 = DIRECTION ( 'NONE',  ( -1.000000000000000000, -0.000000000000000000, -0.000000000000000000 ) ) ;
#1417 = AXIS2_PLACEMENT_3D ( 'NONE', #1747, #1193, #2064 ) ;
#1418 = LINE ( 'NONE', #1973, #881 ) ;
#1419 = VERTEX_POINT ( 'NONE', #1690 ) ;
#1420 = ORIENTED_EDGE ( 'NONE', *, *, #67, .F. ) ;
#1421 = AXIS2_PLACEMENT_3D ( 'NONE', #1613, #1120, #388 ) ;
#1422 = ORGANIZATION ( 'æœª', 'æœª', '' ) ;
#1423 = CARTESIAN_POINT ( 'NONE',  ( 6.499999999999992006, 1.734723475976807883E-15, 168.0000000000000853 ) ) ;
#1424 = CYLINDRICAL_SURFACE ( 'NONE', #120, 1.649999999999984812 ) ;
#1425 = CIRCLE ( 'NONE', #267, 1.025000000000053646 ) ;
#1426 = DIRECTION ( 'NONE',  ( -0.000000000000000000, 1.000000000000000000, -0.000000000000000000 ) ) ;
#1427 = CARTESIAN_POINT ( 'NONE',  ( 0.000000000000000000, -6.000000000000000000, 40.00000000000000000 ) ) ;
#1428 = DIRECTION ( 'NONE',  ( 8.659560562355014209E-17, 0.7071067811865409114, -0.7071067811865541231 ) ) ;
#1429 = ORIENTED_EDGE ( 'NONE', *, *, #1838, .T. ) ;
#1430 = VECTOR ( 'NONE', #2153, 1000.000000000000000 ) ;
#1431 = FACE_BOUND ( 'NONE', #1631, .T. ) ;
#1432 = VERTEX_POINT ( 'NONE', #1655 ) ;
#1433 = ORIENTED_EDGE ( 'NONE', *, *, #1799, .F. ) ;
#1434 = CARTESIAN_POINT ( 'NONE',  ( 6.499999999999992006, 1.734723475976807883E-15, 16.02500000000020464 ) ) ;
#1435 = FACE_BOUND ( 'NONE', #578, .T. ) ;
#1436 = CARTESIAN_POINT ( 'NONE',  ( 2.500000000000000000, -2.774999999999525180, 5.999999999999998224 ) ) ;
#1437 = CARTESIAN_POINT ( 'NONE',  ( 6.499999999999992006, -6.000000000000000000, 274.6500000000000909 ) ) ;
#1438 = DIRECTION ( 'NONE',  ( -0.000000000000000000, -1.000000000000000000, -0.000000000000000000 ) ) ;
#1439 = EDGE_CURVE ( 'NONE', #823, #1399, #989, .T. ) ;
#1440 = VERTEX_POINT ( 'NONE', #106 ) ;
#1441 = CARTESIAN_POINT ( 'NONE',  ( 6.000000000000000000, -6.000000000000000000, 65.24999999999995737 ) ) ;
#1442 = ORIENTED_EDGE ( 'NONE', *, *, #973, .F. ) ;
#1443 = EDGE_CURVE ( 'NONE', #1619, #2220, #615, .T. ) ;
#1444 = ORIENTED_EDGE ( 'NONE', *, *, #1369, .T. ) ;
#1445 = ORIENTED_EDGE ( 'NONE', *, *, #1939, .F. ) ;
#1446 = DIRECTION ( 'NONE',  ( 0.000000000000000000, 0.000000000000000000, 1.000000000000000000 ) ) ;
#1447 = CARTESIAN_POINT ( 'NONE',  ( 6.499999999999992006, 1.734723475976807883E-15, 14.00000000000020606 ) ) ;
#1448 = AXIS2_PLACEMENT_3D ( 'NONE', #1254, #584, #74 ) ;
#1449 = DIRECTION ( 'NONE',  ( 0.000000000000000000, 0.000000000000000000, 1.000000000000000000 ) ) ;
#1450 = DIRECTION ( 'NONE',  ( 0.000000000000000000, 0.000000000000000000, 1.000000000000000000 ) ) ;
#1451 = ADVANCED_FACE ( 'NONE', ( #1673 ), #1494, .F. ) ;
#1452 = FACE_OUTER_BOUND ( 'NONE', #812, .T. ) ;
#1453 = ORIENTED_EDGE ( 'NONE', *, *, #1052, .T. ) ;
#1454 = AXIS2_PLACEMENT_3D ( 'NONE', #1856, #610, #1176 ) ;
#1455 = VERTEX_POINT ( 'NONE', #792 ) ;
#1456 = EDGE_LOOP ( 'NONE', ( #1212, #558, #594, #238 ) ) ;
#1457 = EDGE_LOOP ( 'NONE', ( #1453, #83, #393, #1974, #895, #888 ) ) ;
#1458 = EDGE_CURVE ( 'NONE', #1251, #849, #589, .T. ) ;
#1459 = LINE ( 'NONE', #35, #319 ) ;
#1460 = CARTESIAN_POINT ( 'NONE',  ( 2.500000000000000000, -3.000000000000000000, 5.200000000000003730 ) ) ;
#1461 = CIRCLE ( 'NONE', #1605, 0.7999999999999942712 ) ;
#1462 = EDGE_CURVE ( 'NONE', #949, #366, #875, .T. ) ;
#1463 = DIRECTION ( 'NONE',  ( -1.000000000000000000, -0.000000000000000000, 1.734723475976807094E-15 ) ) ;
#1464 = CARTESIAN_POINT ( 'NONE',  ( 6.499999999999992006, -0.3750000000000003331, 203.0000000000000853 ) ) ;
#1465 = CIRCLE ( 'NONE', #483, 1.649999999999984812 ) ;
#1466 = LINE ( 'NONE', #1664, #400 ) ;
#1467 = ORIENTED_EDGE ( 'NONE', *, *, #1534, .F. ) ;
#1468 = ADVANCED_FACE ( 'NONE', ( #1731 ), #1756, .F. ) ;
#1469 = CARTESIAN_POINT ( 'NONE',  ( 9.500000000000001776, -2.774999999999525180, 5.999999999999998224 ) ) ;
#1470 = VERTEX_POINT ( 'NONE', #153 ) ;
#1471 = DIRECTION ( 'NONE',  ( 0.000000000000000000, -1.000000000000000000, 0.000000000000000000 ) ) ;
#1472 = LINE ( 'NONE', #76, #262 ) ;
#1473 = DIRECTION ( 'NONE',  ( 0.000000000000000000, -0.000000000000000000, 1.000000000000000000 ) ) ;
#1474 = CYLINDRICAL_SURFACE ( 'NONE', #872, 1.649999999999984812 ) ;
#1475 = DIRECTION ( 'NONE',  ( 0.000000000000000000, 1.000000000000000000, 0.000000000000000000 ) ) ;
#1476 = ORIENTED_EDGE ( 'NONE', *, *, #1939, .T. ) ;
#1477 = ORIENTED_EDGE ( 'NONE', *, *, #542, .T. ) ;
#1478 = EDGE_CURVE ( 'NONE', #264, #1675, #692, .T. ) ;
#1479 = LINE ( 'NONE', #974, #2 ) ;
#1480 = EDGE_LOOP ( 'NONE', ( #512, #1321, #307, #156 ) ) ;
#1481 = DIRECTION ( 'NONE',  ( 0.000000000000000000, -0.7071067811874067743, -0.7071067811856881491 ) ) ;
#1482 = DIRECTION ( 'NONE',  ( 0.000000000000000000, 0.000000000000000000, 1.000000000000000000 ) ) ;
#1483 = DIRECTION ( 'NONE',  ( 0.000000000000000000, 0.000000000000000000, 1.000000000000000000 ) ) ;
#1484 = CIRCLE ( 'NONE', #506, 1.649999999999984812 ) ;
#1485 = CARTESIAN_POINT ( 'NONE',  ( 6.499999999999992006, 0.000000000000000000, 274.6500000000000909 ) ) ;
#1486 = DIRECTION ( 'NONE',  ( 0.000000000000000000, 0.000000000000000000, 1.000000000000000000 ) ) ;
#1487 = ORIENTED_EDGE ( 'NONE', *, *, #1301, .F. ) ;
#1488 = CARTESIAN_POINT ( 'NONE',  ( 6.499999999999992006, -6.000000000000000000, 271.3500000000001364 ) ) ;
#1489 = ORIENTED_EDGE ( 'NONE', *, *, #1286, .F. ) ;
#1490 = ADVANCED_FACE ( 'NONE', ( #1912 ), #514, .F. ) ;
#1491 = DIRECTION ( 'NONE',  ( 0.000000000000000000, 1.000000000000000000, 0.000000000000000000 ) ) ;
#1492 = CIRCLE ( 'NONE', #513, 1.025000000000053646 ) ;
#1493 = DIRECTION ( 'NONE',  ( 0.000000000000000000, 0.000000000000000000, -1.000000000000000000 ) ) ;
#1494 = CONICAL_SURFACE ( 'NONE', #327, 2.024999999999999023, 0.7853981633974576049 ) ;
#1495 = AXIS2_PLACEMENT_3D ( 'NONE', #1944, #933, #719 ) ;
#1496 = DIRECTION ( 'NONE',  ( 0.000000000000000000, 0.000000000000000000, 1.000000000000000000 ) ) ;
#1497 = AXIS2_PLACEMENT_3D ( 'NONE', #403, #743, #711 ) ;
#1498 = DIRECTION ( 'NONE',  ( 0.000000000000000000, -1.000000000000000000, 0.000000000000000000 ) ) ;
#1499 = ORIENTED_EDGE ( 'NONE', *, *, #663, .T. ) ;
#1500 = VECTOR ( 'NONE', #1228, 1000.000000000000000 ) ;
#1501 = CARTESIAN_POINT ( 'NONE',  ( 0.000000000000000000, 0.000000000000000000, 300.0000000000000000 ) ) ;
#1502 = ORIENTED_EDGE ( 'NONE', *, *, #491, .T. ) ;
#1503 = CARTESIAN_POINT ( 'NONE',  ( 9.500000000000001776, -3.000000000000000000, 26.79999999999999361 ) ) ;
#1504 = DIRECTION ( 'NONE',  ( 0.000000000000000000, 1.000000000000000000, 0.000000000000000000 ) ) ;
#1505 = CIRCLE ( 'NONE', #707, 2.250000000000001776 ) ;
#1506 = EDGE_CURVE ( 'NONE', #366, #949, #226, .T. ) ;
#1507 = FACE_OUTER_BOUND ( 'NONE', #1074, .T. ) ;
#1508 = VERTEX_POINT ( 'NONE', #2059 ) ;
#1509 = DIRECTION ( 'NONE',  ( 0.000000000000000000, -1.000000000000000000, 0.000000000000000000 ) ) ;
#1510 = PLANE ( 'NONE',  #325 ) ;
#1511 = ORIENTED_EDGE ( 'NONE', *, *, #1180, .F. ) ;
#1512 = ADVANCED_FACE ( 'NONE', ( #1898 ), #510, .F. ) ;
#1513 = DIRECTION ( 'NONE',  ( 0.000000000000000000, 0.000000000000000000, 1.000000000000000000 ) ) ;
#1514 = EDGE_LOOP ( 'NONE', ( #927, #1590 ) ) ;
#1515 = FACE_OUTER_BOUND ( 'NONE', #1128, .T. ) ;
#1516 = CARTESIAN_POINT ( 'NONE',  ( 0.000000000000000000, -3.000000000000000000, 40.00000000000000000 ) ) ;
#1517 = LINE ( 'NONE', #1885, #1284 ) ;
#1518 = ORIENTED_EDGE ( 'NONE', *, *, #1301, .T. ) ;
#1519 = EDGE_CURVE ( 'NONE', #539, #1656, #996, .T. ) ;
#1520 = LINE ( 'NONE', #499, #1687 ) ;
#1521 = EDGE_LOOP ( 'NONE', ( #1252, #1275, #229, #1700 ) ) ;
#1522 = EDGE_LOOP ( 'NONE', ( #7, #965, #2114, #54 ) ) ;
#1523 = EDGE_CURVE ( 'NONE', #1440, #849, #487, .T. ) ;
#1524 = MANIFOLD_SOLID_BREP ( '\X2\52079664\X0\-\X2\62c94f38\X0\3', #115 ) ;
#1525 = DIRECTION ( 'NONE',  ( 8.659560562355014209E-17, 0.7071067811865409114, -0.7071067811865541231 ) ) ;
#1526 = DIRECTION ( 'NONE',  ( -0.000000000000000000, -0.000000000000000000, -1.000000000000000000 ) ) ;
#1527 = PERSON_AND_ORGANIZATION_ROLE ( 'creator' ) ;
#1528 = AXIS2_PLACEMENT_3D ( 'NONE', #1653, #636, #602 ) ;
#1529 = EDGE_CURVE ( 'NONE', #1455, #1171, #2070, .T. ) ;
#1530 = CARTESIAN_POINT ( 'NONE',  ( 12.00000000000000178, 0.000000000000000000, 0.000000000000000000 ) ) ;
#1531 = CIRCLE ( 'NONE', #331, 1.649999999999991696 ) ;
#1532 = AXIS2_PLACEMENT_3D ( 'NONE', #1121, #77, #1483 ) ;
#1533 = CARTESIAN_POINT ( 'NONE',  ( 9.500000000000001776, -2.774999999999525180, 26.79999999999999716 ) ) ;
#1534 = EDGE_CURVE ( 'NONE', #690, #1396, #173, .T. ) ;
#1535 = ORIENTED_EDGE ( 'NONE', *, *, #2104, .F. ) ;
#1536 = EDGE_CURVE ( 'NONE', #2118, #1393, #1425, .T. ) ;
#1537 = ORIENTED_EDGE ( 'NONE', *, *, #1536, .T. ) ;
#1538 = AXIS2_PLACEMENT_3D ( 'NONE', #1447, #376, #1076 ) ;
#1539 = FACE_OUTER_BOUND ( 'NONE', #297, .T. ) ;
#1540 = CARTESIAN_POINT ( 'NONE',  ( 9.500000000000001776, -3.000000000000000000, 26.00000000000000000 ) ) ;
#1541 = EDGE_CURVE ( 'NONE', #1686, #1743, #859, .T. ) ;
#1542 = CARTESIAN_POINT ( 'NONE',  ( 6.499999999999992006, -0.3750000000000003331, 238.0000000000001137 ) ) ;
#1543 = VERTEX_POINT ( 'NONE', #1533 ) ;
#1544 = CONICAL_SURFACE ( 'NONE', #1362, 2.024999999999999023, 0.7853981633974576049 ) ;
#1545 = CARTESIAN_POINT ( 'NONE',  ( 0.000000000000000000, 0.000000000000000000, 300.0000000000000000 ) ) ;
#1546 = ORIENTED_EDGE ( 'NONE', *, *, #507, .T. ) ;
#1547 = EDGE_LOOP ( 'NONE', ( #1388, #1971 ) ) ;
#1548 = EDGE_CURVE ( 'NONE', #1201, #1760, #1520, .T. ) ;
#1549 = CYLINDRICAL_SURFACE ( 'NONE', #469, 1.649999999999988365 ) ;
#1550 = CARTESIAN_POINT ( 'NONE',  ( 6.499999999999992006, 1.734723475976807883E-15, 270.9750000000001364 ) ) ;
#1551 = LINE ( 'NONE', #1636, #78 ) ;
#1552 = CARTESIAN_POINT ( 'NONE',  ( 2.500000000000000000, -3.000000000000125677, 24.97499999999994458 ) ) ;
#1553 = DIRECTION ( 'NONE',  ( -0.000000000000000000, 1.000000000000000000, -0.000000000000000000 ) ) ;
#1554 = ORIENTED_EDGE ( 'NONE', *, *, #419, .T. ) ;
#1555 = ADVANCED_FACE ( 'NONE', ( #314 ), #2079, .F. ) ;
#1556 = DIRECTION ( 'NONE',  ( -1.224646799147353207E-16, 1.000000000000000000, 0.000000000000000000 ) ) ;
#1557 = ORIENTED_EDGE ( 'NONE', *, *, #1219, .T. ) ;
#1558 = EDGE_LOOP ( 'NONE', ( #2207, #1658, #1589, #1214 ) ) ;
#1559 = CONICAL_SURFACE ( 'NONE', #1270, 2.024999999999999023, 0.7853981633974576049 ) ;
#1560 = CARTESIAN_POINT ( 'NONE',  ( 6.499999999999992006, -6.000000000000000000, 82.35000000000022169 ) ) ;
#1561 = CARTESIAN_POINT ( 'NONE',  ( 6.499999999999992006, -6.000000000000000000, 239.6500000000000909 ) ) ;
#1562 = ADVANCED_FACE ( 'NONE', ( #181 ), #1016, .F. ) ;
#1563 = AXIS2_PLACEMENT_3D ( 'NONE', #642, #1143, #270 ) ;
#1564 = FACE_OUTER_BOUND ( 'NONE', #321, .T. ) ;
#1565 = DIRECTION ( 'NONE',  ( -0.000000000000000000, -1.000000000000000000, -0.000000000000000000 ) ) ;
#1566 = DIRECTION ( 'NONE',  ( 0.000000000000000000, 0.000000000000000000, 1.000000000000000000 ) ) ;
#1567 = EDGE_LOOP ( 'NONE', ( #1085, #581 ) ) ;
#1568 = VECTOR ( 'NONE', #1137, 1000.000000000000000 ) ;
#1569 = ORIENTED_EDGE ( 'NONE', *, *, #369, .T. ) ;
#1570 = PERSON_AND_ORGANIZATION ( #2205, #1422 ) ;
#1571 = CIRCLE ( 'NONE', #1497, 1.649999999999991696 ) ;
#1572 = DIRECTION ( 'NONE',  ( -0.000000000000000000, 1.000000000000000000, -0.000000000000000000 ) ) ;
#1573 = DIRECTION ( 'NONE',  ( -0.000000000000000000, 1.000000000000000000, -0.000000000000000000 ) ) ;
#1574 = CARTESIAN_POINT ( 'NONE',  ( 6.499999999999992006, 1.734723475976807883E-15, 84.00000000000021316 ) ) ;
#1575 = DIRECTION ( 'NONE',  ( 0.000000000000000000, 0.000000000000000000, -1.000000000000000000 ) ) ;
#1576 = ADVANCED_FACE ( 'NONE', ( #19, #347, #677, #1373, #1200, #869, #700, #31, #1431, #1587, #722, #1408, #61, #1947, #382, #68 ), #1781, .F. ) ;
#1577 = DIRECTION ( 'NONE',  ( -0.000000000000000000, 1.000000000000000000, -0.000000000000000000 ) ) ;
#1578 = ORIENTED_EDGE ( 'NONE', *, *, #810, .T. ) ;
#1579 = CIRCLE ( 'NONE', #490, 0.7999999999999986011 ) ;
#1580 = ORIENTED_EDGE ( 'NONE', *, *, #71, .T. ) ;
#1581 = EDGE_CURVE ( 'NONE', #746, #374, #1069, .T. ) ;
#1582 = DIRECTION ( 'NONE',  ( 0.000000000000000000, 0.000000000000000000, -1.000000000000000000 ) ) ;
#1583 = CARTESIAN_POINT ( 'NONE',  ( 9.500000000000001776, -3.000000000000000000, 6.799999999999992717 ) ) ;
#1584 = LINE ( 'NONE', #1728, #2195 ) ;
#1585 = DIRECTION ( 'NONE',  ( 1.224646799147353207E-16, -1.000000000000000000, 0.000000000000000000 ) ) ;
#1586 = EDGE_LOOP ( 'NONE', ( #247, #1314, #1142, #1537 ) ) ;
#1587 = FACE_BOUND ( 'NONE', #1030, .T. ) ;
#1588 = EDGE_LOOP ( 'NONE', ( #570, #230, #1604, #1773 ) ) ;
#1589 = ORIENTED_EDGE ( 'NONE', *, *, #1506, .F. ) ;
#1590 = ORIENTED_EDGE ( 'NONE', *, *, #1772, .T. ) ;
#1591 = AXIS2_PLACEMENT_3D ( 'NONE', #890, #1940, #1966 ) ;
#1592 = DIRECTION ( 'NONE',  ( -0.000000000000000000, 1.000000000000000000, -0.000000000000000000 ) ) ;
#1593 = CARTESIAN_POINT ( 'NONE',  ( 0.000000000000000000, 0.000000000000000000, 0.000000000000000000 ) ) ;
#1594 = EDGE_CURVE ( 'NONE', #1399, #823, #804, .T. ) ;
#1595 = CIRCLE ( 'NONE', #1672, 0.8000000000000003775 ) ;
#1596 = CARTESIAN_POINT ( 'NONE',  ( 6.499999999999992006, -6.000000000000000000, 49.00000000000021316 ) ) ;
#1597 = DIRECTION ( 'NONE',  ( 0.000000000000000000, 0.000000000000000000, 1.000000000000000000 ) ) ;
#1598 = EDGE_CURVE ( 'NONE', #315, #123, #2130, .T. ) ;
#1599 = ORIENTED_EDGE ( 'NONE', *, *, #1772, .F. ) ;
#1600 = CARTESIAN_POINT ( 'NONE',  ( 6.499999999999992006, 1.734723475976807883E-15, 273.0000000000001137 ) ) ;
#1601 = VERTEX_POINT ( 'NONE', #1627 ) ;
#1602 = VECTOR ( 'NONE', #604, 1000.000000000000000 ) ;
#1603 = AXIS2_PLACEMENT_3D ( 'NONE', #1851, #1498, #2027 ) ;
#1604 = ORIENTED_EDGE ( 'NONE', *, *, #1013, .T. ) ;
#1605 = AXIS2_PLACEMENT_3D ( 'NONE', #28, #1088, #355 ) ;
#1606 = ORIENTED_EDGE ( 'NONE', *, *, #425, .F. ) ;
#1607 = VECTOR ( 'NONE', #2179, 1000.000000000000000 ) ;
#1608 = EDGE_CURVE ( 'NONE', #1103, #1057, #1571, .T. ) ;
#1609 = DIRECTION ( 'NONE',  ( 0.000000000000000000, 0.000000000000000000, -1.000000000000000000 ) ) ;
#1610 = CARTESIAN_POINT ( 'NONE',  ( 6.499999999999992006, 0.000000000000000000, 203.0000000000000853 ) ) ;
#1611 = AXIS2_PLACEMENT_3D ( 'NONE', #1271, #204, #1283 ) ;
#1612 = CARTESIAN_POINT ( 'NONE',  ( 6.499999999999992006, 0.000000000000000000, 168.0000000000000853 ) ) ;
#1613 = CARTESIAN_POINT ( 'NONE',  ( 6.499999999999992006, -6.000000000000000000, 203.0000000000000853 ) ) ;
#1614 = CARTESIAN_POINT ( 'NONE',  ( 6.499999999999992006, 0.000000000000000000, 203.0000000000000853 ) ) ;
#1615 = AXIS2_PLACEMENT_3D ( 'NONE', #17, #1371, #2077 ) ;
#1616 = CIRCLE ( 'NONE', #597, 1.025000000000053646 ) ;
#1617 = DIRECTION ( 'NONE',  ( 0.000000000000000000, 0.000000000000000000, 1.000000000000000000 ) ) ;
#1618 = ORIENTED_EDGE ( 'NONE', *, *, #1523, .F. ) ;
#1619 = VERTEX_POINT ( 'NONE', #40 ) ;
#1620 = ORIENTED_EDGE ( 'NONE', *, *, #2136, .F. ) ;
#1621 = VECTOR ( 'NONE', #921, 1000.000000000000000 ) ;
#1622 = CARTESIAN_POINT ( 'NONE',  ( 6.499999999999992006, 0.000000000000000000, 201.3500000000001080 ) ) ;
#1623 = LINE ( 'NONE', #252, #1917 ) ;
#1624 = ADVANCED_FACE ( 'NONE', ( #1452 ), #910, .F. ) ;
#1625 = DIRECTION ( 'NONE',  ( 0.000000000000000000, 0.000000000000000000, -1.000000000000000000 ) ) ;
#1626 = CARTESIAN_POINT ( 'NONE',  ( 6.000000000000000000, -8.400000000000000355, 65.24999999999995737 ) ) ;
#1627 = CARTESIAN_POINT ( 'NONE',  ( 2.500000000000000000, -2.774999999999525180, 26.79999999999999716 ) ) ;
#1628 = ORIENTED_EDGE ( 'NONE', *, *, #1071, .T. ) ;
#1629 = EDGE_LOOP ( 'NONE', ( #450, #1880 ) ) ;
#1630 = EDGE_LOOP ( 'NONE', ( #2007, #1794, #2194, #837 ) ) ;
#1631 = EDGE_LOOP ( 'NONE', ( #702, #1377 ) ) ;
#1632 = DIRECTION ( 'NONE',  ( 0.000000000000000000, 0.000000000000000000, 1.000000000000000000 ) ) ;
#1633 = DIRECTION ( 'NONE',  ( -0.000000000000000000, 1.000000000000000000, -0.000000000000000000 ) ) ;
#1634 = AXIS2_PLACEMENT_3D ( 'NONE', #774, #617, #2219 ) ;
#1635 = UNCERTAINTY_MEASURE_WITH_UNIT (LENGTH_MEASURE( 1.000000000000000082E-05 ), #1816, 'distance_accuracy_value', 'NONE');
#1636 = CARTESIAN_POINT ( 'NONE',  ( 6.499999999999992006, 0.000000000000000000, 166.3500000000001080 ) ) ;
#1637 = FACE_OUTER_BOUND ( 'NONE', #1480, .T. ) ;
#1638 = LINE ( 'NONE', #2012, #1649 ) ;
#1639 = ADVANCED_FACE ( 'NONE', ( #569 ), #957, .F. ) ;
#1640 = DIRECTION ( 'NONE',  ( -0.000000000000000000, 1.000000000000000000, -0.000000000000000000 ) ) ;
#1641 = VERTEX_POINT ( 'NONE', #580 ) ;
#1642 = ORIENTED_EDGE ( 'NONE', *, *, #1838, .F. ) ;
#1643 = ORIENTED_EDGE ( 'NONE', *, *, #1380, .T. ) ;
#1644 = AXIS2_PLACEMENT_3D ( 'NONE', #2171, #2004, #1486 ) ;
#1645 = ADVANCED_FACE ( 'NONE', ( #538 ), #2094, .F. ) ;
#1646 = CYLINDRICAL_SURFACE ( 'NONE', #1787, 1.649999999999984812 ) ;
#1647 = CARTESIAN_POINT ( 'NONE',  ( 2.500000000000000000, 0.000000000000000000, 5.999999999999998224 ) ) ;
#1648 = AXIS2_PLACEMENT_3D ( 'NONE', #2110, #893, #1230 ) ;
#1649 = VECTOR ( 'NONE', #1131, 1000.000000000000000 ) ;
#1650 = DIRECTION ( 'NONE',  ( 0.000000000000000000, 0.000000000000000000, -1.000000000000000000 ) ) ;
#1651 = FACE_OUTER_BOUND ( 'NONE', #385, .T. ) ;
#1652 = PERSON_AND_ORGANIZATION_ROLE ( 'design_owner' ) ;
#1653 = CARTESIAN_POINT ( 'NONE',  ( 6.000000000000000000, -4.200000000000000178, 62.99999999999995737 ) ) ;
#1654 = EDGE_CURVE ( 'NONE', #1353, #1601, #1418, .T. ) ;
#1655 = CARTESIAN_POINT ( 'NONE',  ( 9.500000000000001776, -3.000000000000125677, 4.974999999999944578 ) ) ;
#1656 = VERTEX_POINT ( 'NONE', #1769 ) ;
#1657 = CARTESIAN_POINT ( 'NONE',  ( 6.000000000000000000, -4.200000000000000178, 290.2500000000000000 ) ) ;
#1658 = ORIENTED_EDGE ( 'NONE', *, *, #900, .T. ) ;
#1659 = CARTESIAN_POINT ( 'NONE',  ( 6.000000000000000000, -4.200000000000000178, 288.0000000000000000 ) ) ;
#1660 = FACE_OUTER_BOUND ( 'NONE', #438, .T. ) ;
#1661 = FACE_OUTER_BOUND ( 'NONE', #1005, .T. ) ;
#1662 = DIRECTION ( 'NONE',  ( 0.000000000000000000, 1.000000000000000000, 0.000000000000000000 ) ) ;
#1663 = PRODUCT ( '\X2\94fe63a58f74\X0\', '\X2\94fe63a58f74\X0\', '', ( #457 ) ) ;
#1664 = CARTESIAN_POINT ( 'NONE',  ( 6.499999999999992006, 1.734723475976807883E-15, 81.97500000000020748 ) ) ;
#1665 = ORIENTED_EDGE ( 'NONE', *, *, #2109, .F. ) ;
#1666 = DIRECTION ( 'NONE',  ( 0.000000000000000000, 0.000000000000000000, -1.000000000000000000 ) ) ;
#1667 = ORIENTED_EDGE ( 'NONE', *, *, #1883, .F. ) ;
#1668 = LINE ( 'NONE', #797, #909 ) ;
#1669 = LINE ( 'NONE', #2199, #2210 ) ;
#1670 = DIRECTION ( 'NONE',  ( 0.000000000000000000, 0.000000000000000000, 1.000000000000000000 ) ) ;
#1671 = LINE ( 'NONE', #114, #184 ) ;
#1672 = AXIS2_PLACEMENT_3D ( 'NONE', #1326, #455, #1650 ) ;
#1673 = FACE_OUTER_BOUND ( 'NONE', #2242, .T. ) ;
#1674 = EDGE_LOOP ( 'NONE', ( #2047, #1546, #2241, #1253 ) ) ;
#1675 = VERTEX_POINT ( 'NONE', #51 ) ;
#1676 = LINE ( 'NONE', #1694, #1338 ) ;
#1677 = ORIENTED_EDGE ( 'NONE', *, *, #897, .F. ) ;
#1678 = ADVANCED_FACE ( 'NONE', ( #2126 ), #1960, .F. ) ;
#1679 = CARTESIAN_POINT ( 'NONE',  ( 2.500000000000000000, -3.000000000000125677, 4.974999999999944578 ) ) ;
#1680 = VECTOR ( 'NONE', #2216, 1000.000000000000114 ) ;
#1681 = CARTESIAN_POINT ( 'NONE',  ( 6.000000000000000000, 0.000000000000000000, 284.5000000000000000 ) ) ;
#1682 = AXIS2_PLACEMENT_3D ( 'NONE', #1352, #1395, #1925 ) ;
#1683 = CALENDAR_DATE ( 2025, 8, 12 ) ;
#1684 = AXIS2_PLACEMENT_3D ( 'NONE', #894, #1438, #1575 ) ;
#1685 = CARTESIAN_POINT ( 'NONE',  ( 2.500000000000000000, 0.000000000000000000, 26.00000000000000000 ) ) ;
#1686 = VERTEX_POINT ( 'NONE', #1082 ) ;
#1687 = VECTOR ( 'NONE', #337, 1000.000000000000000 ) ;
#1688 = CIRCLE ( 'NONE', #698, 0.7999999999999986011 ) ;
#1689 = CARTESIAN_POINT ( 'NONE',  ( 6.499999999999992006, 1.734723475976807883E-15, 14.00000000000020606 ) ) ;
#1690 = CARTESIAN_POINT ( 'NONE',  ( 6.499999999999992006, -0.3750000000000003331, 274.6500000000000909 ) ) ;
#1691 = AXIS2_PLACEMENT_3D ( 'NONE', #2253, #158, #493 ) ;
#1692 = VERTEX_POINT ( 'NONE', #236 ) ;
#1693 = CONICAL_SURFACE ( 'NONE', #1992, 1.025000000000053646, 0.7853981633962320297 ) ;
#1694 = CARTESIAN_POINT ( 'NONE',  ( 6.499999999999992006, 1.734723475976807883E-15, 170.0250000000000909 ) ) ;
#1695 = EDGE_LOOP ( 'NONE', ( #785, #1843 ) ) ;
#1696 = LINE ( 'NONE', #1516, #1006 ) ;
#1697 = COORDINATED_UNIVERSAL_TIME_OFFSET ( 8, 0, .AHEAD. ) ;
#1698 = ADVANCED_FACE ( 'NONE', ( #735 ), #127, .F. ) ;
#1699 = CARTESIAN_POINT ( 'NONE',  ( 6.499999999999992006, 0.000000000000000000, 236.3500000000001080 ) ) ;
#1700 = ORIENTED_EDGE ( 'NONE', *, *, #1712, .F. ) ;
#1701 = CC_DESIGN_SECURITY_CLASSIFICATION ( #2069, ( #478 ) ) ;
#1702 = DIRECTION ( 'NONE',  ( -0.000000000000000000, 1.000000000000000000, -0.000000000000000000 ) ) ;
#1703 = ORIENTED_EDGE ( 'NONE', *, *, #1032, .F. ) ;
#1704 = VERTEX_POINT ( 'NONE', #1441 ) ;
#1705 = CARTESIAN_POINT ( 'NONE',  ( 2.500000000000000000, -3.000000000000125677, 5.999999999999998224 ) ) ;
#1706 = LINE ( 'NONE', #147, #931 ) ;
#1707 = SHAPE_DEFINITION_REPRESENTATION ( #1033, #371 ) ;
#1708 = EDGE_CURVE ( 'NONE', #196, #1935, #1102, .T. ) ;
#1709 = FACE_OUTER_BOUND ( 'NONE', #818, .T. ) ;
#1710 = VERTEX_POINT ( 'NONE', #1993 ) ;
#1711 = AXIS2_PLACEMENT_3D ( 'NONE', #65, #1775, #940 ) ;
#1712 = EDGE_CURVE ( 'NONE', #1103, #746, #1113, .T. ) ;
#1713 = CARTESIAN_POINT ( 'NONE',  ( 9.500000000000001776, -3.000000000000000000, 5.999999999999998224 ) ) ;
#1714 = ORIENTED_EDGE ( 'NONE', *, *, #1866, .F. ) ;
#1715 = ORIENTED_EDGE ( 'NONE', *, *, #1548, .F. ) ;
#1716 = VECTOR ( 'NONE', #1929, 1000.000000000000000 ) ;
#1717 = DIRECTION ( 'NONE',  ( 0.000000000000000000, 0.000000000000000000, 1.000000000000000000 ) ) ;
#1718 = FACE_OUTER_BOUND ( 'NONE', #2005, .T. ) ;
#1719 = DIRECTION ( 'NONE',  ( -0.000000000000000000, 1.000000000000000000, -0.000000000000000000 ) ) ;
#1720 = ORIENTED_EDGE ( 'NONE', *, *, #1783, .T. ) ;
#1721 = DIRECTION ( 'NONE',  ( 1.224646799147353207E-16, -1.000000000000000000, 0.000000000000000000 ) ) ;
#1722 = ORIENTED_EDGE ( 'NONE', *, *, #1749, .F. ) ;
#1723 = EDGE_CURVE ( 'NONE', #552, #1235, #2044, .T. ) ;
#1724 = ORIENTED_EDGE ( 'NONE', *, *, #796, .T. ) ;
#1725 = CIRCLE ( 'NONE', #475, 0.7999999999999942712 ) ;
#1726 = DIRECTION ( 'NONE',  ( -0.000000000000000000, 1.000000000000000000, -0.000000000000000000 ) ) ;
#1727 = CARTESIAN_POINT ( 'NONE',  ( 6.499999999999992006, -3.000000000000000000, 12.35000000000021814 ) ) ;
#1728 = CARTESIAN_POINT ( 'NONE',  ( 9.500000000000001776, -3.000000000000125677, 7.025000000000051870 ) ) ;
#1729 = CARTESIAN_POINT ( 'NONE',  ( 6.000000000000000000, -8.400000000000000355, 150.2499999999999716 ) ) ;
#1730 = ORIENTED_EDGE ( 'NONE', *, *, #2014, .T. ) ;
#1731 = FACE_OUTER_BOUND ( 'NONE', #2238, .T. ) ;
#1732 = VERTEX_POINT ( 'NONE', #458 ) ;
#1733 = ADVANCED_FACE ( 'NONE', ( #1507 ), #281, .F. ) ;
#1734 = VERTEX_POINT ( 'NONE', #811 ) ;
#1735 = CARTESIAN_POINT ( 'NONE',  ( 2.500000000000000000, 0.000000000000000000, 5.200000000000003730 ) ) ;
#1736 = DIRECTION ( 'NONE',  ( 0.000000000000000000, 0.000000000000000000, 1.000000000000000000 ) ) ;
#1737 = DIRECTION ( 'NONE',  ( 0.000000000000000000, -1.000000000000000000, 0.000000000000000000 ) ) ;
#1738 = DIRECTION ( 'NONE',  ( 0.000000000000000000, 0.000000000000000000, -1.000000000000000000 ) ) ;
#1739 = ADVANCED_FACE ( 'NONE', ( #259 ), #644, .F. ) ;
#1740 = DIRECTION ( 'NONE',  ( 0.000000000000000000, 0.000000000000000000, -1.000000000000000000 ) ) ;
#1741 = ORIENTED_EDGE ( 'NONE', *, *, #1304, .T. ) ;
#1742 = VECTOR ( 'NONE', #277, 1000.000000000000000 ) ;
#1743 = VERTEX_POINT ( 'NONE', #424 ) ;
#1744 = CALENDAR_DATE ( 2025, 8, 12 ) ;
#1745 = AXIS2_PLACEMENT_3D ( 'NONE', #1659, #89, #1305 ) ;
#1746 = AXIS2_PLACEMENT_3D ( 'NONE', #1902, #1726, #492 ) ;
#1747 = CARTESIAN_POINT ( 'NONE',  ( 6.499999999999992006, 1.734723475976807883E-15, 238.0000000000001137 ) ) ;
#1748 = CARTESIAN_POINT ( 'NONE',  ( 6.499999999999992006, -0.3750000000000003331, 14.00000000000020606 ) ) ;
#1749 = EDGE_CURVE ( 'NONE', #500, #1353, #1904, .T. ) ;
#1750 = VECTOR ( 'NONE', #408, 1000.000000000000000 ) ;
#1751 = DIRECTION ( 'NONE',  ( 0.000000000000000000, -1.000000000000000000, 0.000000000000000000 ) ) ;
#1752 = AXIS2_PLACEMENT_3D ( 'NONE', #956, #2013, #1861 ) ;
#1753 = FACE_OUTER_BOUND ( 'NONE', #1845, .T. ) ;
#1754 = ORIENTED_EDGE ( 'NONE', *, *, #1958, .T. ) ;
#1755 = VECTOR ( 'NONE', #1585, 1000.000000000000000 ) ;
#1756 = PLANE ( 'NONE',  #1682 ) ;
#1757 = ORIENTED_EDGE ( 'NONE', *, *, #151, .F. ) ;
#1758 = AXIS2_PLACEMENT_3D ( 'NONE', #2111, #1231, #365 ) ;
#1759 = APPROVAL_PERSON_ORGANIZATION ( #777, #1366, #126 ) ;
#1760 = VERTEX_POINT ( 'NONE', #1297 ) ;
#1761 = APPROVAL_ROLE ( '' ) ;
#1762 = CYLINDRICAL_SURFACE ( 'NONE', #1267, 2.250000000000001776 ) ;
#1763 = CARTESIAN_POINT ( 'NONE',  ( 6.499999999999992006, -6.000000000000000000, 50.65000000000020464 ) ) ;
#1764 = CIRCLE ( 'NONE', #1355, 1.649999999999984812 ) ;
#1765 = EDGE_CURVE ( 'NONE', #847, #1419, #2035, .T. ) ;
#1766 = DIRECTION ( 'NONE',  ( 0.000000000000000000, -1.000000000000000000, 0.000000000000000000 ) ) ;
#1767 = CARTESIAN_POINT ( 'NONE',  ( 6.000000000000000000, -4.200000000000000178, 288.0000000000000000 ) ) ;
#1768 = ORIENTED_EDGE ( 'NONE', *, *, #1883, .T. ) ;
#1769 = CARTESIAN_POINT ( 'NONE',  ( 2.500000000000000000, -3.000000000000125677, 4.974999999999944578 ) ) ;
#1770 = ORIENTED_EDGE ( 'NONE', *, *, #476, .T. ) ;
#1771 = AXIS2_PLACEMENT_3D ( 'NONE', #1792, #233, #1625 ) ;
#1772 = EDGE_CURVE ( 'NONE', #196, #1455, #834, .T. ) ;
#1773 = ORIENTED_EDGE ( 'NONE', *, *, #1594, .T. ) ;
#1774 = ORIENTED_EDGE ( 'NONE', *, *, #55, .F. ) ;
#1775 = DIRECTION ( 'NONE',  ( -0.000000000000000000, -1.000000000000000000, -0.000000000000000000 ) ) ;
#1776 = CARTESIAN_POINT ( 'NONE',  ( 6.499999999999992006, 1.734723475976807883E-15, 16.02500000000020464 ) ) ;
#1777 = DIRECTION ( 'NONE',  ( -0.000000000000000000, -1.000000000000000000, -0.000000000000000000 ) ) ;
#1778 = DIRECTION ( 'NONE',  ( 0.000000000000000000, 0.000000000000000000, 1.000000000000000000 ) ) ;
#1779 = ORIENTED_EDGE ( 'NONE', *, *, #397, .T. ) ;
#1780 = EDGE_CURVE ( 'NONE', #1675, #264, #1797, .T. ) ;
#1781 = PLANE ( 'NONE',  #734 ) ;
#1782 = ORIENTED_EDGE ( 'NONE', *, *, #1026, .T. ) ;
#1783 = EDGE_CURVE ( 'NONE', #133, #2028, #1817, .T. ) ;
#1784 = VECTOR ( 'NONE', #1243, 1000.000000000000000 ) ;
#1785 = EDGE_LOOP ( 'NONE', ( #1083, #509, #609, #1420 ) ) ;
#1786 = ORIENTED_EDGE ( 'NONE', *, *, #425, .T. ) ;
#1787 = AXIS2_PLACEMENT_3D ( 'NONE', #285, #1820, #1513 ) ;
#1788 = DIRECTION ( 'NONE',  ( 0.000000000000000000, -1.000000000000000000, 0.000000000000000000 ) ) ;
#1789 = FACE_OUTER_BOUND ( 'NONE', #935, .T. ) ;
#1790 = ADVANCED_FACE ( 'NONE', ( #244 ), #946, .F. ) ;
#1791 = CYLINDRICAL_SURFACE ( 'NONE', #799, 1.649999999999984812 ) ;
#1792 = CARTESIAN_POINT ( 'NONE',  ( 6.000000000000000000, -4.200000000000000178, 147.9999999999999716 ) ) ;
#1793 = CARTESIAN_POINT ( 'NONE',  ( 9.500000000000001776, 0.000000000000000000, 6.799999999999992717 ) ) ;
#1794 = ORIENTED_EDGE ( 'NONE', *, *, #412, .T. ) ;
#1795 = DIRECTION ( 'NONE',  ( 0.000000000000000000, 0.000000000000000000, 1.000000000000000000 ) ) ;
#1796 = ORIENTED_EDGE ( 'NONE', *, *, #1, .F. ) ;
#1797 = CIRCLE ( 'NONE', #1867, 1.649999999999984812 ) ;
#1798 = AXIS2_PLACEMENT_3D ( 'NONE', #983, #109, #1844 ) ;
#1799 = EDGE_CURVE ( 'NONE', #1025, #18, #118, .T. ) ;
#1800 = ORIENTED_EDGE ( 'NONE', *, *, #1226, .F. ) ;
#1801 = ORIENTED_EDGE ( 'NONE', *, *, #966, .T. ) ;
#1802 = CARTESIAN_POINT ( 'NONE',  ( 6.000000000000000000, -6.000000000000000000, 288.0000000000000000 ) ) ;
#1803 = DIRECTION ( 'NONE',  ( 8.659560562344400332E-17, -0.7071067811874075515, 0.7071067811856874830 ) ) ;
#1804 = DIRECTION ( 'NONE',  ( 0.000000000000000000, 0.000000000000000000, -1.000000000000000000 ) ) ;
#1805 = DIRECTION ( 'NONE',  ( 0.000000000000000000, 1.000000000000000000, 0.000000000000000000 ) ) ;
#1806 = DIRECTION ( 'NONE',  ( 0.000000000000000000, 0.000000000000000000, 1.000000000000000000 ) ) ;
#1807 = ORIENTED_EDGE ( 'NONE', *, *, #1859, .F. ) ;
#1808 = VERTEX_POINT ( 'NONE', #93 ) ;
#1809 = ORIENTED_EDGE ( 'NONE', *, *, #1780, .F. ) ;
#1810 = CONICAL_SURFACE ( 'NONE', #2245, 1.025000000000053646, 0.7853981633962330289 ) ;
#1811 = ADVANCED_FACE ( 'NONE', ( #1134 ), #1474, .F. ) ;
#1812 = DIRECTION ( 'NONE',  ( 0.000000000000000000, 1.000000000000000000, 0.000000000000000000 ) ) ;
#1813 = DIRECTION ( 'NONE',  ( 0.000000000000000000, 0.000000000000000000, 1.000000000000000000 ) ) ;
#1814 = ADVANCED_FACE ( 'NONE', ( #1308 ), #1319, .F. ) ;
#1815 = DIRECTION ( 'NONE',  ( -0.000000000000000000, -1.000000000000000000, -0.000000000000000000 ) ) ;
#1816 =( LENGTH_UNIT ( ) NAMED_UNIT ( * ) SI_UNIT ( .MILLI., .METRE. ) );
#1817 = LINE ( 'NONE', #1123, #1236 ) ;
#1818 = EDGE_LOOP ( 'NONE', ( #1801, #938 ) ) ;
#1819 = ORIENTED_EDGE ( 'NONE', *, *, #2030, .T. ) ;
#1820 = DIRECTION ( 'NONE',  ( -0.000000000000000000, 1.000000000000000000, -0.000000000000000000 ) ) ;
#1821 = CARTESIAN_POINT ( 'NONE',  ( 7.347880794884119736E-16, -6.000000000000000000, 300.0000000000000000 ) ) ;
#1822 = AXIS2_PLACEMENT_3D ( 'NONE', #1802, #1265, #544 ) ;
#1823 = FACE_OUTER_BOUND ( 'NONE', #63, .T. ) ;
#1824 = FACE_BOUND ( 'NONE', #1325, .T. ) ;
#1825 = ADVANCED_FACE ( 'NONE', ( #790 ), #2191, .F. ) ;
#1826 = CARTESIAN_POINT ( 'NONE',  ( 6.499999999999992006, 1.734723475976807883E-15, 168.0000000000000853 ) ) ;
#1827 = CARTESIAN_POINT ( 'NONE',  ( 6.499999999999992006, -6.000000000000000000, 166.3500000000001080 ) ) ;
#1828 = EDGE_CURVE ( 'NONE', #1543, #1384, #2156, .T. ) ;
#1829 = EDGE_LOOP ( 'NONE', ( #1374, #1876, #733, #676 ) ) ;
#1830 = VECTOR ( 'NONE', #924, 1000.000000000000000 ) ;
#1831 = DIRECTION ( 'NONE',  ( -0.000000000000000000, 1.000000000000000000, -0.000000000000000000 ) ) ;
#1832 = EDGE_LOOP ( 'NONE', ( #911, #206, #431, #703 ) ) ;
#1833 = CIRCLE ( 'NONE', #1421, 1.649999999999984812 ) ;
#1834 = AXIS2_PLACEMENT_3D ( 'NONE', #414, #256, #433 ) ;
#1835 = DIRECTION ( 'NONE',  ( -0.000000000000000000, -1.000000000000000000, -0.000000000000000000 ) ) ;
#1836 = DIRECTION ( 'NONE',  ( 0.000000000000000000, -1.000000000000000000, 0.000000000000000000 ) ) ;
#1837 = CYLINDRICAL_SURFACE ( 'NONE', #159, 3.500000000000003109 ) ;
#1838 = EDGE_CURVE ( 'NONE', #1171, #123, #1671, .T. ) ;
#1839 = DIRECTION ( 'NONE',  ( -0.000000000000000000, 1.000000000000000000, -0.000000000000000000 ) ) ;
#1840 = AXIS2_PLACEMENT_3D ( 'NONE', #178, #516, #1736 ) ;
#1841 = DIRECTION ( 'NONE',  ( 0.000000000000000000, 0.000000000000000000, 1.000000000000000000 ) ) ;
#1842 = FACE_BOUND ( 'NONE', #417, .T. ) ;
#1843 = ORIENTED_EDGE ( 'NONE', *, *, #1286, .T. ) ;
#1844 = DIRECTION ( 'NONE',  ( 0.000000000000000000, 0.000000000000000000, 1.000000000000000000 ) ) ;
#1845 = EDGE_LOOP ( 'NONE', ( #757, #44, #356, #1477 ) ) ;
#1846 = CARTESIAN_POINT ( 'NONE',  ( 6.000000000000000000, -4.200000000000000178, 288.0000000000000000 ) ) ;
#1847 = CIRCLE ( 'NONE', #416, 1.025000000000053646 ) ;
#1848 = DIRECTION ( 'NONE',  ( -0.000000000000000000, -1.000000000000000000, -0.000000000000000000 ) ) ;
#1849 = DIRECTION ( 'NONE',  ( 0.000000000000000000, 0.000000000000000000, 1.000000000000000000 ) ) ;
#1850 = DIRECTION ( 'NONE',  ( -0.000000000000000000, -1.000000000000000000, -0.000000000000000000 ) ) ;
#1851 = CARTESIAN_POINT ( 'NONE',  ( 6.000000000000000000, 0.000000000000000000, 288.0000000000000000 ) ) ;
#1852 = ORIENTED_EDGE ( 'NONE', *, *, #741, .T. ) ;
#1853 = ADVANCED_FACE ( 'NONE', ( #1156 ), #409, .F. ) ;
#1854 = CARTESIAN_POINT ( 'NONE',  ( 2.500000000000000000, 0.000000000000000000, 25.20000000000000284 ) ) ;
#1855 = ORIENTED_EDGE ( 'NONE', *, *, #1140, .F. ) ;
#1856 = CARTESIAN_POINT ( 'NONE',  ( 6.499999999999992006, 1.734723475976807883E-15, 273.0000000000001137 ) ) ;
#1857 = DIRECTION ( 'NONE',  ( -0.000000000000000000, 1.000000000000000000, -0.000000000000000000 ) ) ;
#1858 = FACE_BOUND ( 'NONE', #73, .T. ) ;
#1859 = EDGE_CURVE ( 'NONE', #2131, #2105, #1915, .T. ) ;
#1860 = CONICAL_SURFACE ( 'NONE', #1946, 1.025000000000053646, 0.7853981633962320297 ) ;
#1861 = DIRECTION ( 'NONE',  ( 0.000000000000000000, 0.000000000000000000, 1.000000000000000000 ) ) ;
#1862 = ORIENTED_EDGE ( 'NONE', *, *, #144, .T. ) ;
#1863 = DIRECTION ( 'NONE',  ( -0.000000000000000000, 1.000000000000000000, -0.000000000000000000 ) ) ;
#1864 = ORIENTED_EDGE ( 'NONE', *, *, #2248, .T. ) ;
#1865 = VECTOR ( 'NONE', #2163, 1000.000000000000000 ) ;
#1866 = EDGE_CURVE ( 'NONE', #2040, #1432, #1187, .T. ) ;
#1867 = AXIS2_PLACEMENT_3D ( 'NONE', #1464, #1839, #1336 ) ;
#1868 = DIRECTION ( 'NONE',  ( 0.000000000000000000, 0.000000000000000000, 1.000000000000000000 ) ) ;
#1869 = ORIENTED_EDGE ( 'NONE', *, *, #639, .F. ) ;
#1870 = LINE ( 'NONE', #444, #759 ) ;
#1871 = CIRCLE ( 'NONE', #835, 2.024999999999999023 ) ;
#1872 = CARTESIAN_POINT ( 'NONE',  ( 6.000000000000000000, -4.200000000000000178, 62.99999999999995737 ) ) ;
#1873 = PERSON_AND_ORGANIZATION ( #2205, #1422 ) ;
#1874 = VECTOR ( 'NONE', #1416, 1000.000000000000000 ) ;
#1875 = LINE ( 'NONE', #1699, #548 ) ;
#1876 = ORIENTED_EDGE ( 'NONE', *, *, #699, .T. ) ;
#1877 = AXIS2_PLACEMENT_3D ( 'NONE', #2224, #866, #653 ) ;
#1878 = AXIS2_PLACEMENT_3D ( 'NONE', #505, #1919, #1903 ) ;
#1879 = ORIENTED_EDGE ( 'NONE', *, *, #1219, .F. ) ;
#1880 = ORIENTED_EDGE ( 'NONE', *, *, #1081, .T. ) ;
#1881 = CYLINDRICAL_SURFACE ( 'NONE', #1090, 0.7999999999999942712 ) ;
#1882 = FACE_BOUND ( 'NONE', #833, .T. ) ;
#1883 = EDGE_CURVE ( 'NONE', #710, #1601, #1688, .T. ) ;
#1884 = CIRCLE ( 'NONE', #1181, 1.649999999999984812 ) ;
#1885 = CARTESIAN_POINT ( 'NONE',  ( 6.000000000000000000, -4.200000000000000178, 59.49999999999995737 ) ) ;
#1886 = EDGE_LOOP ( 'NONE', ( #1476, #1754 ) ) ;
#1887 = APPROVAL_PERSON_ORGANIZATION ( #482, #1911, #360 ) ;
#1888 = DIRECTION ( 'NONE',  ( -0.000000000000000000, 1.000000000000000000, -0.000000000000000000 ) ) ;
#1889 = VERTEX_POINT ( 'NONE', #1909 ) ;
#1890 = EDGE_CURVE ( 'NONE', #358, #308, #180, .T. ) ;
#1891 = ORIENTED_EDGE ( 'NONE', *, *, #727, .F. ) ;
#1892 = LINE ( 'NONE', #317, #426 ) ;
#1893 = CARTESIAN_POINT ( 'NONE',  ( 2.500000000000000000, -3.000000000000125677, 26.00000000000000000 ) ) ;
#1894 = DIRECTION ( 'NONE',  ( -0.000000000000000000, 1.000000000000000000, -0.000000000000000000 ) ) ;
#1895 = EDGE_CURVE ( 'NONE', #1734, #53, #1517, .T. ) ;
#1896 = FACE_OUTER_BOUND ( 'NONE', #1959, .T. ) ;
#1897 = ORIENTED_EDGE ( 'NONE', *, *, #79, .F. ) ;
#1898 = FACE_OUTER_BOUND ( 'NONE', #1588, .T. ) ;
#1899 = ORIENTED_EDGE ( 'NONE', *, *, #15, .T. ) ;
#1900 = ADVANCED_FACE ( 'NONE', ( #1896 ), #1348, .F. ) ;
#1901 = ORIENTED_EDGE ( 'NONE', *, *, #1147, .T. ) ;
#1902 = CARTESIAN_POINT ( 'NONE',  ( 6.499999999999992006, 1.734723475976807883E-15, 203.0000000000000853 ) ) ;
#1903 = DIRECTION ( 'NONE',  ( 0.000000000000000000, 0.000000000000000000, 1.000000000000000000 ) ) ;
#1904 = CIRCLE ( 'NONE', #873, 0.7999999999999951594 ) ;
#1905 = AXIS2_PLACEMENT_3D ( 'NONE', #780, #1475, #1339 ) ;
#1906 = CIRCLE ( 'NONE', #919, 1.649999999999984812 ) ;
#1907 = CARTESIAN_POINT ( 'NONE',  ( 2.500000000000000000, -3.000000000000125677, 27.02500000000005187 ) ) ;
#1908 = VECTOR ( 'NONE', #2138, 1000.000000000000000 ) ;
#1909 = CARTESIAN_POINT ( 'NONE',  ( 6.499999999999992006, -0.3750000000000003331, 47.35000000000022169 ) ) ;
#1910 = ORIENTED_EDGE ( 'NONE', *, *, #1506, .T. ) ;
#1911 = APPROVAL ( #1950, 'æœª' ) ;
#1912 = FACE_OUTER_BOUND ( 'NONE', #406, .T. ) ;
#1913 = ORIENTED_EDGE ( 'NONE', *, *, #235, .F. ) ;
#1914 = AXIS2_PLACEMENT_3D ( 'NONE', #390, #590, #1806 ) ;
#1915 = CIRCLE ( 'NONE', #2202, 0.7999999999999942712 ) ;
#1916 = ORIENTED_EDGE ( 'NONE', *, *, #824, .T. ) ;
#1917 = VECTOR ( 'NONE', #918, 1000.000000000000000 ) ;
#1918 = CARTESIAN_POINT ( 'NONE',  ( 7.347880794884119736E-16, -6.000000000000000000, 300.0000000000000000 ) ) ;
#1919 = DIRECTION ( 'NONE',  ( -0.000000000000000000, 1.000000000000000000, 0.000000000000000000 ) ) ;
#1920 = CARTESIAN_POINT ( 'NONE',  ( 6.499999999999992006, 1.734723475976807883E-15, 14.00000000000020606 ) ) ;
#1921 = DIRECTION ( 'NONE',  ( 8.659560562344400332E-17, -0.7071067811874075515, 0.7071067811856874830 ) ) ;
#1922 = DIRECTION ( 'NONE',  ( 0.000000000000000000, -1.000000000000000000, 0.000000000000000000 ) ) ;
#1923 = EDGE_LOOP ( 'NONE', ( #1116, #2160, #1364, #162 ) ) ;
#1924 = AXIS2_PLACEMENT_3D ( 'NONE', #977, #2053, #2022 ) ;
#1925 = DIRECTION ( 'NONE',  ( 1.000000000000000000, 0.000000000000000000, -1.734723475976807094E-15 ) ) ;
#1926 = ORIENTED_EDGE ( 'NONE', *, *, #1519, .F. ) ;
#1927 = ADVANCED_FACE ( 'NONE', ( #1709 ), #518, .F. ) ;
#1928 = VERTEX_POINT ( 'NONE', #345 ) ;
#1929 = DIRECTION ( 'NONE',  ( 0.000000000000000000, 0.7071067811865409114, 0.7071067811865541231 ) ) ;
#1930 = DIRECTION ( 'NONE',  ( 0.000000000000000000, 1.000000000000000000, 0.000000000000000000 ) ) ;
#1931 = CARTESIAN_POINT ( 'NONE',  ( 9.500000000000001776, 0.000000000000000000, 26.79999999999999361 ) ) ;
#1932 = DIRECTION ( 'NONE',  ( -0.000000000000000000, 1.000000000000000000, -0.000000000000000000 ) ) ;
#1933 = ORIENTED_EDGE ( 'NONE', *, *, #235, .T. ) ;
#1934 = CARTESIAN_POINT ( 'NONE',  ( 9.500000000000001776, -3.000000000000125677, 26.00000000000000000 ) ) ;
#1935 = VERTEX_POINT ( 'NONE', #485 ) ;
#1936 = CIRCLE ( 'NONE', #2009, 1.649999999999984812 ) ;
#1937 = ORIENTED_EDGE ( 'NONE', *, *, #1175, .T. ) ;
#1938 = PERSON_AND_ORGANIZATION_ROLE ( 'classification_officer' ) ;
#1939 = EDGE_CURVE ( 'NONE', #2062, #1508, #2058, .T. ) ;
#1940 = DIRECTION ( 'NONE',  ( -0.000000000000000000, 1.000000000000000000, -0.000000000000000000 ) ) ;
#1941 = LINE ( 'NONE', #682, #963 ) ;
#1942 = AXIS2_PLACEMENT_3D ( 'NONE', #137, #1835, #2033 ) ;
#1943 = DIRECTION ( 'NONE',  ( 0.000000000000000000, -0.000000000000000000, -1.000000000000000000 ) ) ;
#1944 = CARTESIAN_POINT ( 'NONE',  ( 6.499999999999992006, 1.734723475976807883E-15, 203.0000000000000853 ) ) ;
#1945 = ORIENTED_EDGE ( 'NONE', *, *, #776, .F. ) ;
#1946 = AXIS2_PLACEMENT_3D ( 'NONE', #608, #964, #2006 ) ;
#1947 = FACE_BOUND ( 'NONE', #69, .T. ) ;
#1948 = ORIENTED_EDGE ( 'NONE', *, *, #1954, .F. ) ;
#1949 = ORIENTED_EDGE ( 'NONE', *, *, #1478, .F. ) ;
#1950 = APPROVAL_STATUS ( 'not_yet_approved' ) ;
#1951 = ORIENTED_EDGE ( 'NONE', *, *, #1783, .F. ) ;
#1952 = DIRECTION ( 'NONE',  ( 0.000000000000000000, 0.000000000000000000, 1.000000000000000000 ) ) ;
#1953 = DIRECTION ( 'NONE',  ( -0.000000000000000000, 1.000000000000000000, -0.000000000000000000 ) ) ;
#1954 = EDGE_CURVE ( 'NONE', #1171, #1935, #1465, .T. ) ;
#1955 = FACE_OUTER_BOUND ( 'NONE', #1260, .T. ) ;
#1956 = CARTESIAN_POINT ( 'NONE',  ( 0.000000000000000000, -3.000000000000000000, 40.00000000000000000 ) ) ;
#1957 = DIRECTION ( 'NONE',  ( 0.000000000000000000, 0.000000000000000000, 1.000000000000000000 ) ) ;
#1958 = EDGE_CURVE ( 'NONE', #1508, #2062, #1068, .T. ) ;
#1959 = EDGE_LOOP ( 'NONE', ( #2093, #874, #665, #283 ) ) ;
#1960 = CYLINDRICAL_SURFACE ( 'NONE', #1914, 3.500000000000003109 ) ;
#1961 = EDGE_LOOP ( 'NONE', ( #1223, #1891, #723, #407 ) ) ;
#1962 = CIRCLE ( 'NONE', #1077, 0.7999999999999986011 ) ;
#1963 = ADVANCED_FACE ( 'NONE', ( #696 ), #556, .F. ) ;
#1964 = ORIENTED_EDGE ( 'NONE', *, *, #2178, .F. ) ;
#1965 = ORIENTED_EDGE ( 'NONE', *, *, #1439, .F. ) ;
#1966 = DIRECTION ( 'NONE',  ( 0.000000000000000000, 0.000000000000000000, 1.000000000000000000 ) ) ;
#1967 = CARTESIAN_POINT ( 'NONE',  ( 9.500000000000001776, -3.000000000000125677, 27.02500000000005187 ) ) ;
#1968 = FACE_OUTER_BOUND ( 'NONE', #1456, .T. ) ;
#1969 = DIRECTION ( 'NONE',  ( -0.000000000000000000, 0.000000000000000000, 1.000000000000000000 ) ) ;
#1970 = CARTESIAN_POINT ( 'NONE',  ( 6.499999999999992006, -0.3750000000000003331, 238.0000000000001137 ) ) ;
#1971 = ORIENTED_EDGE ( 'NONE', *, *, #1203, .F. ) ;
#1972 = EDGE_CURVE ( 'NONE', #1686, #150, #1047, .T. ) ;
#1973 = CARTESIAN_POINT ( 'NONE',  ( 2.500000000000000000, -3.000000000000000000, 26.79999999999999361 ) ) ;
#1974 = ORIENTED_EDGE ( 'NONE', *, *, #1972, .T. ) ;
#1975 = CONICAL_SURFACE ( 'NONE', #905, 2.024999999999999023, 0.7853981633974576049 ) ;
#1976 = ORIENTED_EDGE ( 'NONE', *, *, #1003, .F. ) ;
#1977 = ORIENTED_EDGE ( 'NONE', *, *, #2081, .T. ) ;
#1978 = DIRECTION ( 'NONE',  ( 0.000000000000000000, 0.000000000000000000, 1.000000000000000000 ) ) ;
#1979 = DIRECTION ( 'NONE',  ( 0.000000000000000000, 0.000000000000000000, 1.000000000000000000 ) ) ;
#1980 = FACE_OUTER_BOUND ( 'NONE', #216, .T. ) ;
#1981 = DIRECTION ( 'NONE',  ( 0.000000000000000000, 0.000000000000000000, 1.000000000000000000 ) ) ;
#1982 = DIRECTION ( 'NONE',  ( 0.000000000000000000, 0.000000000000000000, -1.000000000000000000 ) ) ;
#1983 = ORIENTED_EDGE ( 'NONE', *, *, #1529, .F. ) ;
#1984 = AXIS2_PLACEMENT_3D ( 'NONE', #449, #802, #2217 ) ;
#1985 = CIRCLE ( 'NONE', #991, 3.500000000000003109 ) ;
#1986 = AXIS2_PLACEMENT_3D ( 'NONE', #1058, #520, #1566 ) ;
#1987 = EDGE_LOOP ( 'NONE', ( #559, #451, #1034, #96 ) ) ;
#1988 = CONICAL_SURFACE ( 'NONE', #839, 2.024999999999999023, 0.7853981633974576049 ) ;
#1989 = CARTESIAN_POINT ( 'NONE',  ( 6.499999999999992006, 1.734723475976807883E-15, 46.97500000000020748 ) ) ;
#1990 = CARTESIAN_POINT ( 'NONE',  ( 6.000000000000000000, -6.000000000000000000, 150.2499999999999716 ) ) ;
#1991 = FACE_OUTER_BOUND ( 'NONE', #1048, .T. ) ;
#1992 = AXIS2_PLACEMENT_3D ( 'NONE', #1403, #318, #1054 ) ;
#1993 = CARTESIAN_POINT ( 'NONE',  ( 6.000000000000000000, -4.200000000000000178, 151.4999999999999716 ) ) ;
#1994 = VERTEX_POINT ( 'NONE', #334 ) ;
#1995 = CARTESIAN_POINT ( 'NONE',  ( 6.499999999999992006, 1.734723475976807883E-15, 170.0250000000000909 ) ) ;
#1996 = EDGE_CURVE ( 'NONE', #133, #667, #961, .T. ) ;
#1997 = FACE_OUTER_BOUND ( 'NONE', #628, .T. ) ;
#1998 = LINE ( 'NONE', #1967, #926 ) ;
#1999 = CARTESIAN_POINT ( 'NONE',  ( 6.000000000000000000, -4.200000000000000178, 60.74999999999995737 ) ) ;
#2000 = DIRECTION ( 'NONE',  ( 8.659560562344407728E-17, -0.7071067811874067743, 0.7071067811856881491 ) ) ;
#2001 = ADVANCED_FACE ( 'NONE', ( #846 ), #336, .F. ) ;
#2002 = DIRECTION ( 'NONE',  ( 0.000000000000000000, 1.000000000000000000, 0.000000000000000000 ) ) ;
#2003 = CARTESIAN_POINT ( 'NONE',  ( 6.499999999999992006, 1.734723475976807883E-15, 49.00000000000021316 ) ) ;
#2004 = DIRECTION ( 'NONE',  ( -0.000000000000000000, 1.000000000000000000, -0.000000000000000000 ) ) ;
#2005 = EDGE_LOOP ( 'NONE', ( #1238, #1580, #2209, #1184 ) ) ;
#2006 = DIRECTION ( 'NONE',  ( 0.000000000000000000, 0.000000000000000000, -1.000000000000000000 ) ) ;
#2007 = ORIENTED_EDGE ( 'NONE', *, *, #1081, .F. ) ;
#2008 = EDGE_LOOP ( 'NONE', ( #1287, #972, #537, #1499 ) ) ;
#2009 = AXIS2_PLACEMENT_3D ( 'NONE', #56, #218, #2152 ) ;
#2010 = DIRECTION ( 'NONE',  ( -0.000000000000000000, -1.000000000000000000, -0.000000000000000000 ) ) ;
#2011 = LINE ( 'NONE', #1327, #1111 ) ;
#2012 = CARTESIAN_POINT ( 'NONE',  ( 9.500000000000001776, -3.000000000000000000, 25.20000000000000284 ) ) ;
#2013 = DIRECTION ( 'NONE',  ( -0.000000000000000000, 1.000000000000000000, -0.000000000000000000 ) ) ;
#2014 = EDGE_CURVE ( 'NONE', #678, #1928, #24, .T. ) ;
#2015 = CYLINDRICAL_SURFACE ( 'NONE', #2125, 1.649999999999984812 ) ;
#2016 = ORIENTED_EDGE ( 'NONE', *, *, #962, .F. ) ;
#2017 = EDGE_CURVE ( 'NONE', #724, #667, #1875, .T. ) ;
#2018 = VECTOR ( 'NONE', #1381, 1000.000000000000000 ) ;
#2019 = LINE ( 'NONE', #794, #2043 ) ;
#2020 = ORIENTED_EDGE ( 'NONE', *, *, #671, .T. ) ;
#2021 = CARTESIAN_POINT ( 'NONE',  ( 6.499999999999992006, 1.734723475976807883E-15, 46.97500000000020748 ) ) ;
#2022 = DIRECTION ( 'NONE',  ( 0.000000000000000000, 0.000000000000000000, -1.000000000000000000 ) ) ;
#2023 = PLANE ( 'NONE',  #840 ) ;
#2024 = AXIS2_PLACEMENT_3D ( 'NONE', #1713, #2249, #687 ) ;
#2025 = EDGE_CURVE ( 'NONE', #2215, #2220, #2161, .T. ) ;
#2026 = DIRECTION ( 'NONE',  ( -0.000000000000000000, 1.000000000000000000, -0.000000000000000000 ) ) ;
#2027 = DIRECTION ( 'NONE',  ( 0.000000000000000000, 0.000000000000000000, -1.000000000000000000 ) ) ;
#2028 = VERTEX_POINT ( 'NONE', #211 ) ;
#2029 = ORIENTED_EDGE ( 'NONE', *, *, #405, .F. ) ;
#2030 = EDGE_CURVE ( 'NONE', #2215, #167, #234, .T. ) ;
#2031 = LINE ( 'NONE', #805, #1602 ) ;
#2032 = ORIENTED_EDGE ( 'NONE', *, *, #1536, .F. ) ;
#2033 = DIRECTION ( 'NONE',  ( 0.000000000000000000, 0.000000000000000000, -1.000000000000000000 ) ) ;
#2034 = DIRECTION ( 'NONE',  ( 0.000000000000000000, 0.000000000000000000, 1.000000000000000000 ) ) ;
#2035 = LINE ( 'NONE', #1485, #1027 ) ;
#2036 = ADVANCED_FACE ( 'NONE', ( #577 ), #261, .F. ) ;
#2037 = FACE_OUTER_BOUND ( 'NONE', #1987, .T. ) ;
#2038 = ORIENTED_EDGE ( 'NONE', *, *, #663, .F. ) ;
#2039 = DIRECTION ( 'NONE',  ( 0.000000000000000000, 1.000000000000000000, 0.000000000000000000 ) ) ;
#2040 = VERTEX_POINT ( 'NONE', #39 ) ;
#2041 = CARTESIAN_POINT ( 'NONE',  ( 6.000000000000000000, 0.000000000000000000, 59.49999999999995737 ) ) ;
#2042 = CARTESIAN_POINT ( 'NONE',  ( 9.500000000000001776, -3.000000000000125677, 7.025000000000051870 ) ) ;
#2043 = VECTOR ( 'NONE', #122, 1000.000000000000000 ) ;
#2044 = LINE ( 'NONE', #990, #2230 ) ;
#2045 = ORIENTED_EDGE ( 'NONE', *, *, #1180, .T. ) ;
#2046 = CARTESIAN_POINT ( 'NONE',  ( 6.000000000000000000, -4.200000000000000178, 147.9999999999999716 ) ) ;
#2047 = ORIENTED_EDGE ( 'NONE', *, *, #1071, .F. ) ;
#2048 = AXIS2_PLACEMENT_3D ( 'NONE', #1826, #778, #1496 ) ;
#2049 = ADVANCED_FACE ( 'NONE', ( #48 ), #1031, .F. ) ;
#2050 = VERTEX_POINT ( 'NONE', #732 ) ;
#2051 = VECTOR ( 'NONE', #1428, 1000.000000000000000 ) ;
#2052 = CYLINDRICAL_SURFACE ( 'NONE', #1563, 0.7999999999999942712 ) ;
#2053 = DIRECTION ( 'NONE',  ( 0.000000000000000000, -1.000000000000000000, 0.000000000000000000 ) ) ;
#2054 = APPROVAL_DATE_TIME ( #2235, #1911 ) ;
#2055 = AXIS2_PLACEMENT_3D ( 'NONE', #943, #1145, #1849 ) ;
#2056 = DIRECTION ( 'NONE',  ( 0.000000000000000000, 0.000000000000000000, 1.000000000000000000 ) ) ;
#2057 = ORIENTED_EDGE ( 'NONE', *, *, #176, .F. ) ;
#2058 = CIRCLE ( 'NONE', #884, 3.500000000000003109 ) ;
#2059 = CARTESIAN_POINT ( 'NONE',  ( 6.000000000000000000, 0.000000000000000000, 144.4999999999999716 ) ) ;
#2060 = AXIS2_PLACEMENT_3D ( 'NONE', #1278, #716, #951 ) ;
#2061 = ORIENTED_EDGE ( 'NONE', *, *, #1199, .F. ) ;
#2062 = VERTEX_POINT ( 'NONE', #1056 ) ;
#2063 = ADVANCED_FACE ( 'NONE', ( #1753 ), #1988, .F. ) ;
#2064 = DIRECTION ( 'NONE',  ( 0.000000000000000000, 0.000000000000000000, 1.000000000000000000 ) ) ;
#2065 = DIRECTION ( 'NONE',  ( 0.000000000000000000, 0.000000000000000000, 1.000000000000000000 ) ) ;
#2066 = AXIS2_PLACEMENT_3D ( 'NONE', #169, #1930, #2065 ) ;
#2067 = CARTESIAN_POINT ( 'NONE',  ( 6.499999999999992006, -0.3750000000000003331, 84.00000000000021316 ) ) ;
#2068 = ORIENTED_EDGE ( 'NONE', *, *, #566, .T. ) ;
#2069 = SECURITY_CLASSIFICATION ( '', '', #301 ) ;
#2070 = LINE ( 'NONE', #1182, #553 ) ;
#2071 = VERTEX_POINT ( 'NONE', #378 ) ;
#2072 = ORIENTED_EDGE ( 'NONE', *, *, #2119, .F. ) ;
#2073 = LINE ( 'NONE', #1378, #1716 ) ;
#2074 = DIRECTION ( 'NONE',  ( 0.000000000000000000, 0.000000000000000000, 1.000000000000000000 ) ) ;
#2075 = AXIS2_PLACEMENT_3D ( 'NONE', #524, #2143, #45 ) ;
#2076 = DIRECTION ( 'NONE',  ( 0.000000000000000000, 0.000000000000000000, -1.000000000000000000 ) ) ;
#2077 = DIRECTION ( 'NONE',  ( 0.000000000000000000, 0.000000000000000000, 1.000000000000000000 ) ) ;
#2078 = ORIENTED_EDGE ( 'NONE', *, *, #596, .F. ) ;
#2079 = PLANE ( 'NONE',  #1282 ) ;
#2080 = ORIENTED_EDGE ( 'NONE', *, *, #1458, .F. ) ;
#2081 = EDGE_CURVE ( 'NONE', #183, #150, #2147, .T. ) ;
#2082 = ORIENTED_EDGE ( 'NONE', *, *, #1890, .F. ) ;
#2083 = CARTESIAN_POINT ( 'NONE',  ( 6.499999999999992006, 1.734723475976807883E-15, 116.9750000000002217 ) ) ;
#2084 = FACE_OUTER_BOUND ( 'NONE', #1586, .T. ) ;
#2085 = CIRCLE ( 'NONE', #1385, 2.250000000000001776 ) ;
#2086 = CIRCLE ( 'NONE', #1798, 2.024999999999999023 ) ;
#2087 = AXIS2_PLACEMENT_3D ( 'NONE', #2193, #1320, #282 ) ;
#2088 = CARTESIAN_POINT ( 'NONE',  ( 6.499999999999992006, -0.3750000000000003331, 236.3500000000001080 ) ) ;
#2089 = DIRECTION ( 'NONE',  ( -0.000000000000000000, 1.000000000000000000, -0.000000000000000000 ) ) ;
#2090 = ORIENTED_EDGE ( 'NONE', *, *, #658, .T. ) ;
#2091 = ADVANCED_FACE ( 'NONE', ( #752 ), #1100, .F. ) ;
#2092 = CARTESIAN_POINT ( 'NONE',  ( 6.499999999999992006, -0.3750000000000003331, 203.0000000000000853 ) ) ;
#2093 = ORIENTED_EDGE ( 'NONE', *, *, #2188, .F. ) ;
#2094 = CONICAL_SURFACE ( 'NONE', #629, 2.024999999999999023, 0.7853981633974576049 ) ;
#2095 = ORIENTED_EDGE ( 'NONE', *, *, #1147, .F. ) ;
#2096 = EDGE_CURVE ( 'NONE', #1704, #1251, #1218, .T. ) ;
#2097 = CYLINDRICAL_SURFACE ( 'NONE', #2075, 0.7999999999999951594 ) ;
#2098 = DIRECTION ( 'NONE',  ( -0.000000000000000000, 1.000000000000000000, -0.000000000000000000 ) ) ;
#2099 = CARTESIAN_POINT ( 'NONE',  ( 6.499999999999992006, -0.3750000000000003331, 273.0000000000001137 ) ) ;
#2100 = CARTESIAN_POINT ( 'NONE',  ( 9.500000000000001776, 0.000000000000000000, 26.00000000000000000 ) ) ;
#2101 = AXIS2_PLACEMENT_3D ( 'NONE', #830, #1162, #634 ) ;
#2102 = DIRECTION ( 'NONE',  ( -0.000000000000000000, 1.000000000000000000, -0.000000000000000000 ) ) ;
#2103 = ORIENTED_EDGE ( 'NONE', *, *, #704, .F. ) ;
#2104 = EDGE_CURVE ( 'NONE', #183, #142, #66, .T. ) ;
#2105 = VERTEX_POINT ( 'NONE', #565 ) ;
#2106 = CALENDAR_DATE ( 2025, 8, 12 ) ;
#2107 = CARTESIAN_POINT ( 'NONE',  ( 6.499999999999992006, 1.734723475976807883E-15, 81.97500000000020748 ) ) ;
#2108 = LINE ( 'NONE', #1550, #1500 ) ;
#2109 = EDGE_CURVE ( 'NONE', #667, #133, #50, .T. ) ;
#2110 = CARTESIAN_POINT ( 'NONE',  ( 6.000000000000000000, -6.000000000000000000, 62.99999999999995737 ) ) ;
#2111 = CARTESIAN_POINT ( 'NONE',  ( 6.499999999999992006, 1.734723475976807883E-15, 49.00000000000021316 ) ) ;
#2112 = VERTEX_POINT ( 'NONE', #389 ) ;
#2113 = CARTESIAN_POINT ( 'NONE',  ( 9.500000000000001776, -3.000000000000125677, 5.999999999999998224 ) ) ;
#2114 = ORIENTED_EDGE ( 'NONE', *, *, #745, .T. ) ;
#2115 = CIRCLE ( 'NONE', #1018, 2.024999999999999023 ) ;
#2116 = PRODUCT_RELATED_PRODUCT_CATEGORY ( 'detail', '', ( #1663 ) ) ;
#2117 = ORIENTED_EDGE ( 'NONE', *, *, #2096, .T. ) ;
#2118 = VERTEX_POINT ( 'NONE', #2123 ) ;
#2119 = EDGE_CURVE ( 'NONE', #472, #540, #1169, .T. ) ;
#2120 = CARTESIAN_POINT ( 'NONE',  ( 9.500000000000001776, 0.000000000000000000, 26.00000000000000000 ) ) ;
#2121 = CARTESIAN_POINT ( 'NONE',  ( 9.500000000000001776, -3.000000000000125677, 5.999999999999998224 ) ) ;
#2122 = DIRECTION ( 'NONE',  ( 0.000000000000000000, 0.000000000000000000, 1.000000000000000000 ) ) ;
#2123 = CARTESIAN_POINT ( 'NONE',  ( 9.500000000000001776, -3.000000000000125677, 24.97499999999994458 ) ) ;
#2124 = ORIENTED_EDGE ( 'NONE', *, *, #1037, .T. ) ;
#2125 = AXIS2_PLACEMENT_3D ( 'NONE', #995, #1702, #971 ) ;
#2126 = FACE_OUTER_BOUND ( 'NONE', #530, .T. ) ;
#2127 = EDGE_LOOP ( 'NONE', ( #1937, #1628 ) ) ;
#2128 = CIRCLE ( 'NONE', #2055, 1.649999999999984812 ) ;
#2129 = ORIENTED_EDGE ( 'NONE', *, *, #720, .T. ) ;
#2130 = CIRCLE ( 'NONE', #1611, 2.024999999999999023 ) ;
#2131 = VERTEX_POINT ( 'NONE', #1793 ) ;
#2132 = DIRECTION ( 'NONE',  ( 8.659560562355014209E-17, 0.7071067811865409114, -0.7071067811865541231 ) ) ;
#2133 = AXIS2_PLACEMENT_3D ( 'NONE', #685, #1039, #832 ) ;
#2134 = CARTESIAN_POINT ( 'NONE',  ( 6.499999999999992006, 0.000000000000000000, 84.00000000000021316 ) ) ;
#2135 = AXIS2_PLACEMENT_3D ( 'NONE', #1436, #1097, #545 ) ;
#2136 = EDGE_CURVE ( 'NONE', #2176, #294, #1461, .T. ) ;
#2137 = CARTESIAN_POINT ( 'NONE',  ( 2.500000000000000000, -3.000000000000000000, 26.00000000000000000 ) ) ;
#2138 = DIRECTION ( 'NONE',  ( -0.000000000000000000, -0.000000000000000000, -1.000000000000000000 ) ) ;
#2139 = CARTESIAN_POINT ( 'NONE',  ( 6.000000000000000000, -8.400000000000000355, 147.9999999999999716 ) ) ;
#2140 = ORIENTED_EDGE ( 'NONE', *, *, #273, .T. ) ;
#2141 = EDGE_LOOP ( 'NONE', ( #394, #1722, #1161, #1768 ) ) ;
#2142 = ORIENTED_EDGE ( 'NONE', *, *, #55, .T. ) ;
#2143 = DIRECTION ( 'NONE',  ( -0.000000000000000000, -1.000000000000000000, -0.000000000000000000 ) ) ;
#2144 = CARTESIAN_POINT ( 'NONE',  ( 2.500000000000000000, 0.000000000000000000, 26.79999999999999361 ) ) ;
#2145 = EDGE_CURVE ( 'NONE', #758, #183, #190, .T. ) ;
#2146 = DIRECTION ( 'NONE',  ( -1.000000000000000000, -0.000000000000000000, 1.734723475976807094E-15 ) ) ;
#2147 = LINE ( 'NONE', #1259, #1908 ) ;
#2148 = DIRECTION ( 'NONE',  ( 0.000000000000000000, 0.000000000000000000, 1.000000000000000000 ) ) ;
#2149 = ORIENTED_EDGE ( 'NONE', *, *, #1244, .T. ) ;
#2150 = EDGE_LOOP ( 'NONE', ( #2029, #641, #851, #523 ) ) ;
#2151 = LINE ( 'NONE', #1989, #1750 ) ;
#2152 = DIRECTION ( 'NONE',  ( 0.000000000000000000, 0.000000000000000000, 1.000000000000000000 ) ) ;
#2153 = DIRECTION ( 'NONE',  ( 0.000000000000000000, 0.7071067811865409114, 0.7071067811865541231 ) ) ;
#2154 = CARTESIAN_POINT ( 'NONE',  ( 6.000000000000000000, -4.200000000000000178, 284.5000000000000000 ) ) ;
#2155 = APPROVAL_DATE_TIME ( #809, #1366 ) ;
#2156 = CIRCLE ( 'NONE', #1164, 0.7999999999999986011 ) ;
#2157 = DIRECTION ( 'NONE',  ( -0.000000000000000000, -1.000000000000000000, -0.000000000000000000 ) ) ;
#2158 = EDGE_CURVE ( 'NONE', #130, #374, #477, .T. ) ;
#2159 = CIRCLE ( 'NONE', #402, 1.649999999999991696 ) ;
#2160 = ORIENTED_EDGE ( 'NONE', *, *, #1175, .F. ) ;
#2161 = CIRCLE ( 'NONE', #876, 1.649999999999984812 ) ;
#2162 = ORIENTED_EDGE ( 'NONE', *, *, #144, .F. ) ;
#2163 = DIRECTION ( 'NONE',  ( -0.000000000000000000, 1.000000000000000000, -0.000000000000000000 ) ) ;
#2164 = CARTESIAN_POINT ( 'NONE',  ( 6.499999999999992006, 1.734723475976807883E-15, 121.0250000000002188 ) ) ;
#2165 = FACE_OUTER_BOUND ( 'NONE', #194, .T. ) ;
#2166 = AXIS2_PLACEMENT_3D ( 'NONE', #2113, #2157, #1982 ) ;
#2167 = AXIS2_PLACEMENT_3D ( 'NONE', #1390, #2098, #1379 ) ;
#2168 = DIRECTION ( 'NONE',  ( 0.000000000000000000, 0.000000000000000000, 1.000000000000000000 ) ) ;
#2169 = FACE_BOUND ( 'NONE', #1567, .T. ) ;
#2170 = DIRECTION ( 'NONE',  ( 0.000000000000000000, 0.000000000000000000, 1.000000000000000000 ) ) ;
#2171 = CARTESIAN_POINT ( 'NONE',  ( 6.499999999999992006, -0.3750000000000003331, 168.0000000000000853 ) ) ;
#2172 = EDGE_CURVE ( 'NONE', #142, #286, #200, .T. ) ;
#2173 = EDGE_LOOP ( 'NONE', ( #1015, #1067 ) ) ;
#2174 = CIRCLE ( 'NONE', #892, 2.250000000000029754 ) ;
#2175 = FACE_OUTER_BOUND ( 'NONE', #1522, .T. ) ;
#2176 = VERTEX_POINT ( 'NONE', #551 ) ;
#2177 = DIRECTION ( 'NONE',  ( 0.000000000000000000, 0.000000000000000000, 1.000000000000000000 ) ) ;
#2178 = EDGE_CURVE ( 'NONE', #1419, #1235, #265, .T. ) ;
#2179 = DIRECTION ( 'NONE',  ( -0.000000000000000000, -1.000000000000000000, -0.000000000000000000 ) ) ;
#2180 = LINE ( 'NONE', #103, #1351 ) ;
#2181 = ADVANCED_FACE ( 'NONE', ( #907, #446, #1858, #1824, #2169, #1317 ), #2023, .F. ) ;
#2182 = CARTESIAN_POINT ( 'NONE',  ( 6.499999999999992006, 0.000000000000000000, 238.0000000000001137 ) ) ;
#2183 = CARTESIAN_POINT ( 'NONE',  ( 9.500000000000001776, -3.000000000000125677, 27.02500000000005187 ) ) ;
#2184 = EDGE_LOOP ( 'NONE', ( #1114, #1554 ) ) ;
#2185 = CARTESIAN_POINT ( 'NONE',  ( 6.499999999999992006, 0.000000000000000000, 49.00000000000021316 ) ) ;
#2186 = ORIENTED_EDGE ( 'NONE', *, *, #850, .F. ) ;
#2187 = CIRCLE ( 'NONE', #1822, 2.250000000000029754 ) ;
#2188 = EDGE_CURVE ( 'NONE', #724, #1192, #2128, .T. ) ;
#2189 = CARTESIAN_POINT ( 'NONE',  ( 12.00000000000000178, 0.000000000000000000, 0.000000000000000000 ) ) ;
#2190 = DIRECTION ( 'NONE',  ( 0.000000000000000000, 0.000000000000000000, 1.000000000000000000 ) ) ;
#2191 = CYLINDRICAL_SURFACE ( 'NONE', #988, 2.250000000000001776 ) ;
#2192 = EDGE_CURVE ( 'NONE', #1928, #1384, #1638, .T. ) ;
#2193 = CARTESIAN_POINT ( 'NONE',  ( 6.000000000000000000, -4.200000000000000178, 62.99999999999995737 ) ) ;
#2194 = ORIENTED_EDGE ( 'NONE', *, *, #1780, .T. ) ;
#2195 = VECTOR ( 'NONE', #1921, 1000.000000000000000 ) ;
#2196 = LINE ( 'NONE', #630, #546 ) ;
#2197 = EDGE_LOOP ( 'NONE', ( #939, #32, #1720, #1557 ) ) ;
#2198 = DIRECTION ( 'NONE',  ( 0.000000000000000000, 0.000000000000000000, 1.000000000000000000 ) ) ;
#2199 = CARTESIAN_POINT ( 'NONE',  ( 2.500000000000000000, -3.000000000000000000, 25.20000000000000284 ) ) ;
#2200 =( NAMED_UNIT ( * ) SI_UNIT ( $, .STERADIAN. ) SOLID_ANGLE_UNIT ( ) );
#2201 = EDGE_CURVE ( 'NONE', #908, #539, #2180, .T. ) ;
#2202 = AXIS2_PLACEMENT_3D ( 'NONE', #1197, #1922, #2237 ) ;
#2203 = CARTESIAN_POINT ( 'NONE',  ( 9.500000000000001776, -2.774999999999525180, 26.00000000000000000 ) ) ;
#2204 = AXIS2_PLACEMENT_3D ( 'NONE', #904, #574, #1979 ) ;
#2205 = PERSON ( 'æœª', 'æœª', 'æœª', ('æœª'), ('æœª'), ('æœª') ) ;
#2206 = CARTESIAN_POINT ( 'NONE',  ( 6.499999999999992006, -0.3750000000000003331, 169.6500000000000909 ) ) ;
#2207 = ORIENTED_EDGE ( 'NONE', *, *, #166, .T. ) ;
#2208 = DIRECTION ( 'NONE',  ( -0.000000000000000000, 1.000000000000000000, -0.000000000000000000 ) ) ;
#2209 = ORIENTED_EDGE ( 'NONE', *, *, #1828, .T. ) ;
#2210 = VECTOR ( 'NONE', #1154, 1000.000000000000000 ) ;
#2211 = CARTESIAN_POINT ( 'NONE',  ( 6.000000000000000000, -4.200000000000000178, 62.99999999999995737 ) ) ;
#2212 = DIRECTION ( 'NONE',  ( 0.000000000000000000, 0.000000000000000000, -1.000000000000000000 ) ) ;
#2213 = CC_DESIGN_PERSON_AND_ORGANIZATION_ASSIGNMENT ( #587, #1281, ( #591 ) ) ;
#2214 = DIRECTION ( 'NONE',  ( 0.000000000000000000, -1.000000000000000000, 0.000000000000000000 ) ) ;
#2215 = VERTEX_POINT ( 'NONE', #601 ) ;
#2216 = DIRECTION ( 'NONE',  ( 0.000000000000000000, -0.7071067811874067743, -0.7071067811856881491 ) ) ;
#2217 = DIRECTION ( 'NONE',  ( 0.000000000000000000, 0.000000000000000000, 1.000000000000000000 ) ) ;
#2218 = EDGE_LOOP ( 'NONE', ( #782, #1964, #23, #2247 ) ) ;
#2219 = DIRECTION ( 'NONE',  ( 0.000000000000000000, 0.000000000000000000, 1.000000000000000000 ) ) ;
#2220 = VERTEX_POINT ( 'NONE', #1112 ) ;
#2221 = CARTESIAN_POINT ( 'NONE',  ( 6.499999999999992006, -6.000000000000000000, 273.0000000000001137 ) ) ;
#2222 = CARTESIAN_POINT ( 'NONE',  ( 9.500000000000001776, -2.774999999999525180, 26.00000000000000000 ) ) ;
#2223 = CIRCLE ( 'NONE', #215, 1.649999999999984812 ) ;
#2224 = CARTESIAN_POINT ( 'NONE',  ( 6.499999999999992006, 0.000000000000000000, 238.0000000000001137 ) ) ;
#2225 = ORIENTED_EDGE ( 'NONE', *, *, #67, .T. ) ;
#2226 = CIRCLE ( 'NONE', #1229, 3.500000000000003109 ) ;
#2227 = CARTESIAN_POINT ( 'NONE',  ( 6.499999999999992006, 0.000000000000000000, 168.0000000000000853 ) ) ;
#2228 = ORIENTED_EDGE ( 'NONE', *, *, #529, .F. ) ;
#2229 = ADVANCED_FACE ( 'NONE', ( #1661 ), #1837, .F. ) ;
#2230 = VECTOR ( 'NONE', #292, 1000.000000000000000 ) ;
#2231 = ORIENTED_EDGE ( 'NONE', *, *, #1723, .F. ) ;
#2232 = CARTESIAN_POINT ( 'NONE',  ( 6.000000000000000000, -8.400000000000000355, 147.9999999999999716 ) ) ;
#2233 = VECTOR ( 'NONE', #942, 1000.000000000000000 ) ;
#2234 = CYLINDRICAL_SURFACE ( 'NONE', #568, 3.500000000000003109 ) ;
#2235 = DATE_AND_TIME ( #2106, #139 ) ;
#2236 = LOCAL_TIME ( 19, 24, 8.000000000000000000, #289 ) ;
#2237 = DIRECTION ( 'NONE',  ( 0.000000000000000000, 0.000000000000000000, -1.000000000000000000 ) ) ;
#2238 = EDGE_LOOP ( 'NONE', ( #313, #806, #714, #1502 ) ) ;
#2239 = DIRECTION ( 'NONE',  ( 1.000000000000000000, 1.224646799147353207E-16, -0.000000000000000000 ) ) ;
#2240 = AXIS2_PLACEMENT_3D ( 'NONE', #740, #1953, #1813 ) ;
#2241 = ORIENTED_EDGE ( 'NONE', *, *, #2025, .T. ) ;
#2242 = EDGE_LOOP ( 'NONE', ( #1221, #1949, #654, #984 ) ) ;
#2243 = LINE ( 'NONE', #352, #290 ) ;
#2244 = DIRECTION ( 'NONE',  ( 0.000000000000000000, 0.000000000000000000, 1.000000000000000000 ) ) ;
#2245 = AXIS2_PLACEMENT_3D ( 'NONE', #255, #59, #1306 ) ;
#2246 = DIRECTION ( 'NONE',  ( 0.000000000000000000, -1.000000000000000000, 0.000000000000000000 ) ) ;
#2247 = ORIENTED_EDGE ( 'NONE', *, *, #1165, .T. ) ;
#2248 = EDGE_CURVE ( 'NONE', #849, #1251, #1132, .T. ) ;
#2249 = DIRECTION ( 'NONE',  ( -0.000000000000000000, -1.000000000000000000, -0.000000000000000000 ) ) ;
#2250 = ORIENTED_EDGE ( 'NONE', *, *, #1140, .T. ) ;
#2251 = ORIENTED_EDGE ( 'NONE', *, *, #1226, .T. ) ;
#2252 = DIRECTION ( 'NONE',  ( -0.000000000000000000, 1.000000000000000000, -0.000000000000000000 ) ) ;
#2253 = CARTESIAN_POINT ( 'NONE',  ( 6.499999999999992006, 1.734723475976807883E-15, 238.0000000000001137 ) ) ;
ENDSEC;
END-ISO-10303-21;
