ISO-10303-21;
HEADER;
FILE_DESCRIPTION (( 'STEP AP203' ),
    '1' );
FILE_NAME ('Á´½ÓÖá2.STEP',
    '2025-12-08T11:23:51',
    ( '' ),
    ( '' ),
    'SwSTEP 2.0',
    'SolidWorks 2025',
    '' );
FILE_SCHEMA (( 'CONFIG_CONTROL_DESIGN' ));
ENDSEC;

DATA;
#1 = EDGE_LOOP ( 'NONE', ( #71, #627, #1129, #545, #150, #444 ) ) ;
#2 = CARTESIAN_POINT ( 'NONE',  ( 164.9999999999999716, 8.400000000000000355, -8.250000000000008882 ) ) ;
#3 = CARTESIAN_POINT ( 'NONE',  ( 144.9999999999997442, 0.000000000000000000, -4.475000000000270539 ) ) ;
#4 = AXIS2_PLACEMENT_3D ( 'NONE', #1011, #1026, #552 ) ;
#5 = LINE ( 'NONE', #943, #1075 ) ;
#6 = DATE_AND_TIME ( #1028, #916 ) ;
#7 = APPROVAL ( #811, 'æœª' ) ;
#8 = ORIENTED_EDGE ( 'NONE', *, *, #677, .F. ) ;
#9 = DIRECTION ( 'NONE',  ( 0.000000000000000000, -0.7071067811865491270, -0.7071067811865459074 ) ) ;
#10 = AXIS2_PLACEMENT_3D ( 'NONE', #385, #1039, #809 ) ;
#11 = DIRECTION ( 'NONE',  ( 0.000000000000000000, -1.000000000000000000, 0.000000000000000000 ) ) ;
#12 = CONICAL_SURFACE ( 'NONE', #939, 2.024999999999999023, 0.7853981633974459475 ) ;
#13 = CIRCLE ( 'NONE', #846, 1.649999999999998579 ) ;
#14 = CALENDAR_DATE ( 2025, 8, 12 ) ;
#15 = ORIENTED_EDGE ( 'NONE', *, *, #543, .F. ) ;
#16 = CARTESIAN_POINT ( 'NONE',  ( 34.00000000000011369, -42.00000000000000000, -2.500000000000072831 ) ) ;
#17 = LINE ( 'NONE', #948, #914 ) ;
#18 = APPLICATION_CONTEXT ( 'configuration controlled 3d designs of mechanical parts and assemblies' ) ;
#19 = DIRECTION ( 'NONE',  ( 0.000000000000000000, -0.7071067811865361374, -0.7071067811865588970 ) ) ;
#20 = ORIENTED_EDGE ( 'NONE', *, *, #992, .F. ) ;
#21 = FACE_OUTER_BOUND ( 'NONE', #1118, .T. ) ;
#22 = PLANE ( 'NONE',  #487 ) ;
#23 = EDGE_CURVE ( 'NONE', #185, #624, #112, .T. ) ;
#24 = AXIS2_PLACEMENT_3D ( 'NONE', #192, #1235, #79 ) ;
#25 = CALENDAR_DATE ( 2025, 8, 12 ) ;
#26 = EDGE_LOOP ( 'NONE', ( #722, #1182, #1454, #1351 ) ) ;
#27 = VECTOR ( 'NONE', #1291, 1000.000000000000000 ) ;
#28 = EDGE_LOOP ( 'NONE', ( #744, #937, #635, #1362 ) ) ;
#29 = AXIS2_PLACEMENT_3D ( 'NONE', #326, #334, #1254 ) ;
#30 = DIRECTION ( 'NONE',  ( 0.000000000000000000, 0.000000000000000000, -1.000000000000000000 ) ) ;
#31 = CARTESIAN_POINT ( 'NONE',  ( 199.9999999999999716, 6.000000000000000000, -12.00000000000000000 ) ) ;
#32 = AXIS2_PLACEMENT_3D ( 'NONE', #842, #1187, #168 ) ;
#33 = CC_DESIGN_SECURITY_CLASSIFICATION ( #564, ( #819 ) ) ;
#34 = DIRECTION ( 'NONE',  ( -0.000000000000000000, 1.000000000000000000, -0.000000000000000000 ) ) ;
#35 = ADVANCED_FACE ( 'NONE', ( #313 ), #1349, .F. ) ;
#36 = CIRCLE ( 'NONE', #1034, 3.499999999999999556 ) ;
#37 = PERSON_AND_ORGANIZATION_ROLE ( 'classification_officer' ) ;
#38 = EDGE_LOOP ( 'NONE', ( #42, #1322, #275, #768 ) ) ;
#39 = ADVANCED_FACE ( 'NONE', ( #783 ), #1332, .F. ) ;
#40 = ORIENTED_EDGE ( 'NONE', *, *, #1149, .T. ) ;
#41 = CARTESIAN_POINT ( 'NONE',  ( 144.9999999999997442, 6.000000000000000000, -4.850000000000284750 ) ) ;
#42 = ORIENTED_EDGE ( 'NONE', *, *, #296, .F. ) ;
#43 = LINE ( 'NONE', #1164, #629 ) ;
#44 = CARTESIAN_POINT ( 'NONE',  ( 164.9999999999999716, 6.000000000000000000, -6.000000000000000000 ) ) ;
#45 = ORIENTED_EDGE ( 'NONE', *, *, #1359, .F. ) ;
#46 = VERTEX_POINT ( 'NONE', #1104 ) ;
#47 = EDGE_CURVE ( 'NONE', #322, #397, #767, .T. ) ;
#48 = DIRECTION ( 'NONE',  ( 0.000000000000000000, -1.000000000000000000, 0.000000000000000000 ) ) ;
#49 = UNCERTAINTY_MEASURE_WITH_UNIT (LENGTH_MEASURE( 1.000000000000000082E-05 ), #1137, 'distance_accuracy_value', 'NONE');
#50 = ORIENTED_EDGE ( 'NONE', *, *, #689, .T. ) ;
#51 = DIRECTION ( 'NONE',  ( -0.000000000000000000, -1.000000000000000000, -0.000000000000000000 ) ) ;
#52 = CARTESIAN_POINT ( 'NONE',  ( 25.99999999999974420, 6.000000000000000000, -4.850000000000035172 ) ) ;
#53 = DATE_AND_TIME ( #286, #85 ) ;
#54 = VERTEX_POINT ( 'NONE', #335 ) ;
#55 = CARTESIAN_POINT ( 'NONE',  ( 0.000000000000000000, 6.000000000000000000, 0.000000000000000000 ) ) ;
#56 = AXIS2_PLACEMENT_3D ( 'NONE', #1211, #531, #1326 ) ;
#57 = CC_DESIGN_PERSON_AND_ORGANIZATION_ASSIGNMENT ( #1305, #37, ( #564 ) ) ;
#58 = AXIS2_PLACEMENT_3D ( 'NONE', #548, #778, #996 ) ;
#59 = VERTEX_POINT ( 'NONE', #1240 ) ;
#60 = DIRECTION ( 'NONE',  ( 0.000000000000000000, 0.000000000000000000, -1.000000000000000000 ) ) ;
#61 = LINE ( 'NONE', #419, #1246 ) ;
#62 = AXIS2_PLACEMENT_3D ( 'NONE', #66, #48, #952 ) ;
#63 = CIRCLE ( 'NONE', #235, 1.249999999999997558 ) ;
#64 = AXIS2_PLACEMENT_3D ( 'NONE', #1380, #30, #369 ) ;
#65 = ORIENTED_EDGE ( 'NONE', *, *, #376, .T. ) ;
#66 = CARTESIAN_POINT ( 'NONE',  ( 54.99999999999997868, 4.200000000000000178, -6.000000000000000000 ) ) ;
#67 = EDGE_LOOP ( 'NONE', ( #1289, #485 ) ) ;
#68 = DIRECTION ( 'NONE',  ( -0.000000000000000000, -1.000000000000000000, -0.000000000000000000 ) ) ;
#69 = CARTESIAN_POINT ( 'NONE',  ( 34.00000000000009948, -42.00000000000000000, -9.500000000000076383 ) ) ;
#70 = EDGE_CURVE ( 'NONE', #428, #856, #131, .T. ) ;
#71 = ORIENTED_EDGE ( 'NONE', *, *, #1321, .F. ) ;
#72 = EDGE_LOOP ( 'NONE', ( #555, #594 ) ) ;
#73 = LINE ( 'NONE', #737, #1317 ) ;
#74 = EDGE_LOOP ( 'NONE', ( #1082, #1186, #1366, #658 ) ) ;
#75 = CARTESIAN_POINT ( 'NONE',  ( 34.00000000000009948, 3.000000000000002665, -9.500000000000076383 ) ) ;
#76 = LINE ( 'NONE', #514, #1225 ) ;
#77 = ADVANCED_FACE ( 'NONE', ( #1318 ), #1310, .F. ) ;
#78 = ORIENTED_EDGE ( 'NONE', *, *, #354, .F. ) ;
#79 = DIRECTION ( 'NONE',  ( 0.000000000000000000, 0.000000000000000000, -1.000000000000000000 ) ) ;
#80 = DIRECTION ( 'NONE',  ( 0.000000000000000000, 1.000000000000000000, 0.000000000000000000 ) ) ;
#81 = AXIS2_PLACEMENT_3D ( 'NONE', #761, #1005, #1452 ) ;
#82 = ORIENTED_EDGE ( 'NONE', *, *, #717, .F. ) ;
#83 = DIRECTION ( 'NONE',  ( 0.000000000000000000, 0.000000000000000000, 1.000000000000000000 ) ) ;
#84 = DIRECTION ( 'NONE',  ( 0.000000000000000000, 0.000000000000000000, 1.000000000000000000 ) ) ;
#85 = LOCAL_TIME ( 19, 23, 51.00000000000000000, #522 ) ;
#86 = ORIENTED_EDGE ( 'NONE', *, *, #667, .F. ) ;
#87 = AXIS2_PLACEMENT_3D ( 'NONE', #716, #926, #471 ) ;
#88 = AXIS2_PLACEMENT_3D ( 'NONE', #833, #382, #1194 ) ;
#89 = FACE_OUTER_BOUND ( 'NONE', #304, .T. ) ;
#90 = CIRCLE ( 'NONE', #1439, 2.250000000000001776 ) ;
#91 = VECTOR ( 'NONE', #19, 1000.000000000000114 ) ;
#92 = CARTESIAN_POINT ( 'NONE',  ( 54.99999999999997868, 0.000000000000000000, -9.500000000000000000 ) ) ;
#93 = CIRCLE ( 'NONE', #657, 2.024999999999999023 ) ;
#94 = VERTEX_POINT ( 'NONE', #224 ) ;
#95 = DIRECTION ( 'NONE',  ( -0.000000000000000000, -1.000000000000000000, -0.000000000000000000 ) ) ;
#96 = CARTESIAN_POINT ( 'NONE',  ( 109.9999999999997300, 0.000000000000000000, -6.500000000000199840 ) ) ;
#97 = DIRECTION ( 'NONE',  ( 0.000000000000000000, 0.000000000000000000, -1.000000000000000000 ) ) ;
#98 = CARTESIAN_POINT ( 'NONE',  ( 40.00000000000000000, 3.000000000000000000, -12.00000000000000000 ) ) ;
#99 = EDGE_CURVE ( 'NONE', #1055, #579, #1045, .T. ) ;
#100 = ORIENTED_EDGE ( 'NONE', *, *, #296, .T. ) ;
#101 = FACE_BOUND ( 'NONE', #769, .T. ) ;
#102 = LINE ( 'NONE', #883, #1363 ) ;
#103 = ORIENTED_EDGE ( 'NONE', *, *, #1208, .F. ) ;
#104 = DIRECTION ( 'NONE',  ( 0.000000000000000000, 0.000000000000000000, -1.000000000000000000 ) ) ;
#105 = CARTESIAN_POINT ( 'NONE',  ( 199.9999999999999716, 6.000000000000000000, 0.000000000000000000 ) ) ;
#106 = ORIENTED_EDGE ( 'NONE', *, *, #804, .F. ) ;
#107 = DIRECTION ( 'NONE',  ( 0.000000000000000000, 0.000000000000000000, -1.000000000000000000 ) ) ;
#108 = EDGE_CURVE ( 'NONE', #407, #328, #305, .T. ) ;
#109 = DIRECTION ( 'NONE',  ( 0.000000000000000000, 0.000000000000000000, -1.000000000000000000 ) ) ;
#110 = AXIS2_PLACEMENT_3D ( 'NONE', #279, #34, #464 ) ;
#111 = AXIS2_PLACEMENT_3D ( 'NONE', #118, #353, #1337 ) ;
#112 = LINE ( 'NONE', #1445, #835 ) ;
#113 = CARTESIAN_POINT ( 'NONE',  ( 164.9999999999999716, 4.200000000000000178, -9.499999999999994671 ) ) ;
#114 = AXIS2_PLACEMENT_3D ( 'NONE', #824, #923, #1476 ) ;
#115 = VERTEX_POINT ( 'NONE', #1126 ) ;
#116 = CARTESIAN_POINT ( 'NONE',  ( 144.9999999999997442, 0.3750000000000020539, -8.150000000000254374 ) ) ;
#117 = AXIS2_PLACEMENT_3D ( 'NONE', #994, #1352, #1107 ) ;
#118 = CARTESIAN_POINT ( 'NONE',  ( 179.9999999999997442, 0.000000000000000000, -6.500000000000339284 ) ) ;
#119 = ADVANCED_FACE ( 'NONE', ( #89 ), #542, .F. ) ;
#120 = DIRECTION ( 'NONE',  ( -0.000000000000000000, -1.000000000000000000, -0.000000000000000000 ) ) ;
#121 = APPROVAL_ROLE ( '' ) ;
#122 = VERTEX_POINT ( 'NONE', #642 ) ;
#123 = DIRECTION ( 'NONE',  ( -0.000000000000000000, -1.000000000000000000, -0.000000000000000000 ) ) ;
#124 = LINE ( 'NONE', #796, #582 ) ;
#125 = EDGE_CURVE ( 'NONE', #664, #1195, #699, .T. ) ;
#126 = FACE_BOUND ( 'NONE', #381, .T. ) ;
#127 = COORDINATED_UNIVERSAL_TIME_OFFSET ( 8, 0, .AHEAD. ) ;
#128 = VERTEX_POINT ( 'NONE', #649 ) ;
#129 = CYLINDRICAL_SURFACE ( 'NONE', #280, 1.249999999999997558 ) ;
#130 = DIRECTION ( 'NONE',  ( 0.000000000000000000, -0.7071067811865361374, -0.7071067811865588970 ) ) ;
#131 = CIRCLE ( 'NONE', #1336, 1.649999999999998579 ) ;
#132 = VERTEX_POINT ( 'NONE', #982 ) ;
#133 = AXIS2_PLACEMENT_3D ( 'NONE', #311, #1099, #621 ) ;
#134 = ORIENTED_EDGE ( 'NONE', *, *, #342, .T. ) ;
#135 = DIRECTION ( 'NONE',  ( 0.000000000000000000, 0.000000000000000000, -1.000000000000000000 ) ) ;
#136 = CARTESIAN_POINT ( 'NONE',  ( 54.99999999999997868, 4.200000000000000178, -2.500000000000000000 ) ) ;
#137 = VECTOR ( 'NONE', #705, 1000.000000000000000 ) ;
#138 = EDGE_LOOP ( 'NONE', ( #294, #648 ) ) ;
#139 = LINE ( 'NONE', #1278, #137 ) ;
#140 = ADVANCED_FACE ( 'NONE', ( #329 ), #429, .F. ) ;
#141 = DIRECTION ( 'NONE',  ( 0.000000000000000000, 0.000000000000000000, -1.000000000000000000 ) ) ;
#142 = COORDINATED_UNIVERSAL_TIME_OFFSET ( 8, 0, .AHEAD. ) ;
#143 = ORIENTED_EDGE ( 'NONE', *, *, #1052, .T. ) ;
#144 = ORIENTED_EDGE ( 'NONE', *, *, #863, .F. ) ;
#145 = DIRECTION ( 'NONE',  ( -0.000000000000000000, -1.000000000000000000, -0.000000000000000000 ) ) ;
#146 = CARTESIAN_POINT ( 'NONE',  ( 25.99999999999974420, 3.000000000000000000, -8.150000000000032330 ) ) ;
#147 = EDGE_CURVE ( 'NONE', #122, #616, #1004, .T. ) ;
#148 = DIRECTION ( 'NONE',  ( -0.000000000000000000, -1.000000000000000000, -0.000000000000000000 ) ) ;
#149 = ADVANCED_FACE ( 'NONE', ( #217 ), #665, .F. ) ;
#150 = ORIENTED_EDGE ( 'NONE', *, *, #719, .T. ) ;
#151 = AXIS2_PLACEMENT_3D ( 'NONE', #879, #1227, #97 ) ;
#152 = VERTEX_POINT ( 'NONE', #1247 ) ;
#153 = DIRECTION ( 'NONE',  ( 0.000000000000000000, -1.000000000000000000, 0.000000000000000000 ) ) ;
#154 = ORIENTED_EDGE ( 'NONE', *, *, #945, .T. ) ;
#155 = LINE ( 'NONE', #606, #1053 ) ;
#156 = CIRCLE ( 'NONE', #88, 1.649999999999998579 ) ;
#157 = CARTESIAN_POINT ( 'NONE',  ( 164.9999999999999716, 8.400000000000000355, -3.749999999999990674 ) ) ;
#158 = AXIS2_PLACEMENT_3D ( 'NONE', #377, #358, #709 ) ;
#159 = EDGE_CURVE ( 'NONE', #609, #173, #325, .T. ) ;
#160 = ORIENTED_EDGE ( 'NONE', *, *, #610, .T. ) ;
#161 = DIRECTION ( 'NONE',  ( 0.000000000000000000, 0.000000000000000000, -1.000000000000000000 ) ) ;
#162 = EDGE_LOOP ( 'NONE', ( #1008, #332, #851, #708 ) ) ;
#163 = CARTESIAN_POINT ( 'NONE',  ( 179.9999999999997442, 0.000000000000000000, -6.500000000000339284 ) ) ;
#164 = DIRECTION ( 'NONE',  ( 0.000000000000000000, 0.000000000000000000, -1.000000000000000000 ) ) ;
#165 = APPROVAL_ROLE ( '' ) ;
#166 = CC_DESIGN_DATE_AND_TIME_ASSIGNMENT ( #1258, #934, ( #277 ) ) ;
#167 = ORIENTED_EDGE ( 'NONE', *, *, #1359, .T. ) ;
#168 = DIRECTION ( 'NONE',  ( 0.000000000000000000, 0.000000000000000000, -1.000000000000000000 ) ) ;
#169 = VERTEX_POINT ( 'NONE', #1257 ) ;
#170 = CARTESIAN_POINT ( 'NONE',  ( 34.00000000000009948, -42.00000000000000000, -9.500000000000076383 ) ) ;
#171 = DIRECTION ( 'NONE',  ( -0.000000000000000000, 1.000000000000000000, -0.000000000000000000 ) ) ;
#172 = CALENDAR_DATE ( 2025, 8, 12 ) ;
#173 = VERTEX_POINT ( 'NONE', #727 ) ;
#174 = DIRECTION ( 'NONE',  ( -0.000000000000000000, -1.000000000000000000, -0.000000000000000000 ) ) ;
#175 = PRODUCT ( '\X2\94fe63a58f74\X0\2', '\X2\94fe63a58f74\X0\2', '', ( #472 ) ) ;
#176 = EDGE_CURVE ( 'NONE', #1237, #132, #1197, .T. ) ;
#177 = CIRCLE ( 'NONE', #366, 1.249999999999999112 ) ;
#178 = ORIENTED_EDGE ( 'NONE', *, *, #1262, .T. ) ;
#179 = CARTESIAN_POINT ( 'NONE',  ( 199.9999999999999716, 6.000000000000000000, 0.000000000000000000 ) ) ;
#180 = CARTESIAN_POINT ( 'NONE',  ( 74.99999999999970157, 0.000000000000000000, -6.500000000000144773 ) ) ;
#181 = VECTOR ( 'NONE', #1153, 1000.000000000000000 ) ;
#182 = CIRCLE ( 'NONE', #231, 1.649999999999998579 ) ;
#183 = CIRCLE ( 'NONE', #1256, 1.649999999999984812 ) ;
#184 = ORIENTED_EDGE ( 'NONE', *, *, #1377, .T. ) ;
#185 = VERTEX_POINT ( 'NONE', #830 ) ;
#186 = DIRECTION ( 'NONE',  ( -0.000000000000000000, -1.000000000000000000, -0.000000000000000000 ) ) ;
#187 = EDGE_LOOP ( 'NONE', ( #962, #1059 ) ) ;
#188 = DIRECTION ( 'NONE',  ( -0.000000000000000000, 1.000000000000000000, -0.000000000000000000 ) ) ;
#189 = ADVANCED_FACE ( 'NONE', ( #348 ), #1016, .F. ) ;
#190 = DIRECTION ( 'NONE',  ( 0.000000000000000000, 0.000000000000000000, -1.000000000000000000 ) ) ;
#191 = EDGE_LOOP ( 'NONE', ( #1206, #1138 ) ) ;
#192 = CARTESIAN_POINT ( 'NONE',  ( 74.99999999999970157, 0.000000000000000000, -6.500000000000144773 ) ) ;
#193 = CYLINDRICAL_SURFACE ( 'NONE', #212, 1.649999999999984812 ) ;
#194 = ORIENTED_EDGE ( 'NONE', *, *, #460, .F. ) ;
#195 = DIRECTION ( 'NONE',  ( 0.000000000000000000, -1.000000000000000000, 0.000000000000000000 ) ) ;
#196 = EDGE_CURVE ( 'NONE', #1086, #589, #1174, .T. ) ;
#197 = DIRECTION ( 'NONE',  ( 0.000000000000000000, 1.000000000000000000, 0.000000000000000000 ) ) ;
#198 = EDGE_CURVE ( 'NONE', #428, #152, #5, .T. ) ;
#199 = ORIENTED_EDGE ( 'NONE', *, *, #1468, .T. ) ;
#200 = DIRECTION ( 'NONE',  ( 0.000000000000000000, 0.000000000000000000, -1.000000000000000000 ) ) ;
#201 = FACE_BOUND ( 'NONE', #1072, .T. ) ;
#202 = ORIENTED_EDGE ( 'NONE', *, *, #530, .T. ) ;
#203 = DIRECTION ( 'NONE',  ( 0.000000000000000000, 0.000000000000000000, -1.000000000000000000 ) ) ;
#204 = VECTOR ( 'NONE', #148, 1000.000000000000000 ) ;
#205 = CARTESIAN_POINT ( 'NONE',  ( 164.9999999999999716, 4.200000000000000178, -8.250000000000008882 ) ) ;
#206 = EDGE_LOOP ( 'NONE', ( #668, #1286, #691, #389 ) ) ;
#207 = EDGE_CURVE ( 'NONE', #173, #609, #888, .T. ) ;
#208 = VECTOR ( 'NONE', #836, 1000.000000000000114 ) ;
#209 = CARTESIAN_POINT ( 'NONE',  ( 54.99999999999997868, 8.400000000000000355, -6.000000000000000000 ) ) ;
#210 = AXIS2_PLACEMENT_3D ( 'NONE', #1009, #1328, #669 ) ;
#211 = DIRECTION ( 'NONE',  ( 0.000000000000000000, -0.7071067811865491270, -0.7071067811865459074 ) ) ;
#212 = AXIS2_PLACEMENT_3D ( 'NONE', #974, #1319, #398 ) ;
#213 = ORIENTED_EDGE ( 'NONE', *, *, #501, .F. ) ;
#214 = PLANE ( 'NONE',  #750 ) ;
#215 = FACE_OUTER_BOUND ( 'NONE', #602, .T. ) ;
#216 = ORIENTED_EDGE ( 'NONE', *, *, #689, .F. ) ;
#217 = FACE_OUTER_BOUND ( 'NONE', #162, .T. ) ;
#218 = APPROVAL ( #950, 'æœª' ) ;
#219 = CARTESIAN_POINT ( 'NONE',  ( 40.00000000000000000, 3.000000000000000000, 0.000000000000000000 ) ) ;
#220 = ORIENTED_EDGE ( 'NONE', *, *, #1391, .F. ) ;
#221 = CARTESIAN_POINT ( 'NONE',  ( 109.9999999999997300, 6.000000000000000000, -6.500000000000199840 ) ) ;
#222 = DIRECTION ( 'NONE',  ( -0.000000000000000000, -1.000000000000000000, -0.000000000000000000 ) ) ;
#223 = ORIENTED_EDGE ( 'NONE', *, *, #1224, .F. ) ;
#224 = CARTESIAN_POINT ( 'NONE',  ( 164.9999999999999716, 0.000000000000000000, -2.500000000000006661 ) ) ;
#225 = CARTESIAN_POINT ( 'NONE',  ( 14.00000000000011013, 6.000000000000000000, -2.500000000000035971 ) ) ;
#226 = ORIENTED_EDGE ( 'NONE', *, *, #1102, .F. ) ;
#227 = CARTESIAN_POINT ( 'NONE',  ( 14.00000000000009592, 3.000000000000002665, -9.500000000000039080 ) ) ;
#228 = EDGE_CURVE ( 'NONE', #652, #506, #1285, .T. ) ;
#229 = CARTESIAN_POINT ( 'NONE',  ( 199.9999999999999716, 0.000000000000000000, 0.000000000000000000 ) ) ;
#230 = CIRCLE ( 'NONE', #792, 2.024999999999999023 ) ;
#231 = AXIS2_PLACEMENT_3D ( 'NONE', #1006, #901, #643 ) ;
#232 = LINE ( 'NONE', #157, #27 ) ;
#233 = PERSON_AND_ORGANIZATION_ROLE ( 'creator' ) ;
#234 = VECTOR ( 'NONE', #406, 1000.000000000000000 ) ;
#235 = AXIS2_PLACEMENT_3D ( 'NONE', #75, #309, #845 ) ;
#236 = CC_DESIGN_APPROVAL ( #953, ( #819 ) ) ;
#237 = ORIENTED_EDGE ( 'NONE', *, *, #376, .F. ) ;
#238 = FACE_BOUND ( 'NONE', #747, .T. ) ;
#239 = AXIS2_PLACEMENT_3D ( 'NONE', #291, #739, #1130 ) ;
#240 = DIRECTION ( 'NONE',  ( 0.000000000000000000, 0.000000000000000000, -1.000000000000000000 ) ) ;
#241 = EDGE_CURVE ( 'NONE', #1178, #871, #1166, .T. ) ;
#242 = FACE_BOUND ( 'NONE', #191, .T. ) ;
#243 = APPROVAL_STATUS ( 'not_yet_approved' ) ;
#244 = EDGE_LOOP ( 'NONE', ( #1300, #980, #1188, #295 ) ) ;
#245 = CARTESIAN_POINT ( 'NONE',  ( 109.9999999999997300, 0.000000000000000000, -8.525000000000199307 ) ) ;
#246 = DIRECTION ( 'NONE',  ( -0.000000000000000000, -1.000000000000000000, -0.000000000000000000 ) ) ;
#247 = PERSON_AND_ORGANIZATION_ROLE ( 'design_owner' ) ;
#248 = ORIENTED_EDGE ( 'NONE', *, *, #1299, .F. ) ;
#249 = FACE_OUTER_BOUND ( 'NONE', #1150, .T. ) ;
#250 = CARTESIAN_POINT ( 'NONE',  ( 144.9999999999997442, 6.000000000000000000, -8.150000000000254374 ) ) ;
#251 = VECTOR ( 'NONE', #900, 1000.000000000000000 ) ;
#252 = EDGE_CURVE ( 'NONE', #609, #1201, #232, .T. ) ;
#253 = ORIENTED_EDGE ( 'NONE', *, *, #1426, .F. ) ;
#254 = CARTESIAN_POINT ( 'NONE',  ( 109.9999999999997300, 0.000000000000000000, -8.150000000000199307 ) ) ;
#255 = CIRCLE ( 'NONE', #347, 2.024999999999999023 ) ;
#256 = CARTESIAN_POINT ( 'NONE',  ( 179.9999999999997442, 0.000000000000000000, -4.475000000000339817 ) ) ;
#257 = CIRCLE ( 'NONE', #445, 3.499999999999999556 ) ;
#258 = APPROVAL_ROLE ( '' ) ;
#259 = EDGE_CURVE ( 'NONE', #865, #407, #690, .T. ) ;
#260 = ORIENTED_EDGE ( 'NONE', *, *, #1449, .F. ) ;
#261 = CARTESIAN_POINT ( 'NONE',  ( 179.9999999999997442, 0.000000000000000000, -6.500000000000339284 ) ) ;
#262 = EDGE_CURVE ( 'NONE', #1195, #59, #451, .T. ) ;
#263 = FACE_OUTER_BOUND ( 'NONE', #998, .T. ) ;
#264 = DIRECTION ( 'NONE',  ( 0.000000000000000000, 0.000000000000000000, -1.000000000000000000 ) ) ;
#265 = ORIENTED_EDGE ( 'NONE', *, *, #578, .F. ) ;
#266 = CARTESIAN_POINT ( 'NONE',  ( 164.9999999999999716, 4.200000000000000178, -6.000000000000000000 ) ) ;
#267 = CARTESIAN_POINT ( 'NONE',  ( 74.99999999999970157, 0.000000000000000000, -4.850000000000146194 ) ) ;
#268 = EDGE_CURVE ( 'NONE', #421, #644, #608, .T. ) ;
#269 = CARTESIAN_POINT ( 'NONE',  ( 40.00000000000000000, 0.000000000000000000, 0.000000000000000000 ) ) ;
#270 = EDGE_LOOP ( 'NONE', ( #405, #1250 ) ) ;
#271 = AXIS2_PLACEMENT_3D ( 'NONE', #1022, #1470, #712 ) ;
#272 = ORIENTED_EDGE ( 'NONE', *, *, #766, .F. ) ;
#273 = FACE_OUTER_BOUND ( 'NONE', #1101, .T. ) ;
#274 = VECTOR ( 'NONE', #577, 1000.000000000000000 ) ;
#275 = ORIENTED_EDGE ( 'NONE', *, *, #383, .T. ) ;
#276 = FACE_OUTER_BOUND ( 'NONE', #28, .T. ) ;
#277 = PRODUCT_DEFINITION ( 'æœ', '', #819, #1400 ) ;
#278 = VECTOR ( 'NONE', #556, 1000.000000000000000 ) ;
#279 = CARTESIAN_POINT ( 'NONE',  ( 14.00000000000011013, -42.00000000000000000, -2.500000000000035971 ) ) ;
#280 = AXIS2_PLACEMENT_3D ( 'NONE', #16, #474, #925 ) ;
#281 = VERTEX_POINT ( 'NONE', #497 ) ;
#282 = CARTESIAN_POINT ( 'NONE',  ( 0.000000000000000000, 0.000000000000000000, -12.00000000000000000 ) ) ;
#283 = ORIENTED_EDGE ( 'NONE', *, *, #610, .F. ) ;
#284 = CARTESIAN_POINT ( 'NONE',  ( 164.9999999999999716, 4.200000000000000178, -6.000000000000000000 ) ) ;
#285 = FACE_BOUND ( 'NONE', #368, .T. ) ;
#286 = CALENDAR_DATE ( 2025, 8, 12 ) ;
#287 = EDGE_CURVE ( 'NONE', #644, #624, #1271, .T. ) ;
#288 = ORIENTED_EDGE ( 'NONE', *, *, #1093, .T. ) ;
#289 = CARTESIAN_POINT ( 'NONE',  ( 164.9999999999999716, 0.000000000000000000, -6.000000000000000000 ) ) ;
#290 = EDGE_LOOP ( 'NONE', ( #283, #237, #844, #459 ) ) ;
#291 = CARTESIAN_POINT ( 'NONE',  ( 0.000000000000000000, 6.000000000000000000, -12.00000000000000000 ) ) ;
#292 = CARTESIAN_POINT ( 'NONE',  ( 14.00000000000011013, 3.000000000000002665, -2.500000000000035971 ) ) ;
#293 = PERSON_AND_ORGANIZATION ( #402, #630 ) ;
#294 = ORIENTED_EDGE ( 'NONE', *, *, #908, .F. ) ;
#295 = ORIENTED_EDGE ( 'NONE', *, *, #631, .F. ) ;
#296 = EDGE_CURVE ( 'NONE', #46, #1178, #365, .T. ) ;
#297 = CARTESIAN_POINT ( 'NONE',  ( 109.9999999999997300, 0.000000000000000000, -6.500000000000199840 ) ) ;
#298 = AXIS2_PLACEMENT_3D ( 'NONE', #663, #1456, #1117 ) ;
#299 = ORIENTED_EDGE ( 'NONE', *, *, #457, .F. ) ;
#300 = PLANE ( 'NONE',  #1437 ) ;
#301 = FACE_BOUND ( 'NONE', #1296, .T. ) ;
#302 = AXIS2_PLACEMENT_3D ( 'NONE', #1073, #68, #1189 ) ;
#303 = VECTOR ( 'NONE', #676, 1000.000000000000000 ) ;
#304 = EDGE_LOOP ( 'NONE', ( #807, #1447, #467, #920 ) ) ;
#305 = LINE ( 'NONE', #1460, #323 ) ;
#306 = DIRECTION ( 'NONE',  ( 0.000000000000000000, -1.000000000000000000, 0.000000000000000000 ) ) ;
#307 = EDGE_CURVE ( 'NONE', #732, #1029, #1007, .T. ) ;
#308 = ORIENTED_EDGE ( 'NONE', *, *, #1193, .F. ) ;
#309 = DIRECTION ( 'NONE',  ( 0.000000000000000000, 1.000000000000000000, 0.000000000000000000 ) ) ;
#310 = EDGE_CURVE ( 'NONE', #1276, #856, #1136, .T. ) ;
#311 = CARTESIAN_POINT ( 'NONE',  ( 14.00000000000009592, 6.000000000000000000, -9.500000000000039080 ) ) ;
#312 = ORIENTED_EDGE ( 'NONE', *, *, #196, .T. ) ;
#313 = FACE_OUTER_BOUND ( 'NONE', #1270, .T. ) ;
#314 = DIRECTION ( 'NONE',  ( 0.000000000000000000, 0.000000000000000000, 1.000000000000000000 ) ) ;
#315 = EDGE_LOOP ( 'NONE', ( #1135, #312, #1358, #404 ) ) ;
#316 = DIRECTION ( 'NONE',  ( 0.000000000000000000, 0.000000000000000000, -1.000000000000000000 ) ) ;
#317 = CARTESIAN_POINT ( 'NONE',  ( 34.00000000000009948, 6.000000000000000000, -10.75000000000007461 ) ) ;
#318 = ADVANCED_FACE ( 'NONE', ( #799, #242, #126, #576, #1372, #805, #1092, #285, #301, #1215, #401, #751 ), #848, .F. ) ;
#319 = ORIENTED_EDGE ( 'NONE', *, *, #403, .F. ) ;
#320 = DIRECTION ( 'NONE',  ( 0.000000000000000000, 0.000000000000000000, -1.000000000000000000 ) ) ;
#321 = DIRECTION ( 'NONE',  ( -0.000000000000000000, -1.000000000000000000, -0.000000000000000000 ) ) ;
#322 = VERTEX_POINT ( 'NONE', #1085 ) ;
#323 = VECTOR ( 'NONE', #436, 1000.000000000000114 ) ;
#324 = CARTESIAN_POINT ( 'NONE',  ( 144.9999999999997442, 6.000000000000000000, -6.500000000000269118 ) ) ;
#325 = CIRCLE ( 'NONE', #388, 2.250000000000008882 ) ;
#326 = CARTESIAN_POINT ( 'NONE',  ( 25.99999999999974420, 6.000000000000000000, -6.500000000000033751 ) ) ;
#327 = CC_DESIGN_PERSON_AND_ORGANIZATION_ASSIGNMENT ( #806, #1263, ( #819 ) ) ;
#328 = VERTEX_POINT ( 'NONE', #1190 ) ;
#329 = FACE_OUTER_BOUND ( 'NONE', #74, .T. ) ;
#330 = VECTOR ( 'NONE', #400, 1000.000000000000000 ) ;
#331 = DIRECTION ( 'NONE',  ( 0.000000000000000000, 1.000000000000000000, 0.000000000000000000 ) ) ;
#332 = ORIENTED_EDGE ( 'NONE', *, *, #360, .F. ) ;
#333 = DIRECTION ( 'NONE',  ( 0.000000000000000000, 0.000000000000000000, -1.000000000000000000 ) ) ;
#334 = DIRECTION ( 'NONE',  ( 0.000000000000000000, -1.000000000000000000, 0.000000000000000000 ) ) ;
#335 = CARTESIAN_POINT ( 'NONE',  ( 39.99999999999998579, 0.000000000000000000, -12.00000000000000000 ) ) ;
#336 = DIRECTION ( 'NONE',  ( -0.000000000000000000, -1.000000000000000000, -0.000000000000000000 ) ) ;
#337 = ORIENTED_EDGE ( 'NONE', *, *, #442, .T. ) ;
#338 = CARTESIAN_POINT ( 'NONE',  ( 54.99999999999997868, 6.000000000000000000, -6.000000000000000000 ) ) ;
#339 = LINE ( 'NONE', #1131, #651 ) ;
#340 = DIRECTION ( 'NONE',  ( 0.000000000000000000, 1.000000000000000000, 0.000000000000000000 ) ) ;
#341 = FACE_OUTER_BOUND ( 'NONE', #1392, .T. ) ;
#342 = EDGE_CURVE ( 'NONE', #1234, #1398, #61, .T. ) ;
#343 = VERTEX_POINT ( 'NONE', #1330 ) ;
#344 = FACE_OUTER_BOUND ( 'NONE', #1046, .T. ) ;
#345 = DIRECTION ( 'NONE',  ( 0.000000000000000000, -1.000000000000000000, 0.000000000000000000 ) ) ;
#346 = AXIS2_PLACEMENT_3D ( 'NONE', #1074, #1442, #1209 ) ;
#347 = AXIS2_PLACEMENT_3D ( 'NONE', #779, #1327, #790 ) ;
#348 = FACE_OUTER_BOUND ( 'NONE', #854, .T. ) ;
#349 = APPLICATION_PROTOCOL_DEFINITION ( 'international standard', 'config_control_design', 1994, #18 ) ;
#350 = VECTOR ( 'NONE', #222, 1000.000000000000000 ) ;
#351 = ORIENTED_EDGE ( 'NONE', *, *, #396, .T. ) ;
#352 = CARTESIAN_POINT ( 'NONE',  ( 179.9999999999997442, 6.000000000000000000, -4.850000000000354028 ) ) ;
#353 = DIRECTION ( 'NONE',  ( -0.000000000000000000, -1.000000000000000000, -0.000000000000000000 ) ) ;
#354 = EDGE_CURVE ( 'NONE', #46, #1040, #76, .T. ) ;
#355 = DIRECTION ( 'NONE',  ( 0.000000000000000000, 0.000000000000000000, -1.000000000000000000 ) ) ;
#356 = PERSON_AND_ORGANIZATION_ROLE ( 'creator' ) ;
#357 = VERTEX_POINT ( 'NONE', #964 ) ;
#358 = DIRECTION ( 'NONE',  ( 0.000000000000000000, 1.000000000000000000, 0.000000000000000000 ) ) ;
#359 = LINE ( 'NONE', #31, #818 ) ;
#360 = EDGE_CURVE ( 'NONE', #652, #1307, #1125, .T. ) ;
#361 =( NAMED_UNIT ( * ) SI_UNIT ( $, .STERADIAN. ) SOLID_ANGLE_UNIT ( ) );
#362 = ORIENTED_EDGE ( 'NONE', *, *, #287, .T. ) ;
#363 = FACE_OUTER_BOUND ( 'NONE', #661, .T. ) ;
#364 = DIRECTION ( 'NONE',  ( -0.000000000000000000, -1.000000000000000000, -0.000000000000000000 ) ) ;
#365 = CIRCLE ( 'NONE', #815, 1.249999999999999334 ) ;
#366 = AXIS2_PLACEMENT_3D ( 'NONE', #1223, #1324, #633 ) ;
#367 = EDGE_CURVE ( 'NONE', #169, #506, #177, .T. ) ;
#368 = EDGE_LOOP ( 'NONE', ( #220, #1087 ) ) ;
#369 = DIRECTION ( 'NONE',  ( -1.000000000000000000, 0.000000000000000000, -0.000000000000000000 ) ) ;
#370 = AXIS2_PLACEMENT_3D ( 'NONE', #408, #757, #509 ) ;
#371 = APPROVAL_PERSON_ORGANIZATION ( #1390, #953, #121 ) ;
#372 = CYLINDRICAL_SURFACE ( 'NONE', #87, 1.649999999999998579 ) ;
#373 = CIRCLE ( 'NONE', #1179, 3.499999999999994227 ) ;
#374 = PERSON_AND_ORGANIZATION ( #402, #630 ) ;
#375 = EDGE_LOOP ( 'NONE', ( #167, #1469 ) ) ;
#376 = EDGE_CURVE ( 'NONE', #968, #59, #1048, .T. ) ;
#377 = CARTESIAN_POINT ( 'NONE',  ( 34.00000000000009948, 3.000000000000002665, -9.500000000000076383 ) ) ;
#378 = CARTESIAN_POINT ( 'NONE',  ( 179.9999999999997442, 0.3750000000000020539, -6.500000000000339284 ) ) ;
#379 = DIRECTION ( 'NONE',  ( 0.000000000000000000, 0.000000000000000000, 1.000000000000000000 ) ) ;
#380 = EDGE_LOOP ( 'NONE', ( #861, #1112 ) ) ;
#381 = EDGE_LOOP ( 'NONE', ( #754, #1429 ) ) ;
#382 = DIRECTION ( 'NONE',  ( -0.000000000000000000, -1.000000000000000000, -0.000000000000000000 ) ) ;
#383 = EDGE_CURVE ( 'NONE', #1040, #871, #978, .T. ) ;
#384 = EDGE_LOOP ( 'NONE', ( #730, #840, #1077, #1294 ) ) ;
#385 = CARTESIAN_POINT ( 'NONE',  ( 34.00000000000009948, 6.000000000000000000, -9.500000000000076383 ) ) ;
#386 = DIRECTION ( 'NONE',  ( 0.000000000000000000, 0.000000000000000000, 1.000000000000000000 ) ) ;
#387 = ORIENTED_EDGE ( 'NONE', *, *, #1132, .F. ) ;
#388 = AXIS2_PLACEMENT_3D ( 'NONE', #44, #572, #164 ) ;
#389 = ORIENTED_EDGE ( 'NONE', *, *, #717, .T. ) ;
#390 = CARTESIAN_POINT ( 'NONE',  ( 74.99999999999970157, 6.000000000000000000, -8.150000000000142464 ) ) ;
#391 = EDGE_LOOP ( 'NONE', ( #1302, #351, #523, #524 ) ) ;
#392 = CYLINDRICAL_SURFACE ( 'NONE', #302, 3.499999999999994227 ) ;
#393 = AXIS2_PLACEMENT_3D ( 'NONE', #289, #306, #413 ) ;
#394 = CIRCLE ( 'NONE', #466, 1.249999999999999334 ) ;
#395 = FACE_OUTER_BOUND ( 'NONE', #38, .T. ) ;
#396 = EDGE_CURVE ( 'NONE', #1405, #397, #537, .T. ) ;
#397 = VERTEX_POINT ( 'NONE', #317 ) ;
#398 = DIRECTION ( 'NONE',  ( 0.000000000000000000, 0.000000000000000000, -1.000000000000000000 ) ) ;
#399 = ORIENTED_EDGE ( 'NONE', *, *, #268, .T. ) ;
#400 = DIRECTION ( 'NONE',  ( -1.000000000000000000, -0.000000000000000000, -0.000000000000000000 ) ) ;
#401 = FACE_BOUND ( 'NONE', #380, .T. ) ;
#402 = PERSON ( 'æœª', 'æœª', 'æœª', ('æœª'), ('æœª'), ('æœª') ) ;
#403 = EDGE_CURVE ( 'NONE', #132, #1237, #1431, .T. ) ;
#404 = ORIENTED_EDGE ( 'NONE', *, *, #1468, .F. ) ;
#405 = ORIENTED_EDGE ( 'NONE', *, *, #1149, .F. ) ;
#406 = DIRECTION ( 'NONE',  ( 1.000000000000000000, 0.000000000000000000, 0.000000000000000000 ) ) ;
#407 = VERTEX_POINT ( 'NONE', #970 ) ;
#408 = CARTESIAN_POINT ( 'NONE',  ( 164.9999999999999716, 0.000000000000000000, -6.000000000000000000 ) ) ;
#409 = DIRECTION ( 'NONE',  ( -0.000000000000000000, -1.000000000000000000, -0.000000000000000000 ) ) ;
#410 = EDGE_CURVE ( 'NONE', #579, #1089, #977, .T. ) ;
#411 = ORIENTED_EDGE ( 'NONE', *, *, #1449, .T. ) ;
#412 = DIRECTION ( 'NONE',  ( 0.000000000000000000, 0.000000000000000000, -1.000000000000000000 ) ) ;
#413 = DIRECTION ( 'NONE',  ( 0.000000000000000000, 0.000000000000000000, -1.000000000000000000 ) ) ;
#414 = ADVANCED_FACE ( 'NONE', ( #528 ), #1067, .F. ) ;
#415 = AXIS2_PLACEMENT_3D ( 'NONE', #734, #639, #759 ) ;
#416 = VERTEX_POINT ( 'NONE', #1304 ) ;
#417 = VECTOR ( 'NONE', #896, 1000.000000000000000 ) ;
#418 = DIRECTION ( 'NONE',  ( 0.000000000000000000, 0.000000000000000000, -1.000000000000000000 ) ) ;
#419 = CARTESIAN_POINT ( 'NONE',  ( 40.00000000000000000, 0.000000000000000000, 0.000000000000000000 ) ) ;
#420 = CIRCLE ( 'NONE', #800, 1.649999999999998579 ) ;
#421 = VERTEX_POINT ( 'NONE', #52 ) ;
#422 = ORIENTED_EDGE ( 'NONE', *, *, #47, .T. ) ;
#423 = FACE_BOUND ( 'NONE', #886, .T. ) ;
#424 = ADVANCED_FACE ( 'NONE', ( #504 ), #1432, .F. ) ;
#425 = EDGE_LOOP ( 'NONE', ( #493, #780, #1157, #387 ) ) ;
#426 = FACE_BOUND ( 'NONE', #1115, .T. ) ;
#427 = DIRECTION ( 'NONE',  ( 0.000000000000000000, -1.000000000000000000, 0.000000000000000000 ) ) ;
#428 = VERTEX_POINT ( 'NONE', #1411 ) ;
#429 = CYLINDRICAL_SURFACE ( 'NONE', #151, 1.649999999999984812 ) ;
#430 = CARTESIAN_POINT ( 'NONE',  ( 109.9999999999997300, 0.3750000000000020539, -6.500000000000199840 ) ) ;
#431 = ORIENTED_EDGE ( 'NONE', *, *, #1426, .T. ) ;
#432 = CARTESIAN_POINT ( 'NONE',  ( 199.9999999999999716, 6.000000000000000000, 0.000000000000000000 ) ) ;
#433 = ADVANCED_FACE ( 'NONE', ( #395 ), #1298, .F. ) ;
#434 = LINE ( 'NONE', #455, #1171 ) ;
#435 = ORIENTED_EDGE ( 'NONE', *, *, #1338, .T. ) ;
#436 = DIRECTION ( 'NONE',  ( 8.659560562354911904E-17, -0.7071067811865491270, 0.7071067811865459074 ) ) ;
#437 = CARTESIAN_POINT ( 'NONE',  ( 34.00000000000011369, -42.00000000000000000, -1.250000000000075273 ) ) ;
#438 = EDGE_LOOP ( 'NONE', ( #1340, #613, #966, #422 ) ) ;
#439 = FACE_OUTER_BOUND ( 'NONE', #791, .T. ) ;
#440 = AXIS2_PLACEMENT_3D ( 'NONE', #990, #1095, #200 ) ;
#441 = DIRECTION ( 'NONE',  ( -1.000000000000000000, -0.000000000000000000, -0.000000000000000000 ) ) ;
#442 = EDGE_CURVE ( 'NONE', #1192, #152, #230, .T. ) ;
#443 = CIRCLE ( 'NONE', #10, 1.249999999999997558 ) ;
#444 = ORIENTED_EDGE ( 'NONE', *, *, #1252, .T. ) ;
#445 = AXIS2_PLACEMENT_3D ( 'NONE', #1152, #153, #1367 ) ;
#446 = CARTESIAN_POINT ( 'NONE',  ( 0.000000000000000000, 3.000000000000000000, -12.00000000000000000 ) ) ;
#447 = ORIENTED_EDGE ( 'NONE', *, *, #804, .T. ) ;
#448 = CARTESIAN_POINT ( 'NONE',  ( 144.9999999999997442, 0.000000000000000000, -8.525000000000268585 ) ) ;
#449 = CARTESIAN_POINT ( 'NONE',  ( 54.99999999999997868, 4.200000000000000178, -6.000000000000000000 ) ) ;
#450 = EDGE_CURVE ( 'NONE', #115, #801, #124, .T. ) ;
#451 = LINE ( 'NONE', #1396, #251 ) ;
#452 = FACE_BOUND ( 'NONE', #889, .T. ) ;
#453 = EDGE_LOOP ( 'NONE', ( #50, #1121, #1419, #1097 ) ) ;
#454 = CYLINDRICAL_SURFACE ( 'NONE', #1370, 1.649999999999998579 ) ;
#455 = CARTESIAN_POINT ( 'NONE',  ( 40.00000000000000000, 3.000000000000000000, -12.00000000000000000 ) ) ;
#456 = CARTESIAN_POINT ( 'NONE',  ( 74.99999999999970157, 0.000000000000000000, -8.150000000000142464 ) ) ;
#457 = EDGE_CURVE ( 'NONE', #1398, #1422, #434, .T. ) ;
#458 = CARTESIAN_POINT ( 'NONE',  ( 34.00000000000011369, -42.00000000000000000, -2.500000000000072831 ) ) ;
#459 = ORIENTED_EDGE ( 'NONE', *, *, #1193, .T. ) ;
#460 = EDGE_CURVE ( 'NONE', #1422, #924, #102, .T. ) ;
#461 = DIRECTION ( 'NONE',  ( -0.000000000000000000, -1.000000000000000000, -0.000000000000000000 ) ) ;
#462 = DIRECTION ( 'NONE',  ( -0.000000000000000000, -0.000000000000000000, -1.000000000000000000 ) ) ;
#463 = AXIS2_PLACEMENT_3D ( 'NONE', #765, #427, #876 ) ;
#464 = DIRECTION ( 'NONE',  ( 0.000000000000000000, 0.000000000000000000, 1.000000000000000000 ) ) ;
#465 = LINE ( 'NONE', #1269, #274 ) ;
#466 = AXIS2_PLACEMENT_3D ( 'NONE', #1163, #596, #692 ) ;
#467 = ORIENTED_EDGE ( 'NONE', *, *, #70, .T. ) ;
#468 = DIRECTION ( 'NONE',  ( 0.000000000000000000, 0.000000000000000000, -1.000000000000000000 ) ) ;
#469 = AXIS2_PLACEMENT_3D ( 'NONE', #1272, #1414, #857 ) ;
#470 = ADVANCED_FACE ( 'NONE', ( #913 ), #1353, .F. ) ;
#471 = DIRECTION ( 'NONE',  ( 0.000000000000000000, 0.000000000000000000, -1.000000000000000000 ) ) ;
#472 = MECHANICAL_CONTEXT ( 'NONE', #18, 'mechanical' ) ;
#473 = EDGE_LOOP ( 'NONE', ( #1420, #1036 ) ) ;
#474 = DIRECTION ( 'NONE',  ( -0.000000000000000000, 1.000000000000000000, -0.000000000000000000 ) ) ;
#475 = CARTESIAN_POINT ( 'NONE',  ( 25.99999999999974420, 3.000000000000000000, -6.500000000000033751 ) ) ;
#476 = CC_DESIGN_DATE_AND_TIME_ASSIGNMENT ( #53, #729, ( #564 ) ) ;
#477 = APPROVAL_DATE_TIME ( #707, #7 ) ;
#478 = ORIENTED_EDGE ( 'NONE', *, *, #442, .F. ) ;
#479 = CARTESIAN_POINT ( 'NONE',  ( 14.00000000000009592, 6.000000000000000000, -10.75000000000003908 ) ) ;
#480 = CARTESIAN_POINT ( 'NONE',  ( 179.9999999999997442, 0.3750000000000020539, -6.500000000000339284 ) ) ;
#481 = AXIS2_PLACEMENT_3D ( 'NONE', #1280, #838, #379 ) ;
#482 = ADVANCED_FACE ( 'NONE', ( #1474 ), #1140, .F. ) ;
#483 = CIRCLE ( 'NONE', #1128, 3.499999999999994227 ) ;
#484 = VERTEX_POINT ( 'NONE', #679 ) ;
#485 = ORIENTED_EDGE ( 'NONE', *, *, #1021, .T. ) ;
#486 = FACE_OUTER_BOUND ( 'NONE', #619, .T. ) ;
#487 = AXIS2_PLACEMENT_3D ( 'NONE', #1261, #1172, #1403 ) ;
#488 = CARTESIAN_POINT ( 'NONE',  ( 25.99999999999974420, 3.000000000000000000, -4.850000000000035172 ) ) ;
#489 = VECTOR ( 'NONE', #822, 1000.000000000000000 ) ;
#490 = DIRECTION ( 'NONE',  ( -0.000000000000000000, 1.000000000000000000, -0.000000000000000000 ) ) ;
#491 = ADVANCED_FACE ( 'NONE', ( #899 ), #839, .F. ) ;
#492 = EDGE_LOOP ( 'NONE', ( #1331, #674, #143, #178 ) ) ;
#493 = ORIENTED_EDGE ( 'NONE', *, *, #159, .F. ) ;
#494 = DIRECTION ( 'NONE',  ( -0.000000000000000000, -1.000000000000000000, -0.000000000000000000 ) ) ;
#495 = ORIENTED_EDGE ( 'NONE', *, *, #307, .T. ) ;
#496 = CARTESIAN_POINT ( 'NONE',  ( 164.9999999999999716, 6.000000000000000000, -3.749999999999990674 ) ) ;
#497 = CARTESIAN_POINT ( 'NONE',  ( 54.99999999999997868, 4.200000000000000178, -8.250000000000001776 ) ) ;
#498 = ORIENTED_EDGE ( 'NONE', *, *, #1093, .F. ) ;
#499 = ORIENTED_EDGE ( 'NONE', *, *, #360, .T. ) ;
#500 = CARTESIAN_POINT ( 'NONE',  ( 164.9999999999999716, 4.200000000000000178, -3.749999999999990674 ) ) ;
#501 = EDGE_CURVE ( 'NONE', #54, #1234, #339, .T. ) ;
#502 = VERTEX_POINT ( 'NONE', #3 ) ;
#503 = DIRECTION ( 'NONE',  ( 0.000000000000000000, 0.000000000000000000, -1.000000000000000000 ) ) ;
#504 = FACE_OUTER_BOUND ( 'NONE', #438, .T. ) ;
#505 = VECTOR ( 'NONE', #490, 1000.000000000000000 ) ;
#506 = VERTEX_POINT ( 'NONE', #1245 ) ;
#507 = CARTESIAN_POINT ( 'NONE',  ( 14.00000000000011013, 3.000000000000002665, -3.750000000000035527 ) ) ;
#508 = ORIENTED_EDGE ( 'NONE', *, *, #945, .F. ) ;
#509 = DIRECTION ( 'NONE',  ( 0.000000000000000000, 0.000000000000000000, -1.000000000000000000 ) ) ;
#510 = EDGE_CURVE ( 'NONE', #1210, #1384, #957, .T. ) ;
#511 = AXIS2_PLACEMENT_3D ( 'NONE', #1273, #706, #1387 ) ;
#512 = CIRCLE ( 'NONE', #393, 3.499999999999994227 ) ;
#513 = CIRCLE ( 'NONE', #987, 2.250000000000001776 ) ;
#514 = CARTESIAN_POINT ( 'NONE',  ( 14.00000000000009592, -42.00000000000000000, -10.75000000000003908 ) ) ;
#515 = VERTEX_POINT ( 'NONE', #1467 ) ;
#516 = ORIENTED_EDGE ( 'NONE', *, *, #1141, .F. ) ;
#517 = LINE ( 'NONE', #967, #816 ) ;
#518 = EDGE_LOOP ( 'NONE', ( #86, #399, #637, #1243 ) ) ;
#519 = CARTESIAN_POINT ( 'NONE',  ( 179.9999999999997442, 0.000000000000000000, -4.475000000000339817 ) ) ;
#520 = EDGE_CURVE ( 'NONE', #616, #122, #1385, .T. ) ;
#521 = DIRECTION ( 'NONE',  ( 0.000000000000000000, 0.000000000000000000, 1.000000000000000000 ) ) ;
#522 = COORDINATED_UNIVERSAL_TIME_OFFSET ( 8, 0, .AHEAD. ) ;
#523 = ORIENTED_EDGE ( 'NONE', *, *, #592, .T. ) ;
#524 = ORIENTED_EDGE ( 'NONE', *, *, #647, .F. ) ;
#525 = CARTESIAN_POINT ( 'NONE',  ( 144.9999999999997442, 0.000000000000000000, -6.500000000000269118 ) ) ;
#526 = ORIENTED_EDGE ( 'NONE', *, *, #728, .F. ) ;
#527 = CARTESIAN_POINT ( 'NONE',  ( 14.00000000000009592, 6.000000000000000000, -8.250000000000040856 ) ) ;
#528 = FACE_OUTER_BOUND ( 'NONE', #244, .T. ) ;
#529 = VERTEX_POINT ( 'NONE', #229 ) ;
#530 = EDGE_CURVE ( 'NONE', #185, #421, #743, .T. ) ;
#531 = DIRECTION ( 'NONE',  ( -0.000000000000000000, -1.000000000000000000, -0.000000000000000000 ) ) ;
#532 = CYLINDRICAL_SURFACE ( 'NONE', #981, 3.499999999999999556 ) ;
#533 = AXIS2_PLACEMENT_3D ( 'NONE', #789, #683, #355 ) ;
#534 = VERTEX_POINT ( 'NONE', #205 ) ;
#535 =( GEOMETRIC_REPRESENTATION_CONTEXT ( 3 ) GLOBAL_UNCERTAINTY_ASSIGNED_CONTEXT ( ( #49 ) ) GLOBAL_UNIT_ASSIGNED_CONTEXT ( ( #1137, #685, #361 ) ) REPRESENTATION_CONTEXT ( 'NONE', 'WORKASPACE' ) );
#536 = CARTESIAN_POINT ( 'NONE',  ( 164.9999999999999716, 4.200000000000000178, -2.500000000000006661 ) ) ;
#537 = LINE ( 'NONE', #988, #558 ) ;
#538 = CIRCLE ( 'NONE', #681, 2.250000000000008882 ) ;
#539 = CC_DESIGN_APPROVAL ( #218, ( #564 ) ) ;
#540 = CIRCLE ( 'NONE', #775, 1.649999999999998579 ) ;
#541 = ORIENTED_EDGE ( 'NONE', *, *, #450, .F. ) ;
#542 = CYLINDRICAL_SURFACE ( 'NONE', #56, 1.649999999999998579 ) ;
#543 = EDGE_CURVE ( 'NONE', #328, #1434, #1199, .T. ) ;
#544 = CARTESIAN_POINT ( 'NONE',  ( 179.9999999999997442, 0.000000000000000000, -4.850000000000354028 ) ) ;
#545 = ORIENTED_EDGE ( 'NONE', *, *, #551, .F. ) ;
#546 = DIRECTION ( 'NONE',  ( 0.000000000000000000, 0.000000000000000000, -1.000000000000000000 ) ) ;
#547 = LINE ( 'NONE', #1001, #1315 ) ;
#548 = CARTESIAN_POINT ( 'NONE',  ( 179.9999999999997442, 0.000000000000000000, -6.500000000000339284 ) ) ;
#549 = LINE ( 'NONE', #437, #936 ) ;
#550 = CARTESIAN_POINT ( 'NONE',  ( 164.9999999999999716, 4.200000000000000178, -2.500000000000006661 ) ) ;
#551 = EDGE_CURVE ( 'NONE', #515, #1472, #547, .T. ) ;
#552 = DIRECTION ( 'NONE',  ( 0.000000000000000000, 0.000000000000000000, -1.000000000000000000 ) ) ;
#553 = ORIENTED_EDGE ( 'NONE', *, *, #1159, .F. ) ;
#554 = AXIS2_PLACEMENT_3D ( 'NONE', #209, #1341, #104 ) ;
#555 = ORIENTED_EDGE ( 'NONE', *, *, #784, .T. ) ;
#556 = DIRECTION ( 'NONE',  ( -0.000000000000000000, -1.000000000000000000, -0.000000000000000000 ) ) ;
#557 = ORIENTED_EDGE ( 'NONE', *, *, #108, .T. ) ;
#558 = VECTOR ( 'NONE', #740, 1000.000000000000000 ) ;
#559 = FACE_BOUND ( 'NONE', #270, .T. ) ;
#560 = CIRCLE ( 'NONE', #1412, 1.649999999999984812 ) ;
#561 = DIRECTION ( 'NONE',  ( -0.000000000000000000, -1.000000000000000000, -0.000000000000000000 ) ) ;
#562 = EDGE_CURVE ( 'NONE', #965, #1344, #483, .T. ) ;
#563 = CIRCLE ( 'NONE', #1293, 1.649999999999984812 ) ;
#564 = SECURITY_CLASSIFICATION ( '', '', #1378 ) ;
#565 = CARTESIAN_POINT ( 'NONE',  ( 179.9999999999997442, 6.000000000000000000, -6.500000000000339284 ) ) ;
#566 = FACE_BOUND ( 'NONE', #1402, .T. ) ;
#567 = ORIENTED_EDGE ( 'NONE', *, *, #1208, .T. ) ;
#568 = DIRECTION ( 'NONE',  ( 0.000000000000000000, 0.000000000000000000, -1.000000000000000000 ) ) ;
#569 = DIRECTION ( 'NONE',  ( -1.000000000000000000, -0.000000000000000000, -0.000000000000000000 ) ) ;
#570 = ADVANCED_FACE ( 'NONE', ( #1361, #215 ), #1020, .T. ) ;
#571 = ORIENTED_EDGE ( 'NONE', *, *, #1224, .T. ) ;
#572 = DIRECTION ( 'NONE',  ( 0.000000000000000000, -1.000000000000000000, 0.000000000000000000 ) ) ;
#573 = ORIENTED_EDGE ( 'NONE', *, *, #1321, .T. ) ;
#574 = CARTESIAN_POINT ( 'NONE',  ( 54.99999999999997868, 6.000000000000000000, -8.250000000000001776 ) ) ;
#575 = DIRECTION ( 'NONE',  ( 0.000000000000000000, 0.000000000000000000, -1.000000000000000000 ) ) ;
#576 = FACE_BOUND ( 'NONE', #67, .T. ) ;
#577 = DIRECTION ( 'NONE',  ( -0.000000000000000000, -1.000000000000000000, -0.000000000000000000 ) ) ;
#578 = EDGE_CURVE ( 'NONE', #579, #1055, #560, .T. ) ;
#579 = VERTEX_POINT ( 'NONE', #688 ) ;
#580 = PLANE ( 'NONE',  #64 ) ;
#581 = DIRECTION ( 'NONE',  ( 0.000000000000000000, 0.000000000000000000, 1.000000000000000000 ) ) ;
#582 = VECTOR ( 'NONE', #561, 1000.000000000000000 ) ;
#583 = ORIENTED_EDGE ( 'NONE', *, *, #927, .T. ) ;
#584 = EDGE_CURVE ( 'NONE', #1344, #128, #782, .T. ) ;
#585 = CIRCLE ( 'NONE', #1389, 2.250000000000008882 ) ;
#586 = ORIENTED_EDGE ( 'NONE', *, *, #1410, .T. ) ;
#587 = FACE_OUTER_BOUND ( 'NONE', #940, .T. ) ;
#588 = CARTESIAN_POINT ( 'NONE',  ( 144.9999999999997442, 0.000000000000000000, -8.150000000000254374 ) ) ;
#589 = VERTEX_POINT ( 'NONE', #670 ) ;
#590 = CARTESIAN_POINT ( 'NONE',  ( 164.9999999999999716, 4.200000000000000178, -6.000000000000000000 ) ) ;
#591 = FACE_OUTER_BOUND ( 'NONE', #874, .T. ) ;
#592 = EDGE_CURVE ( 'NONE', #397, #322, #443, .T. ) ;
#593 = COORDINATED_UNIVERSAL_TIME_OFFSET ( 8, 0, .AHEAD. ) ;
#594 = ORIENTED_EDGE ( 'NONE', *, *, #1091, .T. ) ;
#595 = ORIENTED_EDGE ( 'NONE', *, *, #47, .F. ) ;
#596 = DIRECTION ( 'NONE',  ( 0.000000000000000000, 1.000000000000000000, 0.000000000000000000 ) ) ;
#597 = LINE ( 'NONE', #588, #935 ) ;
#598 = ADVANCED_FACE ( 'NONE', ( #922 ), #372, .F. ) ;
#599 = DIRECTION ( 'NONE',  ( -0.000000000000000000, -1.000000000000000000, -0.000000000000000000 ) ) ;
#600 = AXIS2_PLACEMENT_3D ( 'NONE', #292, #197, #521 ) ;
#601 = AXIS2_PLACEMENT_3D ( 'NONE', #1017, #331, #887 ) ;
#602 = EDGE_LOOP ( 'NONE', ( #849, #1111 ) ) ;
#603 = DIRECTION ( 'NONE',  ( 0.000000000000000000, -1.000000000000000000, 0.000000000000000000 ) ) ;
#604 = AXIS2_PLACEMENT_3D ( 'NONE', #1290, #628, #1312 ) ;
#605 = ORIENTED_EDGE ( 'NONE', *, *, #1030, .F. ) ;
#606 = CARTESIAN_POINT ( 'NONE',  ( 0.000000000000000000, 6.000000000000000000, -12.00000000000000000 ) ) ;
#607 = AXIS2_PLACEMENT_3D ( 'NONE', #170, #859, #748 ) ;
#608 = LINE ( 'NONE', #1404, #1458 ) ;
#609 = VERTEX_POINT ( 'NONE', #496 ) ;
#610 = EDGE_CURVE ( 'NONE', #59, #502, #17, .T. ) ;
#611 = EDGE_LOOP ( 'NONE', ( #526, #45, #1065, #567 ) ) ;
#612 = CARTESIAN_POINT ( 'NONE',  ( 14.00000000000009592, 3.000000000000002665, -8.250000000000040856 ) ) ;
#613 = ORIENTED_EDGE ( 'NONE', *, *, #784, .F. ) ;
#614 = CARTESIAN_POINT ( 'NONE',  ( 40.00000000000000000, 3.000000000000000000, 0.000000000000000000 ) ) ;
#615 = DIRECTION ( 'NONE',  ( -0.000000000000000000, -1.000000000000000000, -0.000000000000000000 ) ) ;
#616 = VERTEX_POINT ( 'NONE', #256 ) ;
#617 = EDGE_CURVE ( 'NONE', #1089, #122, #43, .T. ) ;
#618 = DIRECTION ( 'NONE',  ( 1.000000000000000000, 0.000000000000000000, 0.000000000000000000 ) ) ;
#619 = EDGE_LOOP ( 'NONE', ( #752, #144, #951, #1220, #881, #721 ) ) ;
#620 = LINE ( 'NONE', #536, #1033 ) ;
#621 = DIRECTION ( 'NONE',  ( 0.000000000000000000, 0.000000000000000000, 1.000000000000000000 ) ) ;
#622 = ORIENTED_EDGE ( 'NONE', *, *, #543, .T. ) ;
#623 = AXIS2_PLACEMENT_3D ( 'NONE', #1355, #1364, #386 ) ;
#624 = VERTEX_POINT ( 'NONE', #146 ) ;
#625 = PLANE ( 'NONE',  #62 ) ;
#626 = ADVANCED_FACE ( 'NONE', ( #263 ), #22, .F. ) ;
#627 = ORIENTED_EDGE ( 'NONE', *, *, #460, .T. ) ;
#628 = DIRECTION ( 'NONE',  ( 0.000000000000000000, 1.000000000000000000, 0.000000000000000000 ) ) ;
#629 = VECTOR ( 'NONE', #130, 1000.000000000000114 ) ;
#630 = ORGANIZATION ( 'æœª', 'æœª', '' ) ;
#631 = EDGE_CURVE ( 'NONE', #664, #968, #597, .T. ) ;
#632 = CIRCLE ( 'NONE', #703, 1.649999999999984812 ) ;
#633 = DIRECTION ( 'NONE',  ( 0.000000000000000000, 0.000000000000000000, 1.000000000000000000 ) ) ;
#634 = ORIENTED_EDGE ( 'NONE', *, *, #617, .T. ) ;
#635 = ORIENTED_EDGE ( 'NONE', *, *, #984, .F. ) ;
#636 = CARTESIAN_POINT ( 'NONE',  ( 74.99999999999970157, 0.000000000000000000, -6.500000000000144773 ) ) ;
#637 = ORIENTED_EDGE ( 'NONE', *, *, #680, .F. ) ;
#638 = DIRECTION ( 'NONE',  ( 0.000000000000000000, -1.000000000000000000, 0.000000000000000000 ) ) ;
#639 = DIRECTION ( 'NONE',  ( -0.000000000000000000, 1.000000000000000000, -0.000000000000000000 ) ) ;
#640 = EDGE_CURVE ( 'NONE', #484, #1089, #774, .T. ) ;
#641 = EDGE_LOOP ( 'NONE', ( #553, #771, #571, #40 ) ) ;
#642 = CARTESIAN_POINT ( 'NONE',  ( 179.9999999999997442, 0.000000000000000000, -8.525000000000337863 ) ) ;
#643 = DIRECTION ( 'NONE',  ( 0.000000000000000000, 0.000000000000000000, -1.000000000000000000 ) ) ;
#644 = VERTEX_POINT ( 'NONE', #488 ) ;
#645 = FACE_OUTER_BOUND ( 'NONE', #384, .T. ) ;
#646 = CARTESIAN_POINT ( 'NONE',  ( 144.9999999999997442, 0.3750000000000020539, -6.500000000000269118 ) ) ;
#647 = EDGE_CURVE ( 'NONE', #985, #322, #932, .T. ) ;
#648 = ORIENTED_EDGE ( 'NONE', *, *, #855, .F. ) ;
#649 = CARTESIAN_POINT ( 'NONE',  ( 164.9999999999999716, 0.000000000000000000, -9.499999999999994671 ) ) ;
#650 = FACE_OUTER_BOUND ( 'NONE', #989, .T. ) ;
#651 = VECTOR ( 'NONE', #905, 1000.000000000000000 ) ;
#652 = VERTEX_POINT ( 'NONE', #1266 ) ;
#653 = DIRECTION ( 'NONE',  ( 0.000000000000000000, -0.000000000000000000, -1.000000000000000000 ) ) ;
#654 = CARTESIAN_POINT ( 'NONE',  ( 109.9999999999997300, 0.000000000000000000, -6.500000000000199840 ) ) ;
#655 = AXIS2_PLACEMENT_3D ( 'NONE', #963, #188, #83 ) ;
#656 = APPROVAL_PERSON_ORGANIZATION ( #1382, #7, #258 ) ;
#657 = AXIS2_PLACEMENT_3D ( 'NONE', #525, #850, #1428 ) ;
#658 = ORIENTED_EDGE ( 'NONE', *, *, #410, .F. ) ;
#659 = DIRECTION ( 'NONE',  ( 0.000000000000000000, 0.000000000000000000, -1.000000000000000000 ) ) ;
#660 = DIRECTION ( 'NONE',  ( 0.000000000000000000, 0.000000000000000000, -1.000000000000000000 ) ) ;
#661 = EDGE_LOOP ( 'NONE', ( #78, #694, #1259, #1145 ) ) ;
#662 = CARTESIAN_POINT ( 'NONE',  ( 34.00000000000009948, 3.000000000000002665, -8.250000000000078160 ) ) ;
#663 = CARTESIAN_POINT ( 'NONE',  ( 164.9999999999999716, 4.200000000000000178, -6.000000000000000000 ) ) ;
#664 = VERTEX_POINT ( 'NONE', #250 ) ;
#665 = CYLINDRICAL_SURFACE ( 'NONE', #110, 1.249999999999999112 ) ;
#666 = DIRECTION ( 'NONE',  ( -0.000000000000000000, 1.000000000000000000, -0.000000000000000000 ) ) ;
#667 = EDGE_CURVE ( 'NONE', #421, #185, #959, .T. ) ;
#668 = ORIENTED_EDGE ( 'NONE', *, *, #252, .F. ) ;
#669 = DIRECTION ( 'NONE',  ( 0.000000000000000000, 0.000000000000000000, -1.000000000000000000 ) ) ;
#670 = CARTESIAN_POINT ( 'NONE',  ( 54.99999999999997868, 4.200000000000000178, -3.749999999999997780 ) ) ;
#671 = CLOSED_SHELL ( 'NONE', ( #39, #482, #1368, #746, #828, #140, #1329, #414, #491, #1000, #1267, #119, #598, #837, #825, #1457, #433, #626, #1113, #810, #873, #318, #938, #1348, #189, #1173, #1165, #424, #149, #35, #1277, #77, #1242, #971, #1123, #735, #1185, #1156, #1142, #570, #470, #1283, #847, #902 ) ) ;
#672 = DIRECTION ( 'NONE',  ( 0.000000000000000000, -1.000000000000000000, 0.000000000000000000 ) ) ;
#673 = CARTESIAN_POINT ( 'NONE',  ( 34.00000000000011369, 6.000000000000000000, -2.500000000000072831 ) ) ;
#674 = ORIENTED_EDGE ( 'NONE', *, *, #1292, .F. ) ;
#675 = AXIS2_PLACEMENT_3D ( 'NONE', #1198, #409, #869 ) ;
#676 = DIRECTION ( 'NONE',  ( 0.000000000000000000, 0.000000000000000000, -1.000000000000000000 ) ) ;
#677 = EDGE_CURVE ( 'NONE', #1089, #484, #563, .T. ) ;
#678 = AXIS2_PLACEMENT_3D ( 'NONE', #1233, #1369, #1347 ) ;
#679 = CARTESIAN_POINT ( 'NONE',  ( 179.9999999999997442, 0.3750000000000020539, -4.850000000000354028 ) ) ;
#680 = EDGE_CURVE ( 'NONE', #624, #644, #1176, .T. ) ;
#681 = AXIS2_PLACEMENT_3D ( 'NONE', #1060, #11, #141 ) ;
#682 = CIRCLE ( 'NONE', #1079, 1.249999999999999112 ) ;
#683 = DIRECTION ( 'NONE',  ( 0.000000000000000000, -1.000000000000000000, 0.000000000000000000 ) ) ;
#684 = CIRCLE ( 'NONE', #117, 2.250000000000001776 ) ;
#685 =( NAMED_UNIT ( * ) PLANE_ANGLE_UNIT ( ) SI_UNIT ( $, .RADIAN. ) );
#686 = ORIENTED_EDGE ( 'NONE', *, *, #510, .T. ) ;
#687 = CARTESIAN_POINT ( 'NONE',  ( 54.99999999999997868, 4.200000000000000178, -6.000000000000000000 ) ) ;
#688 = CARTESIAN_POINT ( 'NONE',  ( 179.9999999999997442, 6.000000000000000000, -8.150000000000323652 ) ) ;
#689 = EDGE_CURVE ( 'NONE', #1472, #115, #1376, .T. ) ;
#690 = LINE ( 'NONE', #1184, #1151 ) ;
#691 = ORIENTED_EDGE ( 'NONE', *, *, #1132, .T. ) ;
#692 = DIRECTION ( 'NONE',  ( 0.000000000000000000, 0.000000000000000000, 1.000000000000000000 ) ) ;
#693 = CARTESIAN_POINT ( 'NONE',  ( 34.00000000000009948, -42.00000000000000000, -8.250000000000078160 ) ) ;
#694 = ORIENTED_EDGE ( 'NONE', *, *, #927, .F. ) ;
#695 = CC_DESIGN_PERSON_AND_ORGANIZATION_ASSIGNMENT ( #1373, #356, ( #819 ) ) ;
#696 = DIRECTION ( 'NONE',  ( 0.000000000000000000, 0.000000000000000000, 1.000000000000000000 ) ) ;
#697 = ORIENTED_EDGE ( 'NONE', *, *, #1401, .F. ) ;
#698 = DIRECTION ( 'NONE',  ( -0.000000000000000000, -1.000000000000000000, -0.000000000000000000 ) ) ;
#699 = CIRCLE ( 'NONE', #440, 1.649999999999984812 ) ;
#700 = DIRECTION ( 'NONE',  ( -0.000000000000000000, -1.000000000000000000, -0.000000000000000000 ) ) ;
#701 = CARTESIAN_POINT ( 'NONE',  ( 0.000000000000000000, 6.000000000000000000, -12.00000000000000000 ) ) ;
#702 = VECTOR ( 'NONE', #1032, 1000.000000000000000 ) ;
#703 = AXIS2_PLACEMENT_3D ( 'NONE', #324, #772, #999 ) ;
#704 = ORIENTED_EDGE ( 'NONE', *, *, #1216, .T. ) ;
#705 = DIRECTION ( 'NONE',  ( 0.000000000000000000, 0.000000000000000000, -1.000000000000000000 ) ) ;
#706 = DIRECTION ( 'NONE',  ( -0.000000000000000000, -1.000000000000000000, -0.000000000000000000 ) ) ;
#707 = DATE_AND_TIME ( #14, #868 ) ;
#708 = ORIENTED_EDGE ( 'NONE', *, *, #1391, .T. ) ;
#709 = DIRECTION ( 'NONE',  ( 0.000000000000000000, 0.000000000000000000, 1.000000000000000000 ) ) ;
#710 = EDGE_CURVE ( 'NONE', #1472, #924, #155, .T. ) ;
#711 = DIRECTION ( 'NONE',  ( 0.000000000000000000, -1.000000000000000000, 0.000000000000000000 ) ) ;
#712 = DIRECTION ( 'NONE',  ( 0.000000000000000000, 0.000000000000000000, -1.000000000000000000 ) ) ;
#713 = MANIFOLD_SOLID_BREP ( '\X2\52079664\X0\-\X2\62c94f38\X0\4', #671 ) ;
#714 = ORIENTED_EDGE ( 'NONE', *, *, #198, .T. ) ;
#715 = LINE ( 'NONE', #2, #915 ) ;
#716 = CARTESIAN_POINT ( 'NONE',  ( 25.99999999999974420, 0.000000000000000000, -6.500000000000033751 ) ) ;
#717 = EDGE_CURVE ( 'NONE', #534, #1201, #538, .T. ) ;
#718 = CARTESIAN_POINT ( 'NONE',  ( 14.00000000000009592, -42.00000000000000000, -8.250000000000040856 ) ) ;
#719 = EDGE_CURVE ( 'NONE', #515, #416, #359, .T. ) ;
#720 = CONICAL_SURFACE ( 'NONE', #1103, 2.024999999999999023, 0.7853981633974644883 ) ;
#721 = ORIENTED_EDGE ( 'NONE', *, *, #1306, .F. ) ;
#722 = ORIENTED_EDGE ( 'NONE', *, *, #640, .F. ) ;
#723 = CYLINDRICAL_SURFACE ( 'NONE', #891, 1.649999999999998579 ) ;
#724 = VECTOR ( 'NONE', #145, 1000.000000000000000 ) ;
#725 = ORIENTED_EDGE ( 'NONE', *, *, #631, .T. ) ;
#726 = FACE_OUTER_BOUND ( 'NONE', #391, .T. ) ;
#727 = CARTESIAN_POINT ( 'NONE',  ( 164.9999999999999716, 6.000000000000000000, -8.250000000000008882 ) ) ;
#728 = EDGE_CURVE ( 'NONE', #786, #428, #1160, .T. ) ;
#729 = DATE_TIME_ROLE ( 'classification_date' ) ;
#730 = ORIENTED_EDGE ( 'NONE', *, *, #794, .F. ) ;
#731 = FACE_BOUND ( 'NONE', #138, .T. ) ;
#732 = VERTEX_POINT ( 'NONE', #136 ) ;
#733 = LINE ( 'NONE', #614, #330 ) ;
#734 = CARTESIAN_POINT ( 'NONE',  ( 14.00000000000009592, -42.00000000000000000, -9.500000000000039080 ) ) ;
#735 = ADVANCED_FACE ( 'NONE', ( #814 ), #1255, .F. ) ;
#736 = ORIENTED_EDGE ( 'NONE', *, *, #198, .F. ) ;
#737 = CARTESIAN_POINT ( 'NONE',  ( 54.99999999999997868, 4.200000000000000178, -9.500000000000000000 ) ) ;
#738 = ORIENTED_EDGE ( 'NONE', *, *, #1397, .T. ) ;
#739 = DIRECTION ( 'NONE',  ( 0.000000000000000000, 0.000000000000000000, 1.000000000000000000 ) ) ;
#740 = DIRECTION ( 'NONE',  ( -0.000000000000000000, 1.000000000000000000, -0.000000000000000000 ) ) ;
#741 = APPROVAL_DATE_TIME ( #1167, #218 ) ;
#742 = ORIENTED_EDGE ( 'NONE', *, *, #562, .F. ) ;
#743 = CIRCLE ( 'NONE', #29, 1.649999999999998579 ) ;
#744 = ORIENTED_EDGE ( 'NONE', *, *, #1102, .T. ) ;
#745 = CARTESIAN_POINT ( 'NONE',  ( 34.00000000000011369, 3.000000000000002665, -1.250000000000075273 ) ) ;
#746 = ADVANCED_FACE ( 'NONE', ( #591 ), #392, .F. ) ;
#747 = EDGE_LOOP ( 'NONE', ( #308, #1408 ) ) ;
#748 = DIRECTION ( 'NONE',  ( 0.000000000000000000, 0.000000000000000000, 1.000000000000000000 ) ) ;
#749 = CIRCLE ( 'NONE', #604, 1.249999999999999112 ) ;
#750 = AXIS2_PLACEMENT_3D ( 'NONE', #1244, #1473, #653 ) ;
#751 = FACE_OUTER_BOUND ( 'NONE', #453, .T. ) ;
#752 = ORIENTED_EDGE ( 'NONE', *, *, #450, .T. ) ;
#753 = APPLICATION_CONTEXT ( 'configuration controlled 3d designs of mechanical parts and assemblies' ) ;
#754 = ORIENTED_EDGE ( 'NONE', *, *, #578, .T. ) ;
#755 = CARTESIAN_POINT ( 'NONE',  ( 74.99999999999970157, 0.3750000000000020539, -6.500000000000144773 ) ) ;
#756 = ORIENTED_EDGE ( 'NONE', *, *, #176, .F. ) ;
#757 = DIRECTION ( 'NONE',  ( 0.000000000000000000, -1.000000000000000000, 0.000000000000000000 ) ) ;
#758 = EDGE_CURVE ( 'NONE', #484, #616, #1323, .T. ) ;
#759 = DIRECTION ( 'NONE',  ( 0.000000000000000000, 0.000000000000000000, 1.000000000000000000 ) ) ;
#760 = ORIENTED_EDGE ( 'NONE', *, *, #125, .F. ) ;
#761 = CARTESIAN_POINT ( 'NONE',  ( 34.00000000000009948, 6.000000000000000000, -9.500000000000076383 ) ) ;
#762 = LINE ( 'NONE', #544, #1202 ) ;
#763 = ORIENTED_EDGE ( 'NONE', *, *, #1417, .T. ) ;
#764 = DIRECTION ( 'NONE',  ( 0.000000000000000000, -1.000000000000000000, 0.000000000000000000 ) ) ;
#765 = CARTESIAN_POINT ( 'NONE',  ( 0.000000000000000000, 6.000000000000000000, 0.000000000000000000 ) ) ;
#766 = EDGE_CURVE ( 'NONE', #965, #94, #620, .T. ) ;
#767 = CIRCLE ( 'NONE', #81, 1.249999999999997558 ) ;
#768 = ORIENTED_EDGE ( 'NONE', *, *, #241, .F. ) ;
#769 = EDGE_LOOP ( 'NONE', ( #972, #106 ) ) ;
#770 = LINE ( 'NONE', #1228, #1050 ) ;
#771 = ORIENTED_EDGE ( 'NONE', *, *, #1015, .F. ) ;
#772 = DIRECTION ( 'NONE',  ( 0.000000000000000000, -1.000000000000000000, 0.000000000000000000 ) ) ;
#773 = DIRECTION ( 'NONE',  ( -0.000000000000000000, -1.000000000000000000, -0.000000000000000000 ) ) ;
#774 = CIRCLE ( 'NONE', #1154, 1.649999999999984812 ) ;
#775 = AXIS2_PLACEMENT_3D ( 'NONE', #1251, #764, #1221 ) ;
#776 = ORIENTED_EDGE ( 'NONE', *, *, #777, .F. ) ;
#777 = EDGE_CURVE ( 'NONE', #1434, #328, #867, .T. ) ;
#778 = DIRECTION ( 'NONE',  ( -0.000000000000000000, -1.000000000000000000, -0.000000000000000000 ) ) ;
#779 = CARTESIAN_POINT ( 'NONE',  ( 144.9999999999997442, 0.000000000000000000, -6.500000000000269118 ) ) ;
#780 = ORIENTED_EDGE ( 'NONE', *, *, #252, .T. ) ;
#781 = FACE_BOUND ( 'NONE', #1106, .T. ) ;
#782 = LINE ( 'NONE', #1239, #350 ) ;
#783 = FACE_OUTER_BOUND ( 'NONE', #315, .T. ) ;
#784 = EDGE_CURVE ( 'NONE', #985, #1405, #63, .T. ) ;
#785 = FACE_BOUND ( 'NONE', #72, .T. ) ;
#786 = VERTEX_POINT ( 'NONE', #1423 ) ;
#787 = DIRECTION ( 'NONE',  ( 0.000000000000000000, 1.000000000000000000, 0.000000000000000000 ) ) ;
#788 = DIRECTION ( 'NONE',  ( 0.000000000000000000, 0.000000000000000000, -1.000000000000000000 ) ) ;
#789 = CARTESIAN_POINT ( 'NONE',  ( 54.99999999999997868, 4.200000000000000178, -6.000000000000000000 ) ) ;
#790 = DIRECTION ( 'NONE',  ( 0.000000000000000000, 0.000000000000000000, -1.000000000000000000 ) ) ;
#791 = EDGE_LOOP ( 'NONE', ( #958, #1230, #1325, #870 ) ) ;
#792 = AXIS2_PLACEMENT_3D ( 'NONE', #180, #860, #1314 ) ;
#793 = CARTESIAN_POINT ( 'NONE',  ( 109.9999999999997300, 0.000000000000000000, -6.500000000000199840 ) ) ;
#794 = EDGE_CURVE ( 'NONE', #1307, #652, #749, .T. ) ;
#795 = AXIS2_PLACEMENT_3D ( 'NONE', #430, #321, #1114 ) ;
#796 = CARTESIAN_POINT ( 'NONE',  ( 0.000000000000000000, 6.000000000000000000, 0.000000000000000000 ) ) ;
#797 = CONICAL_SURFACE ( 'NONE', #893, 2.024999999999999023, 0.7853981633974459475 ) ;
#798 = VECTOR ( 'NONE', #942, 1000.000000000000000 ) ;
#799 = FACE_BOUND ( 'NONE', #1063, .T. ) ;
#800 = AXIS2_PLACEMENT_3D ( 'NONE', #221, #1345, #107 ) ;
#801 = VERTEX_POINT ( 'NONE', #1207 ) ;
#802 = DIRECTION ( 'NONE',  ( 0.000000000000000000, 0.000000000000000000, -1.000000000000000000 ) ) ;
#803 = DIRECTION ( 'NONE',  ( -0.000000000000000000, -1.000000000000000000, -0.000000000000000000 ) ) ;
#804 = EDGE_CURVE ( 'NONE', #94, #128, #1012, .T. ) ;
#805 = FACE_BOUND ( 'NONE', #375, .T. ) ;
#806 = PERSON_AND_ORGANIZATION ( #402, #630 ) ;
#807 = ORIENTED_EDGE ( 'NONE', *, *, #884, .F. ) ;
#808 = LINE ( 'NONE', #245, #1134 ) ;
#809 = DIRECTION ( 'NONE',  ( 0.000000000000000000, 0.000000000000000000, 1.000000000000000000 ) ) ;
#810 = ADVANCED_FACE ( 'NONE', ( #276 ), #300, .F. ) ;
#811 = APPROVAL_STATUS ( 'not_yet_approved' ) ;
#812 = ORIENTED_EDGE ( 'NONE', *, *, #710, .T. ) ;
#813 = CYLINDRICAL_SURFACE ( 'NONE', #469, 1.249999999999999334 ) ;
#814 = FACE_OUTER_BOUND ( 'NONE', #290, .T. ) ;
#815 = AXIS2_PLACEMENT_3D ( 'NONE', #1475, #340, #1143 ) ;
#816 = VECTOR ( 'NONE', #618, 1000.000000000000000 ) ;
#817 = EDGE_CURVE ( 'NONE', #1201, #534, #585, .T. ) ;
#818 = VECTOR ( 'NONE', #700, 1000.000000000000000 ) ;
#819 = PRODUCT_DEFINITION_FORMATION_WITH_SPECIFIED_SOURCE ( 'ä»', '', #175, .NOT_KNOWN. ) ;
#820 = CIRCLE ( 'NONE', #1371, 2.250000000000001776 ) ;
#821 = ORIENTED_EDGE ( 'NONE', *, *, #1410, .F. ) ;
#822 = DIRECTION ( 'NONE',  ( -0.000000000000000000, 1.000000000000000000, -0.000000000000000000 ) ) ;
#823 = DIRECTION ( 'NONE',  ( 0.000000000000000000, 0.000000000000000000, -1.000000000000000000 ) ) ;
#824 = CARTESIAN_POINT ( 'NONE',  ( 0.000000000000000000, 0.000000000000000000, 0.000000000000000000 ) ) ;
#825 = ADVANCED_FACE ( 'NONE', ( #726 ), #1183, .F. ) ;
#826 = EDGE_LOOP ( 'NONE', ( #1168, #508, #199, #1180 ) ) ;
#827 = DIRECTION ( 'NONE',  ( 0.000000000000000000, 0.000000000000000000, -1.000000000000000000 ) ) ;
#828 = ADVANCED_FACE ( 'NONE', ( #1066 ), #1056, .F. ) ;
#829 = DIRECTION ( 'NONE',  ( 0.000000000000000000, 1.000000000000000000, 0.000000000000000000 ) ) ;
#830 = CARTESIAN_POINT ( 'NONE',  ( 25.99999999999974420, 6.000000000000000000, -8.150000000000032330 ) ) ;
#831 = ORIENTED_EDGE ( 'NONE', *, *, #268, .F. ) ;
#832 = ORIENTED_EDGE ( 'NONE', *, *, #979, .T. ) ;
#833 = CARTESIAN_POINT ( 'NONE',  ( 109.9999999999997300, 0.3750000000000020539, -6.500000000000199840 ) ) ;
#834 = ORIENTED_EDGE ( 'NONE', *, *, #1292, .T. ) ;
#835 = VECTOR ( 'NONE', #895, 1000.000000000000000 ) ;
#836 = DIRECTION ( 'NONE',  ( 8.659560562355072141E-17, -0.7071067811865361374, 0.7071067811865588970 ) ) ;
#837 = ADVANCED_FACE ( 'NONE', ( #645 ), #866, .F. ) ;
#838 = DIRECTION ( 'NONE',  ( 0.000000000000000000, 1.000000000000000000, 0.000000000000000000 ) ) ;
#839 = CONICAL_SURFACE ( 'NONE', #1407, 2.024999999999999023, 0.7853981633974459475 ) ;
#840 = ORIENTED_EDGE ( 'NONE', *, *, #1356, .T. ) ;
#841 = EDGE_LOOP ( 'NONE', ( #605, #1281, #586, #1162 ) ) ;
#842 = CARTESIAN_POINT ( 'NONE',  ( 109.9999999999997300, 6.000000000000000000, -6.500000000000199840 ) ) ;
#843 = CIRCLE ( 'NONE', #210, 2.024999999999999023 ) ;
#844 = ORIENTED_EDGE ( 'NONE', *, *, #1477, .T. ) ;
#845 = DIRECTION ( 'NONE',  ( 0.000000000000000000, 0.000000000000000000, 1.000000000000000000 ) ) ;
#846 = AXIS2_PLACEMENT_3D ( 'NONE', #755, #1295, #1287 ) ;
#847 = ADVANCED_FACE ( 'NONE', ( #1416 ), #1196, .F. ) ;
#848 = PLANE ( 'NONE',  #463 ) ;
#849 = ORIENTED_EDGE ( 'NONE', *, *, #1141, .T. ) ;
#850 = DIRECTION ( 'NONE',  ( -0.000000000000000000, -1.000000000000000000, -0.000000000000000000 ) ) ;
#851 = ORIENTED_EDGE ( 'NONE', *, *, #228, .T. ) ;
#852 = CARTESIAN_POINT ( 'NONE',  ( 109.9999999999997300, 0.000000000000000000, -6.500000000000199840 ) ) ;
#853 = DIRECTION ( 'NONE',  ( -0.000000000000000000, -1.000000000000000000, -0.000000000000000000 ) ) ;
#854 = EDGE_LOOP ( 'NONE', ( #573, #1443, #134, #1057 ) ) ;
#855 = EDGE_CURVE ( 'NONE', #589, #281, #513, .T. ) ;
#856 = VERTEX_POINT ( 'NONE', #1098 ) ;
#857 = DIRECTION ( 'NONE',  ( 0.000000000000000000, 0.000000000000000000, 1.000000000000000000 ) ) ;
#858 = ORIENTED_EDGE ( 'NONE', *, *, #1030, .T. ) ;
#859 = DIRECTION ( 'NONE',  ( -0.000000000000000000, 1.000000000000000000, -0.000000000000000000 ) ) ;
#860 = DIRECTION ( 'NONE',  ( -0.000000000000000000, -1.000000000000000000, -0.000000000000000000 ) ) ;
#861 = ORIENTED_EDGE ( 'NONE', *, *, #1084, .F. ) ;
#862 = CARTESIAN_POINT ( 'NONE',  ( 74.99999999999970157, 0.3750000000000020539, -6.500000000000144773 ) ) ;
#863 = EDGE_CURVE ( 'NONE', #1398, #801, #733, .T. ) ;
#864 = CARTESIAN_POINT ( 'NONE',  ( 40.00000000000000000, 0.000000000000000000, 0.000000000000000000 ) ) ;
#865 = VERTEX_POINT ( 'NONE', #1303 ) ;
#866 = CYLINDRICAL_SURFACE ( 'NONE', #655, 1.249999999999999112 ) ;
#867 = CIRCLE ( 'NONE', #1343, 2.024999999999999023 ) ;
#868 = LOCAL_TIME ( 19, 23, 51.00000000000000000, #142 ) ;
#869 = DIRECTION ( 'NONE',  ( 0.000000000000000000, 0.000000000000000000, -1.000000000000000000 ) ) ;
#870 = ORIENTED_EDGE ( 'NONE', *, *, #777, .T. ) ;
#871 = VERTEX_POINT ( 'NONE', #527 ) ;
#872 = CARTESIAN_POINT ( 'NONE',  ( 14.00000000000011013, -42.00000000000000000, -3.750000000000035527 ) ) ;
#873 = ADVANCED_FACE ( 'NONE', ( #976 ), #1430, .F. ) ;
#874 = EDGE_LOOP ( 'NONE', ( #742, #1217, #447, #1264 ) ) ;
#875 = CARTESIAN_POINT ( 'NONE',  ( 109.9999999999997300, 0.000000000000000000, -6.500000000000199840 ) ) ;
#876 = DIRECTION ( 'NONE',  ( 0.000000000000000000, -0.000000000000000000, -1.000000000000000000 ) ) ;
#877 = VERTEX_POINT ( 'NONE', #448 ) ;
#878 = ORIENTED_EDGE ( 'NONE', *, *, #23, .T. ) ;
#879 = CARTESIAN_POINT ( 'NONE',  ( 179.9999999999997442, 0.000000000000000000, -6.500000000000339284 ) ) ;
#880 = DIRECTION ( 'NONE',  ( 0.000000000000000000, 0.000000000000000000, -1.000000000000000000 ) ) ;
#881 = ORIENTED_EDGE ( 'NONE', *, *, #1436, .F. ) ;
#882 = FACE_BOUND ( 'NONE', #187, .T. ) ;
#883 = CARTESIAN_POINT ( 'NONE',  ( 40.00000000000000000, 3.000000000000000000, -12.00000000000000000 ) ) ;
#884 = EDGE_CURVE ( 'NONE', #786, #1276, #540, .T. ) ;
#885 = ORIENTED_EDGE ( 'NONE', *, *, #817, .F. ) ;
#886 = EDGE_LOOP ( 'NONE', ( #1311, #1044 ) ) ;
#887 = DIRECTION ( 'NONE',  ( 0.000000000000000000, -0.000000000000000000, 1.000000000000000000 ) ) ;
#888 = CIRCLE ( 'NONE', #271, 2.250000000000008882 ) ;
#889 = EDGE_LOOP ( 'NONE', ( #1169, #362 ) ) ;
#890 = CARTESIAN_POINT ( 'NONE',  ( 54.99999999999997868, 4.200000000000000178, -9.500000000000000000 ) ) ;
#891 = AXIS2_PLACEMENT_3D ( 'NONE', #1181, #174, #161 ) ;
#892 = CARTESIAN_POINT ( 'NONE',  ( 179.9999999999997442, 6.000000000000000000, -6.500000000000339284 ) ) ;
#893 = AXIS2_PLACEMENT_3D ( 'NONE', #636, #186, #1088 ) ;
#894 = PRODUCT_RELATED_PRODUCT_CATEGORY ( 'detail', '', ( #175 ) ) ;
#895 = DIRECTION ( 'NONE',  ( -0.000000000000000000, -1.000000000000000000, -0.000000000000000000 ) ) ;
#896 = DIRECTION ( 'NONE',  ( -0.000000000000000000, -0.000000000000000000, -1.000000000000000000 ) ) ;
#897 = ORIENTED_EDGE ( 'NONE', *, *, #410, .T. ) ;
#898 = CARTESIAN_POINT ( 'NONE',  ( 0.000000000000000000, 3.000000000000000000, -12.00000000000000000 ) ) ;
#899 = FACE_OUTER_BOUND ( 'NONE', #909, .T. ) ;
#900 = DIRECTION ( 'NONE',  ( -0.000000000000000000, -1.000000000000000000, -0.000000000000000000 ) ) ;
#901 = DIRECTION ( 'NONE',  ( 0.000000000000000000, -1.000000000000000000, 0.000000000000000000 ) ) ;
#902 = ADVANCED_FACE ( 'NONE', ( #904 ), #1448, .F. ) ;
#903 = ORIENTED_EDGE ( 'NONE', *, *, #1015, .T. ) ;
#904 = FACE_OUTER_BOUND ( 'NONE', #826, .T. ) ;
#905 = DIRECTION ( 'NONE',  ( 0.000000000000000000, 0.000000000000000000, 1.000000000000000000 ) ) ;
#906 = DIRECTION ( 'NONE',  ( 8.659560562354911904E-17, -0.7071067811865491270, 0.7071067811865459074 ) ) ;
#907 = CARTESIAN_POINT ( 'NONE',  ( 144.9999999999997442, 0.000000000000000000, -8.525000000000268585 ) ) ;
#908 = EDGE_CURVE ( 'NONE', #281, #589, #90, .T. ) ;
#909 = EDGE_LOOP ( 'NONE', ( #821, #557, #622, #1379 ) ) ;
#910 = AXIS2_PLACEMENT_3D ( 'NONE', #69, #956, #84 ) ;
#911 = CARTESIAN_POINT ( 'NONE',  ( 144.9999999999997442, 0.000000000000000000, -6.500000000000269118 ) ) ;
#912 = CIRCLE ( 'NONE', #1133, 1.249999999999997558 ) ;
#913 = FACE_OUTER_BOUND ( 'NONE', #641, .T. ) ;
#914 = VECTOR ( 'NONE', #1042, 1000.000000000000114 ) ;
#915 = VECTOR ( 'NONE', #941, 1000.000000000000000 ) ;
#916 = LOCAL_TIME ( 19, 23, 51.00000000000000000, #127 ) ;
#917 = CARTESIAN_POINT ( 'NONE',  ( 14.00000000000011013, -42.00000000000000000, -1.250000000000036859 ) ) ;
#918 = AXIS2_PLACEMENT_3D ( 'NONE', #261, #1037, #802 ) ;
#919 = APPROVAL_DATE_TIME ( #6, #953 ) ;
#920 = ORIENTED_EDGE ( 'NONE', *, *, #310, .F. ) ;
#921 = LINE ( 'NONE', #1375, #489 ) ;
#922 = FACE_OUTER_BOUND ( 'NONE', #518, .T. ) ;
#923 = DIRECTION ( 'NONE',  ( 0.000000000000000000, 0.000000000000000000, 1.000000000000000000 ) ) ;
#924 = VERTEX_POINT ( 'NONE', #898 ) ;
#925 = DIRECTION ( 'NONE',  ( 0.000000000000000000, 0.000000000000000000, 1.000000000000000000 ) ) ;
#926 = DIRECTION ( 'NONE',  ( -0.000000000000000000, -1.000000000000000000, -0.000000000000000000 ) ) ;
#927 = EDGE_CURVE ( 'NONE', #1178, #46, #1274, .T. ) ;
#928 = FACE_OUTER_BOUND ( 'NONE', #1003, .T. ) ;
#929 = ORIENTED_EDGE ( 'NONE', *, *, #1043, .F. ) ;
#930 = DIRECTION ( 'NONE',  ( -0.000000000000000000, -1.000000000000000000, -0.000000000000000000 ) ) ;
#931 = AXIS2_PLACEMENT_3D ( 'NONE', #646, #853, #190 ) ;
#932 = LINE ( 'NONE', #693, #798 ) ;
#933 = AXIS2_PLACEMENT_3D ( 'NONE', #96, #1110, #788 ) ;
#934 = DATE_TIME_ROLE ( 'creation_date' ) ;
#935 = VECTOR ( 'NONE', #246, 1000.000000000000000 ) ;
#936 = VECTOR ( 'NONE', #666, 1000.000000000000000 ) ;
#937 = ORIENTED_EDGE ( 'NONE', *, *, #719, .F. ) ;
#938 = ADVANCED_FACE ( 'NONE', ( #559, #101, #882, #238, #426, #781, #344 ), #214, .T. ) ;
#939 = AXIS2_PLACEMENT_3D ( 'NONE', #875, #123, #568 ) ;
#940 = EDGE_LOOP ( 'NONE', ( #1451, #8, #634, #1191 ) ) ;
#941 = DIRECTION ( 'NONE',  ( -0.000000000000000000, -1.000000000000000000, -0.000000000000000000 ) ) ;
#942 = DIRECTION ( 'NONE',  ( -0.000000000000000000, 1.000000000000000000, -0.000000000000000000 ) ) ;
#943 = CARTESIAN_POINT ( 'NONE',  ( 74.99999999999970157, 0.000000000000000000, -4.475000000000145306 ) ) ;
#944 = EDGE_LOOP ( 'NONE', ( #903, #495 ) ) ;
#945 = EDGE_CURVE ( 'NONE', #947, #1086, #684, .T. ) ;
#946 = LINE ( 'NONE', #282, #1229 ) ;
#947 = VERTEX_POINT ( 'NONE', #574 ) ;
#948 = CARTESIAN_POINT ( 'NONE',  ( 144.9999999999997442, 0.000000000000000000, -4.475000000000270539 ) ) ;
#949 = DIRECTION ( 'NONE',  ( -0.000000000000000000, 1.000000000000000000, -0.000000000000000000 ) ) ;
#950 = APPROVAL_STATUS ( 'not_yet_approved' ) ;
#951 = ORIENTED_EDGE ( 'NONE', *, *, #342, .F. ) ;
#952 = DIRECTION ( 'NONE',  ( 0.000000000000000000, -0.000000000000000000, -1.000000000000000000 ) ) ;
#953 = APPROVAL ( #243, 'æœª' ) ;
#954 = EDGE_LOOP ( 'NONE', ( #736, #103, #763, #337 ) ) ;
#955 = DIRECTION ( 'NONE',  ( 0.000000000000000000, 0.000000000000000000, -1.000000000000000000 ) ) ;
#956 = DIRECTION ( 'NONE',  ( -0.000000000000000000, 1.000000000000000000, -0.000000000000000000 ) ) ;
#957 = CIRCLE ( 'NONE', #678, 3.499999999999999556 ) ;
#958 = ORIENTED_EDGE ( 'NONE', *, *, #108, .F. ) ;
#959 = CIRCLE ( 'NONE', #1462, 1.649999999999998579 ) ;
#960 = LINE ( 'NONE', #1350, #1010 ) ;
#961 = AXIS2_PLACEMENT_3D ( 'NONE', #986, #1409, #955 ) ;
#962 = ORIENTED_EDGE ( 'NONE', *, *, #147, .F. ) ;
#963 = CARTESIAN_POINT ( 'NONE',  ( 14.00000000000011013, -42.00000000000000000, -2.500000000000035971 ) ) ;
#964 = CARTESIAN_POINT ( 'NONE',  ( 34.00000000000011369, 6.000000000000000000, -3.750000000000070610 ) ) ;
#965 = VERTEX_POINT ( 'NONE', #550 ) ;
#966 = ORIENTED_EDGE ( 'NONE', *, *, #647, .T. ) ;
#967 = CARTESIAN_POINT ( 'NONE',  ( 0.000000000000000000, 0.000000000000000000, 0.000000000000000000 ) ) ;
#968 = VERTEX_POINT ( 'NONE', #116 ) ;
#969 = DIRECTION ( 'NONE',  ( -0.000000000000000000, -1.000000000000000000, -0.000000000000000000 ) ) ;
#970 = CARTESIAN_POINT ( 'NONE',  ( 109.9999999999997300, 0.3750000000000020539, -4.850000000000201261 ) ) ;
#971 = ADVANCED_FACE ( 'NONE', ( #439 ), #12, .F. ) ;
#972 = ORIENTED_EDGE ( 'NONE', *, *, #1216, .F. ) ;
#973 = ORIENTED_EDGE ( 'NONE', *, *, #794, .T. ) ;
#974 = CARTESIAN_POINT ( 'NONE',  ( 179.9999999999997442, 0.000000000000000000, -6.500000000000339284 ) ) ;
#975 = ORIENTED_EDGE ( 'NONE', *, *, #1477, .F. ) ;
#976 = FACE_OUTER_BOUND ( 'NONE', #1, .T. ) ;
#977 = LINE ( 'NONE', #1418, #1383 ) ;
#978 = CIRCLE ( 'NONE', #133, 1.249999999999999334 ) ;
#979 = EDGE_CURVE ( 'NONE', #1086, #947, #820, .T. ) ;
#980 = ORIENTED_EDGE ( 'NONE', *, *, #262, .T. ) ;
#981 = AXIS2_PLACEMENT_3D ( 'NONE', #1342, #1357, #880 ) ;
#982 = CARTESIAN_POINT ( 'NONE',  ( 34.00000000000011369, 3.000000000000002665, -3.750000000000070610 ) ) ;
#983 = DIRECTION ( 'NONE',  ( 0.000000000000000000, 1.000000000000000000, 0.000000000000000000 ) ) ;
#984 = EDGE_CURVE ( 'NONE', #1459, #515, #1335, .T. ) ;
#985 = VERTEX_POINT ( 'NONE', #662 ) ;
#986 = CARTESIAN_POINT ( 'NONE',  ( 164.9999999999999716, 8.400000000000000355, -6.000000000000000000 ) ) ;
#987 = AXIS2_PLACEMENT_3D ( 'NONE', #1083, #638, #1090 ) ;
#988 = CARTESIAN_POINT ( 'NONE',  ( 34.00000000000009948, -42.00000000000000000, -10.75000000000007461 ) ) ;
#989 = EDGE_LOOP ( 'NONE', ( #411, #194, #299, #1078 ) ) ;
#990 = CARTESIAN_POINT ( 'NONE',  ( 144.9999999999997442, 6.000000000000000000, -6.500000000000269118 ) ) ;
#991 = DIRECTION ( 'NONE',  ( -0.000000000000000000, -1.000000000000000000, -0.000000000000000000 ) ) ;
#992 = EDGE_CURVE ( 'NONE', #152, #1192, #843, .T. ) ;
#993 = EDGE_LOOP ( 'NONE', ( #697, #265, #897, #1413 ) ) ;
#994 = CARTESIAN_POINT ( 'NONE',  ( 54.99999999999997868, 6.000000000000000000, -6.000000000000000000 ) ) ;
#995 = DIRECTION ( 'NONE',  ( 0.000000000000000000, -1.000000000000000000, 0.000000000000000000 ) ) ;
#996 = DIRECTION ( 'NONE',  ( 0.000000000000000000, 0.000000000000000000, -1.000000000000000000 ) ) ;
#997 = CARTESIAN_POINT ( 'NONE',  ( 109.9999999999997300, 0.000000000000000000, -8.525000000000199307 ) ) ;
#998 = EDGE_LOOP ( 'NONE', ( #812, #260, #541, #216 ) ) ;
#999 = DIRECTION ( 'NONE',  ( 0.000000000000000000, 0.000000000000000000, -1.000000000000000000 ) ) ;
#1000 = ADVANCED_FACE ( 'NONE', ( #1238 ), #454, .F. ) ;
#1001 = CARTESIAN_POINT ( 'NONE',  ( 0.000000000000000000, 6.000000000000000000, -12.00000000000000000 ) ) ;
#1002 = ADVANCED_BREP_SHAPE_REPRESENTATION ( '\X2\94fe63a58f74\X0\2', ( #713, #114 ), #535 ) ;
#1003 = EDGE_LOOP ( 'NONE', ( #319, #288, #435, #253 ) ) ;
#1004 = CIRCLE ( 'NONE', #58, 2.024999999999999023 ) ;
#1005 = DIRECTION ( 'NONE',  ( 0.000000000000000000, 1.000000000000000000, 0.000000000000000000 ) ) ;
#1006 = CARTESIAN_POINT ( 'NONE',  ( 74.99999999999970157, 6.000000000000000000, -6.500000000000144773 ) ) ;
#1007 = CIRCLE ( 'NONE', #533, 3.499999999999999556 ) ;
#1008 = ORIENTED_EDGE ( 'NONE', *, *, #1356, .F. ) ;
#1009 = CARTESIAN_POINT ( 'NONE',  ( 74.99999999999970157, 0.000000000000000000, -6.500000000000144773 ) ) ;
#1010 = VECTOR ( 'NONE', #1453, 1000.000000000000000 ) ;
#1011 = CARTESIAN_POINT ( 'NONE',  ( 164.9999999999999716, 8.400000000000000355, -6.000000000000000000 ) ) ;
#1012 = CIRCLE ( 'NONE', #370, 3.499999999999994227 ) ;
#1013 = CIRCLE ( 'NONE', #795, 1.649999999999998579 ) ;
#1014 = CIRCLE ( 'NONE', #158, 1.249999999999997558 ) ;
#1015 = EDGE_CURVE ( 'NONE', #1029, #732, #36, .T. ) ;
#1016 = PLANE ( 'NONE',  #1313 ) ;
#1017 = CARTESIAN_POINT ( 'NONE',  ( 40.00000000000000000, 3.000000000000000000, -12.00000000000000000 ) ) ;
#1018 = ORIENTED_EDGE ( 'NONE', *, *, #287, .F. ) ;
#1019 = DIRECTION ( 'NONE',  ( 0.000000000000000000, -1.000000000000000000, 0.000000000000000000 ) ) ;
#1020 = PLANE ( 'NONE',  #298 ) ;
#1021 = EDGE_CURVE ( 'NONE', #1195, #664, #632, .T. ) ;
#1022 = CARTESIAN_POINT ( 'NONE',  ( 164.9999999999999716, 6.000000000000000000, -6.000000000000000000 ) ) ;
#1023 = CYLINDRICAL_SURFACE ( 'NONE', #1108, 1.249999999999997558 ) ;
#1024 = VERTEX_POINT ( 'NONE', #1455 ) ;
#1025 = CARTESIAN_POINT ( 'NONE',  ( 54.99999999999997868, 8.400000000000000355, -6.000000000000000000 ) ) ;
#1026 = DIRECTION ( 'NONE',  ( -0.000000000000000000, -1.000000000000000000, -0.000000000000000000 ) ) ;
#1027 = DIRECTION ( 'NONE',  ( 1.000000000000000000, 0.000000000000000000, 0.000000000000000000 ) ) ;
#1028 = CALENDAR_DATE ( 2025, 8, 12 ) ;
#1029 = VERTEX_POINT ( 'NONE', #890 ) ;
#1030 = EDGE_CURVE ( 'NONE', #865, #1393, #420, .T. ) ;
#1031 = CARTESIAN_POINT ( 'NONE',  ( 144.9999999999997442, 0.3750000000000020539, -6.500000000000269118 ) ) ;
#1032 = DIRECTION ( 'NONE',  ( -0.000000000000000000, -0.000000000000000000, 1.000000000000000000 ) ) ;
#1033 = VECTOR ( 'NONE', #1441, 1000.000000000000000 ) ;
#1034 = AXIS2_PLACEMENT_3D ( 'NONE', #687, #1139, #316 ) ;
#1035 = CARTESIAN_POINT ( 'NONE',  ( 199.9999999999999716, 6.000000000000000000, 0.000000000000000000 ) ) ;
#1036 = ORIENTED_EDGE ( 'NONE', *, *, #1338, .F. ) ;
#1037 = DIRECTION ( 'NONE',  ( -0.000000000000000000, -1.000000000000000000, -0.000000000000000000 ) ) ;
#1038 = EDGE_CURVE ( 'NONE', #343, #1434, #808, .T. ) ;
#1039 = DIRECTION ( 'NONE',  ( 0.000000000000000000, 1.000000000000000000, 0.000000000000000000 ) ) ;
#1040 = VERTEX_POINT ( 'NONE', #479 ) ;
#1041 = CYLINDRICAL_SURFACE ( 'NONE', #1205, 1.649999999999984812 ) ;
#1042 = DIRECTION ( 'NONE',  ( 8.659560562355072141E-17, -0.7071067811865361374, 0.7071067811865588970 ) ) ;
#1043 = EDGE_CURVE ( 'NONE', #59, #968, #183, .T. ) ;
#1044 = ORIENTED_EDGE ( 'NONE', *, *, #403, .T. ) ;
#1045 = CIRCLE ( 'NONE', #1268, 1.649999999999984812 ) ;
#1046 = EDGE_LOOP ( 'NONE', ( #213, #1444, #226, #248 ) ) ;
#1047 = LINE ( 'NONE', #254, #724 ) ;
#1048 = CIRCLE ( 'NONE', #931, 1.649999999999984812 ) ;
#1049 = DIRECTION ( 'NONE',  ( -0.000000000000000000, -1.000000000000000000, -0.000000000000000000 ) ) ;
#1050 = VECTOR ( 'NONE', #211, 1000.000000000000114 ) ;
#1051 = CARTESIAN_POINT ( 'NONE',  ( 54.99999999999997868, 8.400000000000000355, -3.749999999999997780 ) ) ;
#1052 = EDGE_CURVE ( 'NONE', #1393, #343, #1047, .T. ) ;
#1053 = VECTOR ( 'NONE', #364, 1000.000000000000000 ) ;
#1054 = APPROVAL_PERSON_ORGANIZATION ( #293, #218, #165 ) ;
#1055 = VERTEX_POINT ( 'NONE', #352 ) ;
#1056 = CONICAL_SURFACE ( 'NONE', #1466, 2.024999999999999023, 0.7853981633974644883 ) ;
#1057 = ORIENTED_EDGE ( 'NONE', *, *, #457, .T. ) ;
#1058 = DIRECTION ( 'NONE',  ( -0.000000000000000000, -1.000000000000000000, -0.000000000000000000 ) ) ;
#1059 = ORIENTED_EDGE ( 'NONE', *, *, #520, .F. ) ;
#1060 = CARTESIAN_POINT ( 'NONE',  ( 164.9999999999999716, 4.200000000000000178, -6.000000000000000000 ) ) ;
#1061 = DIRECTION ( 'NONE',  ( -0.000000000000000000, -1.000000000000000000, -0.000000000000000000 ) ) ;
#1062 = CC_DESIGN_PERSON_AND_ORGANIZATION_ASSIGNMENT ( #374, #247, ( #175 ) ) ;
#1063 = EDGE_LOOP ( 'NONE', ( #154, #832 ) ) ;
#1064 = FACE_OUTER_BOUND ( 'NONE', #944, .T. ) ;
#1065 = ORIENTED_EDGE ( 'NONE', *, *, #310, .T. ) ;
#1066 = FACE_OUTER_BOUND ( 'NONE', #26, .T. ) ;
#1067 = CYLINDRICAL_SURFACE ( 'NONE', #675, 1.649999999999984812 ) ;
#1068 = SHAPE_DEFINITION_REPRESENTATION ( #1354, #1002 ) ;
#1069 = ORIENTED_EDGE ( 'NONE', *, *, #70, .F. ) ;
#1070 = EDGE_LOOP ( 'NONE', ( #202, #1094 ) ) ;
#1071 = LINE ( 'NONE', #55, #234 ) ;
#1072 = EDGE_LOOP ( 'NONE', ( #583, #100 ) ) ;
#1073 = CARTESIAN_POINT ( 'NONE',  ( 164.9999999999999716, 4.200000000000000178, -6.000000000000000000 ) ) ;
#1074 = CARTESIAN_POINT ( 'NONE',  ( 34.00000000000011369, 3.000000000000002665, -2.500000000000072831 ) ) ;
#1075 = VECTOR ( 'NONE', #906, 1000.000000000000114 ) ;
#1076 = COORDINATED_UNIVERSAL_TIME_OFFSET ( 8, 0, .AHEAD. ) ;
#1077 = ORIENTED_EDGE ( 'NONE', *, *, #367, .T. ) ;
#1078 = ORIENTED_EDGE ( 'NONE', *, *, #863, .T. ) ;
#1079 = AXIS2_PLACEMENT_3D ( 'NONE', #225, #1096, #1333 ) ;
#1080 = FACE_OUTER_BOUND ( 'NONE', #492, .T. ) ;
#1081 = AXIS2_PLACEMENT_3D ( 'NONE', #266, #1170, #135 ) ;
#1082 = ORIENTED_EDGE ( 'NONE', *, *, #99, .F. ) ;
#1083 = CARTESIAN_POINT ( 'NONE',  ( 54.99999999999997868, 4.200000000000000178, -6.000000000000000000 ) ) ;
#1084 = EDGE_CURVE ( 'NONE', #871, #1040, #394, .T. ) ;
#1085 = CARTESIAN_POINT ( 'NONE',  ( 34.00000000000009948, 6.000000000000000000, -8.250000000000078160 ) ) ;
#1086 = VERTEX_POINT ( 'NONE', #1394 ) ;
#1087 = ORIENTED_EDGE ( 'NONE', *, *, #367, .F. ) ;
#1088 = DIRECTION ( 'NONE',  ( 0.000000000000000000, 0.000000000000000000, -1.000000000000000000 ) ) ;
#1089 = VERTEX_POINT ( 'NONE', #1265 ) ;
#1090 = DIRECTION ( 'NONE',  ( 0.000000000000000000, 0.000000000000000000, -1.000000000000000000 ) ) ;
#1091 = EDGE_CURVE ( 'NONE', #1405, #985, #1014, .T. ) ;
#1092 = FACE_BOUND ( 'NONE', #1070, .T. ) ;
#1093 = EDGE_CURVE ( 'NONE', #132, #357, #921, .T. ) ;
#1094 = ORIENTED_EDGE ( 'NONE', *, *, #667, .T. ) ;
#1095 = DIRECTION ( 'NONE',  ( 0.000000000000000000, -1.000000000000000000, 0.000000000000000000 ) ) ;
#1096 = DIRECTION ( 'NONE',  ( 0.000000000000000000, 1.000000000000000000, 0.000000000000000000 ) ) ;
#1097 = ORIENTED_EDGE ( 'NONE', *, *, #551, .T. ) ;
#1098 = CARTESIAN_POINT ( 'NONE',  ( 74.99999999999970157, 0.3750000000000020539, -8.150000000000142464 ) ) ;
#1099 = DIRECTION ( 'NONE',  ( 0.000000000000000000, 1.000000000000000000, 0.000000000000000000 ) ) ;
#1100 = VECTOR ( 'NONE', #599, 1000.000000000000000 ) ;
#1101 = EDGE_LOOP ( 'NONE', ( #1069, #714, #1415, #1200 ) ) ;
#1102 = EDGE_CURVE ( 'NONE', #529, #416, #139, .T. ) ;
#1103 = AXIS2_PLACEMENT_3D ( 'NONE', #1248, #336, #660 ) ;
#1104 = CARTESIAN_POINT ( 'NONE',  ( 14.00000000000009592, 3.000000000000002665, -10.75000000000003908 ) ) ;
#1105 = PLANE ( 'NONE',  #601 ) ;
#1106 = EDGE_LOOP ( 'NONE', ( #478, #20 ) ) ;
#1107 = DIRECTION ( 'NONE',  ( 0.000000000000000000, 0.000000000000000000, -1.000000000000000000 ) ) ;
#1108 = AXIS2_PLACEMENT_3D ( 'NONE', #458, #1275, #696 ) ;
#1109 = CONICAL_SURFACE ( 'NONE', #918, 2.024999999999999023, 0.7853981633974644883 ) ;
#1110 = DIRECTION ( 'NONE',  ( -0.000000000000000000, -1.000000000000000000, -0.000000000000000000 ) ) ;
#1111 = ORIENTED_EDGE ( 'NONE', *, *, #562, .T. ) ;
#1112 = ORIENTED_EDGE ( 'NONE', *, *, #383, .F. ) ;
#1113 = ADVANCED_FACE ( 'NONE', ( #486 ), #580, .F. ) ;
#1114 = DIRECTION ( 'NONE',  ( 0.000000000000000000, 0.000000000000000000, -1.000000000000000000 ) ) ;
#1115 = EDGE_LOOP ( 'NONE', ( #776, #15 ) ) ;
#1116 = DIRECTION ( 'NONE',  ( 0.000000000000000000, -1.000000000000000000, 0.000000000000000000 ) ) ;
#1117 = DIRECTION ( 'NONE',  ( 0.000000000000000000, -0.000000000000000000, -1.000000000000000000 ) ) ;
#1118 = EDGE_LOOP ( 'NONE', ( #272, #516, #1308, #704 ) ) ;
#1119 = EDGE_LOOP ( 'NONE', ( #498, #756, #431, #738 ) ) ;
#1120 = LINE ( 'NONE', #105, #278 ) ;
#1121 = ORIENTED_EDGE ( 'NONE', *, *, #1306, .T. ) ;
#1122 = DIRECTION ( 'NONE',  ( -0.000000000000000000, -1.000000000000000000, -0.000000000000000000 ) ) ;
#1123 = ADVANCED_FACE ( 'NONE', ( #249 ), #1041, .F. ) ;
#1124 = CARTESIAN_POINT ( 'NONE',  ( 164.9999999999999716, 4.200000000000000178, -6.000000000000000000 ) ) ;
#1125 = CIRCLE ( 'NONE', #600, 1.249999999999999112 ) ;
#1126 = CARTESIAN_POINT ( 'NONE',  ( 0.000000000000000000, 6.000000000000000000, 0.000000000000000000 ) ) ;
#1127 = FACE_OUTER_BOUND ( 'NONE', #1316, .T. ) ;
#1128 = AXIS2_PLACEMENT_3D ( 'NONE', #1124, #995, #1450 ) ;
#1129 = ORIENTED_EDGE ( 'NONE', *, *, #710, .F. ) ;
#1130 = DIRECTION ( 'NONE',  ( 1.000000000000000000, 0.000000000000000000, -0.000000000000000000 ) ) ;
#1131 = CARTESIAN_POINT ( 'NONE',  ( 40.00000000000000000, 0.000000000000000000, -12.00000000000000000 ) ) ;
#1132 = EDGE_CURVE ( 'NONE', #173, #534, #715, .T. ) ;
#1133 = AXIS2_PLACEMENT_3D ( 'NONE', #1471, #983, #1438 ) ;
#1134 = VECTOR ( 'NONE', #9, 1000.000000000000114 ) ;
#1135 = ORIENTED_EDGE ( 'NONE', *, *, #979, .F. ) ;
#1136 = LINE ( 'NONE', #456, #1100 ) ;
#1137 =( LENGTH_UNIT ( ) NAMED_UNIT ( * ) SI_UNIT ( .MILLI., .METRE. ) );
#1138 = ORIENTED_EDGE ( 'NONE', *, *, #159, .T. ) ;
#1139 = DIRECTION ( 'NONE',  ( 0.000000000000000000, -1.000000000000000000, 0.000000000000000000 ) ) ;
#1140 = CYLINDRICAL_SURFACE ( 'NONE', #4, 2.250000000000008882 ) ;
#1141 = EDGE_CURVE ( 'NONE', #1344, #965, #373, .T. ) ;
#1142 = ADVANCED_FACE ( 'NONE', ( #21 ), #1282, .F. ) ;
#1143 = DIRECTION ( 'NONE',  ( 0.000000000000000000, 0.000000000000000000, 1.000000000000000000 ) ) ;
#1144 = APPLICATION_PROTOCOL_DEFINITION ( 'international standard', 'config_control_design', 1994, #753 ) ;
#1145 = ORIENTED_EDGE ( 'NONE', *, *, #1084, .T. ) ;
#1146 = CARTESIAN_POINT ( 'NONE',  ( 54.99999999999997868, 4.200000000000000178, -2.500000000000000000 ) ) ;
#1147 = DIRECTION ( 'NONE',  ( 0.000000000000000000, 0.000000000000000000, -1.000000000000000000 ) ) ;
#1148 = LINE ( 'NONE', #907, #91 ) ;
#1149 = EDGE_CURVE ( 'NONE', #1384, #1210, #257, .T. ) ;
#1150 = EDGE_LOOP ( 'NONE', ( #1440, #760, #725, #65 ) ) ;
#1151 = VECTOR ( 'NONE', #120, 1000.000000000000000 ) ;
#1152 = CARTESIAN_POINT ( 'NONE',  ( 54.99999999999997868, 0.000000000000000000, -6.000000000000000000 ) ) ;
#1153 = DIRECTION ( 'NONE',  ( -0.000000000000000000, -1.000000000000000000, -0.000000000000000000 ) ) ;
#1154 = AXIS2_PLACEMENT_3D ( 'NONE', #480, #1279, #1381 ) ;
#1155 = AXIS2_PLACEMENT_3D ( 'NONE', #297, #494, #1421 ) ;
#1156 = ADVANCED_FACE ( 'NONE', ( #587 ), #1109, .F. ) ;
#1157 = ORIENTED_EDGE ( 'NONE', *, *, #817, .T. ) ;
#1158 = DIRECTION ( 'NONE',  ( 0.000000000000000000, 0.000000000000000000, -1.000000000000000000 ) ) ;
#1159 = EDGE_CURVE ( 'NONE', #732, #1210, #1260, .T. ) ;
#1160 = LINE ( 'NONE', #267, #181 ) ;
#1161 = PERSON_AND_ORGANIZATION ( #402, #630 ) ;
#1162 = ORIENTED_EDGE ( 'NONE', *, *, #1052, .F. ) ;
#1163 = CARTESIAN_POINT ( 'NONE',  ( 14.00000000000009592, 6.000000000000000000, -9.500000000000039080 ) ) ;
#1164 = CARTESIAN_POINT ( 'NONE',  ( 179.9999999999997442, 0.000000000000000000, -8.525000000000337863 ) ) ;
#1165 = ADVANCED_FACE ( 'NONE', ( #1386 ), #129, .F. ) ;
#1166 = LINE ( 'NONE', #718, #1339 ) ;
#1167 = DATE_AND_TIME ( #172, #1388 ) ;
#1168 = ORIENTED_EDGE ( 'NONE', *, *, #196, .F. ) ;
#1169 = ORIENTED_EDGE ( 'NONE', *, *, #680, .T. ) ;
#1170 = DIRECTION ( 'NONE',  ( -0.000000000000000000, -1.000000000000000000, -0.000000000000000000 ) ) ;
#1171 = VECTOR ( 'NONE', #462, 1000.000000000000000 ) ;
#1172 = DIRECTION ( 'NONE',  ( 1.000000000000000000, -0.000000000000000000, 0.000000000000000000 ) ) ;
#1173 = ADVANCED_FACE ( 'NONE', ( #363 ), #813, .F. ) ;
#1174 = LINE ( 'NONE', #1051, #204 ) ;
#1175 = AXIS2_PLACEMENT_3D ( 'NONE', #475, #829, #581 ) ;
#1176 = CIRCLE ( 'NONE', #1175, 1.649999999999998579 ) ;
#1177 = AXIS2_PLACEMENT_3D ( 'NONE', #673, #80, #314 ) ;
#1178 = VERTEX_POINT ( 'NONE', #612 ) ;
#1179 = AXIS2_PLACEMENT_3D ( 'NONE', #590, #603, #827 ) ;
#1180 = ORIENTED_EDGE ( 'NONE', *, *, #908, .T. ) ;
#1181 = CARTESIAN_POINT ( 'NONE',  ( 74.99999999999970157, 0.000000000000000000, -6.500000000000144773 ) ) ;
#1182 = ORIENTED_EDGE ( 'NONE', *, *, #758, .T. ) ;
#1183 = CYLINDRICAL_SURFACE ( 'NONE', #607, 1.249999999999997558 ) ;
#1184 = CARTESIAN_POINT ( 'NONE',  ( 109.9999999999997300, 0.000000000000000000, -4.850000000000201261 ) ) ;
#1185 = ADVANCED_FACE ( 'NONE', ( #1301 ), #193, .F. ) ;
#1186 = ORIENTED_EDGE ( 'NONE', *, *, #1401, .T. ) ;
#1187 = DIRECTION ( 'NONE',  ( 0.000000000000000000, -1.000000000000000000, 0.000000000000000000 ) ) ;
#1188 = ORIENTED_EDGE ( 'NONE', *, *, #1043, .T. ) ;
#1189 = DIRECTION ( 'NONE',  ( 0.000000000000000000, 0.000000000000000000, -1.000000000000000000 ) ) ;
#1190 = CARTESIAN_POINT ( 'NONE',  ( 109.9999999999997300, 0.000000000000000000, -4.475000000000201261 ) ) ;
#1191 = ORIENTED_EDGE ( 'NONE', *, *, #147, .T. ) ;
#1192 = VERTEX_POINT ( 'NONE', #1203 ) ;
#1193 = EDGE_CURVE ( 'NONE', #877, #502, #93, .T. ) ;
#1194 = DIRECTION ( 'NONE',  ( 0.000000000000000000, 0.000000000000000000, -1.000000000000000000 ) ) ;
#1195 = VERTEX_POINT ( 'NONE', #41 ) ;
#1196 = CYLINDRICAL_SURFACE ( 'NONE', #961, 2.250000000000008882 ) ;
#1197 = CIRCLE ( 'NONE', #481, 1.249999999999997558 ) ;
#1198 = CARTESIAN_POINT ( 'NONE',  ( 144.9999999999997442, 0.000000000000000000, -6.500000000000269118 ) ) ;
#1199 = CIRCLE ( 'NONE', #933, 2.024999999999999023 ) ;
#1200 = ORIENTED_EDGE ( 'NONE', *, *, #1417, .F. ) ;
#1201 = VERTEX_POINT ( 'NONE', #500 ) ;
#1202 = VECTOR ( 'NONE', #991, 1000.000000000000000 ) ;
#1203 = CARTESIAN_POINT ( 'NONE',  ( 74.99999999999970157, 0.000000000000000000, -8.525000000000144240 ) ) ;
#1204 = CC_DESIGN_PERSON_AND_ORGANIZATION_ASSIGNMENT ( #1161, #233, ( #277 ) ) ;
#1205 = AXIS2_PLACEMENT_3D ( 'NONE', #911, #698, #1158 ) ;
#1206 = ORIENTED_EDGE ( 'NONE', *, *, #207, .T. ) ;
#1207 = CARTESIAN_POINT ( 'NONE',  ( 0.000000000000000000, 3.000000000000000000, 0.000000000000000000 ) ) ;
#1208 = EDGE_CURVE ( 'NONE', #856, #428, #13, .T. ) ;
#1209 = DIRECTION ( 'NONE',  ( 0.000000000000000000, 0.000000000000000000, 1.000000000000000000 ) ) ;
#1210 = VERTEX_POINT ( 'NONE', #1212 ) ;
#1211 = CARTESIAN_POINT ( 'NONE',  ( 74.99999999999970157, 0.000000000000000000, -6.500000000000144773 ) ) ;
#1212 = CARTESIAN_POINT ( 'NONE',  ( 54.99999999999997868, 0.000000000000000000, -2.500000000000000000 ) ) ;
#1213 = ORIENTED_EDGE ( 'NONE', *, *, #592, .F. ) ;
#1214 = DIRECTION ( 'NONE',  ( 0.000000000000000000, 0.000000000000000000, 1.000000000000000000 ) ) ;
#1215 = FACE_BOUND ( 'NONE', #473, .T. ) ;
#1216 = EDGE_CURVE ( 'NONE', #128, #94, #512, .T. ) ;
#1217 = ORIENTED_EDGE ( 'NONE', *, *, #766, .T. ) ;
#1218 = DIRECTION ( 'NONE',  ( -0.000000000000000000, -1.000000000000000000, -0.000000000000000000 ) ) ;
#1219 = LINE ( 'NONE', #872, #1249 ) ;
#1220 = ORIENTED_EDGE ( 'NONE', *, *, #1299, .T. ) ;
#1221 = DIRECTION ( 'NONE',  ( 0.000000000000000000, 0.000000000000000000, -1.000000000000000000 ) ) ;
#1222 = AXIS2_PLACEMENT_3D ( 'NONE', #1435, #1427, #412 ) ;
#1223 = CARTESIAN_POINT ( 'NONE',  ( 14.00000000000011013, 6.000000000000000000, -2.500000000000035971 ) ) ;
#1224 = EDGE_CURVE ( 'NONE', #1029, #1384, #73, .T. ) ;
#1225 = VECTOR ( 'NONE', #171, 1000.000000000000000 ) ;
#1226 = ORIENTED_EDGE ( 'NONE', *, *, #530, .F. ) ;
#1227 = DIRECTION ( 'NONE',  ( -0.000000000000000000, -1.000000000000000000, -0.000000000000000000 ) ) ;
#1228 = CARTESIAN_POINT ( 'NONE',  ( 74.99999999999970157, 0.000000000000000000, -8.525000000000144240 ) ) ;
#1229 = VECTOR ( 'NONE', #1399, 1000.000000000000000 ) ;
#1230 = ORIENTED_EDGE ( 'NONE', *, *, #1262, .F. ) ;
#1231 = CARTESIAN_POINT ( 'NONE',  ( 54.99999999999997868, 4.200000000000000178, -6.000000000000000000 ) ) ;
#1232 = AXIS2_PLACEMENT_3D ( 'NONE', #1025, #1122, #203 ) ;
#1233 = CARTESIAN_POINT ( 'NONE',  ( 54.99999999999997868, 0.000000000000000000, -6.000000000000000000 ) ) ;
#1234 = VERTEX_POINT ( 'NONE', #864 ) ;
#1235 = DIRECTION ( 'NONE',  ( -0.000000000000000000, -1.000000000000000000, -0.000000000000000000 ) ) ;
#1236 = CARTESIAN_POINT ( 'NONE',  ( 109.9999999999997300, 6.000000000000000000, -8.150000000000199307 ) ) ;
#1237 = VERTEX_POINT ( 'NONE', #745 ) ;
#1238 = FACE_OUTER_BOUND ( 'NONE', #841, .T. ) ;
#1239 = CARTESIAN_POINT ( 'NONE',  ( 164.9999999999999716, 4.200000000000000178, -9.499999999999994671 ) ) ;
#1240 = CARTESIAN_POINT ( 'NONE',  ( 144.9999999999997442, 0.3750000000000020539, -4.850000000000284750 ) ) ;
#1241 = DIRECTION ( 'NONE',  ( -0.000000000000000000, 1.000000000000000000, -0.000000000000000000 ) ) ;
#1242 = ADVANCED_FACE ( 'NONE', ( #1080 ), #1406, .F. ) ;
#1243 = ORIENTED_EDGE ( 'NONE', *, *, #23, .F. ) ;
#1244 = CARTESIAN_POINT ( 'NONE',  ( 0.000000000000000000, 0.000000000000000000, 0.000000000000000000 ) ) ;
#1245 = CARTESIAN_POINT ( 'NONE',  ( 14.00000000000011013, 6.000000000000000000, -1.250000000000036859 ) ) ;
#1246 = VECTOR ( 'NONE', #1424, 1000.000000000000000 ) ;
#1247 = CARTESIAN_POINT ( 'NONE',  ( 74.99999999999970157, 0.000000000000000000, -4.475000000000145306 ) ) ;
#1248 = CARTESIAN_POINT ( 'NONE',  ( 144.9999999999997442, 0.000000000000000000, -6.500000000000269118 ) ) ;
#1249 = VECTOR ( 'NONE', #1241, 1000.000000000000000 ) ;
#1250 = ORIENTED_EDGE ( 'NONE', *, *, #510, .F. ) ;
#1251 = CARTESIAN_POINT ( 'NONE',  ( 74.99999999999970157, 6.000000000000000000, -6.500000000000144773 ) ) ;
#1252 = EDGE_CURVE ( 'NONE', #416, #54, #946, .T. ) ;
#1253 = CIRCLE ( 'NONE', #32, 1.649999999999998579 ) ;
#1254 = DIRECTION ( 'NONE',  ( 0.000000000000000000, 0.000000000000000000, -1.000000000000000000 ) ) ;
#1255 = CONICAL_SURFACE ( 'NONE', #511, 2.024999999999999023, 0.7853981633974644883 ) ;
#1256 = AXIS2_PLACEMENT_3D ( 'NONE', #1031, #461, #468 ) ;
#1257 = CARTESIAN_POINT ( 'NONE',  ( 14.00000000000011013, 6.000000000000000000, -3.750000000000035527 ) ) ;
#1258 = DATE_AND_TIME ( #25, #1463 ) ;
#1259 = ORIENTED_EDGE ( 'NONE', *, *, #241, .T. ) ;
#1260 = LINE ( 'NONE', #1146, #1320 ) ;
#1261 = CARTESIAN_POINT ( 'NONE',  ( 0.000000000000000000, 6.000000000000000000, 0.000000000000000000 ) ) ;
#1262 = EDGE_CURVE ( 'NONE', #343, #407, #156, .T. ) ;
#1263 = PERSON_AND_ORGANIZATION_ROLE ( 'design_supplier' ) ;
#1264 = ORIENTED_EDGE ( 'NONE', *, *, #584, .F. ) ;
#1265 = CARTESIAN_POINT ( 'NONE',  ( 179.9999999999997442, 0.3750000000000020539, -8.150000000000323652 ) ) ;
#1266 = CARTESIAN_POINT ( 'NONE',  ( 14.00000000000011013, 3.000000000000002665, -1.250000000000036859 ) ) ;
#1267 = ADVANCED_FACE ( 'NONE', ( #273 ), #797, .F. ) ;
#1268 = AXIS2_PLACEMENT_3D ( 'NONE', #565, #672, #320 ) ;
#1269 = CARTESIAN_POINT ( 'NONE',  ( 54.99999999999997868, 8.400000000000000355, -8.250000000000001776 ) ) ;
#1270 = EDGE_LOOP ( 'NONE', ( #831, #1226, #878, #1018 ) ) ;
#1271 = CIRCLE ( 'NONE', #623, 1.649999999999998579 ) ;
#1272 = CARTESIAN_POINT ( 'NONE',  ( 14.00000000000009592, -42.00000000000000000, -9.500000000000039080 ) ) ;
#1273 = CARTESIAN_POINT ( 'NONE',  ( 144.9999999999997442, 0.000000000000000000, -6.500000000000269118 ) ) ;
#1274 = CIRCLE ( 'NONE', #1346, 1.249999999999999334 ) ;
#1275 = DIRECTION ( 'NONE',  ( -0.000000000000000000, 1.000000000000000000, -0.000000000000000000 ) ) ;
#1276 = VERTEX_POINT ( 'NONE', #390 ) ;
#1277 = ADVANCED_FACE ( 'NONE', ( #1309 ), #723, .F. ) ;
#1278 = CARTESIAN_POINT ( 'NONE',  ( 199.9999999999999716, 0.000000000000000000, 0.000000000000000000 ) ) ;
#1279 = DIRECTION ( 'NONE',  ( -0.000000000000000000, -1.000000000000000000, -0.000000000000000000 ) ) ;
#1280 = CARTESIAN_POINT ( 'NONE',  ( 34.00000000000011369, 3.000000000000002665, -2.500000000000072831 ) ) ;
#1281 = ORIENTED_EDGE ( 'NONE', *, *, #259, .T. ) ;
#1282 = CYLINDRICAL_SURFACE ( 'NONE', #1081, 3.499999999999994227 ) ;
#1283 = ADVANCED_FACE ( 'NONE', ( #731, #1064 ), #625, .T. ) ;
#1284 = CARTESIAN_POINT ( 'NONE',  ( 0.000000000000000000, 6.000000000000000000, 0.000000000000000000 ) ) ;
#1285 = LINE ( 'NONE', #917, #505 ) ;
#1286 = ORIENTED_EDGE ( 'NONE', *, *, #207, .F. ) ;
#1287 = DIRECTION ( 'NONE',  ( 0.000000000000000000, 0.000000000000000000, -1.000000000000000000 ) ) ;
#1288 = AXIS2_PLACEMENT_3D ( 'NONE', #449, #803, #575 ) ;
#1289 = ORIENTED_EDGE ( 'NONE', *, *, #125, .T. ) ;
#1290 = CARTESIAN_POINT ( 'NONE',  ( 14.00000000000011013, 3.000000000000002665, -2.500000000000035971 ) ) ;
#1291 = DIRECTION ( 'NONE',  ( -0.000000000000000000, -1.000000000000000000, -0.000000000000000000 ) ) ;
#1292 = EDGE_CURVE ( 'NONE', #1393, #865, #1253, .T. ) ;
#1293 = AXIS2_PLACEMENT_3D ( 'NONE', #378, #1049, #823 ) ;
#1294 = ORIENTED_EDGE ( 'NONE', *, *, #228, .F. ) ;
#1295 = DIRECTION ( 'NONE',  ( -0.000000000000000000, -1.000000000000000000, -0.000000000000000000 ) ) ;
#1296 = EDGE_LOOP ( 'NONE', ( #595, #1213 ) ) ;
#1297 = DIRECTION ( 'NONE',  ( -1.000000000000000000, 0.000000000000000000, 0.000000000000000000 ) ) ;
#1298 = CYLINDRICAL_SURFACE ( 'NONE', #415, 1.249999999999999334 ) ;
#1299 = EDGE_CURVE ( 'NONE', #1234, #529, #517, .T. ) ;
#1300 = ORIENTED_EDGE ( 'NONE', *, *, #1021, .F. ) ;
#1301 = FACE_OUTER_BOUND ( 'NONE', #993, .T. ) ;
#1302 = ORIENTED_EDGE ( 'NONE', *, *, #1091, .F. ) ;
#1303 = CARTESIAN_POINT ( 'NONE',  ( 109.9999999999997300, 6.000000000000000000, -4.850000000000201261 ) ) ;
#1304 = CARTESIAN_POINT ( 'NONE',  ( 199.9999999999999716, 0.000000000000000000, -12.00000000000000000 ) ) ;
#1305 = PERSON_AND_ORGANIZATION ( #402, #630 ) ;
#1306 = EDGE_CURVE ( 'NONE', #115, #1459, #1071, .T. ) ;
#1307 = VERTEX_POINT ( 'NONE', #507 ) ;
#1308 = ORIENTED_EDGE ( 'NONE', *, *, #584, .T. ) ;
#1309 = FACE_OUTER_BOUND ( 'NONE', #611, .T. ) ;
#1310 = CONICAL_SURFACE ( 'NONE', #24, 2.024999999999999023, 0.7853981633974459475 ) ;
#1311 = ORIENTED_EDGE ( 'NONE', *, *, #176, .T. ) ;
#1312 = DIRECTION ( 'NONE',  ( 0.000000000000000000, 0.000000000000000000, 1.000000000000000000 ) ) ;
#1313 = AXIS2_PLACEMENT_3D ( 'NONE', #269, #1027, #264 ) ;
#1314 = DIRECTION ( 'NONE',  ( 0.000000000000000000, 0.000000000000000000, -1.000000000000000000 ) ) ;
#1315 = VECTOR ( 'NONE', #569, 1000.000000000000000 ) ;
#1316 = EDGE_LOOP ( 'NONE', ( #929, #160, #184, #975 ) ) ;
#1317 = VECTOR ( 'NONE', #1058, 1000.000000000000000 ) ;
#1318 = FACE_OUTER_BOUND ( 'NONE', #954, .T. ) ;
#1319 = DIRECTION ( 'NONE',  ( -0.000000000000000000, -1.000000000000000000, -0.000000000000000000 ) ) ;
#1320 = VECTOR ( 'NONE', #930, 1000.000000000000000 ) ;
#1321 = EDGE_CURVE ( 'NONE', #1422, #54, #960, .T. ) ;
#1322 = ORIENTED_EDGE ( 'NONE', *, *, #354, .T. ) ;
#1323 = LINE ( 'NONE', #519, #208 ) ;
#1324 = DIRECTION ( 'NONE',  ( 0.000000000000000000, 1.000000000000000000, 0.000000000000000000 ) ) ;
#1325 = ORIENTED_EDGE ( 'NONE', *, *, #1038, .T. ) ;
#1326 = DIRECTION ( 'NONE',  ( 0.000000000000000000, 0.000000000000000000, -1.000000000000000000 ) ) ;
#1327 = DIRECTION ( 'NONE',  ( -0.000000000000000000, -1.000000000000000000, -0.000000000000000000 ) ) ;
#1328 = DIRECTION ( 'NONE',  ( -0.000000000000000000, -1.000000000000000000, -0.000000000000000000 ) ) ;
#1329 = ADVANCED_FACE ( 'NONE', ( #1127 ), #720, .F. ) ;
#1330 = CARTESIAN_POINT ( 'NONE',  ( 109.9999999999997300, 0.3750000000000020539, -8.150000000000199307 ) ) ;
#1331 = ORIENTED_EDGE ( 'NONE', *, *, #259, .F. ) ;
#1332 = CYLINDRICAL_SURFACE ( 'NONE', #554, 2.250000000000001776 ) ;
#1333 = DIRECTION ( 'NONE',  ( 0.000000000000000000, 0.000000000000000000, 1.000000000000000000 ) ) ;
#1334 = EDGE_LOOP ( 'NONE', ( #834, #858 ) ) ;
#1335 = LINE ( 'NONE', #432, #303 ) ;
#1336 = AXIS2_PLACEMENT_3D ( 'NONE', #862, #1218, #659 ) ;
#1337 = DIRECTION ( 'NONE',  ( 0.000000000000000000, 0.000000000000000000, -1.000000000000000000 ) ) ;
#1338 = EDGE_CURVE ( 'NONE', #357, #1024, #912, .T. ) ;
#1339 = VECTOR ( 'NONE', #949, 1000.000000000000000 ) ;
#1340 = ORIENTED_EDGE ( 'NONE', *, *, #396, .F. ) ;
#1341 = DIRECTION ( 'NONE',  ( -0.000000000000000000, -1.000000000000000000, -0.000000000000000000 ) ) ;
#1342 = CARTESIAN_POINT ( 'NONE',  ( 54.99999999999997868, 4.200000000000000178, -6.000000000000000000 ) ) ;
#1343 = AXIS2_PLACEMENT_3D ( 'NONE', #852, #969, #60 ) ;
#1344 = VERTEX_POINT ( 'NONE', #113 ) ;
#1345 = DIRECTION ( 'NONE',  ( 0.000000000000000000, -1.000000000000000000, 0.000000000000000000 ) ) ;
#1346 = AXIS2_PLACEMENT_3D ( 'NONE', #227, #787, #1360 ) ;
#1347 = DIRECTION ( 'NONE',  ( 0.000000000000000000, 0.000000000000000000, -1.000000000000000000 ) ) ;
#1348 = ADVANCED_FACE ( 'NONE', ( #452, #566, #785, #423, #201, #650 ), #1105, .F. ) ;
#1349 = CYLINDRICAL_SURFACE ( 'NONE', #1222, 1.649999999999998579 ) ;
#1350 = CARTESIAN_POINT ( 'NONE',  ( 40.00000000000000000, 0.000000000000000000, -12.00000000000000000 ) ) ;
#1351 = ORIENTED_EDGE ( 'NONE', *, *, #617, .F. ) ;
#1352 = DIRECTION ( 'NONE',  ( 0.000000000000000000, -1.000000000000000000, 0.000000000000000000 ) ) ;
#1353 = CYLINDRICAL_SURFACE ( 'NONE', #1288, 3.499999999999999556 ) ;
#1354 = PRODUCT_DEFINITION_SHAPE ( 'NONE', 'NONE',  #277 ) ;
#1355 = CARTESIAN_POINT ( 'NONE',  ( 25.99999999999974420, 3.000000000000000000, -6.500000000000033751 ) ) ;
#1356 = EDGE_CURVE ( 'NONE', #1307, #169, #1219, .T. ) ;
#1357 = DIRECTION ( 'NONE',  ( -0.000000000000000000, -1.000000000000000000, -0.000000000000000000 ) ) ;
#1358 = ORIENTED_EDGE ( 'NONE', *, *, #855, .T. ) ;
#1359 = EDGE_CURVE ( 'NONE', #1276, #786, #182, .T. ) ;
#1360 = DIRECTION ( 'NONE',  ( 0.000000000000000000, 0.000000000000000000, 1.000000000000000000 ) ) ;
#1361 = FACE_BOUND ( 'NONE', #1425, .T. ) ;
#1362 = ORIENTED_EDGE ( 'NONE', *, *, #1436, .T. ) ;
#1363 = VECTOR ( 'NONE', #441, 1000.000000000000000 ) ;
#1364 = DIRECTION ( 'NONE',  ( 0.000000000000000000, 1.000000000000000000, 0.000000000000000000 ) ) ;
#1365 = CC_DESIGN_APPROVAL ( #7, ( #277 ) ) ;
#1366 = ORIENTED_EDGE ( 'NONE', *, *, #640, .T. ) ;
#1367 = DIRECTION ( 'NONE',  ( 0.000000000000000000, 0.000000000000000000, -1.000000000000000000 ) ) ;
#1368 = ADVANCED_FACE ( 'NONE', ( #341 ), #532, .F. ) ;
#1369 = DIRECTION ( 'NONE',  ( 0.000000000000000000, -1.000000000000000000, 0.000000000000000000 ) ) ;
#1370 = AXIS2_PLACEMENT_3D ( 'NONE', #793, #95, #546 ) ;
#1371 = AXIS2_PLACEMENT_3D ( 'NONE', #338, #1019, #1465 ) ;
#1372 = FACE_BOUND ( 'NONE', #1334, .T. ) ;
#1373 = PERSON_AND_ORGANIZATION ( #402, #630 ) ;
#1374 = ORIENTED_EDGE ( 'NONE', *, *, #307, .F. ) ;
#1375 = CARTESIAN_POINT ( 'NONE',  ( 34.00000000000011369, -42.00000000000000000, -3.750000000000070610 ) ) ;
#1376 = LINE ( 'NONE', #1284, #702 ) ;
#1377 = EDGE_CURVE ( 'NONE', #502, #877, #255, .T. ) ;
#1378 = SECURITY_CLASSIFICATION_LEVEL ( 'unclassified' ) ;
#1379 = ORIENTED_EDGE ( 'NONE', *, *, #1038, .F. ) ;
#1380 = CARTESIAN_POINT ( 'NONE',  ( 0.000000000000000000, 6.000000000000000000, 0.000000000000000000 ) ) ;
#1381 = DIRECTION ( 'NONE',  ( 0.000000000000000000, 0.000000000000000000, -1.000000000000000000 ) ) ;
#1382 = PERSON_AND_ORGANIZATION ( #402, #630 ) ;
#1383 = VECTOR ( 'NONE', #615, 1000.000000000000000 ) ;
#1384 = VERTEX_POINT ( 'NONE', #92 ) ;
#1385 = CIRCLE ( 'NONE', #111, 2.024999999999999023 ) ;
#1386 = FACE_OUTER_BOUND ( 'NONE', #1119, .T. ) ;
#1387 = DIRECTION ( 'NONE',  ( 0.000000000000000000, 0.000000000000000000, -1.000000000000000000 ) ) ;
#1388 = LOCAL_TIME ( 19, 23, 51.00000000000000000, #1076 ) ;
#1389 = AXIS2_PLACEMENT_3D ( 'NONE', #284, #195, #503 ) ;
#1390 = PERSON_AND_ORGANIZATION ( #402, #630 ) ;
#1391 = EDGE_CURVE ( 'NONE', #506, #169, #682, .T. ) ;
#1392 = EDGE_LOOP ( 'NONE', ( #1374, #1464, #686, #223 ) ) ;
#1393 = VERTEX_POINT ( 'NONE', #1236 ) ;
#1394 = CARTESIAN_POINT ( 'NONE',  ( 54.99999999999997868, 6.000000000000000000, -3.749999999999997780 ) ) ;
#1395 = CARTESIAN_POINT ( 'NONE',  ( 25.99999999999974420, 6.000000000000000000, -6.500000000000033751 ) ) ;
#1396 = CARTESIAN_POINT ( 'NONE',  ( 144.9999999999997442, 0.000000000000000000, -4.850000000000284750 ) ) ;
#1397 = EDGE_CURVE ( 'NONE', #1024, #357, #1433, .T. ) ;
#1398 = VERTEX_POINT ( 'NONE', #219 ) ;
#1399 = DIRECTION ( 'NONE',  ( -1.000000000000000000, -0.000000000000000000, -0.000000000000000000 ) ) ;
#1400 = DESIGN_CONTEXT ( 'detailed design', #753, 'design' ) ;
#1401 = EDGE_CURVE ( 'NONE', #1055, #484, #762, .T. ) ;
#1402 = EDGE_LOOP ( 'NONE', ( #499, #973 ) ) ;
#1403 = DIRECTION ( 'NONE',  ( 0.000000000000000000, 0.000000000000000000, -1.000000000000000000 ) ) ;
#1404 = CARTESIAN_POINT ( 'NONE',  ( 25.99999999999974420, 0.000000000000000000, -4.850000000000035172 ) ) ;
#1405 = VERTEX_POINT ( 'NONE', #1446 ) ;
#1406 = CYLINDRICAL_SURFACE ( 'NONE', #1155, 1.649999999999998579 ) ;
#1407 = AXIS2_PLACEMENT_3D ( 'NONE', #654, #773, #109 ) ;
#1408 = ORIENTED_EDGE ( 'NONE', *, *, #1377, .F. ) ;
#1409 = DIRECTION ( 'NONE',  ( -0.000000000000000000, -1.000000000000000000, -0.000000000000000000 ) ) ;
#1410 = EDGE_CURVE ( 'NONE', #407, #343, #1013, .T. ) ;
#1411 = CARTESIAN_POINT ( 'NONE',  ( 74.99999999999970157, 0.3750000000000020539, -4.850000000000146194 ) ) ;
#1412 = AXIS2_PLACEMENT_3D ( 'NONE', #892, #345, #240 ) ;
#1413 = ORIENTED_EDGE ( 'NONE', *, *, #677, .T. ) ;
#1414 = DIRECTION ( 'NONE',  ( -0.000000000000000000, 1.000000000000000000, -0.000000000000000000 ) ) ;
#1415 = ORIENTED_EDGE ( 'NONE', *, *, #992, .T. ) ;
#1416 = FACE_OUTER_BOUND ( 'NONE', #206, .T. ) ;
#1417 = EDGE_CURVE ( 'NONE', #856, #1192, #770, .T. ) ;
#1418 = CARTESIAN_POINT ( 'NONE',  ( 179.9999999999997442, 0.000000000000000000, -8.150000000000323652 ) ) ;
#1419 = ORIENTED_EDGE ( 'NONE', *, *, #984, .T. ) ;
#1420 = ORIENTED_EDGE ( 'NONE', *, *, #1397, .F. ) ;
#1421 = DIRECTION ( 'NONE',  ( 0.000000000000000000, 0.000000000000000000, -1.000000000000000000 ) ) ;
#1422 = VERTEX_POINT ( 'NONE', #98 ) ;
#1423 = CARTESIAN_POINT ( 'NONE',  ( 74.99999999999970157, 6.000000000000000000, -4.850000000000146194 ) ) ;
#1424 = DIRECTION ( 'NONE',  ( 0.000000000000000000, 1.000000000000000000, 0.000000000000000000 ) ) ;
#1425 = EDGE_LOOP ( 'NONE', ( #82, #885 ) ) ;
#1426 = EDGE_CURVE ( 'NONE', #1237, #1024, #549, .T. ) ;
#1427 = DIRECTION ( 'NONE',  ( -0.000000000000000000, -1.000000000000000000, -0.000000000000000000 ) ) ;
#1428 = DIRECTION ( 'NONE',  ( 0.000000000000000000, 0.000000000000000000, -1.000000000000000000 ) ) ;
#1429 = ORIENTED_EDGE ( 'NONE', *, *, #99, .T. ) ;
#1430 = PLANE ( 'NONE',  #239 ) ;
#1431 = CIRCLE ( 'NONE', #346, 1.249999999999997558 ) ;
#1432 = CYLINDRICAL_SURFACE ( 'NONE', #910, 1.249999999999997558 ) ;
#1433 = CIRCLE ( 'NONE', #1177, 1.249999999999997558 ) ;
#1434 = VERTEX_POINT ( 'NONE', #997 ) ;
#1435 = CARTESIAN_POINT ( 'NONE',  ( 25.99999999999974420, 0.000000000000000000, -6.500000000000033751 ) ) ;
#1436 = EDGE_CURVE ( 'NONE', #1459, #529, #1120, .T. ) ;
#1437 = AXIS2_PLACEMENT_3D ( 'NONE', #179, #1297, #1214 ) ;
#1438 = DIRECTION ( 'NONE',  ( 0.000000000000000000, 0.000000000000000000, 1.000000000000000000 ) ) ;
#1439 = AXIS2_PLACEMENT_3D ( 'NONE', #1231, #1116, #333 ) ;
#1440 = ORIENTED_EDGE ( 'NONE', *, *, #262, .F. ) ;
#1441 = DIRECTION ( 'NONE',  ( -0.000000000000000000, -1.000000000000000000, -0.000000000000000000 ) ) ;
#1442 = DIRECTION ( 'NONE',  ( 0.000000000000000000, 1.000000000000000000, 0.000000000000000000 ) ) ;
#1443 = ORIENTED_EDGE ( 'NONE', *, *, #501, .T. ) ;
#1444 = ORIENTED_EDGE ( 'NONE', *, *, #1252, .F. ) ;
#1445 = CARTESIAN_POINT ( 'NONE',  ( 25.99999999999974420, 0.000000000000000000, -8.150000000000032330 ) ) ;
#1446 = CARTESIAN_POINT ( 'NONE',  ( 34.00000000000009948, 3.000000000000002665, -10.75000000000007461 ) ) ;
#1447 = ORIENTED_EDGE ( 'NONE', *, *, #728, .T. ) ;
#1448 = CYLINDRICAL_SURFACE ( 'NONE', #1232, 2.250000000000001776 ) ;
#1449 = EDGE_CURVE ( 'NONE', #801, #924, #1461, .T. ) ;
#1450 = DIRECTION ( 'NONE',  ( 0.000000000000000000, 0.000000000000000000, -1.000000000000000000 ) ) ;
#1451 = ORIENTED_EDGE ( 'NONE', *, *, #758, .F. ) ;
#1452 = DIRECTION ( 'NONE',  ( 0.000000000000000000, 0.000000000000000000, 1.000000000000000000 ) ) ;
#1453 = DIRECTION ( 'NONE',  ( -0.000000000000000000, -1.000000000000000000, -0.000000000000000000 ) ) ;
#1454 = ORIENTED_EDGE ( 'NONE', *, *, #520, .T. ) ;
#1455 = CARTESIAN_POINT ( 'NONE',  ( 34.00000000000011369, 6.000000000000000000, -1.250000000000075273 ) ) ;
#1456 = DIRECTION ( 'NONE',  ( 0.000000000000000000, -1.000000000000000000, 0.000000000000000000 ) ) ;
#1457 = ADVANCED_FACE ( 'NONE', ( #928 ), #1023, .F. ) ;
#1458 = VECTOR ( 'NONE', #1061, 1000.000000000000000 ) ;
#1459 = VERTEX_POINT ( 'NONE', #1035 ) ;
#1460 = CARTESIAN_POINT ( 'NONE',  ( 109.9999999999997300, 0.000000000000000000, -4.475000000000201261 ) ) ;
#1461 = LINE ( 'NONE', #446, #417 ) ;
#1462 = AXIS2_PLACEMENT_3D ( 'NONE', #1395, #711, #1147 ) ;
#1463 = LOCAL_TIME ( 19, 23, 51.00000000000000000, #593 ) ;
#1464 = ORIENTED_EDGE ( 'NONE', *, *, #1159, .T. ) ;
#1465 = DIRECTION ( 'NONE',  ( 0.000000000000000000, 0.000000000000000000, -1.000000000000000000 ) ) ;
#1466 = AXIS2_PLACEMENT_3D ( 'NONE', #163, #51, #418 ) ;
#1467 = CARTESIAN_POINT ( 'NONE',  ( 199.9999999999999716, 6.000000000000000000, -12.00000000000000000 ) ) ;
#1468 = EDGE_CURVE ( 'NONE', #947, #281, #465, .T. ) ;
#1469 = ORIENTED_EDGE ( 'NONE', *, *, #884, .T. ) ;
#1470 = DIRECTION ( 'NONE',  ( 0.000000000000000000, -1.000000000000000000, 0.000000000000000000 ) ) ;
#1471 = CARTESIAN_POINT ( 'NONE',  ( 34.00000000000011369, 6.000000000000000000, -2.500000000000072831 ) ) ;
#1472 = VERTEX_POINT ( 'NONE', #701 ) ;
#1473 = DIRECTION ( 'NONE',  ( 0.000000000000000000, -1.000000000000000000, 0.000000000000000000 ) ) ;
#1474 = FACE_OUTER_BOUND ( 'NONE', #425, .T. ) ;
#1475 = CARTESIAN_POINT ( 'NONE',  ( 14.00000000000009592, 3.000000000000002665, -9.500000000000039080 ) ) ;
#1476 = DIRECTION ( 'NONE',  ( 1.000000000000000000, 0.000000000000000000, 0.000000000000000000 ) ) ;
#1477 = EDGE_CURVE ( 'NONE', #968, #877, #1148, .T. ) ;
ENDSEC;
END-ISO-10303-21;
