ISO-10303-21;
HEADER;
FILE_DESCRIPTION (( 'STEP AP203' ),
    '1' );
FILE_NAME ('1_4.STEP',
    '2025-12-08T11:19:38',
    ( '' ),
    ( '' ),
    'SwSTEP 2.0',
    'SolidWorks 2025',
    '' );
FILE_SCHEMA (( 'CONFIG_CONTROL_DESIGN' ));
ENDSEC;

DATA;
#1 = AXIS2_PLACEMENT_3D ( 'NONE', #4841, #6030, #5431 ) ;
#2 = ADVANCED_FACE ( 'NONE', ( #5791 ), #372, .F. ) ;
#3 = ORIENTED_EDGE ( 'NONE', *, *, #4209, .T. ) ;
#4 = DIRECTION ( 'NONE',  ( -0.3090169943749517811, 0.9510565162951520879, 0.000000000000000000 ) ) ;
#5 = ORIENTED_EDGE ( 'NONE', *, *, #6393, .F. ) ;
#6 = DIRECTION ( 'NONE',  ( 0.8090169943749463410, 0.5877852522924744694, 0.000000000000000000 ) ) ;
#7 = DIRECTION ( 'NONE',  ( 1.807003620809172906E-16, -1.000000000000000000, 0.000000000000000000 ) ) ;
#8 = ORIENTED_EDGE ( 'NONE', *, *, #1609, .F. ) ;
#9 = CARTESIAN_POINT ( 'NONE',  ( 0.4000000000000004108, 5.999999999999999112, 6.000000000000000000 ) ) ;
#10 = ORIENTED_EDGE ( 'NONE', *, *, #3402, .T. ) ;
#11 = VECTOR ( 'NONE', #7845, 1000.000000000000000 ) ;
#12 = ADVANCED_FACE ( 'NONE', ( #5035 ), #6877, .T. ) ;
#13 = DIRECTION ( 'NONE',  ( 0.000000000000000000, 0.000000000000000000, 1.000000000000000000 ) ) ;
#14 = DIRECTION ( 'NONE',  ( 0.5877852522924803536, -0.8090169943749422332, 0.000000000000000000 ) ) ;
#15 = PLANE ( 'NONE',  #3715 ) ;
#16 = DIRECTION ( 'NONE',  ( -0.000000000000000000, -0.000000000000000000, 1.000000000000000000 ) ) ;
#17 = CIRCLE ( 'NONE', #2167, 0.3999999999999999667 ) ;
#18 = VERTEX_POINT ( 'NONE', #1165 ) ;
#19 = DIRECTION ( 'NONE',  ( -0.5877852522924769119, 0.8090169943749446757, 0.000000000000000000 ) ) ;
#20 = EDGE_LOOP ( 'NONE', ( #1636, #2176, #3930, #1039, #2504 ) ) ;
#21 = AXIS2_PLACEMENT_3D ( 'NONE', #421, #4128, #7194 ) ;
#22 = EDGE_CURVE ( 'NONE', #5013, #5555, #3417, .T. ) ;
#23 = CIRCLE ( 'NONE', #1030, 0.4000000000000004108 ) ;
#24 = EDGE_CURVE ( 'NONE', #6970, #7550, #7824, .T. ) ;
#25 = DIRECTION ( 'NONE',  ( 0.000000000000000000, -0.000000000000000000, 1.000000000000000000 ) ) ;
#26 = AXIS2_PLACEMENT_3D ( 'NONE', #903, #859, #5171 ) ;
#27 = ORIENTED_EDGE ( 'NONE', *, *, #3625, .T. ) ;
#28 = CYLINDRICAL_SURFACE ( 'NONE', #3909, 0.3999999999999997446 ) ;
#29 = ORIENTED_EDGE ( 'NONE', *, *, #6520, .F. ) ;
#30 = CARTESIAN_POINT ( 'NONE',  ( 4.618987865332647047, 3.850318311504873137, 7.000000000000000000 ) ) ;
#31 = DIRECTION ( 'NONE',  ( -0.000000000000000000, 0.000000000000000000, 1.000000000000000000 ) ) ;
#32 = VECTOR ( 'NONE', #3905, 1000.000000000000227 ) ;
#33 = EDGE_CURVE ( 'NONE', #4717, #7072, #3001, .T. ) ;
#34 = CARTESIAN_POINT ( 'NONE',  ( 25.00000000000001066, 50.00000000000000000, -24.50000000000002842 ) ) ;
#35 = AXIS2_PLACEMENT_3D ( 'NONE', #2905, #1208, #19 ) ;
#36 = EDGE_CURVE ( 'NONE', #4373, #6522, #2197, .T. ) ;
#37 = ORIENTED_EDGE ( 'NONE', *, *, #7389, .T. ) ;
#38 = CARTESIAN_POINT ( 'NONE',  ( 7.681152949374461691, 5.290067270632348162, 7.000000000000000000 ) ) ;
#39 = DIRECTION ( 'NONE',  ( 0.5877852522924771339, -0.8090169943749444537, -0.000000000000000000 ) ) ;
#40 = CYLINDRICAL_SURFACE ( 'NONE', #920, 0.4000000000000001887 ) ;
#41 = VECTOR ( 'NONE', #4053, 1000.000000000000000 ) ;
#42 = CIRCLE ( 'NONE', #4836, 0.3999999999999999112 ) ;
#43 = ORIENTED_EDGE ( 'NONE', *, *, #468, .F. ) ;
#44 = AXIS2_PLACEMENT_3D ( 'NONE', #3658, #6642, #5363 ) ;
#45 = EDGE_LOOP ( 'NONE', ( #6631, #3983, #3289, #3485 ) ) ;
#46 = CARTESIAN_POINT ( 'NONE',  ( -3.126711513754846017, 4.854101966249680267, 6.000000000000000000 ) ) ;
#47 = VERTEX_POINT ( 'NONE', #4757 ) ;
#48 = CARTESIAN_POINT ( 'NONE',  ( -5.582732300020933458, -2.234524572767770056, -7.000000000000000000 ) ) ;
#49 = LINE ( 'NONE', #2419, #3007 ) ;
#50 = ORIENTED_EDGE ( 'NONE', *, *, #5720, .F. ) ;
#51 = FACE_BOUND ( 'NONE', #7667, .T. ) ;
#52 = AXIS2_PLACEMENT_3D ( 'NONE', #1596, #291, #5235 ) ;
#53 = CARTESIAN_POINT ( 'NONE',  ( -9.000000000000001776, 0.3999999999999679923, 6.000000000000000000 ) ) ;
#54 = CARTESIAN_POINT ( 'NONE',  ( -1.454101966249647049, -5.706339097770934288, 6.000000000000000000 ) ) ;
#55 = DIRECTION ( 'NONE',  ( -1.000000000000000000, -1.807003620809172906E-16, 0.000000000000000000 ) ) ;
#56 = CARTESIAN_POINT ( 'NONE',  ( -0.3999999999999994116, -9.000000000000000000, -6.000000000000000000 ) ) ;
#57 = ORIENTED_EDGE ( 'NONE', *, *, #2227, .T. ) ;
#58 = DIRECTION ( 'NONE',  ( 0.000000000000000000, -0.000000000000000000, -1.000000000000000000 ) ) ;
#59 = ORIENTED_EDGE ( 'NONE', *, *, #1038, .T. ) ;
#60 = EDGE_CURVE ( 'NONE', #7315, #905, #5754, .T. ) ;
#61 = CARTESIAN_POINT ( 'NONE',  ( 5.582732300020962768, -2.234524572767692341, 6.000000000000000000 ) ) ;
#62 = VERTEX_POINT ( 'NONE', #4050 ) ;
#63 = DIRECTION ( 'NONE',  ( 0.5877852522924705836, 0.8090169943749492276, 0.000000000000000000 ) ) ;
#64 = VERTEX_POINT ( 'NONE', #4604 ) ;
#65 = PLANE ( 'NONE',  #2179 ) ;
#66 = DIRECTION ( 'NONE',  ( -0.8090169943749511150, 0.5877852522924682521, 0.000000000000000000 ) ) ;
#67 = EDGE_CURVE ( 'NONE', #3430, #2651, #6776, .T. ) ;
#68 = EDGE_CURVE ( 'NONE', #6435, #2666, #5237, .T. ) ;
#69 = DIRECTION ( 'NONE',  ( 0.000000000000000000, 1.000000000000000000, 0.000000000000000000 ) ) ;
#70 = VERTEX_POINT ( 'NONE', #4008 ) ;
#71 = CARTESIAN_POINT ( 'NONE',  ( 3.526711513754881455, -4.854101966249653621, 6.000000000000000000 ) ) ;
#72 = FACE_OUTER_BOUND ( 'NONE', #5898, .T. ) ;
#73 = CARTESIAN_POINT ( 'NONE',  ( 3.161575555892476963, 8.435901848906445011, -6.000000000000000000 ) ) ;
#74 = EDGE_CURVE ( 'NONE', #1335, #4120, #1047, .T. ) ;
#75 = EDGE_CURVE ( 'NONE', #70, #2163, #1087, .T. ) ;
#76 = ORIENTED_EDGE ( 'NONE', *, *, #7150, .F. ) ;
#77 = ORIENTED_EDGE ( 'NONE', *, *, #3364, .T. ) ;
#78 = CARTESIAN_POINT ( 'NONE',  ( -5.613674068382248805, 7.046038848457532033, -6.000000000000000000 ) ) ;
#79 = VERTEX_POINT ( 'NONE', #7111 ) ;
#80 = DIRECTION ( 'NONE',  ( 8.673617379884035472E-15, -1.000000000000000000, 0.000000000000000000 ) ) ;
#81 = DIRECTION ( 'NONE',  ( -0.000000000000000000, -0.000000000000000000, 1.000000000000000000 ) ) ;
#82 = EDGE_CURVE ( 'NONE', #2325, #7013, #1683, .T. ) ;
#83 = VERTEX_POINT ( 'NONE', #415 ) ;
#84 = CARTESIAN_POINT ( 'NONE',  ( 0.000000000000000000, -6.000000000000000000, 6.000000000000000000 ) ) ;
#85 = CARTESIAN_POINT ( 'NONE',  ( 5.706339097770939617, -1.854101966249629641, -6.000000000000000000 ) ) ;
#86 = VECTOR ( 'NONE', #6460, 1000.000000000000000 ) ;
#87 = CARTESIAN_POINT ( 'NONE',  ( -2.781152949374533723, 8.559508646656381003, -7.000000000000000000 ) ) ;
#88 = CYLINDRICAL_SURFACE ( 'NONE', #2422, 0.4000000000000001887 ) ;
#89 = CARTESIAN_POINT ( 'NONE',  ( 1.454101966249609745, 5.706339097770945834, -6.000000000000000000 ) ) ;
#90 = CARTESIAN_POINT ( 'NONE',  ( 3.203104716004903985, -5.089216067166645097, 6.000000000000000000 ) ) ;
#91 = ORIENTED_EDGE ( 'NONE', *, *, #3898, .T. ) ;
#92 = LINE ( 'NONE', #1983, #2940 ) ;
#93 = EDGE_LOOP ( 'NONE', ( #6644, #278, #3693, #6243 ) ) ;
#94 = ORIENTED_EDGE ( 'NONE', *, *, #2349, .T. ) ;
#95 = VECTOR ( 'NONE', #3366, 1000.000000000000000 ) ;
#96 = FACE_OUTER_BOUND ( 'NONE', #4737, .T. ) ;
#97 = CC_DESIGN_PERSON_AND_ORGANIZATION_ASSIGNMENT ( #5083, #2120, ( #2007 ) ) ;
#98 = FACE_OUTER_BOUND ( 'NONE', #5619, .T. ) ;
#99 = EDGE_LOOP ( 'NONE', ( #2383, #1526, #2572, #5717 ) ) ;
#100 = LINE ( 'NONE', #2513, #7255 ) ;
#101 = PLANE ( 'NONE',  #536 ) ;
#102 = AXIS2_PLACEMENT_3D ( 'NONE', #2033, #216, #4361 ) ;
#103 = CARTESIAN_POINT ( 'NONE',  ( 4.854101966249641187, 3.526711513754897886, 6.000000000000000000 ) ) ;
#104 = VECTOR ( 'NONE', #5293, 1000.000000000000227 ) ;
#105 = ADVANCED_FACE ( 'NONE', ( #4125 ), #486, .T. ) ;
#106 = VERTEX_POINT ( 'NONE', #5996 ) ;
#107 = FACE_OUTER_BOUND ( 'NONE', #3000, .T. ) ;
#108 = PLANE ( 'NONE',  #1041 ) ;
#109 = DIRECTION ( 'NONE',  ( 0.000000000000000000, -0.000000000000000000, 1.000000000000000000 ) ) ;
#110 = ORIENTED_EDGE ( 'NONE', *, *, #5623, .T. ) ;
#111 = AXIS2_PLACEMENT_3D ( 'NONE', #71, #5974, #6045 ) ;
#112 = ADVANCED_FACE ( 'NONE', ( #2270 ), #4091, .F. ) ;
#113 = EDGE_CURVE ( 'NONE', #1553, #6910, #2313, .T. ) ;
#114 = ORIENTED_EDGE ( 'NONE', *, *, #4450, .F. ) ;
#115 = CARTESIAN_POINT ( 'NONE',  ( 6.000000000000003553, -0.3999999999999375722, -6.000000000000000000 ) ) ;
#116 = APPROVAL_PERSON_ORGANIZATION ( #2083, #6289, #302 ) ;
#117 = CIRCLE ( 'NONE', #4916, 0.3999999999999997446 ) ;
#118 = VERTEX_POINT ( 'NONE', #3533 ) ;
#119 = CARTESIAN_POINT ( 'NONE',  ( 8.683115444406384498, -2.400730342856381760, -6.000000000000000000 ) ) ;
#120 = CYLINDRICAL_SURFACE ( 'NONE', #7448, 0.3999999999999993006 ) ;
#121 = ORIENTED_EDGE ( 'NONE', *, *, #2623, .T. ) ;
#122 = CARTESIAN_POINT ( 'NONE',  ( -8.435901848906391720, -3.161575555892626177, 7.000000000000000000 ) ) ;
#123 = CARTESIAN_POINT ( 'NONE',  ( -5.706339097770928070, 1.854101966249668720, 6.000000000000000000 ) ) ;
#124 = AXIS2_PLACEMENT_3D ( 'NONE', #373, #4009, #2865 ) ;
#125 = EDGE_CURVE ( 'NONE', #5399, #3444, #7161, .T. ) ;
#126 = DIRECTION ( 'NONE',  ( -0.3090169943749389025, -0.9510565162951563067, 0.000000000000000000 ) ) ;
#127 = DIRECTION ( 'NONE',  ( 0.000000000000000000, -0.000000000000000000, -1.000000000000000000 ) ) ;
#128 = ADVANCED_FACE ( 'NONE', ( #5357 ), #7792, .F. ) ;
#129 = DIRECTION ( 'NONE',  ( 0.000000000000000000, -0.000000000000000000, 1.000000000000000000 ) ) ;
#130 = CARTESIAN_POINT ( 'NONE',  ( 7.281152949374576799, -5.290067270632186514, 6.000000000000000000 ) ) ;
#131 = VERTEX_POINT ( 'NONE', #1004 ) ;
#132 = CARTESIAN_POINT ( 'NONE',  ( 25.00000000000001066, 50.00000000000000000, -25.40000000000003055 ) ) ;
#133 = VECTOR ( 'NONE', #5016, 1000.000000000000000 ) ;
#134 = ORIENTED_EDGE ( 'NONE', *, *, #5614, .T. ) ;
#135 = ORIENTED_EDGE ( 'NONE', *, *, #5990, .F. ) ;
#136 = AXIS2_PLACEMENT_3D ( 'NONE', #7132, #4774, #3184 ) ;
#137 = CYLINDRICAL_SURFACE ( 'NONE', #3829, 0.4000000000000001887 ) ;
#138 = DIRECTION ( 'NONE',  ( -0.000000000000000000, -0.000000000000000000, -1.000000000000000000 ) ) ;
#139 = ORIENTED_EDGE ( 'NONE', *, *, #5584, .T. ) ;
#140 = LINE ( 'NONE', #4882, #620 ) ;
#141 = VERTEX_POINT ( 'NONE', #6786 ) ;
#142 = DIRECTION ( 'NONE',  ( -0.000000000000000000, -0.000000000000000000, -1.000000000000000000 ) ) ;
#143 = VECTOR ( 'NONE', #2625, 1000.000000000000000 ) ;
#144 = VECTOR ( 'NONE', #6857, 1000.000000000000000 ) ;
#145 = DIRECTION ( 'NONE',  ( -0.8090169943749422332, -0.5877852522924803536, 0.000000000000000000 ) ) ;
#146 = LINE ( 'NONE', #3236, #1173 ) ;
#147 = VERTEX_POINT ( 'NONE', #7306 ) ;
#148 = DIRECTION ( 'NONE',  ( -0.000000000000000000, 1.000000000000000000, -0.000000000000000000 ) ) ;
#149 = AXIS2_PLACEMENT_3D ( 'NONE', #7564, #1653, #2283 ) ;
#150 = DIRECTION ( 'NONE',  ( 0.000000000000000000, -0.000000000000000000, -1.000000000000000000 ) ) ;
#151 = CYLINDRICAL_SURFACE ( 'NONE', #5348, 0.9000000000000014655 ) ;
#152 = ORIENTED_EDGE ( 'NONE', *, *, #6570, .F. ) ;
#153 = ORIENTED_EDGE ( 'NONE', *, *, #3733, .F. ) ;
#154 = EDGE_CURVE ( 'NONE', #905, #5315, #2391, .T. ) ;
#155 = AXIS2_PLACEMENT_3D ( 'NONE', #6434, #7557, #1008 ) ;
#156 = VERTEX_POINT ( 'NONE', #6707 ) ;
#157 = AXIS2_PLACEMENT_3D ( 'NONE', #5566, #150, #6085 ) ;
#158 = CYLINDRICAL_SURFACE ( 'NONE', #7608, 0.3999999999999999667 ) ;
#159 = VECTOR ( 'NONE', #7541, 1000.000000000000114 ) ;
#160 = VERTEX_POINT ( 'NONE', #1274 ) ;
#161 = DIRECTION ( 'NONE',  ( 0.5877852522924832401, -0.8090169943749400128, 0.000000000000000000 ) ) ;
#162 = CARTESIAN_POINT ( 'NONE',  ( -2.781152949374469774, -8.559508646656400543, 7.000000000000000000 ) ) ;
#163 = EDGE_LOOP ( 'NONE', ( #2528, #6928, #4550, #1160 ) ) ;
#164 = CARTESIAN_POINT ( 'NONE',  ( 5.829945895520883603, 1.473679359731688843, -7.000000000000000000 ) ) ;
#165 = AXIS2_PLACEMENT_3D ( 'NONE', #3850, #3255, #2659 ) ;
#166 = EDGE_CURVE ( 'NONE', #5814, #1770, #7542, .T. ) ;
#167 = EDGE_CURVE ( 'NONE', #5067, #6109, #1837, .T. ) ;
#168 = ADVANCED_FACE ( 'NONE', ( #7231 ), #1238, .F. ) ;
#169 = CIRCLE ( 'NONE', #4586, 0.3999999999999997446 ) ;
#170 = CARTESIAN_POINT ( 'NONE',  ( -0.3999999999999994116, -9.000000000000000000, 7.000000000000000000 ) ) ;
#171 = CARTESIAN_POINT ( 'NONE',  ( -7.281152949374536831, 5.290067270632241581, 7.000000000000000000 ) ) ;
#172 = ORIENTED_EDGE ( 'NONE', *, *, #2740, .F. ) ;
#173 = DIRECTION ( 'NONE',  ( -0.9510565162951499785, -0.3090169943749584425, 0.000000000000000000 ) ) ;
#174 = ORIENTED_EDGE ( 'NONE', *, *, #2469, .T. ) ;
#175 = FACE_OUTER_BOUND ( 'NONE', #2606, .T. ) ;
#176 = ORIENTED_EDGE ( 'NONE', *, *, #3939, .F. ) ;
#177 = EDGE_LOOP ( 'NONE', ( #7688, #3144, #6424, #2903, #3498 ) ) ;
#178 = EDGE_CURVE ( 'NONE', #7710, #1457, #3649, .T. ) ;
#179 = CARTESIAN_POINT ( 'NONE',  ( -3.850318311504791868, -4.618987865332716325, -7.000000000000000000 ) ) ;
#180 = LINE ( 'NONE', #3854, #2792 ) ;
#181 = ORIENTED_EDGE ( 'NONE', *, *, #5730, .F. ) ;
#182 = FACE_OUTER_BOUND ( 'NONE', #957, .T. ) ;
#183 = ORIENTED_EDGE ( 'NONE', *, *, #592, .T. ) ;
#184 = DIRECTION ( 'NONE',  ( 0.5877852522924705836, 0.8090169943749492276, 0.000000000000000000 ) ) ;
#185 = CARTESIAN_POINT ( 'NONE',  ( -7.516267050291491891, -4.966460472882315180, -6.000000000000000000 ) ) ;
#186 = ADVANCED_FACE ( 'NONE', ( #7385 ), #6140, .F. ) ;
#187 = DIRECTION ( 'NONE',  ( 0.3090169943749409565, 0.9510565162951556406, 0.000000000000000000 ) ) ;
#188 = LINE ( 'NONE', #6278, #5213 ) ;
#189 = ORIENTED_EDGE ( 'NONE', *, *, #5975, .T. ) ;
#190 = DIRECTION ( 'NONE',  ( 0.9510565162951535312, 0.3090169943749475068, 0.000000000000000000 ) ) ;
#191 = CARTESIAN_POINT ( 'NONE',  ( -3.526711513754811733, -4.854101966249705136, -6.000000000000000000 ) ) ;
#192 = CARTESIAN_POINT ( 'NONE',  ( -3.526711513754845928, 4.854101966249680267, 7.000000000000000000 ) ) ;
#193 = VERTEX_POINT ( 'NONE', #2467 ) ;
#194 = ORIENTED_EDGE ( 'NONE', *, *, #7689, .T. ) ;
#195 = VERTEX_POINT ( 'NONE', #1903 ) ;
#196 = CARTESIAN_POINT ( 'NONE',  ( -5.706339097770928070, 1.854101966249668720, 7.000000000000000000 ) ) ;
#197 = EDGE_CURVE ( 'NONE', #7550, #6142, #6065, .T. ) ;
#198 = APPLICATION_CONTEXT ( 'configuration controlled 3d designs of mechanical parts and assemblies' ) ;
#199 = ORIENTED_EDGE ( 'NONE', *, *, #7099, .T. ) ;
#200 = FACE_OUTER_BOUND ( 'NONE', #4966, .T. ) ;
#201 = EDGE_LOOP ( 'NONE', ( #5386, #5475, #450, #3618 ) ) ;
#202 = DIRECTION ( 'NONE',  ( 0.9510565162951566398, -0.3090169943749381254, 0.000000000000000000 ) ) ;
#203 = CARTESIAN_POINT ( 'NONE',  ( 4.966460472882346266, -7.516267050291470575, -6.000000000000000000 ) ) ;
#204 = CARTESIAN_POINT ( 'NONE',  ( -5.613674068382196403, -7.046038848457569337, 6.000000000000000000 ) ) ;
#205 = ADVANCED_FACE ( 'NONE', ( #641 ), #4840, .F. ) ;
#206 = ORIENTED_EDGE ( 'NONE', *, *, #4158, .F. ) ;
#207 = DIRECTION ( 'NONE',  ( 1.000000000000000000, 0.000000000000000000, 0.000000000000000000 ) ) ;
#208 = VERTEX_POINT ( 'NONE', #2500 ) ;
#209 = CYLINDRICAL_SURFACE ( 'NONE', #7381, 0.4000000000000001887 ) ;
#210 = ORIENTED_EDGE ( 'NONE', *, *, #3601, .T. ) ;
#211 = EDGE_CURVE ( 'NONE', #2739, #4362, #6398, .T. ) ;
#212 = CARTESIAN_POINT ( 'NONE',  ( -3.850318311504792312, -4.618987865332717213, 7.000000000000000000 ) ) ;
#213 = DIRECTION ( 'NONE',  ( 0.000000000000000000, 0.000000000000000000, 1.000000000000000000 ) ) ;
#214 = EDGE_CURVE ( 'NONE', #6659, #5946, #5545, .T. ) ;
#215 = ORIENTED_EDGE ( 'NONE', *, *, #737, .F. ) ;
#216 = DIRECTION ( 'NONE',  ( 0.000000000000000000, -0.000000000000000000, -1.000000000000000000 ) ) ;
#217 = ORIENTED_EDGE ( 'NONE', *, *, #3674, .F. ) ;
#218 = LINE ( 'NONE', #5795, #1802 ) ;
#219 = CARTESIAN_POINT ( 'NONE',  ( 0.000000000000000000, 6.000000000000000000, -6.000000000000000000 ) ) ;
#220 = VECTOR ( 'NONE', #3762, 1000.000000000000000 ) ;
#221 = DIRECTION ( 'NONE',  ( -0.000000000000000000, -0.000000000000000000, 1.000000000000000000 ) ) ;
#222 = CARTESIAN_POINT ( 'NONE',  ( 2.234524572767672801, 5.582732300020971650, -6.000000000000000000 ) ) ;
#223 = EDGE_CURVE ( 'NONE', #7687, #5733, #6671, .T. ) ;
#224 = ORIENTED_EDGE ( 'NONE', *, *, #7058, .F. ) ;
#225 = DIRECTION ( 'NONE',  ( 0.000000000000000000, 0.000000000000000000, 1.000000000000000000 ) ) ;
#226 = CARTESIAN_POINT ( 'NONE',  ( -5.690067270632216179, -7.281152949374556371, -7.000000000000000000 ) ) ;
#227 = FACE_OUTER_BOUND ( 'NONE', #4831, .T. ) ;
#228 = EDGE_LOOP ( 'NONE', ( #5127, #3027, #6401, #6447 ) ) ;
#229 = ORIENTED_EDGE ( 'NONE', *, *, #6258, .F. ) ;
#230 = CIRCLE ( 'NONE', #1492, 0.4000000000000001887 ) ;
#231 = ORIENTED_EDGE ( 'NONE', *, *, #2357, .T. ) ;
#232 = CARTESIAN_POINT ( 'NONE',  ( 1.454101966249609745, 5.706339097770945834, -7.000000000000000000 ) ) ;
#233 = CARTESIAN_POINT ( 'NONE',  ( 4.854101966249641187, 3.526711513754897886, -6.000000000000000000 ) ) ;
#234 = FACE_OUTER_BOUND ( 'NONE', #2005, .T. ) ;
#235 = AXIS2_PLACEMENT_3D ( 'NONE', #6008, #69, #4141 ) ;
#236 = VERTEX_POINT ( 'NONE', #3055 ) ;
#237 = CARTESIAN_POINT ( 'NONE',  ( 1.454101966249729427, -5.706339097770907642, -7.000000000000000000 ) ) ;
#238 = AXIS2_PLACEMENT_3D ( 'NONE', #7537, #2094, #4498 ) ;
#239 = ADVANCED_FACE ( 'NONE', ( #6637 ), #15, .F. ) ;
#240 = VECTOR ( 'NONE', #5005, 1000.000000000000000 ) ;
#241 = AXIS2_PLACEMENT_3D ( 'NONE', #5482, #2987, #3588 ) ;
#242 = DIRECTION ( 'NONE',  ( 1.084202172485504592E-14, -1.000000000000000000, 0.000000000000000000 ) ) ;
#243 = CYLINDRICAL_SURFACE ( 'NONE', #1262, 2.750000000000000000 ) ;
#244 = ORIENTED_EDGE ( 'NONE', *, *, #312, .F. ) ;
#245 = DIRECTION ( 'NONE',  ( -1.000000000000000000, -1.807003620809173892E-16, 0.000000000000000000 ) ) ;
#246 = ORIENTED_EDGE ( 'NONE', *, *, #560, .T. ) ;
#247 = DIRECTION ( 'NONE',  ( 0.000000000000000000, 0.000000000000000000, -1.000000000000000000 ) ) ;
#248 = ORIENTED_EDGE ( 'NONE', *, *, #979, .F. ) ;
#249 = EDGE_CURVE ( 'NONE', #5771, #4029, #4098, .T. ) ;
#250 = DIRECTION ( 'NONE',  ( 0.000000000000000000, -0.000000000000000000, -1.000000000000000000 ) ) ;
#251 = CARTESIAN_POINT ( 'NONE',  ( 10.00000000000000000, 50.00000000000000000, 7.000000000000000000 ) ) ;
#252 = ORIENTED_EDGE ( 'NONE', *, *, #1900, .F. ) ;
#253 = VECTOR ( 'NONE', #1826, 1000.000000000000000 ) ;
#254 = DIRECTION ( 'NONE',  ( 1.000000000000000000, 0.000000000000000000, 0.000000000000000000 ) ) ;
#255 = ORIENTED_EDGE ( 'NONE', *, *, #2245, .F. ) ;
#256 = DIRECTION ( 'NONE',  ( -0.000000000000000000, -0.000000000000000000, -1.000000000000000000 ) ) ;
#257 = FACE_OUTER_BOUND ( 'NONE', #7535, .T. ) ;
#258 = EDGE_CURVE ( 'NONE', #5869, #5849, #606, .T. ) ;
#259 = ADVANCED_FACE ( 'NONE', ( #2429 ), #713, .F. ) ;
#260 = AXIS2_PLACEMENT_3D ( 'NONE', #4739, #4106, #6533 ) ;
#261 =( LENGTH_UNIT ( ) NAMED_UNIT ( * ) SI_UNIT ( .MILLI., .METRE. ) );
#262 = DIRECTION ( 'NONE',  ( 8.673617379884035472E-15, -1.000000000000000000, 0.000000000000000000 ) ) ;
#263 = ORIENTED_EDGE ( 'NONE', *, *, #7576, .F. ) ;
#264 = CARTESIAN_POINT ( 'NONE',  ( 5.829945895520913801, -1.473679359731567384, 7.000000000000000000 ) ) ;
#265 = LINE ( 'NONE', #6281, #1675 ) ;
#266 = CARTESIAN_POINT ( 'NONE',  ( 8.435901848906432576, -3.161575555892506273, -6.000000000000000000 ) ) ;
#267 = CIRCLE ( 'NONE', #4556, 0.4000000000000002442 ) ;
#268 = ORIENTED_EDGE ( 'NONE', *, *, #6371, .F. ) ;
#269 = FACE_BOUND ( 'NONE', #2224, .T. ) ;
#270 = EDGE_LOOP ( 'NONE', ( #7726, #4052, #4621, #4042 ) ) ;
#271 = EDGE_CURVE ( 'NONE', #854, #5067, #6765, .T. ) ;
#272 = EDGE_CURVE ( 'NONE', #6717, #5867, #910, .T. ) ;
#273 = EDGE_LOOP ( 'NONE', ( #5325, #199, #6732, #3370 ) ) ;
#274 = LINE ( 'NONE', #6252, #7227 ) ;
#275 = AXIS2_PLACEMENT_3D ( 'NONE', #1307, #4417, #4899 ) ;
#276 = DIRECTION ( 'NONE',  ( 1.000000000000000000, 0.000000000000000000, 0.000000000000000000 ) ) ;
#277 = CYLINDRICAL_SURFACE ( 'NONE', #3390, 0.4000000000000001887 ) ;
#278 = ORIENTED_EDGE ( 'NONE', *, *, #7319, .F. ) ;
#279 = CARTESIAN_POINT ( 'NONE',  ( 25.00000000000001066, -9.999999999999994671, -25.40000000000003055 ) ) ;
#280 = VECTOR ( 'NONE', #7842, 1000.000000000000000 ) ;
#281 = VECTOR ( 'NONE', #3168, 1000.000000000000000 ) ;
#282 = DIRECTION ( 'NONE',  ( -0.5877852522924803536, 0.8090169943749422332, 0.000000000000000000 ) ) ;
#283 = CARTESIAN_POINT ( 'NONE',  ( -1.473679359731585148, -5.829945895520909360, -7.000000000000000000 ) ) ;
#284 = CIRCLE ( 'NONE', #6356, 0.3999999999999999112 ) ;
#285 = ORIENTED_EDGE ( 'NONE', *, *, #6016, .T. ) ;
#286 = DIRECTION ( 'NONE',  ( 0.9510565162951566398, -0.3090169943749381254, 0.000000000000000000 ) ) ;
#287 = VERTEX_POINT ( 'NONE', #6937 ) ;
#288 = DIRECTION ( 'NONE',  ( -0.000000000000000000, -0.000000000000000000, 1.000000000000000000 ) ) ;
#289 = ORIENTED_EDGE ( 'NONE', *, *, #6358, .T. ) ;
#290 = AXIS2_PLACEMENT_3D ( 'NONE', #5673, #7512, #921 ) ;
#291 = DIRECTION ( 'NONE',  ( 0.000000000000000000, 0.000000000000000000, 1.000000000000000000 ) ) ;
#292 = FACE_OUTER_BOUND ( 'NONE', #2758, .T. ) ;
#293 = AXIS2_PLACEMENT_3D ( 'NONE', #5948, #5426, #527 ) ;
#294 = VERTEX_POINT ( 'NONE', #1509 ) ;
#295 = CARTESIAN_POINT ( 'NONE',  ( -2.781152949374469774, -8.559508646656400543, 6.000000000000000000 ) ) ;
#296 = ADVANCED_FACE ( 'NONE', ( #867 ), #6335, .F. ) ;
#297 = ORIENTED_EDGE ( 'NONE', *, *, #6510, .F. ) ;
#298 = DIRECTION ( 'NONE',  ( 0.8090169943749465631, 0.5877852522924744694, -0.000000000000000000 ) ) ;
#299 = DIRECTION ( 'NONE',  ( 0.3090169943749583314, -0.9510565162951499785, 0.000000000000000000 ) ) ;
#300 = VERTEX_POINT ( 'NONE', #6980 ) ;
#301 = CIRCLE ( 'NONE', #2702, 0.4000000000000001332 ) ;
#302 = APPROVAL_ROLE ( '' ) ;
#303 = DIRECTION ( 'NONE',  ( -0.000000000000000000, 1.000000000000000000, -0.000000000000000000 ) ) ;
#304 = VERTEX_POINT ( 'NONE', #7577 ) ;
#305 = CARTESIAN_POINT ( 'NONE',  ( 3.850318311504757229, 4.618987865332744747, -6.000000000000000000 ) ) ;
#306 = EDGE_CURVE ( 'NONE', #3958, #5632, #5701, .T. ) ;
#307 = EDGE_CURVE ( 'NONE', #3665, #6456, #7527, .T. ) ;
#308 = CARTESIAN_POINT ( 'NONE',  ( 5.829945895520883603, 1.473679359731688843, 6.000000000000000000 ) ) ;
#309 = DIRECTION ( 'NONE',  ( 0.8090169943749463410, 0.5877852522924744694, 0.000000000000000000 ) ) ;
#310 = EDGE_LOOP ( 'NONE', ( #7466, #7294, #1649, #4315, #3090 ) ) ;
#311 = ORIENTED_EDGE ( 'NONE', *, *, #5520, .F. ) ;
#312 = EDGE_CURVE ( 'NONE', #7769, #4466, #6372, .T. ) ;
#313 = DIRECTION ( 'NONE',  ( 0.3090169943749517256, -0.9510565162951521989, -0.000000000000000000 ) ) ;
#314 = PLANE ( 'NONE',  #2769 ) ;
#315 = EDGE_CURVE ( 'NONE', #304, #5019, #5734, .T. ) ;
#316 = FACE_BOUND ( 'NONE', #5547, .T. ) ;
#317 = ORIENTED_EDGE ( 'NONE', *, *, #1945, .F. ) ;
#318 = CARTESIAN_POINT ( 'NONE',  ( 5.690067270632161112, 7.281152949374595451, 6.000000000000000000 ) ) ;
#319 = CYLINDRICAL_SURFACE ( 'NONE', #932, 0.3999999999999993006 ) ;
#320 = DIRECTION ( 'NONE',  ( -0.000000000000000000, -0.000000000000000000, 1.000000000000000000 ) ) ;
#321 = EDGE_LOOP ( 'NONE', ( #2136, #2417, #5569, #4380 ) ) ;
#322 = DIRECTION ( 'NONE',  ( -0.000000000000000000, -1.000000000000000000, -0.000000000000000000 ) ) ;
#323 = ORIENTED_EDGE ( 'NONE', *, *, #3783, .T. ) ;
#324 = CARTESIAN_POINT ( 'NONE',  ( 8.559508646656350805, 2.781152949374624317, 6.000000000000000000 ) ) ;
#325 = ORIENTED_EDGE ( 'NONE', *, *, #1365, .T. ) ;
#326 = CARTESIAN_POINT ( 'NONE',  ( 7.281152949374462224, 5.290067270632348162, 7.000000000000000000 ) ) ;
#327 = FACE_BOUND ( 'NONE', #3043, .T. ) ;
#328 = EDGE_LOOP ( 'NONE', ( #7417, #4728, #7028, #1412, #6900 ) ) ;
#329 = DIRECTION ( 'NONE',  ( 0.3090169943749409565, 0.9510565162951556406, 0.000000000000000000 ) ) ;
#330 = CARTESIAN_POINT ( 'NONE',  ( -9.000000000000000000, -3.197442310920450836E-14, -6.000000000000000000 ) ) ;
#331 = ORIENTED_EDGE ( 'NONE', *, *, #5469, .F. ) ;
#332 = CARTESIAN_POINT ( 'NONE',  ( -7.046038848457510717, -5.613674068382271898, 6.000000000000000000 ) ) ;
#333 = PLANE ( 'NONE',  #1546 ) ;
#334 = EDGE_CURVE ( 'NONE', #4444, #3857, #5356, .T. ) ;
#335 = PERSON_AND_ORGANIZATION ( #6561, #5416 ) ;
#336 = DIRECTION ( 'NONE',  ( 0.000000000000000000, 0.000000000000000000, 1.000000000000000000 ) ) ;
#337 = ORIENTED_EDGE ( 'NONE', *, *, #7228, .F. ) ;
#338 = LINE ( 'NONE', #383, #2517 ) ;
#339 = VERTEX_POINT ( 'NONE', #5742 ) ;
#340 = LINE ( 'NONE', #2756, #1799 ) ;
#341 = DIRECTION ( 'NONE',  ( -0.000000000000000000, -0.000000000000000000, -1.000000000000000000 ) ) ;
#342 = ORIENTED_EDGE ( 'NONE', *, *, #5469, .T. ) ;
#343 = ORIENTED_EDGE ( 'NONE', *, *, #3511, .T. ) ;
#344 = ADVANCED_FACE ( 'NONE', ( #6380 ), #319, .F. ) ;
#345 = VECTOR ( 'NONE', #3964, 1000.000000000000000 ) ;
#346 = EDGE_LOOP ( 'NONE', ( #6256, #3637, #7797, #4653, #5617 ) ) ;
#347 = CARTESIAN_POINT ( 'NONE',  ( 5.290067270632160756, 7.281152949374595451, 7.000000000000000000 ) ) ;
#348 = CARTESIAN_POINT ( 'NONE',  ( 8.559508646656407649, -2.781152949374444017, -6.000000000000000000 ) ) ;
#349 = CARTESIAN_POINT ( 'NONE',  ( 3.203104716004903985, -5.089216067166645097, 6.000000000000000000 ) ) ;
#350 = DIRECTION ( 'NONE',  ( 1.000000000000000000, 0.000000000000000000, 0.000000000000000000 ) ) ;
#351 = ORIENTED_EDGE ( 'NONE', *, *, #3051, .T. ) ;
#352 = DIRECTION ( 'NONE',  ( -0.000000000000000000, 1.000000000000000000, -0.000000000000000000 ) ) ;
#353 = AXIS2_PLACEMENT_3D ( 'NONE', #5382, #4869, #1231 ) ;
#354 = EDGE_CURVE ( 'NONE', #4898, #3660, #2654, .T. ) ;
#355 = EDGE_CURVE ( 'NONE', #2216, #1908, #7620, .T. ) ;
#356 = DIRECTION ( 'NONE',  ( -1.000000000000000000, 0.000000000000000000, 0.000000000000000000 ) ) ;
#357 = DIRECTION ( 'NONE',  ( -1.000000000000000000, 0.000000000000000000, 0.000000000000000000 ) ) ;
#358 = CIRCLE ( 'NONE', #1634, 0.4000000000000000222 ) ;
#359 = AXIS2_PLACEMENT_3D ( 'NONE', #4538, #2883, #7094 ) ;
#360 = ORIENTED_EDGE ( 'NONE', *, *, #793, .T. ) ;
#361 = LINE ( 'NONE', #3329, #7190 ) ;
#362 = VERTEX_POINT ( 'NONE', #4593 ) ;
#363 = CARTESIAN_POINT ( 'NONE',  ( -5.290067270632270002, 7.281152949374520844, -6.000000000000000000 ) ) ;
#364 = ORIENTED_EDGE ( 'NONE', *, *, #3269, .T. ) ;
#366 = EDGE_CURVE ( 'NONE', #7518, #7101, #6670, .T. ) ;
#365 = SECURITY_CLASSIFICATION ( '', '', #5758 ) ;
#367 = VECTOR ( 'NONE', #3429, 1000.000000000000114 ) ;
#368 = EDGE_CURVE ( 'NONE', #1968, #905, #3403, .T. ) ;
#369 = ORIENTED_EDGE ( 'NONE', *, *, #5816, .F. ) ;
#370 = FACE_OUTER_BOUND ( 'NONE', #4686, .T. ) ;
#371 = CARTESIAN_POINT ( 'NONE',  ( -4.966460472882237909, -7.516267050291545182, -6.000000000000000000 ) ) ;
#372 = CYLINDRICAL_SURFACE ( 'NONE', #1985, 0.3999999999999993006 ) ;
#373 = CARTESIAN_POINT ( 'NONE',  ( 25.00000000000001066, 50.00000000000000000, -24.50000000000002842 ) ) ;
#374 = DIRECTION ( 'NONE',  ( -1.000000000000000000, 0.000000000000000000, 0.000000000000000000 ) ) ;
#375 = ORIENTED_EDGE ( 'NONE', *, *, #3844, .T. ) ;
#376 = DIRECTION ( 'NONE',  ( -0.9510565162951549745, 0.3090169943749427883, 0.000000000000000000 ) ) ;
#377 = DIRECTION ( 'NONE',  ( -0.3090169943749381254, -0.9510565162951566398, 0.000000000000000000 ) ) ;
#378 = ORIENTED_EDGE ( 'NONE', *, *, #7534, .F. ) ;
#379 = AXIS2_PLACEMENT_3D ( 'NONE', #642, #4758, #1206 ) ;
#380 = CALENDAR_DATE ( 2025, 8, 12 ) ;
#381 = CARTESIAN_POINT ( 'NONE',  ( -0.4000000000000004108, -5.999999999999999112, -6.000000000000000000 ) ) ;
#382 = ORIENTED_EDGE ( 'NONE', *, *, #6933, .T. ) ;
#383 = CARTESIAN_POINT ( 'NONE',  ( 1.473679359731668193, -5.829945895520888932, -6.000000000000000000 ) ) ;
#384 = CARTESIAN_POINT ( 'NONE',  ( -7.681152949374500771, -5.290067270632293095, -6.000000000000000000 ) ) ;
#385 = DIRECTION ( 'NONE',  ( -0.000000000000000000, -0.000000000000000000, -1.000000000000000000 ) ) ;
#386 = VERTEX_POINT ( 'NONE', #399 ) ;
#387 = ORIENTED_EDGE ( 'NONE', *, *, #1775, .T. ) ;
#388 = CIRCLE ( 'NONE', #4804, 0.9000000000000014655 ) ;
#389 = ORIENTED_EDGE ( 'NONE', *, *, #613, .T. ) ;
#390 = AXIS2_PLACEMENT_3D ( 'NONE', #5674, #3971, #5149 ) ;
#391 = CARTESIAN_POINT ( 'NONE',  ( 5.582732300020916583, 2.234524572767808692, -7.000000000000000000 ) ) ;
#392 = FACE_BOUND ( 'NONE', #7067, .T. ) ;
#393 = CARTESIAN_POINT ( 'NONE',  ( -3.181152949374533634, 8.559508646656381003, -6.000000000000000000 ) ) ;
#394 = EDGE_CURVE ( 'NONE', #5248, #3261, #2816, .T. ) ;
#395 = VERTEX_POINT ( 'NONE', #2220 ) ;
#396 = LINE ( 'NONE', #2813, #159 ) ;
#397 = CIRCLE ( 'NONE', #4422, 0.3999999999999999112 ) ;
#398 = AXIS2_PLACEMENT_3D ( 'NONE', #824, #5534, #6779 ) ;
#399 = CARTESIAN_POINT ( 'NONE',  ( -10.00000000000000000, 50.00000000000000000, -7.000000000000000000 ) ) ;
#400 = DIRECTION ( 'NONE',  ( -0.9510565162951566398, 0.3090169943749381254, 0.000000000000000000 ) ) ;
#401 = VERTEX_POINT ( 'NONE', #4630 ) ;
#402 = DIRECTION ( 'NONE',  ( -0.5877852522924656986, -0.8090169943749528914, 0.000000000000000000 ) ) ;
#403 = EDGE_CURVE ( 'NONE', #6477, #6448, #6904, .T. ) ;
#404 = ADVANCED_FACE ( 'NONE', ( #6294 ), #2068, .F. ) ;
#405 = EDGE_CURVE ( 'NONE', #1968, #195, #3208, .T. ) ;
#406 = VERTEX_POINT ( 'NONE', #7536 ) ;
#407 = VECTOR ( 'NONE', #6848, 1000.000000000000000 ) ;
#408 = LINE ( 'NONE', #4512, #4079 ) ;
#409 = ORIENTED_EDGE ( 'NONE', *, *, #6959, .F. ) ;
#410 = CIRCLE ( 'NONE', #780, 0.3999999999999999112 ) ;
#411 = AXIS2_PLACEMENT_3D ( 'NONE', #3591, #2445, #7317 ) ;
#412 = ORIENTED_EDGE ( 'NONE', *, *, #5429, .F. ) ;
#413 = FACE_OUTER_BOUND ( 'NONE', #2994, .T. ) ;
#414 = DIRECTION ( 'NONE',  ( -0.000000000000000000, -0.000000000000000000, -1.000000000000000000 ) ) ;
#415 = CARTESIAN_POINT ( 'NONE',  ( -2.400730342856408406, -8.683115444406379169, -7.000000000000000000 ) ) ;
#416 = CARTESIAN_POINT ( 'NONE',  ( -7.516267050291528307, 4.966460472882263666, 6.000000000000000000 ) ) ;
#417 = CIRCLE ( 'NONE', #2296, 0.4000000000000004108 ) ;
#418 = AXIS2_PLACEMENT_3D ( 'NONE', #6741, #5581, #3722 ) ;
#419 = ADVANCED_FACE ( 'NONE', ( #3911 ), #7611, .F. ) ;
#420 = EDGE_LOOP ( 'NONE', ( #6856, #2802, #5276, #2971 ) ) ;
#421 = CARTESIAN_POINT ( 'NONE',  ( -5.706339097770914748, -1.854101966249709799, -6.000000000000000000 ) ) ;
#422 = FACE_OUTER_BOUND ( 'NONE', #1438, .T. ) ;
#423 = ORIENTED_EDGE ( 'NONE', *, *, #6208, .F. ) ;
#424 = VECTOR ( 'NONE', #5785, 1000.000000000000000 ) ;
#425 = VECTOR ( 'NONE', #2715, 1000.000000000000000 ) ;
#426 = DIRECTION ( 'NONE',  ( -4.336808689942017736E-15, 1.000000000000000000, 0.000000000000000000 ) ) ;
#427 = VECTOR ( 'NONE', #7652, 1000.000000000000000 ) ;
#428 = DIRECTION ( 'NONE',  ( 0.000000000000000000, 0.000000000000000000, 1.000000000000000000 ) ) ;
#429 = EDGE_CURVE ( 'NONE', #3060, #5160, #1834, .T. ) ;
#430 = ORIENTED_EDGE ( 'NONE', *, *, #6757, .F. ) ;
#431 = DIRECTION ( 'NONE',  ( -0.8090169943749444537, -0.5877852522924771339, 0.000000000000000000 ) ) ;
#432 = DIRECTION ( 'NONE',  ( -1.000000000000000000, 0.000000000000000000, 0.000000000000000000 ) ) ;
#433 = CIRCLE ( 'NONE', #4848, 0.3999999999999999667 ) ;
#434 = VERTEX_POINT ( 'NONE', #2762 ) ;
#435 = ORIENTED_EDGE ( 'NONE', *, *, #5623, .F. ) ;
#436 = ORIENTED_EDGE ( 'NONE', *, *, #3987, .T. ) ;
#437 = DIRECTION ( 'NONE',  ( -0.8090169943749419001, -0.5877852522924807976, 0.000000000000000000 ) ) ;
#438 = CARTESIAN_POINT ( 'NONE',  ( 2.781152949374594563, -8.559508646656361464, 6.000000000000000000 ) ) ;
#439 = DIRECTION ( 'NONE',  ( 1.000000000000000000, 0.000000000000000000, -0.000000000000000000 ) ) ;
#440 = CARTESIAN_POINT ( 'NONE',  ( 5.582732300020962768, -2.234524572767692341, -6.000000000000000000 ) ) ;
#441 = ORIENTED_EDGE ( 'NONE', *, *, #4571, .F. ) ;
#442 = EDGE_CURVE ( 'NONE', #7516, #2043, #4864, .T. ) ;
#443 = DIRECTION ( 'NONE',  ( -0.000000000000000000, 0.000000000000000000, -1.000000000000000000 ) ) ;
#444 = ORIENTED_EDGE ( 'NONE', *, *, #6959, .T. ) ;
#445 = DIRECTION ( 'NONE',  ( -0.000000000000000000, -0.000000000000000000, -1.000000000000000000 ) ) ;
#446 = VERTEX_POINT ( 'NONE', #981 ) ;
#447 = CARTESIAN_POINT ( 'NONE',  ( 0.4000000000000004108, 5.999999999999999112, 6.000000000000000000 ) ) ;
#448 = ORIENTED_EDGE ( 'NONE', *, *, #4046, .F. ) ;
#449 = ADVANCED_FACE ( 'NONE', ( #2806 ), #7051, .F. ) ;
#450 = ORIENTED_EDGE ( 'NONE', *, *, #1322, .T. ) ;
#451 = CARTESIAN_POINT ( 'NONE',  ( 1.854101966249729561, -5.706339097770907642, -6.000000000000000000 ) ) ;
#452 = LINE ( 'NONE', #1597, #4817 ) ;
#453 = CARTESIAN_POINT ( 'NONE',  ( 2.234524572767789152, -5.582732300020924576, -7.000000000000000000 ) ) ;
#454 = CYLINDRICAL_SURFACE ( 'NONE', #3912, 0.4000000000000001887 ) ;
#455 = ORIENTED_EDGE ( 'NONE', *, *, #22, .F. ) ;
#456 = DIRECTION ( 'NONE',  ( 0.3090169943749409565, 0.9510565162951556406, 0.000000000000000000 ) ) ;
#457 = CARTESIAN_POINT ( 'NONE',  ( -25.00000000000000711, -9.999999999999994671, -24.50000000000002132 ) ) ;
#458 = EDGE_LOOP ( 'NONE', ( #2838, #4601, #5015, #4892, #5678 ) ) ;
#459 = EDGE_CURVE ( 'NONE', #5059, #3479, #2646, .T. ) ;
#460 = ADVANCED_FACE ( 'NONE', ( #6896 ), #3872, .F. ) ;
#461 = DIRECTION ( 'NONE',  ( -4.336808689942017736E-15, 1.000000000000000000, 0.000000000000000000 ) ) ;
#462 = VERTEX_POINT ( 'NONE', #587 ) ;
#463 = CARTESIAN_POINT ( 'NONE',  ( 0.3999999999999994116, 9.000000000000000000, 6.000000000000000000 ) ) ;
#464 = VERTEX_POINT ( 'NONE', #4818 ) ;
#465 = CARTESIAN_POINT ( 'NONE',  ( -3.203104716004866681, 5.089216067166669966, -7.000000000000000000 ) ) ;
#466 = DIRECTION ( 'NONE',  ( -1.000000000000000000, 0.000000000000000000, 0.000000000000000000 ) ) ;
#467 = ORIENTED_EDGE ( 'NONE', *, *, #2526, .F. ) ;
#468 = EDGE_CURVE ( 'NONE', #7487, #1818, #5407, .T. ) ;
#469 = ORIENTED_EDGE ( 'NONE', *, *, #2537, .T. ) ;
#470 = DIRECTION ( 'NONE',  ( -0.5877852522924744694, 0.8090169943749465631, 0.000000000000000000 ) ) ;
#471 = CARTESIAN_POINT ( 'NONE',  ( -8.435901848906413036, 3.161575555892564449, -6.000000000000000000 ) ) ;
#472 = CARTESIAN_POINT ( 'NONE',  ( -2.234524572767709660, -5.582732300020956551, -6.000000000000000000 ) ) ;
#473 = VERTEX_POINT ( 'NONE', #1659 ) ;
#474 = VECTOR ( 'NONE', #714, 1000.000000000000000 ) ;
#475 = AXIS2_PLACEMENT_3D ( 'NONE', #4108, #4661, #6535 ) ;
#476 = DIRECTION ( 'NONE',  ( -0.9510565162951566398, 0.3090169943749381254, 0.000000000000000000 ) ) ;
#477 = VERTEX_POINT ( 'NONE', #1702 ) ;
#478 = CARTESIAN_POINT ( 'NONE',  ( 3.526711513754774874, 4.854101966249730893, 6.000000000000000000 ) ) ;
#479 = CIRCLE ( 'NONE', #6956, 0.3999999999999995781 ) ;
#480 = ORIENTED_EDGE ( 'NONE', *, *, #74, .F. ) ;
#481 = FACE_OUTER_BOUND ( 'NONE', #2076, .T. ) ;
#482 = ORIENTED_EDGE ( 'NONE', *, *, #5524, .T. ) ;
#483 = AXIS2_PLACEMENT_3D ( 'NONE', #808, #3229, #2627 ) ;
#484 = CARTESIAN_POINT ( 'NONE',  ( -2.234524572767749628, 5.582732300020941452, 7.000000000000000000 ) ) ;
#485 = FACE_OUTER_BOUND ( 'NONE', #2263, .T. ) ;
#486 = PLANE ( 'NONE',  #1082 ) ;
#487 = CARTESIAN_POINT ( 'NONE',  ( -5.829945895520895149, -1.473679359731648209, 6.000000000000000000 ) ) ;
#488 = ORIENTED_EDGE ( 'NONE', *, *, #688, .T. ) ;
#489 = CARTESIAN_POINT ( 'NONE',  ( 7.281152949374576799, -5.290067270632186514, -7.000000000000000000 ) ) ;
#490 = DIRECTION ( 'NONE',  ( -0.000000000000000000, 0.000000000000000000, 1.000000000000000000 ) ) ;
#491 = VERTEX_POINT ( 'NONE', #4069 ) ;
#492 = CIRCLE ( 'NONE', #2510, 0.3999999999999999112 ) ;
#493 = EDGE_CURVE ( 'NONE', #2228, #1157, #3557, .T. ) ;
#494 = AXIS2_PLACEMENT_3D ( 'NONE', #4819, #6653, #3629 ) ;
#495 = DIRECTION ( 'NONE',  ( -0.000000000000000000, -0.000000000000000000, 1.000000000000000000 ) ) ;
#496 = AXIS2_PLACEMENT_3D ( 'NONE', #2952, #541, #6678 ) ;
#497 = ORIENTED_EDGE ( 'NONE', *, *, #6413, .T. ) ;
#498 = DIRECTION ( 'NONE',  ( -0.9510565162951514218, -0.3090169943749541126, 0.000000000000000000 ) ) ;
#499 = ORIENTED_EDGE ( 'NONE', *, *, #2731, .F. ) ;
#500 = DIRECTION ( 'NONE',  ( -1.000000000000000000, 0.000000000000000000, 0.000000000000000000 ) ) ;
#501 = LINE ( 'NONE', #4854, #5207 ) ;
#502 = ADVANCED_FACE ( 'NONE', ( #2250 ), #2291, .T. ) ;
#503 = EDGE_CURVE ( 'NONE', #2645, #6142, #3127, .T. ) ;
#504 = ORIENTED_EDGE ( 'NONE', *, *, #1195, .T. ) ;
#505 = AXIS2_PLACEMENT_3D ( 'NONE', #1005, #7071, #6993 ) ;
#506 = CARTESIAN_POINT ( 'NONE',  ( -5.999999999999997335, -0.4000000000000205058, -6.000000000000000000 ) ) ;
#507 = CARTESIAN_POINT ( 'NONE',  ( 4.854101966249641187, 3.526711513754897886, -6.000000000000000000 ) ) ;
#508 = ORIENTED_EDGE ( 'NONE', *, *, #2832, .T. ) ;
#509 = DIRECTION ( 'NONE',  ( 0.000000000000000000, 0.000000000000000000, 1.000000000000000000 ) ) ;
#510 = DIRECTION ( 'NONE',  ( 0.3090169943749431214, 0.9510565162951548634, 0.000000000000000000 ) ) ;
#511 = DIRECTION ( 'NONE',  ( 0.9510565162951544194, -0.3090169943749445092, 0.000000000000000000 ) ) ;
#512 = PLANE ( 'NONE',  #4391 ) ;
#513 = AXIS2_PLACEMENT_3D ( 'NONE', #1892, #4265, #6625 ) ;
#514 = EDGE_CURVE ( 'NONE', #5980, #2493, #6498, .T. ) ;
#515 = EDGE_LOOP ( 'NONE', ( #7649, #2342, #803, #10, #6497 ) ) ;
#516 = EDGE_CURVE ( 'NONE', #7167, #4047, #2751, .T. ) ;
#517 = CIRCLE ( 'NONE', #887, 0.4000000000000002442 ) ;
#518 = CARTESIAN_POINT ( 'NONE',  ( 57.50000000000000000, 50.00000000000000000, -38.50000000000000000 ) ) ;
#519 = ORIENTED_EDGE ( 'NONE', *, *, #977, .F. ) ;
#520 = CARTESIAN_POINT ( 'NONE',  ( -4.966460472882290311, 7.516267050291509655, 6.000000000000000000 ) ) ;
#521 = LINE ( 'NONE', #5347, #1994 ) ;
#522 = ORIENTED_EDGE ( 'NONE', *, *, #6413, .F. ) ;
#523 = CYLINDRICAL_SURFACE ( 'NONE', #5311, 0.4000000000000001887 ) ;
#524 = ORIENTED_EDGE ( 'NONE', *, *, #2740, .T. ) ;
#525 = VECTOR ( 'NONE', #3440, 999.9999999999998863 ) ;
#526 = MANIFOLD_SOLID_BREP ( '\X2\955c5411\X0\2', #3633 ) ;
#527 = DIRECTION ( 'NONE',  ( 1.000000000000000000, 0.000000000000000000, 0.000000000000000000 ) ) ;
#528 = CYLINDRICAL_SURFACE ( 'NONE', #4296, 0.4000000000000001887 ) ;
#529 = CARTESIAN_POINT ( 'NONE',  ( 0.000000000000000000, 0.000000000000000000, -7.000000000000000000 ) ) ;
#530 = CARTESIAN_POINT ( 'NONE',  ( 0.3999999999999995781, -5.999999999999999112, 6.000000000000000000 ) ) ;
#531 = ORIENTED_EDGE ( 'NONE', *, *, #7497, .T. ) ;
#532 = VECTOR ( 'NONE', #7215, 1000.000000000000000 ) ;
#533 = CARTESIAN_POINT ( 'NONE',  ( -57.50000000000000000, 54.00000000000000711, -38.50000000000000000 ) ) ;
#534 = DIRECTION ( 'NONE',  ( -0.8090169943749507819, 0.5877852522924685852, 0.000000000000000000 ) ) ;
#535 = ORIENTED_EDGE ( 'NONE', *, *, #3657, .T. ) ;
#536 = AXIS2_PLACEMENT_3D ( 'NONE', #7037, #5796, #929 ) ;
#537 = AXIS2_PLACEMENT_3D ( 'NONE', #5400, #1694, #7841 ) ;
#538 = DIRECTION ( 'NONE',  ( 0.000000000000000000, 0.000000000000000000, 1.000000000000000000 ) ) ;
#539 = VECTOR ( 'NONE', #813, 1000.000000000000000 ) ;
#540 = EDGE_CURVE ( 'NONE', #1157, #6769, #1784, .T. ) ;
#541 = DIRECTION ( 'NONE',  ( 0.000000000000000000, 0.000000000000000000, -1.000000000000000000 ) ) ;
#542 = EDGE_LOOP ( 'NONE', ( #1441, #1590, #7098, #6274 ) ) ;
#543 = AXIS2_PLACEMENT_3D ( 'NONE', #4877, #5434, #1798 ) ;
#544 = PLANE ( 'NONE',  #4705 ) ;
#545 = CARTESIAN_POINT ( 'NONE',  ( -10.00000000000000000, 0.000000000000000000, 7.000000000000000000 ) ) ;
#546 = ORIENTED_EDGE ( 'NONE', *, *, #7776, .F. ) ;
#547 = AXIS2_PLACEMENT_3D ( 'NONE', #2277, #336, #1648 ) ;
#548 = CARTESIAN_POINT ( 'NONE',  ( 4.854101966249718458, -3.526711513754792193, -6.000000000000000000 ) ) ;
#549 = ADVANCED_FACE ( 'NONE', ( #2920 ), #2849, .T. ) ;
#550 = EDGE_CURVE ( 'NONE', #2554, #5160, #7770, .T. ) ;
#551 = FACE_OUTER_BOUND ( 'NONE', #7720, .T. ) ;
#552 = ORIENTED_EDGE ( 'NONE', *, *, #6606, .T. ) ;
#553 = DIRECTION ( 'NONE',  ( 0.000000000000000000, 0.000000000000000000, 1.000000000000000000 ) ) ;
#554 = LINE ( 'NONE', #7252, #1249 ) ;
#555 = VECTOR ( 'NONE', #4160, 1000.000000000000000 ) ;
#556 = CARTESIAN_POINT ( 'NONE',  ( -0.3999999999999994116, -9.000000000000000000, -6.000000000000000000 ) ) ;
#557 = CARTESIAN_POINT ( 'NONE',  ( -6.000000000000000000, -2.094888803305880013E-14, 6.000000000000000000 ) ) ;
#558 = ORIENTED_EDGE ( 'NONE', *, *, #6059, .F. ) ;
#559 = ADVANCED_FACE ( 'NONE', ( #5894 ), #4776, .T. ) ;
#560 = EDGE_CURVE ( 'NONE', #5989, #464, #2962, .T. ) ;
#561 = LINE ( 'NONE', #6660, #253 ) ;
#562 = ORIENTED_EDGE ( 'NONE', *, *, #5341, .F. ) ;
#563 = DIRECTION ( 'NONE',  ( -0.8090169943749402348, -0.5877852522924831291, 0.000000000000000000 ) ) ;
#564 = PLANE ( 'NONE',  #4773 ) ;
#565 = ORIENTED_EDGE ( 'NONE', *, *, #7789, .T. ) ;
#566 = CYLINDRICAL_SURFACE ( 'NONE', #3669, 0.4000000000000001887 ) ;
#567 = ORIENTED_EDGE ( 'NONE', *, *, #2771, .F. ) ;
#568 = EDGE_CURVE ( 'NONE', #5946, #5442, #3157, .T. ) ;
#569 = CARTESIAN_POINT ( 'NONE',  ( -3.526711513754845928, 4.854101966249680267, 6.000000000000000000 ) ) ;
#570 = FACE_BOUND ( 'NONE', #7464, .T. ) ;
#571 = CARTESIAN_POINT ( 'NONE',  ( 1.854101966249609657, 5.706339097770945834, -6.000000000000000000 ) ) ;
#572 = CARTESIAN_POINT ( 'NONE',  ( -5.089216067166657531, -3.203104716004883556, -6.000000000000000000 ) ) ;
#573 = EDGE_LOOP ( 'NONE', ( #6337, #4277, #3354, #7399 ) ) ;
#574 = LINE ( 'NONE', #2983, #7259 ) ;
#575 = ORIENTED_EDGE ( 'NONE', *, *, #6305, .T. ) ;
#576 = FACE_OUTER_BOUND ( 'NONE', #4080, .T. ) ;
#577 = VECTOR ( 'NONE', #754, 1000.000000000000000 ) ;
#578 = CARTESIAN_POINT ( 'NONE',  ( 3.203104716004792962, 5.089216067166714375, -6.000000000000000000 ) ) ;
#579 = ORIENTED_EDGE ( 'NONE', *, *, #977, .T. ) ;
#580 = CARTESIAN_POINT ( 'NONE',  ( 2.234524572767789152, -5.582732300020924576, 6.000000000000000000 ) ) ;
#581 = DIRECTION ( 'NONE',  ( -0.000000000000000000, -0.000000000000000000, 1.000000000000000000 ) ) ;
#582 = VERTEX_POINT ( 'NONE', #6451 ) ;
#583 = EDGE_CURVE ( 'NONE', #1184, #7553, #5939, .T. ) ;
#584 = CARTESIAN_POINT ( 'NONE',  ( -6.000000000000000888, 0.3999999999999794831, -6.000000000000000000 ) ) ;
#585 = CARTESIAN_POINT ( 'NONE',  ( -5.290067270632215823, -7.281152949374556371, -6.000000000000000000 ) ) ;
#586 = ORIENTED_EDGE ( 'NONE', *, *, #5343, .F. ) ;
#587 = CARTESIAN_POINT ( 'NONE',  ( 0.4000000000000001332, -9.000000000000001776, 6.000000000000000000 ) ) ;
#588 = CARTESIAN_POINT ( 'NONE',  ( 5.829945895520883603, 1.473679359731688843, -6.000000000000000000 ) ) ;
#589 = DIRECTION ( 'NONE',  ( -1.000000000000000000, -1.065514437861031800E-14, 0.000000000000000000 ) ) ;
#590 = DIRECTION ( 'NONE',  ( 0.000000000000000000, 0.000000000000000000, 1.000000000000000000 ) ) ;
#591 = EDGE_LOOP ( 'NONE', ( #2945, #6906, #3536, #1423 ) ) ;
#592 = EDGE_CURVE ( 'NONE', #4574, #1909, #6704, .T. ) ;
#593 = ORIENTED_EDGE ( 'NONE', *, *, #6748, .F. ) ;
#594 = CARTESIAN_POINT ( 'NONE',  ( 5.829945895520883603, 1.473679359731688843, 6.000000000000000000 ) ) ;
#595 = VERTEX_POINT ( 'NONE', #6770 ) ;
#596 = LINE ( 'NONE', #2302, #3563 ) ;
#597 = CARTESIAN_POINT ( 'NONE',  ( 25.00000000000001066, 54.00000000000000711, -25.40000000000003055 ) ) ;
#598 = ORIENTED_EDGE ( 'NONE', *, *, #7689, .F. ) ;
#599 = DIRECTION ( 'NONE',  ( -0.5877852522924769119, 0.8090169943749446757, 0.000000000000000000 ) ) ;
#600 = ADVANCED_FACE ( 'NONE', ( #734 ), #3153, .T. ) ;
#601 = VERTEX_POINT ( 'NONE', #3497 ) ;
#602 = EDGE_CURVE ( 'NONE', #4775, #4822, #6581, .T. ) ;
#603 = VECTOR ( 'NONE', #4162, 1000.000000000000000 ) ;
#604 = CYLINDRICAL_SURFACE ( 'NONE', #6240, 0.3999999999999993006 ) ;
#605 = DIRECTION ( 'NONE',  ( -0.000000000000000000, -0.000000000000000000, -1.000000000000000000 ) ) ;
#606 = LINE ( 'NONE', #3727, #2333 ) ;
#607 = DIRECTION ( 'NONE',  ( -0.000000000000000000, 0.000000000000000000, -1.000000000000000000 ) ) ;
#608 = ORIENTED_EDGE ( 'NONE', *, *, #5523, .F. ) ;
#609 = FACE_OUTER_BOUND ( 'NONE', #1404, .T. ) ;
#610 = ORIENTED_EDGE ( 'NONE', *, *, #154, .T. ) ;
#611 = EDGE_CURVE ( 'NONE', #1102, #1335, #5910, .T. ) ;
#612 = CIRCLE ( 'NONE', #1498, 0.9000000000000014655 ) ;
#613 = EDGE_CURVE ( 'NONE', #4973, #6397, #1563, .T. ) ;
#614 = CARTESIAN_POINT ( 'NONE',  ( 8.559508646656350805, 2.781152949374624317, 7.000000000000000000 ) ) ;
#615 = AXIS2_PLACEMENT_3D ( 'NONE', #825, #6255, #4542 ) ;
#616 = ORIENTED_EDGE ( 'NONE', *, *, #4750, .F. ) ;
#617 = AXIS2_PLACEMENT_3D ( 'NONE', #4453, #3198, #3111 ) ;
#618 = DIRECTION ( 'NONE',  ( 0.9510565162951544194, -0.3090169943749445092, 0.000000000000000000 ) ) ;
#619 = CARTESIAN_POINT ( 'NONE',  ( 8.959508646656406228, -2.781152949374444017, 6.000000000000000000 ) ) ;
#620 = VECTOR ( 'NONE', #6149, 1000.000000000000000 ) ;
#621 = DIRECTION ( 'NONE',  ( -0.000000000000000000, 0.000000000000000000, -1.000000000000000000 ) ) ;
#622 = ORIENTED_EDGE ( 'NONE', *, *, #6682, .F. ) ;
#623 = CARTESIAN_POINT ( 'NONE',  ( 7.516267050291454588, 4.966460472882371135, 7.000000000000000000 ) ) ;
#624 = DIRECTION ( 'NONE',  ( -0.000000000000000000, 0.000000000000000000, -1.000000000000000000 ) ) ;
#625 = CARTESIAN_POINT ( 'NONE',  ( 8.435901848906368627, 3.161575555892684353, -7.000000000000000000 ) ) ;
#626 = ORIENTED_EDGE ( 'NONE', *, *, #1986, .T. ) ;
#627 = ORIENTED_EDGE ( 'NONE', *, *, #3686, .F. ) ;
#628 = CIRCLE ( 'NONE', #6325, 0.3999999999999998557 ) ;
#629 = DIRECTION ( 'NONE',  ( 0.000000000000000000, 1.000000000000000000, 0.000000000000000000 ) ) ;
#630 = EDGE_CURVE ( 'NONE', #6422, #582, #5193, .T. ) ;
#631 = EDGE_LOOP ( 'NONE', ( #482, #6263, #6426, #3470 ) ) ;
#632 = PLANE ( 'NONE',  #7114 ) ;
#633 = CARTESIAN_POINT ( 'NONE',  ( 3.161575555892476963, 8.435901848906445011, 6.000000000000000000 ) ) ;
#634 = ORIENTED_EDGE ( 'NONE', *, *, #3107, .F. ) ;
#635 = CARTESIAN_POINT ( 'NONE',  ( 5.829945895520913801, -1.473679359731567384, -7.000000000000000000 ) ) ;
#636 = VERTEX_POINT ( 'NONE', #4092 ) ;
#637 = DIRECTION ( 'NONE',  ( 0.000000000000000000, 0.000000000000000000, 1.000000000000000000 ) ) ;
#638 = CARTESIAN_POINT ( 'NONE',  ( -25.00000000000000711, 54.00000000000000711, -25.40000000000002345 ) ) ;
#639 = EDGE_CURVE ( 'NONE', #362, #5557, #2744, .T. ) ;
#640 = EDGE_CURVE ( 'NONE', #1453, #7263, #4520, .T. ) ;
#641 = FACE_OUTER_BOUND ( 'NONE', #5073, .T. ) ;
#642 = CARTESIAN_POINT ( 'NONE',  ( 5.290067270632322405, -7.281152949374479100, 7.000000000000000000 ) ) ;
#643 = CIRCLE ( 'NONE', #4687, 0.3999999999999999112 ) ;
#644 = EDGE_LOOP ( 'NONE', ( #1361, #1254, #6234, #1482 ) ) ;
#645 = DIRECTION ( 'NONE',  ( -0.000000000000000000, -0.000000000000000000, 1.000000000000000000 ) ) ;
#646 = ORIENTED_EDGE ( 'NONE', *, *, #4495, .F. ) ;
#647 = AXIS2_PLACEMENT_3D ( 'NONE', #489, #1052, #3468 ) ;
#648 = DIRECTION ( 'NONE',  ( 0.000000000000000000, 0.000000000000000000, 1.000000000000000000 ) ) ;
#649 = EDGE_CURVE ( 'NONE', #2070, #473, #751, .T. ) ;
#650 = CIRCLE ( 'NONE', #5967, 0.9000000000000014655 ) ;
#651 = CARTESIAN_POINT ( 'NONE',  ( -5.999999999999997335, -0.4000000000000205058, 6.000000000000000000 ) ) ;
#652 = VERTEX_POINT ( 'NONE', #416 ) ;
#653 = CYLINDRICAL_SURFACE ( 'NONE', #5851, 0.3999999999999993006 ) ;
#654 = DIRECTION ( 'NONE',  ( -4.336808689942017736E-15, 1.000000000000000000, 0.000000000000000000 ) ) ;
#655 = VECTOR ( 'NONE', #1290, 999.9999999999998863 ) ;
#656 = VECTOR ( 'NONE', #2798, 1000.000000000000000 ) ;
#657 = AXIS2_PLACEMENT_3D ( 'NONE', #7338, #2579, #2535 ) ;
#658 = FACE_OUTER_BOUND ( 'NONE', #3737, .T. ) ;
#659 = ADVANCED_FACE ( 'NONE', ( #7034 ), #5752, .F. ) ;
#660 = CIRCLE ( 'NONE', #4076, 0.3999999999999999112 ) ;
#661 = ORIENTED_EDGE ( 'NONE', *, *, #4856, .T. ) ;
#662 = DIRECTION ( 'NONE',  ( 0.9510565162951566398, -0.3090169943749381254, 0.000000000000000000 ) ) ;
#663 = DIRECTION ( 'NONE',  ( 0.8090169943749444537, 0.5877852522924771339, 0.000000000000000000 ) ) ;
#664 = FACE_OUTER_BOUND ( 'NONE', #2011, .T. ) ;
#665 = VECTOR ( 'NONE', #2747, 1000.000000000000000 ) ;
#666 = VECTOR ( 'NONE', #6035, 1000.000000000000000 ) ;
#667 = ORIENTED_EDGE ( 'NONE', *, *, #7185, .T. ) ;
#668 = CIRCLE ( 'NONE', #4451, 0.4000000000000001332 ) ;
#669 = AXIS2_PLACEMENT_3D ( 'NONE', #4987, #752, #7304 ) ;
#670 = ORIENTED_EDGE ( 'NONE', *, *, #5672, .F. ) ;
#671 = CARTESIAN_POINT ( 'NONE',  ( 9.000000000000003553, -0.3999999999999051536, 6.000000000000000000 ) ) ;
#672 = ORIENTED_EDGE ( 'NONE', *, *, #2672, .T. ) ;
#673 = CARTESIAN_POINT ( 'NONE',  ( 9.000000000000000000, 9.482108720838090876E-14, 6.000000000000000000 ) ) ;
#674 = FACE_OUTER_BOUND ( 'NONE', #2708, .T. ) ;
#675 = ORIENTED_EDGE ( 'NONE', *, *, #560, .F. ) ;
#676 = CARTESIAN_POINT ( 'NONE',  ( -5.582732300020949445, 2.234524572767730533, 6.000000000000000000 ) ) ;
#677 = FACE_BOUND ( 'NONE', #5603, .T. ) ;
#678 = AXIS2_PLACEMENT_3D ( 'NONE', #7421, #4308, #3171 ) ;
#679 = EDGE_CURVE ( 'NONE', #83, #5771, #3465, .T. ) ;
#680 = CARTESIAN_POINT ( 'NONE',  ( 4.854101966249641187, 3.526711513754897886, 6.000000000000000000 ) ) ;
#681 = CARTESIAN_POINT ( 'NONE',  ( 5.582732300020916583, 2.234524572767808692, -6.000000000000000000 ) ) ;
#682 = CARTESIAN_POINT ( 'NONE',  ( 3.850318311504757229, 4.618987865332744747, -6.000000000000000000 ) ) ;
#683 = AXIS2_PLACEMENT_3D ( 'NONE', #4910, #6029, #6106 ) ;
#684 = DIRECTION ( 'NONE',  ( -0.000000000000000000, -0.000000000000000000, 1.000000000000000000 ) ) ;
#685 = VERTEX_POINT ( 'NONE', #6952 ) ;
#686 = DIRECTION ( 'NONE',  ( -0.000000000000000000, -0.000000000000000000, 1.000000000000000000 ) ) ;
#687 = ORIENTED_EDGE ( 'NONE', *, *, #4303, .F. ) ;
#688 = EDGE_CURVE ( 'NONE', #4537, #5339, #6348, .T. ) ;
#689 = LINE ( 'NONE', #2590, #1686 ) ;
#690 = EDGE_LOOP ( 'NONE', ( #3972, #608, #4044, #6755 ) ) ;
#691 = CARTESIAN_POINT ( 'NONE',  ( 8.683115444406384498, -2.400730342856381760, -6.000000000000000000 ) ) ;
#692 = EDGE_LOOP ( 'NONE', ( #970, #6917, #7815, #3555 ) ) ;
#693 = FACE_OUTER_BOUND ( 'NONE', #2158, .T. ) ;
#694 = DIRECTION ( 'NONE',  ( 1.000000000000000000, 0.000000000000000000, 0.000000000000000000 ) ) ;
#695 = EDGE_CURVE ( 'NONE', #4362, #7625, #5432, .T. ) ;
#696 = ADVANCED_FACE ( 'NONE', ( #1640 ), #454, .F. ) ;
#697 = CARTESIAN_POINT ( 'NONE',  ( -1.473679359731585148, -5.829945895520909360, 6.000000000000000000 ) ) ;
#698 = ORIENTED_EDGE ( 'NONE', *, *, #271, .F. ) ;
#699 = CARTESIAN_POINT ( 'NONE',  ( -57.50000000000000000, 54.00000000000000711, 38.50000000000000000 ) ) ;
#700 = DIRECTION ( 'NONE',  ( -0.3090169943749347392, -0.9510565162951576390, 0.000000000000000000 ) ) ;
#701 = DIRECTION ( 'NONE',  ( 1.000000000000000000, 0.000000000000000000, 0.000000000000000000 ) ) ;
#702 = ORIENTED_EDGE ( 'NONE', *, *, #6650, .F. ) ;
#703 = EDGE_CURVE ( 'NONE', #3838, #208, #2154, .T. ) ;
#704 = ORIENTED_EDGE ( 'NONE', *, *, #750, .T. ) ;
#705 = CARTESIAN_POINT ( 'NONE',  ( 57.50000000000000000, 54.00000000000000711, -38.50000000000000000 ) ) ;
#706 = ORIENTED_EDGE ( 'NONE', *, *, #6549, .F. ) ;
#707 = CARTESIAN_POINT ( 'NONE',  ( 4.966460472882346266, -7.516267050291470575, 7.000000000000000000 ) ) ;
#708 = DIRECTION ( 'NONE',  ( -1.000000000000000000, 0.000000000000000000, 0.000000000000000000 ) ) ;
#709 = DIRECTION ( 'NONE',  ( -0.000000000000000000, -0.000000000000000000, 1.000000000000000000 ) ) ;
#710 = FACE_OUTER_BOUND ( 'NONE', #5549, .T. ) ;
#711 = LINE ( 'NONE', #6705, #7514 ) ;
#712 = CYLINDRICAL_SURFACE ( 'NONE', #6598, 0.4000000000000001887 ) ;
#713 = CYLINDRICAL_SURFACE ( 'NONE', #7785, 0.3999999999999999667 ) ;
#714 = DIRECTION ( 'NONE',  ( 0.000000000000000000, -0.000000000000000000, -1.000000000000000000 ) ) ;
#715 = ORIENTED_EDGE ( 'NONE', *, *, #197, .F. ) ;
#716 = FACE_OUTER_BOUND ( 'NONE', #1674, .T. ) ;
#717 = ORIENTED_EDGE ( 'NONE', *, *, #6112, .F. ) ;
#718 = ORIENTED_EDGE ( 'NONE', *, *, #6015, .F. ) ;
#719 = AXIS2_PLACEMENT_3D ( 'NONE', #130, #1947, #4350 ) ;
#720 = FACE_OUTER_BOUND ( 'NONE', #163, .T. ) ;
#721 = DIRECTION ( 'NONE',  ( -0.3090169943749516701, 0.9510565162951523099, 0.000000000000000000 ) ) ;
#722 = VERTEX_POINT ( 'NONE', #3374 ) ;
#723 = DIRECTION ( 'NONE',  ( -0.5877852522924653655, -0.8090169943749531134, 0.000000000000000000 ) ) ;
#724 = EDGE_CURVE ( 'NONE', #106, #3254, #2834, .T. ) ;
#725 = ORIENTED_EDGE ( 'NONE', *, *, #842, .T. ) ;
#726 = CARTESIAN_POINT ( 'NONE',  ( 0.000000000000000000, -6.000000000000000000, -6.000000000000000000 ) ) ;
#727 = CARTESIAN_POINT ( 'NONE',  ( 6.000000000000003553, -0.3999999999999375722, 7.000000000000000000 ) ) ;
#728 = VECTOR ( 'NONE', #4521, 1000.000000000000114 ) ;
#729 = DIRECTION ( 'NONE',  ( -0.000000000000000000, -0.000000000000000000, -1.000000000000000000 ) ) ;
#730 = DIRECTION ( 'NONE',  ( -0.000000000000000000, -0.000000000000000000, 1.000000000000000000 ) ) ;
#731 = VECTOR ( 'NONE', #7131, 1000.000000000000000 ) ;
#732 = ORIENTED_EDGE ( 'NONE', *, *, #3412, .T. ) ;
#733 = EDGE_CURVE ( 'NONE', #5142, #4659, #6960, .T. ) ;
#734 = FACE_OUTER_BOUND ( 'NONE', #809, .T. ) ;
#735 = DIRECTION ( 'NONE',  ( -0.3090169943749584425, 0.9510565162951499785, 0.000000000000000000 ) ) ;
#736 = EDGE_CURVE ( 'NONE', #2710, #304, #4561, .T. ) ;
#737 = EDGE_CURVE ( 'NONE', #1335, #3110, #5170, .T. ) ;
#738 = FACE_OUTER_BOUND ( 'NONE', #1797, .T. ) ;
#739 = LINE ( 'NONE', #3508, #427 ) ;
#740 = EDGE_LOOP ( 'NONE', ( #4740, #1176, #5069, #342 ) ) ;
#741 = VECTOR ( 'NONE', #1965, 1000.000000000000000 ) ;
#742 = VERTEX_POINT ( 'NONE', #2271 ) ;
#743 = FACE_OUTER_BOUND ( 'NONE', #5570, .T. ) ;
#744 = EDGE_CURVE ( 'NONE', #2413, #5383, #4681, .T. ) ;
#745 = VERTEX_POINT ( 'NONE', #2314 ) ;
#746 = CARTESIAN_POINT ( 'NONE',  ( -1.473679359731585148, -5.829945895520909360, -6.000000000000000000 ) ) ;
#747 = DIRECTION ( 'NONE',  ( -1.000000000000000000, 0.000000000000000000, 0.000000000000000000 ) ) ;
#748 = VERTEX_POINT ( 'NONE', #4163 ) ;
#749 = LINE ( 'NONE', #1467, #3820 ) ;
#750 = EDGE_CURVE ( 'NONE', #7433, #477, #3535, .T. ) ;
#751 = CIRCLE ( 'NONE', #4409, 0.3999999999999998002 ) ;
#752 = DIRECTION ( 'NONE',  ( 0.000000000000000000, 0.000000000000000000, 1.000000000000000000 ) ) ;
#753 = LINE ( 'NONE', #5023, #5066 ) ;
#754 = DIRECTION ( 'NONE',  ( 0.000000000000000000, -0.000000000000000000, 1.000000000000000000 ) ) ;
#755 = CARTESIAN_POINT ( 'NONE',  ( 4.454101966249718103, -3.526711513754792193, -6.000000000000000000 ) ) ;
#756 = ORIENTED_EDGE ( 'NONE', *, *, #7237, .T. ) ;
#757 = DIRECTION ( 'NONE',  ( -0.000000000000000000, -0.000000000000000000, 1.000000000000000000 ) ) ;
#758 = CIRCLE ( 'NONE', #1524, 0.9000000000000014655 ) ;
#759 = ORIENTED_EDGE ( 'NONE', *, *, #223, .T. ) ;
#760 = VERTEX_POINT ( 'NONE', #6708 ) ;
#761 = VECTOR ( 'NONE', #5600, 1000.000000000000000 ) ;
#762 = DIRECTION ( 'NONE',  ( -0.000000000000000000, -0.000000000000000000, 1.000000000000000000 ) ) ;
#763 = DIRECTION ( 'NONE',  ( 0.000000000000000000, 0.000000000000000000, -1.000000000000000000 ) ) ;
#764 = ORIENTED_EDGE ( 'NONE', *, *, #969, .T. ) ;
#765 = DIRECTION ( 'NONE',  ( -0.3090169943749517811, 0.9510565162951520879, 0.000000000000000000 ) ) ;
#766 = ORIENTED_EDGE ( 'NONE', *, *, #2808, .T. ) ;
#767 = DIRECTION ( 'NONE',  ( -0.000000000000000000, -0.000000000000000000, -1.000000000000000000 ) ) ;
#768 = DIRECTION ( 'NONE',  ( -0.000000000000000000, -0.000000000000000000, 1.000000000000000000 ) ) ;
#769 = VECTOR ( 'NONE', #605, 1000.000000000000000 ) ;
#770 = EDGE_CURVE ( 'NONE', #62, #64, #7828, .T. ) ;
#771 = VECTOR ( 'NONE', #563, 1000.000000000000227 ) ;
#772 = DIRECTION ( 'NONE',  ( -0.9510565162951556406, 0.3090169943749408454, 0.000000000000000000 ) ) ;
#773 = LINE ( 'NONE', #6886, #4202 ) ;
#774 = ORIENTED_EDGE ( 'NONE', *, *, #3997, .T. ) ;
#775 = CARTESIAN_POINT ( 'NONE',  ( 7.516267050291454588, 4.966460472882371135, 6.000000000000000000 ) ) ;
#776 = PLANE ( 'NONE',  #3059 ) ;
#777 = DIRECTION ( 'NONE',  ( 1.000000000000000000, 0.000000000000000000, -0.000000000000000000 ) ) ;
#778 = ORIENTED_EDGE ( 'NONE', *, *, #1729, .T. ) ;
#779 = ORIENTED_EDGE ( 'NONE', *, *, #214, .T. ) ;
#780 = AXIS2_PLACEMENT_3D ( 'NONE', #191, #1298, #3712 ) ;
#781 = ADVANCED_FACE ( 'NONE', ( #7793 ), #7274, .F. ) ;
#782 = AXIS2_PLACEMENT_3D ( 'NONE', #3029, #1178, #5444 ) ;
#783 = VERTEX_POINT ( 'NONE', #3689 ) ;
#784 = VECTOR ( 'NONE', #4853, 1000.000000000000000 ) ;
#785 = CARTESIAN_POINT ( 'NONE',  ( -3.181152949374533634, 8.559508646656381003, -6.000000000000000000 ) ) ;
#786 = VECTOR ( 'NONE', #2177, 1000.000000000000000 ) ;
#787 = ORIENTED_EDGE ( 'NONE', *, *, #7228, .T. ) ;
#788 = CARTESIAN_POINT ( 'NONE',  ( 7.281152949374462224, 5.290067270632348162, -7.000000000000000000 ) ) ;
#789 = DIRECTION ( 'NONE',  ( -0.3090169943749550563, 0.9510565162951510887, 0.000000000000000000 ) ) ;
#790 = EDGE_LOOP ( 'NONE', ( #4459, #6033, #2348, #7015, #1825 ) ) ;
#791 = DIRECTION ( 'NONE',  ( -0.000000000000000000, -0.000000000000000000, 1.000000000000000000 ) ) ;
#792 = AXIS2_PLACEMENT_3D ( 'NONE', #2026, #1872, #4352 ) ;
#793 = EDGE_CURVE ( 'NONE', #7491, #3653, #3787, .T. ) ;
#794 = EDGE_CURVE ( 'NONE', #434, #3117, #5997, .T. ) ;
#795 = AXIS2_PLACEMENT_3D ( 'NONE', #557, #109, #701 ) ;
#796 = DIRECTION ( 'NONE',  ( -0.5877852522924624790, -0.8090169943749552228, 0.000000000000000000 ) ) ;
#797 = CARTESIAN_POINT ( 'NONE',  ( 5.089216067166703716, -3.203104716004811170, -6.000000000000000000 ) ) ;
#798 = VERTEX_POINT ( 'NONE', #572 ) ;
#799 = PLANE ( 'NONE',  #3253 ) ;
#800 = CIRCLE ( 'NONE', #6500, 0.4000000000000000222 ) ;
#801 = VERTEX_POINT ( 'NONE', #530 ) ;
#802 = DIRECTION ( 'NONE',  ( -0.000000000000000000, -0.000000000000000000, 1.000000000000000000 ) ) ;
#803 = ORIENTED_EDGE ( 'NONE', *, *, #5643, .T. ) ;
#804 = ADVANCED_FACE ( 'NONE', ( #2981 ), #4796, .F. ) ;
#805 = LINE ( 'NONE', #3226, #5857 ) ;
#806 = CARTESIAN_POINT ( 'NONE',  ( -6.000000000000000888, 0.3999999999999794831, 6.000000000000000000 ) ) ;
#807 = ORIENTED_EDGE ( 'NONE', *, *, #1677, .F. ) ;
#808 = CARTESIAN_POINT ( 'NONE',  ( 3.203104716004903985, -5.089216067166645097, -6.000000000000000000 ) ) ;
#809 = EDGE_LOOP ( 'NONE', ( #7088, #5900, #194, #1352 ) ) ;
#810 = DIRECTION ( 'NONE',  ( -0.000000000000000000, -0.000000000000000000, -1.000000000000000000 ) ) ;
#811 = CARTESIAN_POINT ( 'NONE',  ( 5.706339097770900537, 1.854101966249749323, -6.000000000000000000 ) ) ;
#812 = CYLINDRICAL_SURFACE ( 'NONE', #2642, 0.3999999999999997446 ) ;
#813 = DIRECTION ( 'NONE',  ( 0.000000000000000000, -0.000000000000000000, -1.000000000000000000 ) ) ;
#814 = CARTESIAN_POINT ( 'NONE',  ( -5.829945895520895149, -1.473679359731648209, -6.000000000000000000 ) ) ;
#815 = LINE ( 'NONE', #3273, #2558 ) ;
#816 = CARTESIAN_POINT ( 'NONE',  ( -4.618987865332676357, -3.850318311504838942, 7.000000000000000000 ) ) ;
#817 = EDGE_CURVE ( 'NONE', #1633, #4632, #1720, .T. ) ;
#818 = ORIENTED_EDGE ( 'NONE', *, *, #1385, .T. ) ;
#819 = VERTEX_POINT ( 'NONE', #6638 ) ;
#820 = ORIENTED_EDGE ( 'NONE', *, *, #7613, .T. ) ;
#821 = CARTESIAN_POINT ( 'NONE',  ( -2.781152949374469774, -8.559508646656400543, -6.000000000000000000 ) ) ;
#822 = CARTESIAN_POINT ( 'NONE',  ( 9.000000000000000000, 9.482108720838090876E-14, -6.000000000000000000 ) ) ;
#823 = ORIENTED_EDGE ( 'NONE', *, *, #5294, .T. ) ;
#824 = CARTESIAN_POINT ( 'NONE',  ( 4.854101966249641187, 3.526711513754897886, -6.000000000000000000 ) ) ;
#825 = CARTESIAN_POINT ( 'NONE',  ( 0.000000000000000000, 0.000000000000000000, 7.000000000000000000 ) ) ;
#826 = ADVANCED_FACE ( 'NONE', ( #5358 ), #2352, .F. ) ;
#827 = EDGE_LOOP ( 'NONE', ( #6836, #2729, #4034, #3203 ) ) ;
#828 = DIRECTION ( 'NONE',  ( -0.000000000000000000, -0.000000000000000000, -1.000000000000000000 ) ) ;
#829 = CARTESIAN_POINT ( 'NONE',  ( -5.613674068382196403, -7.046038848457569337, 7.000000000000000000 ) ) ;
#830 = FACE_OUTER_BOUND ( 'NONE', #1584, .T. ) ;
#831 = ORIENTED_EDGE ( 'NONE', *, *, #1200, .F. ) ;
#832 = DIRECTION ( 'NONE',  ( -0.3090169943749482839, 0.9510565162951533091, 0.000000000000000000 ) ) ;
#833 = EDGE_CURVE ( 'NONE', #4657, #6109, #2018, .T. ) ;
#834 = EDGE_CURVE ( 'NONE', #6879, #6866, #6107, .T. ) ;
#835 = ORIENTED_EDGE ( 'NONE', *, *, #6605, .T. ) ;
#836 = DIRECTION ( 'NONE',  ( -4.336808689942017736E-15, 1.000000000000000000, 0.000000000000000000 ) ) ;
#837 = EDGE_LOOP ( 'NONE', ( #1192, #2878, #930, #4767, #4714 ) ) ;
#838 = CARTESIAN_POINT ( 'NONE',  ( 8.435901848906368627, 3.161575555892684353, 6.000000000000000000 ) ) ;
#839 = FACE_OUTER_BOUND ( 'NONE', #3367, .T. ) ;
#840 = ORIENTED_EDGE ( 'NONE', *, *, #2694, .T. ) ;
#841 = DIRECTION ( 'NONE',  ( -1.000000000000000000, 0.000000000000000000, 0.000000000000000000 ) ) ;
#842 = EDGE_CURVE ( 'NONE', #4120, #2531, #4668, .T. ) ;
#843 = ORIENTED_EDGE ( 'NONE', *, *, #2716, .F. ) ;
#844 = LINE ( 'NONE', #2116, #665 ) ;
#845 = DIRECTION ( 'NONE',  ( -0.000000000000000000, -0.000000000000000000, 1.000000000000000000 ) ) ;
#846 = VERTEX_POINT ( 'NONE', #4207 ) ;
#847 = EDGE_CURVE ( 'NONE', #5936, #4501, #7696, .T. ) ;
#848 = CIRCLE ( 'NONE', #4139, 0.3999999999999999667 ) ;
#849 = DIRECTION ( 'NONE',  ( -0.000000000000000000, -0.000000000000000000, 1.000000000000000000 ) ) ;
#850 = ORIENTED_EDGE ( 'NONE', *, *, #1910, .F. ) ;
#851 = CARTESIAN_POINT ( 'NONE',  ( -5.706339097770914748, -1.854101966249709799, -6.000000000000000000 ) ) ;
#852 = CARTESIAN_POINT ( 'NONE',  ( -6.000000000000000000, -2.094888803305880013E-14, 6.000000000000000000 ) ) ;
#853 = DIRECTION ( 'NONE',  ( 1.000000000000000000, 0.000000000000000000, 0.000000000000000000 ) ) ;
#854 = VERTEX_POINT ( 'NONE', #4875 ) ;
#855 = FACE_BOUND ( 'NONE', #3230, .T. ) ;
#856 = ORIENTED_EDGE ( 'NONE', *, *, #3455, .F. ) ;
#857 = ORIENTED_EDGE ( 'NONE', *, *, #6458, .F. ) ;
#858 = DIRECTION ( 'NONE',  ( -3.672181700924050498E-15, 1.000000000000000000, 0.000000000000000000 ) ) ;
#859 = DIRECTION ( 'NONE',  ( -0.000000000000000000, 1.000000000000000000, -0.000000000000000000 ) ) ;
#860 = DIRECTION ( 'NONE',  ( 0.000000000000000000, 0.000000000000000000, 1.000000000000000000 ) ) ;
#861 = CIRCLE ( 'NONE', #3268, 0.9000000000000014655 ) ;
#862 = ORIENTED_EDGE ( 'NONE', *, *, #2922, .F. ) ;
#863 = CARTESIAN_POINT ( 'NONE',  ( 9.000000000000000000, 9.482108720838090876E-14, 6.000000000000000000 ) ) ;
#864 = AXIS2_PLACEMENT_3D ( 'NONE', #438, #6972, #5291 ) ;
#865 = EDGE_CURVE ( 'NONE', #5383, #2163, #4244, .T. ) ;
#866 = CIRCLE ( 'NONE', #241, 0.3999999999999999667 ) ;
#867 = FACE_OUTER_BOUND ( 'NONE', #1033, .T. ) ;
#868 = DIRECTION ( 'NONE',  ( -0.9510565162951549745, 0.3090169943749427883, 0.000000000000000000 ) ) ;
#869 = VERTEX_POINT ( 'NONE', #1239 ) ;
#870 = LINE ( 'NONE', #6383, #4889 ) ;
#871 = ORIENTED_EDGE ( 'NONE', *, *, #2481, .T. ) ;
#872 = CARTESIAN_POINT ( 'NONE',  ( -6.000000000000000888, 0.3999999999999794831, 6.000000000000000000 ) ) ;
#873 = ORIENTED_EDGE ( 'NONE', *, *, #355, .F. ) ;
#874 = AXIS2_PLACEMENT_3D ( 'NONE', #4605, #5009, #2786 ) ;
#875 = EDGE_CURVE ( 'NONE', #2423, #5826, #3650, .T. ) ;
#876 = ADVANCED_FACE ( 'NONE', ( #7154 ), #2900, .F. ) ;
#877 = CARTESIAN_POINT ( 'NONE',  ( -2.400730342856472799, 8.683115444406361405, -7.000000000000000000 ) ) ;
#878 = CARTESIAN_POINT ( 'NONE',  ( -8.435901848906413036, 3.161575555892564449, 6.000000000000000000 ) ) ;
#879 = ORIENTED_EDGE ( 'NONE', *, *, #75, .T. ) ;
#880 = VECTOR ( 'NONE', #5415, 1000.000000000000000 ) ;
#881 = FACE_OUTER_BOUND ( 'NONE', #4858, .T. ) ;
#882 = EDGE_LOOP ( 'NONE', ( #7390, #135, #6427, #4333 ) ) ;
#883 = PLANE ( 'NONE',  #3447 ) ;
#884 = DIRECTION ( 'NONE',  ( 0.000000000000000000, -0.000000000000000000, -1.000000000000000000 ) ) ;
#885 = EDGE_LOOP ( 'NONE', ( #5008, #1614, #1537, #3815 ) ) ;
#886 = ADVANCED_FACE ( 'NONE', ( #6180 ), #1473, .T. ) ;
#887 = AXIS2_PLACEMENT_3D ( 'NONE', #123, #2536, #4458 ) ;
#888 = ADVANCED_FACE ( 'NONE', ( #7346 ), #5507, .T. ) ;
#889 = LINE ( 'NONE', #4332, #5852 ) ;
#890 = ORIENTED_EDGE ( 'NONE', *, *, #4142, .T. ) ;
#891 = CARTESIAN_POINT ( 'NONE',  ( 1.473679359731668193, -5.829945895520888932, -7.000000000000000000 ) ) ;
#892 = CARTESIAN_POINT ( 'NONE',  ( 5.706339097770900537, 1.854101966249749323, -6.000000000000000000 ) ) ;
#893 = DIRECTION ( 'NONE',  ( 0.000000000000000000, 0.000000000000000000, 1.000000000000000000 ) ) ;
#894 = VECTOR ( 'NONE', #1754, 999.9999999999998863 ) ;
#895 = ORIENTED_EDGE ( 'NONE', *, *, #3077, .F. ) ;
#896 = PLANE ( 'NONE',  #6971 ) ;
#897 = ORIENTED_EDGE ( 'NONE', *, *, #3587, .T. ) ;
#898 = AXIS2_PLACEMENT_3D ( 'NONE', #673, #3088, #80 ) ;
#899 = EDGE_CURVE ( 'NONE', #6404, #3857, #3096, .T. ) ;
#900 = ORIENTED_EDGE ( 'NONE', *, *, #639, .F. ) ;
#901 = CARTESIAN_POINT ( 'NONE',  ( 57.50000000000000000, 50.00000000000000000, 38.50000000000000000 ) ) ;
#902 = AXIS2_PLACEMENT_3D ( 'NONE', #7730, #624, #1821 ) ;
#903 = CARTESIAN_POINT ( 'NONE',  ( -25.00000000000000711, -9.999999999999994671, -24.50000000000002132 ) ) ;
#904 = CARTESIAN_POINT ( 'NONE',  ( 5.306339097770900182, 1.854101966249749323, -6.000000000000000000 ) ) ;
#905 = VERTEX_POINT ( 'NONE', #5590 ) ;
#906 = LINE ( 'NONE', #4035, #4320 ) ;
#907 = AXIS2_PLACEMENT_3D ( 'NONE', #7244, #6648, #1215 ) ;
#908 = VECTOR ( 'NONE', #4693, 1000.000000000000114 ) ;
#909 = AXIS2_PLACEMENT_3D ( 'NONE', #863, #709, #3842 ) ;
#910 = LINE ( 'NONE', #2698, #5486 ) ;
#911 = LINE ( 'NONE', #797, #3048 ) ;
#912 = CIRCLE ( 'NONE', #7504, 0.3999999999999999667 ) ;
#913 = ORIENTED_EDGE ( 'NONE', *, *, #2034, .T. ) ;
#914 = CARTESIAN_POINT ( 'NONE',  ( 5.582732300020962768, -2.234524572767692341, 6.000000000000000000 ) ) ;
#915 = ORIENTED_EDGE ( 'NONE', *, *, #2309, .F. ) ;
#916 = DIRECTION ( 'NONE',  ( 0.000000000000000000, 0.000000000000000000, -1.000000000000000000 ) ) ;
#917 = EDGE_LOOP ( 'NONE', ( #6531, #7851, #3348, #351 ) ) ;
#918 = VECTOR ( 'NONE', #3980, 1000.000000000000114 ) ;
#919 = APPROVAL ( #4613, '未' ) ;
#920 = AXIS2_PLACEMENT_3D ( 'NONE', #2455, #2523, #7325 ) ;
#921 = DIRECTION ( 'NONE',  ( 0.8090169943749556669, -0.5877852522924618128, 0.000000000000000000 ) ) ;
#922 = DIRECTION ( 'NONE',  ( -0.5877852522924803536, 0.8090169943749422332, 0.000000000000000000 ) ) ;
#923 = AXIS2_PLACEMENT_3D ( 'NONE', #4048, #3890, #2110 ) ;
#924 = ORIENTED_EDGE ( 'NONE', *, *, #3064, .F. ) ;
#925 = CARTESIAN_POINT ( 'NONE',  ( 6.000000000000003553, -0.3999999999999375722, -7.000000000000000000 ) ) ;
#926 = LINE ( 'NONE', #1564, #5146 ) ;
#927 = ORIENTED_EDGE ( 'NONE', *, *, #3561, .F. ) ;
#928 = CARTESIAN_POINT ( 'NONE',  ( 3.203104716004792962, 5.089216067166714375, -6.000000000000000000 ) ) ;
#929 = DIRECTION ( 'NONE',  ( -0.3090169943749346837, -0.9510565162951576390, 0.000000000000000000 ) ) ;
#930 = ORIENTED_EDGE ( 'NONE', *, *, #2278, .F. ) ;
#931 = EDGE_CURVE ( 'NONE', #464, #5013, #6927, .T. ) ;
#932 = AXIS2_PLACEMENT_3D ( 'NONE', #3362, #2772, #5177 ) ;
#933 = PERSON_AND_ORGANIZATION_ROLE ( 'design_supplier' ) ;
#934 = DIRECTION ( 'NONE',  ( -0.9510565162951544194, 0.3090169943749445092, 0.000000000000000000 ) ) ;
#935 = ORIENTED_EDGE ( 'NONE', *, *, #6219, .T. ) ;
#936 = CARTESIAN_POINT ( 'NONE',  ( 5.706339097770900537, 1.854101966249749323, -6.000000000000000000 ) ) ;
#937 = CARTESIAN_POINT ( 'NONE',  ( -5.829945895520904919, 1.473679359731606908, 6.000000000000000000 ) ) ;
#938 = FACE_OUTER_BOUND ( 'NONE', #6003, .T. ) ;
#939 = ADVANCED_FACE ( 'NONE', ( #3848 ), #799, .T. ) ;
#940 = EDGE_CURVE ( 'NONE', #2857, #2228, #7506, .T. ) ;
#941 = EDGE_LOOP ( 'NONE', ( #6802, #3788, #6685, #3212 ) ) ;
#942 = ORIENTED_EDGE ( 'NONE', *, *, #6988, .T. ) ;
#943 = CARTESIAN_POINT ( 'NONE',  ( -2.234524572767709660, -5.582732300020956551, -6.000000000000000000 ) ) ;
#944 = FACE_BOUND ( 'NONE', #2249, .T. ) ;
#945 = DIRECTION ( 'NONE',  ( 0.3090169943749431214, 0.9510565162951548634, 0.000000000000000000 ) ) ;
#946 = EDGE_CURVE ( 'NONE', #3958, #3807, #1904, .T. ) ;
#947 = ORIENTED_EDGE ( 'NONE', *, *, #7029, .T. ) ;
#948 = DIRECTION ( 'NONE',  ( -0.000000000000000000, -0.000000000000000000, 1.000000000000000000 ) ) ;
#949 = EDGE_CURVE ( 'NONE', #3180, #748, #5783, .T. ) ;
#950 = DIRECTION ( 'NONE',  ( 0.3090169943749564441, -0.9510565162951505336, 0.000000000000000000 ) ) ;
#951 = CYLINDRICAL_SURFACE ( 'NONE', #2653, 0.4000000000000001887 ) ;
#952 = ORIENTED_EDGE ( 'NONE', *, *, #793, .F. ) ;
#953 = DIRECTION ( 'NONE',  ( 0.8090169943749463410, 0.5877852522924744694, 0.000000000000000000 ) ) ;
#954 = ORIENTED_EDGE ( 'NONE', *, *, #3548, .T. ) ;
#955 = DIRECTION ( 'NONE',  ( 0.8090169943749463410, 0.5877852522924744694, 0.000000000000000000 ) ) ;
#956 = ORIENTED_EDGE ( 'NONE', *, *, #3951, .F. ) ;
#957 = EDGE_LOOP ( 'NONE', ( #5496, #7839, #5820, #6740 ) ) ;
#958 = DIRECTION ( 'NONE',  ( -0.000000000000000000, -0.000000000000000000, -1.000000000000000000 ) ) ;
#959 = LINE ( 'NONE', #1481, #3671 ) ;
#960 = ORIENTED_EDGE ( 'NONE', *, *, #6359, .T. ) ;
#961 = DIRECTION ( 'NONE',  ( -0.000000000000000000, 1.000000000000000000, -0.000000000000000000 ) ) ;
#962 = DIRECTION ( 'NONE',  ( -0.000000000000000000, -0.000000000000000000, 1.000000000000000000 ) ) ;
#963 = EDGE_LOOP ( 'NONE', ( #5300, #3009, #3545, #2743 ) ) ;
#964 = CARTESIAN_POINT ( 'NONE',  ( 2.781152949374413819, 8.559508646656418307, 6.000000000000000000 ) ) ;
#965 = LINE ( 'NONE', #5881, #2677 ) ;
#966 = ORIENTED_EDGE ( 'NONE', *, *, #6574, .F. ) ;
#967 = DATE_TIME_ROLE ( 'classification_date' ) ;
#968 = CARTESIAN_POINT ( 'NONE',  ( -5.999999999999997335, -0.4000000000000205058, 7.000000000000000000 ) ) ;
#969 = EDGE_CURVE ( 'NONE', #1876, #2620, #848, .T. ) ;
#970 = ORIENTED_EDGE ( 'NONE', *, *, #3380, .T. ) ;
#971 = CARTESIAN_POINT ( 'NONE',  ( 1.473679359731668193, -5.829945895520888932, 6.000000000000000000 ) ) ;
#972 = ORIENTED_EDGE ( 'NONE', *, *, #5119, .T. ) ;
#973 = CARTESIAN_POINT ( 'NONE',  ( -5.829945895520904919, 1.473679359731606908, -6.000000000000000000 ) ) ;
#974 = FACE_OUTER_BOUND ( 'NONE', #5508, .T. ) ;
#975 = ORIENTED_EDGE ( 'NONE', *, *, #5660, .T. ) ;
#976 = AXIS2_PLACEMENT_3D ( 'NONE', #3464, #5309, #6475 ) ;
#977 = EDGE_CURVE ( 'NONE', #4218, #6181, #4386, .T. ) ;
#978 = EDGE_CURVE ( 'NONE', #7313, #7553, #3220, .T. ) ;
#979 = EDGE_CURVE ( 'NONE', #2605, #7123, #5525, .T. ) ;
#980 = ORIENTED_EDGE ( 'NONE', *, *, #1721, .T. ) ;
#981 = CARTESIAN_POINT ( 'NONE',  ( -9.399999999999998579, -3.197442310920450836E-14, -6.000000000000000000 ) ) ;
#982 = CARTESIAN_POINT ( 'NONE',  ( 3.526711513754774874, 4.854101966249730893, -6.000000000000000000 ) ) ;
#983 = CARTESIAN_POINT ( 'NONE',  ( -3.203104716004866681, 5.089216067166669966, 6.000000000000000000 ) ) ;
#984 = CARTESIAN_POINT ( 'NONE',  ( -5.690067270632216179, -7.281152949374556371, -6.000000000000000000 ) ) ;
#985 = ORIENTED_EDGE ( 'NONE', *, *, #1437, .F. ) ;
#986 = CARTESIAN_POINT ( 'NONE',  ( 4.618987865332647047, 3.850318311504873137, -6.000000000000000000 ) ) ;
#987 = VECTOR ( 'NONE', #1711, 999.9999999999998863 ) ;
#988 = EDGE_CURVE ( 'NONE', #3895, #6879, #3132, .T. ) ;
#989 = DIRECTION ( 'NONE',  ( 0.3090169943749451198, 0.9510565162951544194, 0.000000000000000000 ) ) ;
#990 = FACE_OUTER_BOUND ( 'NONE', #3765, .T. ) ;
#991 = CIRCLE ( 'NONE', #235, 0.9000000000000014655 ) ;
#992 = AXIS2_PLACEMENT_3D ( 'NONE', #4888, #3272, #1413 ) ;
#993 = VERTEX_POINT ( 'NONE', #5546 ) ;
#994 = DIRECTION ( 'NONE',  ( 1.000000000000000000, 1.807003620809173892E-16, 0.000000000000000000 ) ) ;
#995 = ORIENTED_EDGE ( 'NONE', *, *, #3781, .F. ) ;
#996 = LINE ( 'NONE', #5823, #6839 ) ;
#997 = ORIENTED_EDGE ( 'NONE', *, *, #5343, .T. ) ;
#998 = VECTOR ( 'NONE', #3708, 1000.000000000000114 ) ;
#999 = AXIS2_PLACEMENT_3D ( 'NONE', #3904, #3384, #2206 ) ;
#1000 = ADVANCED_FACE ( 'NONE', ( #2023 ), #1439, .F. ) ;
#1001 = ORIENTED_EDGE ( 'NONE', *, *, #5487, .F. ) ;
#1002 = CARTESIAN_POINT ( 'NONE',  ( 5.706339097770939617, -1.854101966249629641, -7.000000000000000000 ) ) ;
#1003 = CARTESIAN_POINT ( 'NONE',  ( -5.290067270632215823, -7.281152949374556371, 7.000000000000000000 ) ) ;
#1004 = CARTESIAN_POINT ( 'NONE',  ( -3.850318311504823843, 4.618987865332690568, -6.000000000000000000 ) ) ;
#1005 = CARTESIAN_POINT ( 'NONE',  ( 7.281152949374576799, -5.290067270632186514, 7.000000000000000000 ) ) ;
#1006 = ORIENTED_EDGE ( 'NONE', *, *, #4180, .T. ) ;
#1007 = LINE ( 'NONE', #2200, #1300 ) ;
#1008 = DIRECTION ( 'NONE',  ( -0.5877852522924769119, 0.8090169943749446757, 0.000000000000000000 ) ) ;
#1009 = ORIENTED_EDGE ( 'NONE', *, *, #2340, .T. ) ;
#1010 = VECTOR ( 'NONE', #1147, 1000.000000000000000 ) ;
#1011 = AXIS2_PLACEMENT_3D ( 'NONE', #6131, #5459, #2375 ) ;
#1012 = DIRECTION ( 'NONE',  ( -0.9510565162951566398, 0.3090169943749381254, 0.000000000000000000 ) ) ;
#1013 = DIRECTION ( 'NONE',  ( -0.000000000000000000, -0.000000000000000000, -1.000000000000000000 ) ) ;
#1014 = VERTEX_POINT ( 'NONE', #2071 ) ;
#1015 = CARTESIAN_POINT ( 'NONE',  ( -5.999999999999997335, -0.4000000000000205058, 6.000000000000000000 ) ) ;
#1016 = FACE_OUTER_BOUND ( 'NONE', #6851, .T. ) ;
#1017 = EDGE_LOOP ( 'NONE', ( #3011, #2713, #2415, #3515, #7414 ) ) ;
#1018 = ORIENTED_EDGE ( 'NONE', *, *, #3216, .F. ) ;
#1019 = EDGE_CURVE ( 'NONE', #2043, #5129, #7386, .T. ) ;
#1020 = ORIENTED_EDGE ( 'NONE', *, *, #1468, .F. ) ;
#1021 = AXIS2_PLACEMENT_3D ( 'NONE', #1273, #3578, #3684 ) ;
#1022 = DIRECTION ( 'NONE',  ( 1.000000000000000000, 0.000000000000000000, 0.000000000000000000 ) ) ;
#1023 = DIRECTION ( 'NONE',  ( -0.000000000000000000, -0.000000000000000000, 1.000000000000000000 ) ) ;
#1024 = CARTESIAN_POINT ( 'NONE',  ( -2.234524572767709660, -5.582732300020956551, 6.000000000000000000 ) ) ;
#1025 = LINE ( 'NONE', #7019, #104 ) ;
#1026 = VERTEX_POINT ( 'NONE', #5665 ) ;
#1027 = DIRECTION ( 'NONE',  ( -0.000000000000000000, 1.000000000000000000, -0.000000000000000000 ) ) ;
#1028 = CIRCLE ( 'NONE', #5446, 10.00000000000000000 ) ;
#1029 = EDGE_CURVE ( 'NONE', #5653, #1807, #2657, .T. ) ;
#1030 = AXIS2_PLACEMENT_3D ( 'NONE', #6938, #6295, #868 ) ;
#1031 = DIRECTION ( 'NONE',  ( 0.000000000000000000, 0.000000000000000000, 1.000000000000000000 ) ) ;
#1032 = DIRECTION ( 'NONE',  ( 0.8090169943749463410, 0.5877852522924744694, 0.000000000000000000 ) ) ;
#1033 = EDGE_LOOP ( 'NONE', ( #1306, #4597, #7026, #1505 ) ) ;
#1034 = LINE ( 'NONE', #3406, #1742 ) ;
#1035 = ORIENTED_EDGE ( 'NONE', *, *, #223, .F. ) ;
#1036 = AXIS2_PLACEMENT_3D ( 'NONE', #2596, #6797, #1959 ) ;
#1037 = DIRECTION ( 'NONE',  ( 0.9510565162951576390, -0.3090169943749349613, 0.000000000000000000 ) ) ;
#1038 = EDGE_CURVE ( 'NONE', #294, #783, #3509, .T. ) ;
#1039 = ORIENTED_EDGE ( 'NONE', *, *, #2034, .F. ) ;
#1040 = EDGE_CURVE ( 'NONE', #5688, #1975, #870, .T. ) ;
#1041 = AXIS2_PLACEMENT_3D ( 'NONE', #6727, #6687, #2484 ) ;
#1042 = AXIS2_PLACEMENT_3D ( 'NONE', #6818, #4467, #6293 ) ;
#1043 = VECTOR ( 'NONE', #3500, 1000.000000000000000 ) ;
#1044 = ORIENTED_EDGE ( 'NONE', *, *, #6206, .T. ) ;
#1045 = CARTESIAN_POINT ( 'NONE',  ( -2.750000000000000000, 0.000000000000000000, -7.000000000000000000 ) ) ;
#1046 = CARTESIAN_POINT ( 'NONE',  ( -3.526711513754811733, -4.854101966249705136, -7.000000000000000000 ) ) ;
#1047 = LINE ( 'NONE', #2231, #2091 ) ;
#1048 = DIRECTION ( 'NONE',  ( -0.000000000000000000, -0.000000000000000000, 1.000000000000000000 ) ) ;
#1049 = AXIS2_PLACEMENT_3D ( 'NONE', #3072, #7357, #4363 ) ;
#1050 = CIRCLE ( 'NONE', #6996, 0.3999999999999999667 ) ;
#1051 = ORIENTED_EDGE ( 'NONE', *, *, #5984, .F. ) ;
#1052 = DIRECTION ( 'NONE',  ( -0.000000000000000000, -0.000000000000000000, 1.000000000000000000 ) ) ;
#1053 = CARTESIAN_POINT ( 'NONE',  ( -5.829945895520895149, -1.473679359731648209, -6.000000000000000000 ) ) ;
#1054 = EDGE_LOOP ( 'NONE', ( #4497, #5615, #6382, #4249 ) ) ;
#1055 = EDGE_CURVE ( 'NONE', #7594, #2961, #3126, .T. ) ;
#1056 = VECTOR ( 'NONE', #6301, 1000.000000000000114 ) ;
#1057 = VECTOR ( 'NONE', #934, 1000.000000000000114 ) ;
#1058 = MECHANICAL_CONTEXT ( 'NONE', #198, 'mechanical' ) ;
#1059 = DIRECTION ( 'NONE',  ( -0.000000000000000000, -0.000000000000000000, 1.000000000000000000 ) ) ;
#1060 = ORIENTED_EDGE ( 'NONE', *, *, #514, .F. ) ;
#1061 = CARTESIAN_POINT ( 'NONE',  ( -7.281152949374536831, 5.290067270632241581, -6.000000000000000000 ) ) ;
#1062 = ORIENTED_EDGE ( 'NONE', *, *, #468, .T. ) ;
#1063 = LINE ( 'NONE', #7685, #1547 ) ;
#1064 = DIRECTION ( 'NONE',  ( 0.3090169943749550563, -0.9510565162951510887, 0.000000000000000000 ) ) ;
#1065 = VECTOR ( 'NONE', #2540, 1000.000000000000000 ) ;
#1066 = ORIENTED_EDGE ( 'NONE', *, *, #2731, .T. ) ;
#1067 = ORIENTED_EDGE ( 'NONE', *, *, #24, .F. ) ;
#1068 = CARTESIAN_POINT ( 'NONE',  ( 1.854101966249729561, -5.706339097770907642, 7.000000000000000000 ) ) ;
#1069 = PLANE ( 'NONE',  #1628 ) ;
#1070 = EDGE_CURVE ( 'NONE', #4144, #3539, #5106, .T. ) ;
#1071 = DIRECTION ( 'NONE',  ( 1.000000000000000000, 1.065514437861031800E-14, 0.000000000000000000 ) ) ;
#1072 = CARTESIAN_POINT ( 'NONE',  ( 3.850318311504757229, 4.618987865332744747, -7.000000000000000000 ) ) ;
#1073 = ORIENTED_EDGE ( 'NONE', *, *, #7798, .F. ) ;
#1074 = VECTOR ( 'NONE', #5373, 1000.000000000000000 ) ;
#1075 = FACE_OUTER_BOUND ( 'NONE', #6492, .T. ) ;
#1076 = ADVANCED_FACE ( 'NONE', ( #3920 ), #6338, .F. ) ;
#1077 = ORIENTED_EDGE ( 'NONE', *, *, #1721, .F. ) ;
#1078 = FACE_OUTER_BOUND ( 'NONE', #4133, .T. ) ;
#1079 = VERTEX_POINT ( 'NONE', #914 ) ;
#1080 = DIRECTION ( 'NONE',  ( -0.5877852522924624790, -0.8090169943749552228, 0.000000000000000000 ) ) ;
#1081 = ORIENTED_EDGE ( 'NONE', *, *, #4224, .F. ) ;
#1082 = AXIS2_PLACEMENT_3D ( 'NONE', #7707, #6518, #4726 ) ;
#1083 = EDGE_CURVE ( 'NONE', #3435, #5557, #5782, .T. ) ;
#1084 = LINE ( 'NONE', #7151, #1933 ) ;
#1085 = CARTESIAN_POINT ( 'NONE',  ( -5.306339097770927715, 1.854101966249668720, 7.000000000000000000 ) ) ;
#1086 = EDGE_CURVE ( 'NONE', #6583, #4353, #7025, .T. ) ;
#1087 = LINE ( 'NONE', #2864, #7800 ) ;
#1088 = DIRECTION ( 'NONE',  ( 1.000000000000000000, 3.672181700924050498E-15, 0.000000000000000000 ) ) ;
#1089 = VERTEX_POINT ( 'NONE', #2262 ) ;
#1090 = LINE ( 'NONE', #3499, #4690 ) ;
#1091 = CARTESIAN_POINT ( 'NONE',  ( -0.3999999999999994116, -9.000000000000000000, -7.000000000000000000 ) ) ;
#1092 = ORIENTED_EDGE ( 'NONE', *, *, #2613, .T. ) ;
#1093 = DIRECTION ( 'NONE',  ( -0.5877852522924771339, 0.8090169943749444537, 0.000000000000000000 ) ) ;
#1094 = EDGE_CURVE ( 'NONE', #156, #745, #6941, .T. ) ;
#1095 = ORIENTED_EDGE ( 'NONE', *, *, #5839, .T. ) ;
#1096 = PLANE ( 'NONE',  #5800 ) ;
#1097 = ORIENTED_EDGE ( 'NONE', *, *, #2527, .T. ) ;
#1098 = EDGE_CURVE ( 'NONE', #4452, #5653, #4510, .T. ) ;
#1099 = FACE_OUTER_BOUND ( 'NONE', #6409, .T. ) ;
#1100 = DIRECTION ( 'NONE',  ( 1.000000000000000000, 0.000000000000000000, 0.000000000000000000 ) ) ;
#1101 = VECTOR ( 'NONE', #7060, 1000.000000000000000 ) ;
#1102 = VERTEX_POINT ( 'NONE', #4672 ) ;
#1103 = DIRECTION ( 'NONE',  ( 0.000000000000000000, 0.000000000000000000, 1.000000000000000000 ) ) ;
#1104 = DIRECTION ( 'NONE',  ( -0.3090169943749383474, -0.9510565162951566398, 0.000000000000000000 ) ) ;
#1105 = ORIENTED_EDGE ( 'NONE', *, *, #7668, .T. ) ;
#1106 = DIRECTION ( 'NONE',  ( 0.9510565162951544194, -0.3090169943749445092, 0.000000000000000000 ) ) ;
#1107 = LINE ( 'NONE', #7052, #4025 ) ;
#1108 = FACE_OUTER_BOUND ( 'NONE', #7757, .T. ) ;
#1109 = LINE ( 'NONE', #5327, #6816 ) ;
#1110 = VERTEX_POINT ( 'NONE', #1591 ) ;
#1111 = VECTOR ( 'NONE', #6141, 1000.000000000000000 ) ;
#1112 = CARTESIAN_POINT ( 'NONE',  ( 5.829945895520913801, -1.473679359731567384, -6.000000000000000000 ) ) ;
#1113 = ORIENTED_EDGE ( 'NONE', *, *, #7650, .F. ) ;
#1114 = DIRECTION ( 'NONE',  ( 1.000000000000000000, 0.000000000000000000, 0.000000000000000000 ) ) ;
#1115 = CARTESIAN_POINT ( 'NONE',  ( -3.526711513754845928, 4.854101966249680267, -6.000000000000000000 ) ) ;
#1116 = CIRCLE ( 'NONE', #6810, 0.4000000000000000222 ) ;
#1117 = ORIENTED_EDGE ( 'NONE', *, *, #6068, .F. ) ;
#1118 = LINE ( 'NONE', #4119, #6715 ) ;
#1119 = ORIENTED_EDGE ( 'NONE', *, *, #1586, .T. ) ;
#1120 = EDGE_CURVE ( 'NONE', #819, #3133, #1034, .T. ) ;
#1121 = CIRCLE ( 'NONE', #5412, 0.3999999999999998002 ) ;
#1122 = DIRECTION ( 'NONE',  ( -0.5877852522924769119, 0.8090169943749446757, 0.000000000000000000 ) ) ;
#1123 = CARTESIAN_POINT ( 'NONE',  ( 8.559508646656350805, 2.781152949374624317, -6.000000000000000000 ) ) ;
#1124 = CARTESIAN_POINT ( 'NONE',  ( 9.399999999999998579, 9.482108720838090876E-14, 6.000000000000000000 ) ) ;
#1125 = DIRECTION ( 'NONE',  ( -0.000000000000000000, -0.000000000000000000, -1.000000000000000000 ) ) ;
#1126 = ORIENTED_EDGE ( 'NONE', *, *, #4989, .T. ) ;
#1127 = DIRECTION ( 'NONE',  ( 0.9510565162951557516, -0.3090169943749410120, -0.000000000000000000 ) ) ;
#1128 = DIRECTION ( 'NONE',  ( 0.000000000000000000, 0.000000000000000000, -1.000000000000000000 ) ) ;
#1129 = ORIENTED_EDGE ( 'NONE', *, *, #7838, .F. ) ;
#1130 = APPROVAL_PERSON_ORGANIZATION ( #5120, #1501, #2674 ) ;
#1131 = CIRCLE ( 'NONE', #7458, 0.4000000000000000222 ) ;
#1132 = EDGE_CURVE ( 'NONE', #2085, #3480, #361, .T. ) ;
#1133 = EDGE_CURVE ( 'NONE', #5059, #5594, #4549, .T. ) ;
#1134 = LINE ( 'NONE', #7353, #4208 ) ;
#1135 = AXIS2_PLACEMENT_3D ( 'NONE', #1845, #6036, #6645 ) ;
#1136 = CARTESIAN_POINT ( 'NONE',  ( -5.829945895520895149, -1.473679359731648209, 6.000000000000000000 ) ) ;
#1137 = ORIENTED_EDGE ( 'NONE', *, *, #3216, .T. ) ;
#1138 = FACE_OUTER_BOUND ( 'NONE', #4548, .T. ) ;
#1139 = CARTESIAN_POINT ( 'NONE',  ( -0.3999999999999995781, 5.999999999999999112, -7.000000000000000000 ) ) ;
#1140 = ORIENTED_EDGE ( 'NONE', *, *, #1531, .F. ) ;
#1141 = EDGE_CURVE ( 'NONE', #236, #156, #2750, .T. ) ;
#1142 = AXIS2_PLACEMENT_3D ( 'NONE', #3580, #6592, #6066 ) ;
#1143 = EDGE_CURVE ( 'NONE', #5944, #5838, #5745, .T. ) ;
#1144 = CARTESIAN_POINT ( 'NONE',  ( -4.966460472882290311, 7.516267050291509655, -6.000000000000000000 ) ) ;
#1145 = CARTESIAN_POINT ( 'NONE',  ( 4.618987865332731424, -3.850318311504773661, -6.000000000000000000 ) ) ;
#1146 = ORIENTED_EDGE ( 'NONE', *, *, #2548, .F. ) ;
#1147 = DIRECTION ( 'NONE',  ( -0.000000000000000000, -0.000000000000000000, 1.000000000000000000 ) ) ;
#1148 = CYLINDRICAL_SURFACE ( 'NONE', #5542, 0.4000000000000001887 ) ;
#1149 = DIRECTION ( 'NONE',  ( 1.000000000000000000, 3.672181700924050498E-15, 0.000000000000000000 ) ) ;
#1150 = PLANE ( 'NONE',  #4591 ) ;
#1151 = EDGE_LOOP ( 'NONE', ( #4304, #558, #6248, #7179 ) ) ;
#1152 = AXIS2_PLACEMENT_3D ( 'NONE', #1699, #2406, #1104 ) ;
#1153 = DIRECTION ( 'NONE',  ( -0.9510565162951549745, 0.3090169943749427883, 0.000000000000000000 ) ) ;
#1154 = VERTEX_POINT ( 'NONE', #4596 ) ;
#1155 = CARTESIAN_POINT ( 'NONE',  ( -3.203104716004866681, 5.089216067166669966, -7.000000000000000000 ) ) ;
#1156 = CARTESIAN_POINT ( 'NONE',  ( -7.681152949374537187, 5.290067270632241581, -6.000000000000000000 ) ) ;
#1157 = VERTEX_POINT ( 'NONE', #6423 ) ;
#1158 = DIRECTION ( 'NONE',  ( -0.000000000000000000, -0.000000000000000000, 1.000000000000000000 ) ) ;
#1159 = AXIS2_PLACEMENT_3D ( 'NONE', #2942, #3532, #3372 ) ;
#1160 = ORIENTED_EDGE ( 'NONE', *, *, #3883, .T. ) ;
#1161 = VECTOR ( 'NONE', #3839, 1000.000000000000000 ) ;
#1162 = DIRECTION ( 'NONE',  ( 0.000000000000000000, -0.000000000000000000, 1.000000000000000000 ) ) ;
#1163 = CARTESIAN_POINT ( 'NONE',  ( -4.618987865332703002, 3.850318311504807856, 6.000000000000000000 ) ) ;
#1164 = VECTOR ( 'NONE', #5164, 1000.000000000000000 ) ;
#1165 = CARTESIAN_POINT ( 'NONE',  ( -3.203104716004867125, 5.089216067166670854, 7.000000000000000000 ) ) ;
#1166 = CARTESIAN_POINT ( 'NONE',  ( 1.473679359731546956, 5.829945895520919130, 6.000000000000000000 ) ) ;
#1167 = EDGE_CURVE ( 'NONE', #4940, #6404, #4770, .T. ) ;
#1168 = VERTEX_POINT ( 'NONE', #3453 ) ;
#1169 = DIRECTION ( 'NONE',  ( 0.000000000000000000, 0.000000000000000000, 1.000000000000000000 ) ) ;
#1170 = ORIENTED_EDGE ( 'NONE', *, *, #550, .T. ) ;
#1171 = CIRCLE ( 'NONE', #5593, 0.3999999999999999112 ) ;
#1172 = CARTESIAN_POINT ( 'NONE',  ( -7.281152949374536831, 5.290067270632241581, -6.000000000000000000 ) ) ;
#1173 = VECTOR ( 'NONE', #1961, 1000.000000000000000 ) ;
#1174 = PLANE ( 'NONE',  #496 ) ;
#1175 = EDGE_CURVE ( 'NONE', #6422, #6790, #2374, .T. ) ;
#1176 = ORIENTED_EDGE ( 'NONE', *, *, #1120, .F. ) ;
#1177 = DIRECTION ( 'NONE',  ( -0.000000000000000000, -1.000000000000000000, -0.000000000000000000 ) ) ;
#1178 = DIRECTION ( 'NONE',  ( 0.000000000000000000, 0.000000000000000000, 1.000000000000000000 ) ) ;
#1179 = ORIENTED_EDGE ( 'NONE', *, *, #4803, .F. ) ;
#1180 = AXIS2_PLACEMENT_3D ( 'NONE', #1172, #7279, #4765 ) ;
#1181 = CARTESIAN_POINT ( 'NONE',  ( -5.706339097770914748, -1.854101966249709799, 6.000000000000000000 ) ) ;
#1182 = AXIS2_PLACEMENT_3D ( 'NONE', #6728, #1257, #3599 ) ;
#1183 = FACE_OUTER_BOUND ( 'NONE', #3161, .T. ) ;
#1184 = VERTEX_POINT ( 'NONE', #7063 ) ;
#1185 = EDGE_CURVE ( 'NONE', #5050, #993, #1630, .T. ) ;
#1186 = DIRECTION ( 'NONE',  ( -0.000000000000000000, -0.000000000000000000, 1.000000000000000000 ) ) ;
#1187 = FACE_OUTER_BOUND ( 'NONE', #591, .T. ) ;
#1188 = VECTOR ( 'NONE', #7031, 1000.000000000000000 ) ;
#1189 = ADVANCED_FACE ( 'NONE', ( #5868 ), #4041, .F. ) ;
#1190 = DIRECTION ( 'NONE',  ( -0.3090169943749445647, -0.9510565162951545304, 0.000000000000000000 ) ) ;
#1191 = FACE_OUTER_BOUND ( 'NONE', #3526, .T. ) ;
#1192 = ORIENTED_EDGE ( 'NONE', *, *, #3380, .F. ) ;
#1193 = ORIENTED_EDGE ( 'NONE', *, *, #4670, .F. ) ;
#1194 = DIRECTION ( 'NONE',  ( 0.3090169943749583314, -0.9510565162951499785, 0.000000000000000000 ) ) ;
#1195 = EDGE_CURVE ( 'NONE', #1908, #406, #5262, .T. ) ;
#1196 = VERTEX_POINT ( 'NONE', #6662 ) ;
#1197 = CYLINDRICAL_SURFACE ( 'NONE', #5196, 0.4000000000000001887 ) ;
#1198 = CYLINDRICAL_SURFACE ( 'NONE', #353, 0.3999999999999999667 ) ;
#1199 = ORIENTED_EDGE ( 'NONE', *, *, #5572, .F. ) ;
#1200 = EDGE_CURVE ( 'NONE', #6955, #47, #5986, .T. ) ;
#1201 = FACE_OUTER_BOUND ( 'NONE', #7149, .T. ) ;
#1202 = ORIENTED_EDGE ( 'NONE', *, *, #2340, .F. ) ;
#1203 = FACE_OUTER_BOUND ( 'NONE', #3393, .T. ) ;
#1204 = CARTESIAN_POINT ( 'NONE',  ( 2.781152949374594563, -8.559508646656361464, 6.000000000000000000 ) ) ;
#1205 = CARTESIAN_POINT ( 'NONE',  ( -1.854101966249646960, -5.706339097770934288, -7.000000000000000000 ) ) ;
#1206 = DIRECTION ( 'NONE',  ( -0.8090169943749419001, -0.5877852522924807976, 0.000000000000000000 ) ) ;
#1207 = EDGE_LOOP ( 'NONE', ( #2006, #331, #3995, #2788 ) ) ;
#1208 = DIRECTION ( 'NONE',  ( -0.000000000000000000, -0.000000000000000000, 1.000000000000000000 ) ) ;
#1209 = VERTEX_POINT ( 'NONE', #2461 ) ;
#1210 = DIRECTION ( 'NONE',  ( 0.000000000000000000, -0.000000000000000000, 1.000000000000000000 ) ) ;
#1211 = ORIENTED_EDGE ( 'NONE', *, *, #602, .F. ) ;
#1212 = DIRECTION ( 'NONE',  ( 0.000000000000000000, -0.000000000000000000, -1.000000000000000000 ) ) ;
#1213 = ORIENTED_EDGE ( 'NONE', *, *, #3801, .F. ) ;
#1214 = FACE_OUTER_BOUND ( 'NONE', #4734, .T. ) ;
#1215 = DIRECTION ( 'NONE',  ( -1.000000000000000000, 0.000000000000000000, 0.000000000000000000 ) ) ;
#1216 = EDGE_CURVE ( 'NONE', #7594, #1196, #4868, .T. ) ;
#1217 = DIRECTION ( 'NONE',  ( -0.000000000000000000, -0.000000000000000000, 1.000000000000000000 ) ) ;
#1218 = DIRECTION ( 'NONE',  ( 0.8090169943749402348, 0.5877852522924831291, 0.000000000000000000 ) ) ;
#1219 = VERTEX_POINT ( 'NONE', #5381 ) ;
#1220 = FACE_OUTER_BOUND ( 'NONE', #5725, .T. ) ;
#1221 = CARTESIAN_POINT ( 'NONE',  ( -3.526711513754811733, -4.854101966249705136, 6.000000000000000000 ) ) ;
#1222 = DIRECTION ( 'NONE',  ( 0.000000000000000000, -0.000000000000000000, -1.000000000000000000 ) ) ;
#1223 = ORIENTED_EDGE ( 'NONE', *, *, #3625, .F. ) ;
#1224 = ADVANCED_FACE ( 'NONE', ( #3638 ), #632, .T. ) ;
#1225 = ADVANCED_FACE ( 'NONE', ( #7180 ), #6508, .T. ) ;
#1226 = EDGE_CURVE ( 'NONE', #5411, #2272, #2891, .T. ) ;
#1227 = ORIENTED_EDGE ( 'NONE', *, *, #2082, .T. ) ;
#1228 = CARTESIAN_POINT ( 'NONE',  ( 10.00000000000000000, 0.000000000000000000, 7.000000000000000000 ) ) ;
#1229 = ORIENTED_EDGE ( 'NONE', *, *, #4697, .F. ) ;
#1230 = DIRECTION ( 'NONE',  ( -0.5877852522924744694, 0.8090169943749465631, 0.000000000000000000 ) ) ;
#1231 = DIRECTION ( 'NONE',  ( 1.000000000000000000, 0.000000000000000000, 0.000000000000000000 ) ) ;
#1232 = ORIENTED_EDGE ( 'NONE', *, *, #6798, .T. ) ;
#1233 = CARTESIAN_POINT ( 'NONE',  ( 6.000000000000000000, 6.284666409917640040E-14, -6.000000000000000000 ) ) ;
#1234 = EDGE_LOOP ( 'NONE', ( #4519, #1339, #840, #2735 ) ) ;
#1235 = VECTOR ( 'NONE', #7748, 1000.000000000000000 ) ;
#1236 = EDGE_CURVE ( 'NONE', #2356, #2695, #6979, .T. ) ;
#1237 = CARTESIAN_POINT ( 'NONE',  ( -9.000000000000000000, -3.197442310920450836E-14, 7.000000000000000000 ) ) ;
#1238 = CYLINDRICAL_SURFACE ( 'NONE', #4996, 0.4000000000000001887 ) ;
#1239 = CARTESIAN_POINT ( 'NONE',  ( -3.203104716004866681, 5.089216067166669966, 6.000000000000000000 ) ) ;
#1240 = EDGE_LOOP ( 'NONE', ( #3632, #4870, #5273, #7393 ) ) ;
#1241 = LINE ( 'NONE', #6524, #1043 ) ;
#1242 = EDGE_LOOP ( 'NONE', ( #7833, #8, #2874, #1931 ) ) ;
#1244 = EDGE_CURVE ( 'NONE', #4579, #462, #3934, .T. ) ;
#1243 = AXIS2_PLACEMENT_3D ( 'NONE', #7783, #6585, #254 ) ;
#1245 = DIRECTION ( 'NONE',  ( -0.000000000000000000, -0.000000000000000000, 1.000000000000000000 ) ) ;
#1246 = DIRECTION ( 'NONE',  ( 0.3090169943749564441, -0.9510565162951505336, 0.000000000000000000 ) ) ;
#1247 = VECTOR ( 'NONE', #7615, 1000.000000000000000 ) ;
#1248 = EDGE_LOOP ( 'NONE', ( #217, #927, #3434, #1232 ) ) ;
#1249 = VECTOR ( 'NONE', #4741, 1000.000000000000000 ) ;
#1250 = CARTESIAN_POINT ( 'NONE',  ( 8.559508646656350805, 2.781152949374624317, 6.000000000000000000 ) ) ;
#1251 = CARTESIAN_POINT ( 'NONE',  ( -9.000000000000000000, -3.197442310920450836E-14, -6.000000000000000000 ) ) ;
#1252 = AXIS2_PLACEMENT_3D ( 'NONE', #3345, #3982, #1608 ) ;
#1253 = DIRECTION ( 'NONE',  ( 0.000000000000000000, -1.000000000000000000, 0.000000000000000000 ) ) ;
#1254 = ORIENTED_EDGE ( 'NONE', *, *, #2771, .T. ) ;
#1255 = DIRECTION ( 'NONE',  ( 0.9510565162951544194, -0.3090169943749445092, 0.000000000000000000 ) ) ;
#1256 = LINE ( 'NONE', #1886, #5841 ) ;
#1257 = DIRECTION ( 'NONE',  ( 0.000000000000000000, -0.000000000000000000, 1.000000000000000000 ) ) ;
#1258 = VECTOR ( 'NONE', #2198, 1000.000000000000000 ) ;
#1259 = ADVANCED_FACE ( 'NONE', ( #1078 ), #4748, .F. ) ;
#1260 = VERTEX_POINT ( 'NONE', #3524 ) ;
#1261 = ORIENTED_EDGE ( 'NONE', *, *, #1677, .T. ) ;
#1262 = AXIS2_PLACEMENT_3D ( 'NONE', #2021, #4425, #3846 ) ;
#1263 = CARTESIAN_POINT ( 'NONE',  ( -2.400730342856472799, 8.683115444406361405, -6.000000000000000000 ) ) ;
#1264 = ORIENTED_EDGE ( 'NONE', *, *, #5387, .F. ) ;
#1265 = CARTESIAN_POINT ( 'NONE',  ( -4.454101966249667477, -3.526711513754861915, 7.000000000000000000 ) ) ;
#1266 = CARTESIAN_POINT ( 'NONE',  ( -25.00000000000000711, 54.00000000000000711, -23.60000000000001918 ) ) ;
#1267 = EDGE_CURVE ( 'NONE', #3240, #6272, #596, .T. ) ;
#1268 = ORIENTED_EDGE ( 'NONE', *, *, #736, .F. ) ;
#1269 = CARTESIAN_POINT ( 'NONE',  ( 5.706339097770939617, -1.854101966249629641, -7.000000000000000000 ) ) ;
#1270 = DIRECTION ( 'NONE',  ( 0.000000000000000000, 0.000000000000000000, 1.000000000000000000 ) ) ;
#1271 = AXIS2_PLACEMENT_3D ( 'NONE', #1790, #6513, #7224 ) ;
#1272 = LINE ( 'NONE', #5543, #5223 ) ;
#1273 = CARTESIAN_POINT ( 'NONE',  ( 25.00000000000001066, 50.00000000000000000, 24.50000000000000000 ) ) ;
#1274 = CARTESIAN_POINT ( 'NONE',  ( -10.00000000000000000, 50.00000000000000000, 7.000000000000000000 ) ) ;
#1275 = DIRECTION ( 'NONE',  ( -0.9510565162951566398, 0.3090169943749381254, 0.000000000000000000 ) ) ;
#1276 = EDGE_CURVE ( 'NONE', #7743, #1893, #2803, .T. ) ;
#1277 = CIRCLE ( 'NONE', #5450, 0.3999999999999998002 ) ;
#1278 = ADVANCED_FACE ( 'NONE', ( #4715 ), #7143, .T. ) ;
#1279 = ORIENTED_EDGE ( 'NONE', *, *, #6438, .F. ) ;
#1280 = CARTESIAN_POINT ( 'NONE',  ( 7.281152949374462224, 5.290067270632348162, 6.000000000000000000 ) ) ;
#1281 = ORIENTED_EDGE ( 'NONE', *, *, #2621, .T. ) ;
#1282 = AXIS2_PLACEMENT_3D ( 'NONE', #6700, #3680, #5360 ) ;
#1283 = DIRECTION ( 'NONE',  ( 1.000000000000000000, 1.065514437861031800E-14, 0.000000000000000000 ) ) ;
#1284 = AXIS2_PLACEMENT_3D ( 'NONE', #6021, #5420, #6 ) ;
#1285 = ORIENTED_EDGE ( 'NONE', *, *, #2593, .T. ) ;
#1286 = PLANE ( 'NONE',  #1747 ) ;
#1287 = EDGE_CURVE ( 'NONE', #1984, #5733, #4153, .T. ) ;
#1288 = ORIENTED_EDGE ( 'NONE', *, *, #211, .T. ) ;
#1289 = DIRECTION ( 'NONE',  ( 0.5877852522924712497, 0.8090169943749487835, 0.000000000000000000 ) ) ;
#1290 = DIRECTION ( 'NONE',  ( -0.5877852522924744694, 0.8090169943749465631, 0.000000000000000000 ) ) ;
#1291 = CIRCLE ( 'NONE', #2557, 0.4000000000000002442 ) ;
#1292 = VECTOR ( 'NONE', #1177, 1000.000000000000000 ) ;
#1293 = AXIS2_PLACEMENT_3D ( 'NONE', #2730, #4502, #1506 ) ;
#1294 = LINE ( 'NONE', #2518, #240 ) ;
#1295 = AXIS2_PLACEMENT_3D ( 'NONE', #3583, #4129, #5999 ) ;
#1296 = ORIENTED_EDGE ( 'NONE', *, *, #6783, .T. ) ;
#1297 = CARTESIAN_POINT ( 'NONE',  ( -5.089216067166657531, -3.203104716004883556, -6.000000000000000000 ) ) ;
#1298 = DIRECTION ( 'NONE',  ( -0.000000000000000000, -0.000000000000000000, 1.000000000000000000 ) ) ;
#1299 = FACE_OUTER_BOUND ( 'NONE', #1234, .T. ) ;
#1300 = VECTOR ( 'NONE', #5274, 999.9999999999998863 ) ;
#1301 = CIRCLE ( 'NONE', #547, 0.3999999999999999112 ) ;
#1302 = ORIENTED_EDGE ( 'NONE', *, *, #2446, .T. ) ;
#1303 = AXIS2_PLACEMENT_3D ( 'NONE', #3577, #13, #5994 ) ;
#1304 = ORIENTED_EDGE ( 'NONE', *, *, #3402, .F. ) ;
#1305 = LINE ( 'NONE', #4827, #2019 ) ;
#1306 = ORIENTED_EDGE ( 'NONE', *, *, #7150, .T. ) ;
#1307 = CARTESIAN_POINT ( 'NONE',  ( -7.281152949374500416, -5.290067270632293095, -6.000000000000000000 ) ) ;
#1308 = DIRECTION ( 'NONE',  ( 1.000000000000000000, 0.000000000000000000, 0.000000000000000000 ) ) ;
#1309 = ORIENTED_EDGE ( 'NONE', *, *, #306, .F. ) ;
#1310 = CARTESIAN_POINT ( 'NONE',  ( -3.203104716004831154, -5.089216067166691282, 6.000000000000000000 ) ) ;
#1311 = DIRECTION ( 'NONE',  ( -0.000000000000000000, -0.000000000000000000, 1.000000000000000000 ) ) ;
#1312 = VECTOR ( 'NONE', #796, 999.9999999999998863 ) ;
#1313 = ADVANCED_FACE ( 'NONE', ( #3568 ), #1197, .F. ) ;
#1314 = DIRECTION ( 'NONE',  ( 0.5877852522924830181, -0.8090169943749402348, 0.000000000000000000 ) ) ;
#1315 = FACE_OUTER_BOUND ( 'NONE', #7787, .T. ) ;
#1316 = CARTESIAN_POINT ( 'NONE',  ( 0.4000000000000004108, 5.999999999999999112, -7.000000000000000000 ) ) ;
#1317 = DIRECTION ( 'NONE',  ( 0.5877852522924803536, -0.8090169943749422332, 0.000000000000000000 ) ) ;
#1318 = ORIENTED_EDGE ( 'NONE', *, *, #1952, .T. ) ;
#1319 = CARTESIAN_POINT ( 'NONE',  ( 2.781152949374594563, -8.559508646656361464, 7.000000000000000000 ) ) ;
#1320 = ORIENTED_EDGE ( 'NONE', *, *, #4812, .F. ) ;
#1321 = ORIENTED_EDGE ( 'NONE', *, *, #7055, .F. ) ;
#1322 = EDGE_CURVE ( 'NONE', #7743, #6272, #2378, .T. ) ;
#1323 = EDGE_CURVE ( 'NONE', #1196, #7677, #3682, .T. ) ;
#1324 = EDGE_CURVE ( 'NONE', #722, #4093, #4235, .T. ) ;
#1325 = DIRECTION ( 'NONE',  ( -0.000000000000000000, -0.000000000000000000, -1.000000000000000000 ) ) ;
#1326 = EDGE_LOOP ( 'NONE', ( #5930, #1146, #5707, #5963 ) ) ;
#1327 = LINE ( 'NONE', #7355, #6936 ) ;
#1328 = ORIENTED_EDGE ( 'NONE', *, *, #6260, .F. ) ;
#1329 = FACE_OUTER_BOUND ( 'NONE', #7659, .T. ) ;
#1330 = DIRECTION ( 'NONE',  ( 0.9510565162951521989, 0.3090169943749517256, 0.000000000000000000 ) ) ;
#1331 = EDGE_CURVE ( 'NONE', #4896, #1154, #1894, .T. ) ;
#1332 = LINE ( 'NONE', #2598, #998 ) ;
#1333 = CARTESIAN_POINT ( 'NONE',  ( -5.599999999999999645, -2.094888803305880013E-14, 6.000000000000000000 ) ) ;
#1334 = EDGE_CURVE ( 'NONE', #6940, #4064, #2575, .T. ) ;
#1335 = VERTEX_POINT ( 'NONE', #1973 ) ;
#1336 = CARTESIAN_POINT ( 'NONE',  ( 5.582732300020916583, 2.234524572767808692, 6.000000000000000000 ) ) ;
#1337 = CARTESIAN_POINT ( 'NONE',  ( 8.683115444406384498, -2.400730342856381760, 6.000000000000000000 ) ) ;
#1338 = CARTESIAN_POINT ( 'NONE',  ( 5.999999999999994671, 0.4000000000000624167, -6.000000000000000000 ) ) ;
#1339 = ORIENTED_EDGE ( 'NONE', *, *, #4612, .F. ) ;
#1340 = ADVANCED_FACE ( 'NONE', ( #4983 ), #3719, .F. ) ;
#1341 = ORIENTED_EDGE ( 'NONE', *, *, #3852, .T. ) ;
#1342 = DIRECTION ( 'NONE',  ( -0.000000000000000000, -0.000000000000000000, -1.000000000000000000 ) ) ;
#1343 = ORIENTED_EDGE ( 'NONE', *, *, #1323, .F. ) ;
#1344 = DIRECTION ( 'NONE',  ( -0.000000000000000000, -0.000000000000000000, -1.000000000000000000 ) ) ;
#1345 = FACE_OUTER_BOUND ( 'NONE', #1242, .T. ) ;
#1346 = ORIENTED_EDGE ( 'NONE', *, *, #6605, .F. ) ;
#1347 = DIRECTION ( 'NONE',  ( 0.000000000000000000, -0.000000000000000000, 1.000000000000000000 ) ) ;
#1348 = DIRECTION ( 'NONE',  ( -0.000000000000000000, -0.000000000000000000, 1.000000000000000000 ) ) ;
#1349 = DIRECTION ( 'NONE',  ( -0.8090169943749402348, -0.5877852522924831291, 0.000000000000000000 ) ) ;
#1350 = CARTESIAN_POINT ( 'NONE',  ( 1.473679359731668193, -5.829945895520888932, 6.000000000000000000 ) ) ;
#1351 = CARTESIAN_POINT ( 'NONE',  ( 5.829945895520883603, 1.473679359731688843, -6.000000000000000000 ) ) ;
#1352 = ORIENTED_EDGE ( 'NONE', *, *, #3642, .T. ) ;
#1353 = CYLINDRICAL_SURFACE ( 'NONE', #3446, 0.3999999999999997446 ) ;
#1354 = ORIENTED_EDGE ( 'NONE', *, *, #978, .T. ) ;
#1355 = ORIENTED_EDGE ( 'NONE', *, *, #5253, .F. ) ;
#1356 = ADVANCED_FACE ( 'NONE', ( #6738 ), #4378, .F. ) ;
#1357 = AXIS2_PLACEMENT_3D ( 'NONE', #5704, #5821, #402 ) ;
#1358 = LINE ( 'NONE', #6147, #6495 ) ;
#1359 = DIRECTION ( 'NONE',  ( -0.000000000000000000, -0.000000000000000000, 1.000000000000000000 ) ) ;
#1360 = CYLINDRICAL_SURFACE ( 'NONE', #4268, 2.750000000000000000 ) ;
#1361 = ORIENTED_EDGE ( 'NONE', *, *, #4895, .F. ) ;
#1362 = CARTESIAN_POINT ( 'NONE',  ( -5.582732300020949445, 2.234524572767730533, 7.000000000000000000 ) ) ;
#1363 = LINE ( 'NONE', #5605, #4824 ) ;
#1364 = AXIS2_PLACEMENT_3D ( 'NONE', #330, #7593, #374 ) ;
#1365 = EDGE_CURVE ( 'NONE', #3284, #846, #4299, .T. ) ;
#1366 = DIRECTION ( 'NONE',  ( -0.8090169943749511150, 0.5877852522924682521, 0.000000000000000000 ) ) ;
#1367 = CARTESIAN_POINT ( 'NONE',  ( 4.618987865332647047, 3.850318311504873137, 7.000000000000000000 ) ) ;
#1368 = CIRCLE ( 'NONE', #6564, 0.4000000000000000222 ) ;
#1369 = CIRCLE ( 'NONE', #5032, 0.3999999999999999667 ) ;
#1370 = ORIENTED_EDGE ( 'NONE', *, *, #7428, .F. ) ;
#1371 = LINE ( 'NONE', #3864, #2009 ) ;
#1372 = DIRECTION ( 'NONE',  ( -3.491481338843133355E-15, 1.000000000000000000, 0.000000000000000000 ) ) ;
#1373 = CARTESIAN_POINT ( 'NONE',  ( 8.999999999999998224, 0.4000000000000943912, -6.000000000000000000 ) ) ;
#1374 = EDGE_CURVE ( 'NONE', #3210, #5019, #6213, .T. ) ;
#1375 = EDGE_CURVE ( 'NONE', #2801, #1654, #4301, .T. ) ;
#1376 = ORIENTED_EDGE ( 'NONE', *, *, #7678, .T. ) ;
#1377 = ORIENTED_EDGE ( 'NONE', *, *, #2879, .T. ) ;
#1378 = CC_DESIGN_APPROVAL ( #919, ( #365 ) ) ;
#1379 = VECTOR ( 'NONE', #3659, 1000.000000000000000 ) ;
#1380 = ORIENTED_EDGE ( 'NONE', *, *, #1912, .T. ) ;
#1381 = DIRECTION ( 'NONE',  ( -1.807003620809172906E-16, 1.000000000000000000, 0.000000000000000000 ) ) ;
#1382 = ORIENTED_EDGE ( 'NONE', *, *, #3346, .F. ) ;
#1383 = DIRECTION ( 'NONE',  ( 0.5877852522924832401, -0.8090169943749400128, 0.000000000000000000 ) ) ;
#1384 = LINE ( 'NONE', #2133, #5281 ) ;
#1385 = EDGE_CURVE ( 'NONE', #2163, #208, #7744, .T. ) ;
#1386 = ORIENTED_EDGE ( 'NONE', *, *, #2818, .F. ) ;
#1387 = CARTESIAN_POINT ( 'NONE',  ( 2.750000000000000000, 3.367778697655221012E-16, 7.000000000000000000 ) ) ;
#1388 = VECTOR ( 'NONE', #1125, 1000.000000000000000 ) ;
#1389 = VECTOR ( 'NONE', #2221, 1000.000000000000000 ) ;
#1390 = CARTESIAN_POINT ( 'NONE',  ( 3.181152949374413730, 8.559508646656418307, 6.000000000000000000 ) ) ;
#1391 = CARTESIAN_POINT ( 'NONE',  ( -3.526711513754811733, -4.854101966249705136, 6.000000000000000000 ) ) ;
#1392 = EDGE_LOOP ( 'NONE', ( #1782, #616, #7846, #1193, #2115 ) ) ;
#1393 = DIRECTION ( 'NONE',  ( -0.000000000000000000, -0.000000000000000000, 1.000000000000000000 ) ) ;
#1394 = ORIENTED_EDGE ( 'NONE', *, *, #568, .F. ) ;
#1395 = CYLINDRICAL_SURFACE ( 'NONE', #4959, 0.3999999999999999667 ) ;
#1396 = VECTOR ( 'NONE', #3209, 1000.000000000000000 ) ;
#1397 = ORIENTED_EDGE ( 'NONE', *, *, #1267, .T. ) ;
#1398 = VECTOR ( 'NONE', #2382, 1000.000000000000000 ) ;
#1399 = PLANE ( 'NONE',  #6102 ) ;
#1400 = DIRECTION ( 'NONE',  ( 0.5877852522924803536, -0.8090169943749422332, 0.000000000000000000 ) ) ;
#1401 = EDGE_CURVE ( 'NONE', #4245, #1855, #4190, .T. ) ;
#1402 = EDGE_LOOP ( 'NONE', ( #3919, #3643, #6464, #497 ) ) ;
#1403 = FACE_OUTER_BOUND ( 'NONE', #7050, .T. ) ;
#1404 = EDGE_LOOP ( 'NONE', ( #6762, #3383, #7409, #7301, #3297 ) ) ;
#1405 = DIRECTION ( 'NONE',  ( 1.000000000000000000, 0.000000000000000000, 0.000000000000000000 ) ) ;
#1406 = DIRECTION ( 'NONE',  ( 1.000000000000000000, 1.065514437861031800E-14, 0.000000000000000000 ) ) ;
#1407 = VECTOR ( 'NONE', #4089, 1000.000000000000000 ) ;
#1408 = AXIS2_PLACEMENT_3D ( 'NONE', #1542, #3358, #439 ) ;
#1409 = CARTESIAN_POINT ( 'NONE',  ( 4.618987865332647047, 3.850318311504873137, -6.000000000000000000 ) ) ;
#1410 = DIRECTION ( 'NONE',  ( 0.000000000000000000, 0.000000000000000000, 1.000000000000000000 ) ) ;
#1411 = EDGE_CURVE ( 'NONE', #595, #2563, #3808, .T. ) ;
#1412 = ORIENTED_EDGE ( 'NONE', *, *, #7090, .F. ) ;
#1413 = DIRECTION ( 'NONE',  ( -0.3090169943749386250, -0.9510565162951564178, 0.000000000000000000 ) ) ;
#1414 = VECTOR ( 'NONE', #3106, 1000.000000000000114 ) ;
#1415 = CARTESIAN_POINT ( 'NONE',  ( -5.089216067166657531, -3.203104716004883556, -6.000000000000000000 ) ) ;
#1416 = DIRECTION ( 'NONE',  ( -0.000000000000000000, -0.000000000000000000, -1.000000000000000000 ) ) ;
#1417 = VERTEX_POINT ( 'NONE', #7376 ) ;
#1418 = VERTEX_POINT ( 'NONE', #707 ) ;
#1419 = AXIS2_PLACEMENT_3D ( 'NONE', #6772, #3112, #7366 ) ;
#1420 = CIRCLE ( 'NONE', #7630, 0.3999999999999999112 ) ;
#1421 = ADVANCED_FACE ( 'NONE', ( #200 ), #4342, .T. ) ;
#1422 = ADVANCED_FACE ( 'NONE', ( #5656 ), #5620, .F. ) ;
#1423 = ORIENTED_EDGE ( 'NONE', *, *, #2092, .T. ) ;
#1424 = AXIS2_PLACEMENT_3D ( 'NONE', #964, #4684, #6479 ) ;
#1425 = CARTESIAN_POINT ( 'NONE',  ( 1.854101966249609657, 5.706339097770945834, -6.000000000000000000 ) ) ;
#1426 = AXIS2_PLACEMENT_3D ( 'NONE', #4403, #730, #6841 ) ;
#1427 = ORIENTED_EDGE ( 'NONE', *, *, #7820, .T. ) ;
#1428 = DIRECTION ( 'NONE',  ( -0.000000000000000000, 0.000000000000000000, -1.000000000000000000 ) ) ;
#1429 = CARTESIAN_POINT ( 'NONE',  ( -25.00000000000000711, -9.999999999999994671, -23.60000000000001918 ) ) ;
#1430 = EDGE_LOOP ( 'NONE', ( #5873, #3275, #6052, #7278 ) ) ;
#1431 = LINE ( 'NONE', #6257, #1922 ) ;
#1432 = CIRCLE ( 'NONE', #2055, 0.4000000000000001332 ) ;
#1433 = VECTOR ( 'NONE', #495, 1000.000000000000000 ) ;
#1434 = EDGE_CURVE ( 'NONE', #3751, #5771, #6170, .T. ) ;
#1435 = DIRECTION ( 'NONE',  ( 1.000000000000000000, 0.000000000000000000, 0.000000000000000000 ) ) ;
#1436 = CARTESIAN_POINT ( 'NONE',  ( -3.181152949374470129, -8.559508646656400543, -6.000000000000000000 ) ) ;
#1437 = EDGE_CURVE ( 'NONE', #2725, #7684, #4307, .T. ) ;
#1438 = EDGE_LOOP ( 'NONE', ( #3488, #6778, #4256, #942 ) ) ;
#1439 = PLANE ( 'NONE',  #2246 ) ;
#1440 = VECTOR ( 'NONE', #6177, 1000.000000000000000 ) ;
#1441 = ORIENTED_EDGE ( 'NONE', *, *, #4065, .T. ) ;
#1442 = PLANE ( 'NONE',  #5721 ) ;
#1443 = EDGE_LOOP ( 'NONE', ( #3467, #6596, #7164, #2480 ) ) ;
#1444 = CARTESIAN_POINT ( 'NONE',  ( -2.400730342856408406, -8.683115444406379169, 7.000000000000000000 ) ) ;
#1445 = DIRECTION ( 'NONE',  ( -0.3090169943749389025, -0.9510565162951563067, 0.000000000000000000 ) ) ;
#1446 = ORIENTED_EDGE ( 'NONE', *, *, #7814, .T. ) ;
#1447 = CARTESIAN_POINT ( 'NONE',  ( 3.526711513754881455, -4.854101966249653621, -6.000000000000000000 ) ) ;
#1448 = ORIENTED_EDGE ( 'NONE', *, *, #6016, .F. ) ;
#1449 = DIRECTION ( 'NONE',  ( 0.8090169943749556669, -0.5877852522924618128, 0.000000000000000000 ) ) ;
#1450 = CARTESIAN_POINT ( 'NONE',  ( 3.526711513754774874, 4.854101966249730893, -6.000000000000000000 ) ) ;
#1451 = CARTESIAN_POINT ( 'NONE',  ( -5.829945895520904919, 1.473679359731607130, -7.000000000000000000 ) ) ;
#1452 = CARTESIAN_POINT ( 'NONE',  ( 3.161575555892655043, -8.435901848906379286, 6.000000000000000000 ) ) ;
#1453 = VERTEX_POINT ( 'NONE', #2648 ) ;
#1454 = FACE_OUTER_BOUND ( 'NONE', #1402, .T. ) ;
#1455 = DIRECTION ( 'NONE',  ( 0.000000000000000000, 0.000000000000000000, -1.000000000000000000 ) ) ;
#1456 = DIRECTION ( 'NONE',  ( 0.000000000000000000, 0.000000000000000000, 1.000000000000000000 ) ) ;
#1457 = VERTEX_POINT ( 'NONE', #1265 ) ;
#1458 = FACE_BOUND ( 'NONE', #5589, .T. ) ;
#1459 = ORIENTED_EDGE ( 'NONE', *, *, #2724, .F. ) ;
#1460 = EDGE_CURVE ( 'NONE', #1110, #2917, #5018, .T. ) ;
#1461 = VERTEX_POINT ( 'NONE', #7453 ) ;
#1462 = DIRECTION ( 'NONE',  ( 0.9510565162951521989, 0.3090169943749517256, 0.000000000000000000 ) ) ;
#1463 = DIRECTION ( 'NONE',  ( -4.336808689942017736E-15, 1.000000000000000000, 0.000000000000000000 ) ) ;
#1464 = DIRECTION ( 'NONE',  ( 0.8090169943749531134, -0.5877852522924651435, 0.000000000000000000 ) ) ;
#1465 = FACE_OUTER_BOUND ( 'NONE', #4764, .T. ) ;
#1466 = ORIENTED_EDGE ( 'NONE', *, *, #1586, .F. ) ;
#1467 = CARTESIAN_POINT ( 'NONE',  ( 5.613674068382143112, 7.046038848457611081, -6.000000000000000000 ) ) ;
#1468 = EDGE_CURVE ( 'NONE', #1553, #3409, #6478, .T. ) ;
#1469 = EDGE_CURVE ( 'NONE', #3307, #2074, #2491, .T. ) ;
#1470 = DIRECTION ( 'NONE',  ( 0.000000000000000000, -0.000000000000000000, -1.000000000000000000 ) ) ;
#1471 = LINE ( 'NONE', #7503, #2039 ) ;
#1472 = ORIENTED_EDGE ( 'NONE', *, *, #4075, .F. ) ;
#1473 = PLANE ( 'NONE',  #1865 ) ;
#1474 = EDGE_LOOP ( 'NONE', ( #2171, #224 ) ) ;
#1475 = CARTESIAN_POINT ( 'NONE',  ( 2.234524572767672801, 5.582732300020971650, -6.000000000000000000 ) ) ;
#1476 = ADVANCED_FACE ( 'NONE', ( #3992, #3913, #6930, #3874, #6329, #6898, #4499, #5811, #7614, #5737, #392, #3395, #6414, #2764, #316, #5132, #944, #5099, #4541, #5859, #4032, #4587 ), #7495, .T. ) ;
#1477 = ORIENTED_EDGE ( 'NONE', *, *, #394, .F. ) ;
#1478 = EDGE_CURVE ( 'NONE', #869, #7594, #2727, .T. ) ;
#1479 = AXIS2_PLACEMENT_3D ( 'NONE', #7022, #5062, #1588 ) ;
#1480 = CARTESIAN_POINT ( 'NONE',  ( 1.854101966249729561, -5.706339097770907642, 6.000000000000000000 ) ) ;
#1481 = CARTESIAN_POINT ( 'NONE',  ( 5.089216067166703716, -3.203104716004811170, -6.000000000000000000 ) ) ;
#1482 = ORIENTED_EDGE ( 'NONE', *, *, #4722, .F. ) ;
#1483 = LINE ( 'NONE', #1746, #4901 ) ;
#1484 = ORIENTED_EDGE ( 'NONE', *, *, #3347, .F. ) ;
#1485 = CARTESIAN_POINT ( 'NONE',  ( -9.399999999999998579, -3.197442310920450836E-14, -6.000000000000000000 ) ) ;
#1486 = DIRECTION ( 'NONE',  ( 0.3090169943749482839, -0.9510565162951531981, 0.000000000000000000 ) ) ;
#1487 = VECTOR ( 'NONE', #4276, 1000.000000000000000 ) ;
#1488 = PERSON_AND_ORGANIZATION_ROLE ( 'creator' ) ;
#1489 = DIRECTION ( 'NONE',  ( 0.000000000000000000, 0.000000000000000000, -1.000000000000000000 ) ) ;
#1490 = ORIENTED_EDGE ( 'NONE', *, *, #1185, .F. ) ;
#1491 = DIRECTION ( 'NONE',  ( -0.000000000000000000, -0.000000000000000000, 1.000000000000000000 ) ) ;
#1492 = AXIS2_PLACEMENT_3D ( 'NONE', #2114, #2077, #2892 ) ;
#1493 = DIRECTION ( 'NONE',  ( 0.000000000000000000, -0.000000000000000000, 1.000000000000000000 ) ) ;
#1494 = DIRECTION ( 'NONE',  ( -0.000000000000000000, -0.000000000000000000, 1.000000000000000000 ) ) ;
#1495 = ORIENTED_EDGE ( 'NONE', *, *, #2495, .T. ) ;
#1496 = FACE_BOUND ( 'NONE', #7006, .T. ) ;
#1497 = ORIENTED_EDGE ( 'NONE', *, *, #6449, .T. ) ;
#1498 = AXIS2_PLACEMENT_3D ( 'NONE', #5556, #4965, #1877 ) ;
#1499 = ORIENTED_EDGE ( 'NONE', *, *, #4314, .F. ) ;
#1500 = CARTESIAN_POINT ( 'NONE',  ( 0.4000000000000001332, -9.000000000000001776, -6.000000000000000000 ) ) ;
#1501 = APPROVAL ( #3899, '未' ) ;
#1502 = CARTESIAN_POINT ( 'NONE',  ( 9.399999999999998579, 9.482108720838090876E-14, 6.000000000000000000 ) ) ;
#1503 = PLANE ( 'NONE',  #1504 ) ;
#1504 = AXIS2_PLACEMENT_3D ( 'NONE', #6330, #4984, #6171 ) ;
#1505 = ORIENTED_EDGE ( 'NONE', *, *, #6597, .T. ) ;
#1506 = DIRECTION ( 'NONE',  ( 0.3090169943749564441, -0.9510565162951505336, 0.000000000000000000 ) ) ;
#1507 = CIRCLE ( 'NONE', #7204, 0.4000000000000002442 ) ;
#1508 = VECTOR ( 'NONE', #2399, 1000.000000000000000 ) ;
#1509 = CARTESIAN_POINT ( 'NONE',  ( 7.681152949374577155, -5.290067270632186514, 6.000000000000000000 ) ) ;
#1510 = DIRECTION ( 'NONE',  ( -0.9510565162951507556, -0.3090169943749562220, 0.000000000000000000 ) ) ;
#1511 = EDGE_CURVE ( 'NONE', #7423, #1595, #7571, .T. ) ;
#1512 = EDGE_LOOP ( 'NONE', ( #2199, #1701, #3398, #3965 ) ) ;
#1513 = DIRECTION ( 'NONE',  ( -0.000000000000000000, 0.000000000000000000, -1.000000000000000000 ) ) ;
#1514 = ORIENTED_EDGE ( 'NONE', *, *, #178, .F. ) ;
#1515 = DIRECTION ( 'NONE',  ( 0.3090169943749583314, -0.9510565162951499785, 0.000000000000000000 ) ) ;
#1516 = ORIENTED_EDGE ( 'NONE', *, *, #1511, .F. ) ;
#1517 = AXIS2_PLACEMENT_3D ( 'NONE', #2369, #1186, #7213 ) ;
#1518 = EDGE_CURVE ( 'NONE', #1457, #4816, #4937, .T. ) ;
#1519 = DIRECTION ( 'NONE',  ( -0.3090169943749517811, 0.9510565162951520879, 0.000000000000000000 ) ) ;
#1520 = FACE_BOUND ( 'NONE', #6083, .T. ) ;
#1521 = ADVANCED_FACE ( 'NONE', ( #6453 ), #2851, .F. ) ;
#1522 = EDGE_LOOP ( 'NONE', ( #5133, #7257 ) ) ;
#1523 = CARTESIAN_POINT ( 'NONE',  ( 25.00000000000001066, -9.999999999999994671, 23.59999999999999787 ) ) ;
#1524 = AXIS2_PLACEMENT_3D ( 'NONE', #5379, #629, #3041 ) ;
#1525 = DIRECTION ( 'NONE',  ( -0.000000000000000000, -0.000000000000000000, -1.000000000000000000 ) ) ;
#1526 = ORIENTED_EDGE ( 'NONE', *, *, #1890, .T. ) ;
#1527 = CARTESIAN_POINT ( 'NONE',  ( -5.089216067166657531, -3.203104716004883556, 6.000000000000000000 ) ) ;
#1528 = CARTESIAN_POINT ( 'NONE',  ( 7.046038848457591541, -5.613674068382167981, 6.000000000000000000 ) ) ;
#1529 = CIRCLE ( 'NONE', #5952, 0.3999999999999999667 ) ;
#1530 = LINE ( 'NONE', #4015, #1057 ) ;
#1531 = EDGE_CURVE ( 'NONE', #4245, #1723, #2173, .T. ) ;
#1532 = ORIENTED_EDGE ( 'NONE', *, *, #6146, .T. ) ;
#1533 = DIRECTION ( 'NONE',  ( 0.3090169943749550563, -0.9510565162951510887, 0.000000000000000000 ) ) ;
#1534 = ADVANCED_FACE ( 'NONE', ( #2692 ), #5774, .F. ) ;
#1535 = CARTESIAN_POINT ( 'NONE',  ( 8.683115444406332983, 2.400730342856564725, -7.000000000000000000 ) ) ;
#1536 = CARTESIAN_POINT ( 'NONE',  ( -5.306339097770914393, -1.854101966249709799, 6.000000000000000000 ) ) ;
#1537 = ORIENTED_EDGE ( 'NONE', *, *, #7486, .T. ) ;
#1538 = AXIS2_PLACEMENT_3D ( 'NONE', #7818, #4195, #1745 ) ;
#1539 = ORIENTED_EDGE ( 'NONE', *, *, #5232, .F. ) ;
#1540 = PLANE ( 'NONE',  #359 ) ;
#1541 = VECTOR ( 'NONE', #7095, 1000.000000000000000 ) ;
#1542 = CARTESIAN_POINT ( 'NONE',  ( 0.000000000000000000, 0.000000000000000000, 7.000000000000000000 ) ) ;
#1543 = CARTESIAN_POINT ( 'NONE',  ( 5.690067270632322760, -7.281152949374479100, 7.000000000000000000 ) ) ;
#1544 = ORIENTED_EDGE ( 'NONE', *, *, #1374, .T. ) ;
#1545 = CARTESIAN_POINT ( 'NONE',  ( -4.854101966249667832, -3.526711513754861915, -6.000000000000000000 ) ) ;
#1546 = AXIS2_PLACEMENT_3D ( 'NONE', #2160, #2712, #6396 ) ;
#1547 = VECTOR ( 'NONE', #7804, 1000.000000000000000 ) ;
#1548 = VECTOR ( 'NONE', #1623, 1000.000000000000000 ) ;
#1549 = DIRECTION ( 'NONE',  ( -0.000000000000000000, -0.000000000000000000, 1.000000000000000000 ) ) ;
#1550 = DIRECTION ( 'NONE',  ( -0.000000000000000000, 0.000000000000000000, -1.000000000000000000 ) ) ;
#1551 = VERTEX_POINT ( 'NONE', #3320 ) ;
#1552 = DIRECTION ( 'NONE',  ( 0.000000000000000000, 0.000000000000000000, 1.000000000000000000 ) ) ;
#1553 = VERTEX_POINT ( 'NONE', #1502 ) ;
#1554 = DIRECTION ( 'NONE',  ( 0.3090169943749347392, 0.9510565162951576390, 0.000000000000000000 ) ) ;
#1555 = ORIENTED_EDGE ( 'NONE', *, *, #2008, .T. ) ;
#1556 = AXIS2_PLACEMENT_3D ( 'NONE', #7119, #5884, #461 ) ;
#1557 = ADVANCED_FACE ( 'NONE', ( #7018 ), #1582, .F. ) ;
#1558 = AXIS2_PLACEMENT_3D ( 'NONE', #6322, #5729, #853 ) ;
#1559 = DIRECTION ( 'NONE',  ( 0.5877852522924705836, 0.8090169943749492276, 0.000000000000000000 ) ) ;
#1560 = DIRECTION ( 'NONE',  ( 0.000000000000000000, 1.000000000000000000, 0.000000000000000000 ) ) ;
#1561 = VECTOR ( 'NONE', #1753, 1000.000000000000000 ) ;
#1562 = ORIENTED_EDGE ( 'NONE', *, *, #6269, .T. ) ;
#1563 = LINE ( 'NONE', #1523, #4164 ) ;
#1564 = CARTESIAN_POINT ( 'NONE',  ( -3.850318311504823843, 4.618987865332690568, 6.000000000000000000 ) ) ;
#1565 = ORIENTED_EDGE ( 'NONE', *, *, #7523, .T. ) ;
#1566 = CYLINDRICAL_SURFACE ( 'NONE', #1424, 0.3999999999999997446 ) ;
#1567 = CARTESIAN_POINT ( 'NONE',  ( -8.683115444406352523, -2.400730342856503885, -6.000000000000000000 ) ) ;
#1568 = ADVANCED_FACE ( 'NONE', ( #7053 ), #2062, .F. ) ;
#1569 = EDGE_CURVE ( 'NONE', #2956, #1909, #3282, .T. ) ;
#1570 = ADVANCED_FACE ( 'NONE', ( #2410 ), #5335, .T. ) ;
#1571 = COORDINATED_UNIVERSAL_TIME_OFFSET ( 8, 0, .AHEAD. ) ;
#1572 = CARTESIAN_POINT ( 'NONE',  ( -57.50000000000000000, 54.00000000000000711, 38.50000000000000000 ) ) ;
#1573 = ORIENTED_EDGE ( 'NONE', *, *, #3926, .F. ) ;
#1574 = DIRECTION ( 'NONE',  ( 0.000000000000000000, 0.000000000000000000, 1.000000000000000000 ) ) ;
#1575 = ORIENTED_EDGE ( 'NONE', *, *, #3986, .F. ) ;
#1576 = DIRECTION ( 'NONE',  ( 0.3090169943749482839, -0.9510565162951531981, 0.000000000000000000 ) ) ;
#1577 = LINE ( 'NONE', #6530, #1164 ) ;
#1578 = ORIENTED_EDGE ( 'NONE', *, *, #113, .F. ) ;
#1579 = EDGE_CURVE ( 'NONE', #6006, #3240, #5375, .T. ) ;
#1580 = ORIENTED_EDGE ( 'NONE', *, *, #2577, .T. ) ;
#1581 = DIRECTION ( 'NONE',  ( -0.3090169943749389025, -0.9510565162951563067, 0.000000000000000000 ) ) ;
#1582 = PLANE ( 'NONE',  #3436 ) ;
#1583 = DIRECTION ( 'NONE',  ( -0.000000000000000000, -0.000000000000000000, 1.000000000000000000 ) ) ;
#1584 = EDGE_LOOP ( 'NONE', ( #535, #672, #2628, #369 ) ) ;
#1585 = CARTESIAN_POINT ( 'NONE',  ( -0.3999999999999995781, 5.999999999999999112, -6.000000000000000000 ) ) ;
#1586 = EDGE_CURVE ( 'NONE', #2570, #7242, #650, .T. ) ;
#1587 = VECTOR ( 'NONE', #6179, 1000.000000000000000 ) ;
#1588 = DIRECTION ( 'NONE',  ( 1.084202172485504592E-14, -1.000000000000000000, 0.000000000000000000 ) ) ;
#1589 = FACE_OUTER_BOUND ( 'NONE', #7392, .T. ) ;
#1590 = ORIENTED_EDGE ( 'NONE', *, *, #5051, .F. ) ;
#1591 = CARTESIAN_POINT ( 'NONE',  ( -7.516267050291528307, 4.966460472882263666, -6.000000000000000000 ) ) ;
#1592 = ORIENTED_EDGE ( 'NONE', *, *, #3475, .F. ) ;
#1593 = DIRECTION ( 'NONE',  ( -0.8090169943749419001, -0.5877852522924807976, 0.000000000000000000 ) ) ;
#1594 = VERTEX_POINT ( 'NONE', #3483 ) ;
#1595 = VERTEX_POINT ( 'NONE', #7137 ) ;
#1596 = CARTESIAN_POINT ( 'NONE',  ( 2.781152949374594563, -8.559508646656361464, 6.000000000000000000 ) ) ;
#1597 = CARTESIAN_POINT ( 'NONE',  ( -3.850318311504791868, -4.618987865332716325, -6.000000000000000000 ) ) ;
#1598 = CARTESIAN_POINT ( 'NONE',  ( 5.510910596163086597E-16, -9.000000000000000000, -6.000000000000000000 ) ) ;
#1599 = DIRECTION ( 'NONE',  ( 1.000000000000000000, 0.000000000000000000, 0.000000000000000000 ) ) ;
#1600 = ADVANCED_FACE ( 'NONE', ( #3559 ), #7849, .T. ) ;
#1601 = ORIENTED_EDGE ( 'NONE', *, *, #4943, .F. ) ;
#1602 = CARTESIAN_POINT ( 'NONE',  ( 4.854101966249718458, -3.526711513754792193, 7.000000000000000000 ) ) ;
#1603 = FACE_OUTER_BOUND ( 'NONE', #7184, .T. ) ;
#1604 = VERTEX_POINT ( 'NONE', #2884 ) ;
#1605 = PERSON_AND_ORGANIZATION ( #6561, #5416 ) ;
#1606 = PLANE ( 'NONE',  #4077 ) ;
#1607 = ORIENTED_EDGE ( 'NONE', *, *, #6153, .T. ) ;
#1608 = DIRECTION ( 'NONE',  ( -0.8090169943749419001, -0.5877852522924807976, 0.000000000000000000 ) ) ;
#1609 = EDGE_CURVE ( 'NONE', #5332, #5755, #5896, .T. ) ;
#1610 = VERTEX_POINT ( 'NONE', #7174 ) ;
#1611 = DIRECTION ( 'NONE',  ( -0.3090169943749409565, -0.9510565162951556406, -0.000000000000000000 ) ) ;
#1612 = LINE ( 'NONE', #2126, #3565 ) ;
#1613 = ORIENTED_EDGE ( 'NONE', *, *, #1086, .F. ) ;
#1614 = ORIENTED_EDGE ( 'NONE', *, *, #6305, .F. ) ;
#1615 = EDGE_LOOP ( 'NONE', ( #3322, #176, #4876, #2472, #4426 ) ) ;
#1616 = ADVANCED_FACE ( 'NONE', ( #7253 ), #6501, .F. ) ;
#1617 = CARTESIAN_POINT ( 'NONE',  ( 1.854101966249729561, -5.706339097770907642, 6.000000000000000000 ) ) ;
#1618 = CARTESIAN_POINT ( 'NONE',  ( -5.599999999999999645, -2.094888803305880013E-14, 6.000000000000000000 ) ) ;
#1619 = ADVANCED_FACE ( 'NONE', ( #2252 ), #1704, .T. ) ;
#1620 = CARTESIAN_POINT ( 'NONE',  ( 0.000000000000000000, -6.000000000000000000, 6.000000000000000000 ) ) ;
#1621 = FACE_OUTER_BOUND ( 'NONE', #7089, .T. ) ;
#1622 = VERTEX_POINT ( 'NONE', #4071 ) ;
#1623 = DIRECTION ( 'NONE',  ( -1.000000000000000000, -1.065514437861031800E-14, 0.000000000000000000 ) ) ;
#1624 = DIRECTION ( 'NONE',  ( -0.9510565162951499785, -0.3090169943749583314, 0.000000000000000000 ) ) ;
#1625 = LINE ( 'NONE', #2817, #1389 ) ;
#1627 = EDGE_CURVE ( 'NONE', #7702, #7781, #4110, .T. ) ;
#1626 = VECTOR ( 'NONE', #2959, 1000.000000000000114 ) ;
#1628 = AXIS2_PLACEMENT_3D ( 'NONE', #4585, #5856, #5895 ) ;
#1629 = ORIENTED_EDGE ( 'NONE', *, *, #5329, .F. ) ;
#1630 = LINE ( 'NONE', #7102, #3379 ) ;
#1631 = ORIENTED_EDGE ( 'NONE', *, *, #5232, .T. ) ;
#1632 = FACE_OUTER_BOUND ( 'NONE', #4978, .T. ) ;
#1633 = VERTEX_POINT ( 'NONE', #556 ) ;
#1634 = AXIS2_PLACEMENT_3D ( 'NONE', #103, #4925, #3861 ) ;
#1635 = AXIS2_PLACEMENT_3D ( 'NONE', #4650, #7084, #4060 ) ;
#1636 = ORIENTED_EDGE ( 'NONE', *, *, #5975, .F. ) ;
#1637 = CARTESIAN_POINT ( 'NONE',  ( -3.161575555892595091, 8.435901848906404155, -6.000000000000000000 ) ) ;
#1638 = CYLINDRICAL_SURFACE ( 'NONE', #7485, 0.3999999999999993006 ) ;
#1639 = CARTESIAN_POINT ( 'NONE',  ( -1.854101966249646960, -5.706339097770934288, -6.000000000000000000 ) ) ;
#1640 = FACE_OUTER_BOUND ( 'NONE', #2782, .T. ) ;
#1641 = ORIENTED_EDGE ( 'NONE', *, *, #4419, .T. ) ;
#1642 = CARTESIAN_POINT ( 'NONE',  ( -5.306339097770914393, -1.854101966249709799, 6.000000000000000000 ) ) ;
#1643 = CARTESIAN_POINT ( 'NONE',  ( -5.089216067166657531, -3.203104716004883556, -6.000000000000000000 ) ) ;
#1644 = ORIENTED_EDGE ( 'NONE', *, *, #7002, .T. ) ;
#1645 = ADVANCED_FACE ( 'NONE', ( #6617 ), #1739, .T. ) ;
#1646 = APPLICATION_PROTOCOL_DEFINITION ( 'international standard', 'config_control_design', 1994, #198 ) ;
#1647 = AXIS2_PLACEMENT_3D ( 'NONE', #2888, #2300, #5260 ) ;
#1648 = DIRECTION ( 'NONE',  ( -0.5877852522924769119, 0.8090169943749446757, 0.000000000000000000 ) ) ;
#1649 = ORIENTED_EDGE ( 'NONE', *, *, #3502, .T. ) ;
#1650 = DIRECTION ( 'NONE',  ( -0.000000000000000000, -0.000000000000000000, 1.000000000000000000 ) ) ;
#1651 = ORIENTED_EDGE ( 'NONE', *, *, #7534, .T. ) ;
#1652 = CARTESIAN_POINT ( 'NONE',  ( -4.854101966249691813, 3.526711513754828164, -6.000000000000000000 ) ) ;
#1653 = DIRECTION ( 'NONE',  ( -0.000000000000000000, -0.000000000000000000, -1.000000000000000000 ) ) ;
#1654 = VERTEX_POINT ( 'NONE', #6537 ) ;
#1655 = AXIS2_PLACEMENT_3D ( 'NONE', #507, #138, #2916 ) ;
#1656 = ADVANCED_FACE ( 'NONE', ( #1108 ), #4664, .F. ) ;
#1657 = EDGE_LOOP ( 'NONE', ( #2001, #4013, #1213, #6493 ) ) ;
#1658 = AXIS2_PLACEMENT_3D ( 'NONE', #4309, #3648, #6064 ) ;
#1659 = CARTESIAN_POINT ( 'NONE',  ( -4.618987865332703002, 3.850318311504807856, -7.000000000000000000 ) ) ;
#1660 = CARTESIAN_POINT ( 'NONE',  ( -24.99999999999999645, 50.00000000000000000, 23.60000000000000497 ) ) ;
#1661 = CARTESIAN_POINT ( 'NONE',  ( -2.400730342856408406, -8.683115444406379169, 6.000000000000000000 ) ) ;
#1662 = LINE ( 'NONE', #6415, #1247 ) ;
#1663 = VERTEX_POINT ( 'NONE', #2371 ) ;
#1664 = CIRCLE ( 'NONE', #647, 0.4000000000000001332 ) ;
#1665 = ADVANCED_FACE ( 'NONE', ( #7812 ), #7773, .F. ) ;
#1666 = AXIS2_PLACEMENT_3D ( 'NONE', #5627, #7578, #6785 ) ;
#1667 = EDGE_CURVE ( 'NONE', #6955, #6946, #2964, .T. ) ;
#1668 = CARTESIAN_POINT ( 'NONE',  ( 4.618987865332647047, 3.850318311504873581, -7.000000000000000000 ) ) ;
#1669 = EDGE_LOOP ( 'NONE', ( #2682, #960, #6173, #508, #3651 ) ) ;
#1670 = DIRECTION ( 'NONE',  ( -0.9510565162951549745, 0.3090169943749427883, 0.000000000000000000 ) ) ;
#1671 = EDGE_LOOP ( 'NONE', ( #4019, #389, #1376, #7446 ) ) ;
#1672 = AXIS2_PLACEMENT_3D ( 'NONE', #1450, #142, #4400 ) ;
#1673 = DIRECTION ( 'NONE',  ( -0.000000000000000000, -0.000000000000000000, 1.000000000000000000 ) ) ;
#1674 = EDGE_LOOP ( 'NONE', ( #4806, #5189, #1394, #1891, #229 ) ) ;
#1675 = VECTOR ( 'NONE', #1576, 1000.000000000000227 ) ;
#1676 = VECTOR ( 'NONE', #4590, 1000.000000000000000 ) ;
#1677 = EDGE_CURVE ( 'NONE', #7171, #582, #3598, .T. ) ;
#1678 = VECTOR ( 'NONE', #3936, 1000.000000000000000 ) ;
#1679 = EDGE_CURVE ( 'NONE', #4579, #3665, #2997, .T. ) ;
#1680 = EDGE_LOOP ( 'NONE', ( #2320, #7083, #2948, #5380 ) ) ;
#1681 = CARTESIAN_POINT ( 'NONE',  ( -3.850318311504824731, 4.618987865332691456, -7.000000000000000000 ) ) ;
#1682 = DIRECTION ( 'NONE',  ( -0.8090169943749511150, 0.5877852522924682521, 0.000000000000000000 ) ) ;
#1683 = LINE ( 'NONE', #453, #4481 ) ;
#1684 = CARTESIAN_POINT ( 'NONE',  ( 57.50000000000000000, 54.00000000000000711, 38.50000000000000000 ) ) ;
#1685 = AXIS2_PLACEMENT_3D ( 'NONE', #1269, #5240, #6098 ) ;
#1686 = VECTOR ( 'NONE', #7431, 1000.000000000000000 ) ;
#1687 = ORIENTED_EDGE ( 'NONE', *, *, #6783, .F. ) ;
#1688 = CARTESIAN_POINT ( 'NONE',  ( -7.046038848457548909, 5.613674068382220383, 6.000000000000000000 ) ) ;
#1689 = CARTESIAN_POINT ( 'NONE',  ( -1.854101966249646960, -5.706339097770934288, 6.000000000000000000 ) ) ;
#1690 = ORIENTED_EDGE ( 'NONE', *, *, #403, .T. ) ;
#1691 = CARTESIAN_POINT ( 'NONE',  ( 5.829945895520913801, -1.473679359731567384, -6.000000000000000000 ) ) ;
#1692 = DIRECTION ( 'NONE',  ( 0.000000000000000000, 0.000000000000000000, 1.000000000000000000 ) ) ;
#1693 = ORIENTED_EDGE ( 'NONE', *, *, #2929, .T. ) ;
#1694 = DIRECTION ( 'NONE',  ( -0.000000000000000000, 0.000000000000000000, 1.000000000000000000 ) ) ;
#1695 = CARTESIAN_POINT ( 'NONE',  ( 2.234524572767789152, -5.582732300020924576, -6.000000000000000000 ) ) ;
#1696 = CIRCLE ( 'NONE', #678, 2.750000000000000000 ) ;
#1697 = ORIENTED_EDGE ( 'NONE', *, *, #2257, .F. ) ;
#1698 = DIRECTION ( 'NONE',  ( -0.8090169943749531134, 0.5877852522924651435, 0.000000000000000000 ) ) ;
#1699 = CARTESIAN_POINT ( 'NONE',  ( 5.706339097770939617, -1.854101966249629641, -6.000000000000000000 ) ) ;
#1700 = AXIS2_PLACEMENT_3D ( 'NONE', #1946, #2101, #2732 ) ;
#1701 = ORIENTED_EDGE ( 'NONE', *, *, #3594, .T. ) ;
#1702 = CARTESIAN_POINT ( 'NONE',  ( 1.473679359731668193, -5.829945895520888932, -6.000000000000000000 ) ) ;
#1703 = CARTESIAN_POINT ( 'NONE',  ( -3.526711513754811733, -4.854101966249705136, 7.000000000000000000 ) ) ;
#1704 = PLANE ( 'NONE',  #902 ) ;
#1705 = CARTESIAN_POINT ( 'NONE',  ( 1.854101966249729561, -5.706339097770907642, 6.000000000000000000 ) ) ;
#1706 = ADVANCED_FACE ( 'NONE', ( #72 ), #108, .T. ) ;
#1707 = ORIENTED_EDGE ( 'NONE', *, *, #7680, .T. ) ;
#1708 = CARTESIAN_POINT ( 'NONE',  ( 1.854101966249609657, 5.706339097770945834, 6.000000000000000000 ) ) ;
#1709 = ORIENTED_EDGE ( 'NONE', *, *, #6358, .F. ) ;
#1710 = DIRECTION ( 'NONE',  ( -0.000000000000000000, -0.000000000000000000, 1.000000000000000000 ) ) ;
#1711 = DIRECTION ( 'NONE',  ( 0.5877852522924624790, 0.8090169943749552228, 0.000000000000000000 ) ) ;
#1712 = ADVANCED_FACE ( 'NONE', ( #738 ), #7407, .F. ) ;
#1713 = EDGE_CURVE ( 'NONE', #5187, #4537, #7248, .T. ) ;
#1714 = EDGE_LOOP ( 'NONE', ( #1969, #6209, #2193, #5537, #5803 ) ) ;
#1715 = LINE ( 'NONE', #5350, #5437 ) ;
#1716 = ORIENTED_EDGE ( 'NONE', *, *, #3781, .T. ) ;
#1717 = DIRECTION ( 'NONE',  ( -0.000000000000000000, -0.000000000000000000, -1.000000000000000000 ) ) ;
#1718 = CARTESIAN_POINT ( 'NONE',  ( -5.999999999999997335, -0.4000000000000205058, -7.000000000000000000 ) ) ;
#1719 = DIRECTION ( 'NONE',  ( -0.000000000000000000, -0.000000000000000000, 1.000000000000000000 ) ) ;
#1720 = LINE ( 'NONE', #56, #1388 ) ;
#1721 = EDGE_CURVE ( 'NONE', #2956, #5748, #1256, .T. ) ;
#1722 = EDGE_CURVE ( 'NONE', #7072, #6507, #4929, .T. ) ;
#1723 = VERTEX_POINT ( 'NONE', #3746 ) ;
#1724 = CARTESIAN_POINT ( 'NONE',  ( 3.203104716004903985, -5.089216067166645097, -6.000000000000000000 ) ) ;
#1725 = DIRECTION ( 'NONE',  ( 0.9510565162951535312, 0.3090169943749473402, 0.000000000000000000 ) ) ;
#1726 = ORIENTED_EDGE ( 'NONE', *, *, #272, .F. ) ;
#1727 = DIRECTION ( 'NONE',  ( -0.000000000000000000, -0.000000000000000000, 1.000000000000000000 ) ) ;
#1728 = DIRECTION ( 'NONE',  ( -1.000000000000000000, 0.000000000000000000, 0.000000000000000000 ) ) ;
#1729 = EDGE_CURVE ( 'NONE', #3312, #6507, #2433, .T. ) ;
#1730 = ORIENTED_EDGE ( 'NONE', *, *, #834, .F. ) ;
#1731 = DIRECTION ( 'NONE',  ( 0.000000000000000000, 1.000000000000000000, 0.000000000000000000 ) ) ;
#1732 = LINE ( 'NONE', #1848, #4699 ) ;
#1733 = VERTEX_POINT ( 'NONE', #1928 ) ;
#1734 = DIRECTION ( 'NONE',  ( 1.000000000000000000, 3.672181700924050498E-15, 0.000000000000000000 ) ) ;
#1735 = PLANE ( 'NONE',  #1152 ) ;
#1736 = ORIENTED_EDGE ( 'NONE', *, *, #1762, .T. ) ;
#1737 = CARTESIAN_POINT ( 'NONE',  ( -5.829945895520904919, 1.473679359731606908, -6.000000000000000000 ) ) ;
#1738 = DIRECTION ( 'NONE',  ( -0.000000000000000000, -0.000000000000000000, 1.000000000000000000 ) ) ;
#1739 = PLANE ( 'NONE',  #6342 ) ;
#1740 = CYLINDRICAL_SURFACE ( 'NONE', #7007, 0.9000000000000014655 ) ;
#1741 = EDGE_LOOP ( 'NONE', ( #593, #4514, #4431, #4441 ) ) ;
#1742 = VECTOR ( 'NONE', #1513, 1000.000000000000000 ) ;
#1743 = ADVANCED_FACE ( 'NONE', ( #5011 ), #1853, .T. ) ;
#1744 = DIRECTION ( 'NONE',  ( 0.5877852522924705836, 0.8090169943749492276, 0.000000000000000000 ) ) ;
#1745 = DIRECTION ( 'NONE',  ( -0.5877852522924770229, 0.8090169943749445647, 0.000000000000000000 ) ) ;
#1746 = CARTESIAN_POINT ( 'NONE',  ( -5.582732300020949445, 2.234524572767730533, -6.000000000000000000 ) ) ;
#1747 = AXIS2_PLACEMENT_3D ( 'NONE', #6392, #6995, #2156 ) ;
#1748 = EDGE_LOOP ( 'NONE', ( #3969, #7507, #843, #3988 ) ) ;
#1749 = CARTESIAN_POINT ( 'NONE',  ( 4.854101966249641187, 3.526711513754897886, -7.000000000000000000 ) ) ;
#1750 = VERTEX_POINT ( 'NONE', #7444 ) ;
#1751 = AXIS2_PLACEMENT_3D ( 'NONE', #1181, #1103, #3512 ) ;
#1752 = EDGE_CURVE ( 'NONE', #5129, #106, #410, .T. ) ;
#1753 = DIRECTION ( 'NONE',  ( -0.8090169943749487835, 0.5877852522924712497, 0.000000000000000000 ) ) ;
#1754 = DIRECTION ( 'NONE',  ( 0.5877852522924744694, -0.8090169943749465631, 0.000000000000000000 ) ) ;
#1755 = DIRECTION ( 'NONE',  ( 0.9510565162951576390, -0.3090169943749346282, 0.000000000000000000 ) ) ;
#1756 = CARTESIAN_POINT ( 'NONE',  ( 0.000000000000000000, 6.000000000000000000, 7.000000000000000000 ) ) ;
#1757 = EDGE_LOOP ( 'NONE', ( #1202, #4344, #3888, #7049 ) ) ;
#1758 = FACE_OUTER_BOUND ( 'NONE', #885, .T. ) ;
#1759 = CARTESIAN_POINT ( 'NONE',  ( -2.781152949374533723, 8.559508646656381003, 6.000000000000000000 ) ) ;
#1760 = ORIENTED_EDGE ( 'NONE', *, *, #5042, .T. ) ;
#1761 = EDGE_CURVE ( 'NONE', #7558, #6970, #4336, .T. ) ;
#1762 = EDGE_CURVE ( 'NONE', #62, #4373, #5526, .T. ) ;
#1763 = CARTESIAN_POINT ( 'NONE',  ( 3.181152949374594030, -8.559508646656361464, 7.000000000000000000 ) ) ;
#1764 = VECTOR ( 'NONE', #5611, 1000.000000000000000 ) ;
#1765 = ORIENTED_EDGE ( 'NONE', *, *, #5962, .F. ) ;
#1766 = CARTESIAN_POINT ( 'NONE',  ( -6.000000000000000000, -2.094888803305880013E-14, -6.000000000000000000 ) ) ;
#1767 = ORIENTED_EDGE ( 'NONE', *, *, #2968, .F. ) ;
#1768 = CARTESIAN_POINT ( 'NONE',  ( -57.50000000000000000, 54.00000000000000711, 38.50000000000000000 ) ) ;
#1769 = CARTESIAN_POINT ( 'NONE',  ( -5.306339097770914393, -1.854101966249709799, 7.000000000000000000 ) ) ;
#1770 = VERTEX_POINT ( 'NONE', #3155 ) ;
#1771 = VECTOR ( 'NONE', #7442, 1000.000000000000114 ) ;
#1772 = ADVANCED_FACE ( 'NONE', ( #4259 ), #3667, .F. ) ;
#1773 = CARTESIAN_POINT ( 'NONE',  ( -5.829945895520904919, 1.473679359731606908, -7.000000000000000000 ) ) ;
#1774 = PLANE ( 'NONE',  #260 ) ;
#1775 = EDGE_CURVE ( 'NONE', #6116, #1453, #2565, .T. ) ;
#1776 = ORIENTED_EDGE ( 'NONE', *, *, #166, .T. ) ;
#1777 = CARTESIAN_POINT ( 'NONE',  ( 3.526711513754881455, -4.854101966249653621, 7.000000000000000000 ) ) ;
#1778 = DIRECTION ( 'NONE',  ( 1.000000000000000000, 0.000000000000000000, 0.000000000000000000 ) ) ;
#1779 = DIRECTION ( 'NONE',  ( -0.8090169943749507819, 0.5877852522924685852, 0.000000000000000000 ) ) ;
#1780 = LINE ( 'NONE', #4228, #3809 ) ;
#1781 = VECTOR ( 'NONE', #1381, 1000.000000000000000 ) ;
#1782 = ORIENTED_EDGE ( 'NONE', *, *, #2469, .F. ) ;
#1783 = VECTOR ( 'NONE', #5034, 1000.000000000000000 ) ;
#1784 = CIRCLE ( 'NONE', #5103, 0.3999999999999998557 ) ;
#1785 = FACE_OUTER_BOUND ( 'NONE', #228, .T. ) ;
#1786 = ORIENTED_EDGE ( 'NONE', *, *, #1143, .F. ) ;
#1787 = DIRECTION ( 'NONE',  ( 0.000000000000000000, -0.000000000000000000, 1.000000000000000000 ) ) ;
#1788 = DIRECTION ( 'NONE',  ( -1.000000000000000000, -1.807003620809172906E-16, 0.000000000000000000 ) ) ;
#1789 = EDGE_LOOP ( 'NONE', ( #4479, #3871, #5650, #3582 ) ) ;
#1790 = CARTESIAN_POINT ( 'NONE',  ( -5.290067270632270002, 7.281152949374520844, -6.000000000000000000 ) ) ;
#1791 = ORIENTED_EDGE ( 'NONE', *, *, #1469, .T. ) ;
#1792 = AXIS2_PLACEMENT_3D ( 'NONE', #3754, #2014, #2532 ) ;
#1793 = LINE ( 'NONE', #4204, #6634 ) ;
#1794 = CARTESIAN_POINT ( 'NONE',  ( 5.089216067166633550, 3.203104716004921304, -6.000000000000000000 ) ) ;
#1795 = DIRECTION ( 'NONE',  ( -0.000000000000000000, -0.000000000000000000, 1.000000000000000000 ) ) ;
#1796 = CARTESIAN_POINT ( 'NONE',  ( 5.829945895520913801, -1.473679359731567384, 6.000000000000000000 ) ) ;
#1797 = EDGE_LOOP ( 'NONE', ( #1580, #4878, #4771, #997 ) ) ;
#1798 = DIRECTION ( 'NONE',  ( -1.000000000000000000, 0.000000000000000000, 0.000000000000000000 ) ) ;
#1799 = VECTOR ( 'NONE', #5163, 1000.000000000000000 ) ;
#1800 = ORIENTED_EDGE ( 'NONE', *, *, #6114, .F. ) ;
#1801 = ADVANCED_FACE ( 'NONE', ( #4975 ), #3827, .T. ) ;
#1802 = VECTOR ( 'NONE', #2036, 1000.000000000000000 ) ;
#1803 = CARTESIAN_POINT ( 'NONE',  ( 4.618987865332647047, 3.850318311504873137, 6.000000000000000000 ) ) ;
#1804 = CIRCLE ( 'NONE', #2815, 0.4000000000000001332 ) ;
#1805 = ORIENTED_EDGE ( 'NONE', *, *, #2202, .F. ) ;
#1806 = CARTESIAN_POINT ( 'NONE',  ( 8.999999999999998224, 0.4000000000000943912, -7.000000000000000000 ) ) ;
#1807 = VERTEX_POINT ( 'NONE', #3785 ) ;
#1808 = CIRCLE ( 'NONE', #7760, 0.3999999999999998557 ) ;
#1809 = DIRECTION ( 'NONE',  ( 8.673617379884035472E-15, -1.000000000000000000, 0.000000000000000000 ) ) ;
#1810 = PLANE ( 'NONE',  #3437 ) ;
#1811 = ADVANCED_FACE ( 'NONE', ( #6201 ), #776, .F. ) ;
#1812 = EDGE_CURVE ( 'NONE', #1551, #5957, #2602, .T. ) ;
#1813 = EDGE_CURVE ( 'NONE', #6866, #6696, #6610, .T. ) ;
#1814 = AXIS2_PLACEMENT_3D ( 'NONE', #6913, #762, #7394 ) ;
#1815 = LINE ( 'NONE', #506, #4905 ) ;
#1816 = VECTOR ( 'NONE', #7216, 1000.000000000000000 ) ;
#1817 = CARTESIAN_POINT ( 'NONE',  ( -8.559508646656370345, -2.781152949374564809, -7.000000000000000000 ) ) ;
#1818 = VERTEX_POINT ( 'NONE', #973 ) ;
#1819 = CYLINDRICAL_SURFACE ( 'NONE', #3902, 0.4000000000000001887 ) ;
#1820 = AXIS2_PLACEMENT_3D ( 'NONE', #6516, #1717, #6063 ) ;
#1821 = DIRECTION ( 'NONE',  ( -0.8090169943749422332, -0.5877852522924802425, 0.000000000000000000 ) ) ;
#1822 = DIRECTION ( 'NONE',  ( -0.000000000000000000, 0.000000000000000000, 1.000000000000000000 ) ) ;
#1823 = EDGE_CURVE ( 'NONE', #3528, #1723, #4454, .T. ) ;
#1824 = ORIENTED_EDGE ( 'NONE', *, *, #7486, .F. ) ;
#1825 = ORIENTED_EDGE ( 'NONE', *, *, #7533, .F. ) ;
#1826 = DIRECTION ( 'NONE',  ( -0.000000000000000000, -0.000000000000000000, -1.000000000000000000 ) ) ;
#1827 = ORIENTED_EDGE ( 'NONE', *, *, #4450, .T. ) ;
#1828 = DIRECTION ( 'NONE',  ( 0.000000000000000000, 0.000000000000000000, -1.000000000000000000 ) ) ;
#1829 = CARTESIAN_POINT ( 'NONE',  ( 0.3999999999999995781, -5.999999999999999112, -6.000000000000000000 ) ) ;
#1830 = EDGE_CURVE ( 'NONE', #1663, #2910, #5728, .T. ) ;
#1831 = ORIENTED_EDGE ( 'NONE', *, *, #7543, .F. ) ;
#1832 = CARTESIAN_POINT ( 'NONE',  ( -1.854101966249646960, -5.706339097770934288, 6.000000000000000000 ) ) ;
#1833 = ORIENTED_EDGE ( 'NONE', *, *, #6884, .T. ) ;
#1834 = CIRCLE ( 'NONE', #5622, 0.3999999999999998557 ) ;
#1835 = CARTESIAN_POINT ( 'NONE',  ( -1.473679359731627114, 5.829945895520899590, 7.000000000000000000 ) ) ;
#1836 = CARTESIAN_POINT ( 'NONE',  ( 3.203104716004903985, -5.089216067166645097, -7.000000000000000000 ) ) ;
#1837 = LINE ( 'NONE', #7827, #3989 ) ;
#1838 = DIRECTION ( 'NONE',  ( -1.000000000000000000, -1.065514437861031800E-14, 0.000000000000000000 ) ) ;
#1839 = EDGE_LOOP ( 'NONE', ( #3981, #7663, #387, #670 ) ) ;
#1840 = DIRECTION ( 'NONE',  ( -0.5877852522924743583, 0.8090169943749464521, 0.000000000000000000 ) ) ;
#1841 = EDGE_LOOP ( 'NONE', ( #4637, #687, #1601, #2604, #1328 ) ) ;
#1842 = CARTESIAN_POINT ( 'NONE',  ( 2.400730342856534083, -8.683115444406343642, -7.000000000000000000 ) ) ;
#1843 = VECTOR ( 'NONE', #7153, 1000.000000000000000 ) ;
#1844 = ADVANCED_FACE ( 'NONE', ( #7526 ), #5047, .T. ) ;
#1845 = CARTESIAN_POINT ( 'NONE',  ( 6.000000000000000000, 6.284666409917640040E-14, -6.000000000000000000 ) ) ;
#1846 = ORIENTED_EDGE ( 'NONE', *, *, #978, .F. ) ;
#1847 = FACE_OUTER_BOUND ( 'NONE', #5095, .T. ) ;
#1848 = CARTESIAN_POINT ( 'NONE',  ( -5.613674068382196403, -7.046038848457569337, 6.000000000000000000 ) ) ;
#1849 = CARTESIAN_POINT ( 'NONE',  ( 4.966460472882346266, -7.516267050291470575, -7.000000000000000000 ) ) ;
#1850 = EDGE_CURVE ( 'NONE', #5941, #7423, #6923, .T. ) ;
#1851 = VERTEX_POINT ( 'NONE', #226 ) ;
#1852 = CARTESIAN_POINT ( 'NONE',  ( -5.829945895520904919, 1.473679359731606908, 6.000000000000000000 ) ) ;
#1853 = PLANE ( 'NONE',  #3442 ) ;
#1854 = FACE_OUTER_BOUND ( 'NONE', #1669, .T. ) ;
#1855 = VERTEX_POINT ( 'NONE', #384 ) ;
#1856 = ADVANCED_FACE ( 'NONE', ( #7044 ), #3309, .T. ) ;
#1857 = EDGE_CURVE ( 'NONE', #4029, #7000, #2719, .T. ) ;
#1858 = ORIENTED_EDGE ( 'NONE', *, *, #1175, .F. ) ;
#1859 = CARTESIAN_POINT ( 'NONE',  ( 5.290067270632322405, -7.281152949374479100, 6.000000000000000000 ) ) ;
#1860 = VERTEX_POINT ( 'NONE', #5124 ) ;
#1861 = DIRECTION ( 'NONE',  ( -0.000000000000000000, -0.000000000000000000, 1.000000000000000000 ) ) ;
#1862 = DIRECTION ( 'NONE',  ( 1.000000000000000000, 0.000000000000000000, 0.000000000000000000 ) ) ;
#1863 = ORIENTED_EDGE ( 'NONE', *, *, #3968, .T. ) ;
#1864 = DIRECTION ( 'NONE',  ( 0.3090169943749582204, -0.9510565162951499785, 0.000000000000000000 ) ) ;
#1865 = AXIS2_PLACEMENT_3D ( 'NONE', #6825, #7424, #4991 ) ;
#1866 = EDGE_CURVE ( 'NONE', #6895, #2779, #7629, .T. ) ;
#1867 = PLANE ( 'NONE',  #5091 ) ;
#1868 = DIRECTION ( 'NONE',  ( 0.8090169943749444537, 0.5877852522924771339, 0.000000000000000000 ) ) ;
#1869 = CARTESIAN_POINT ( 'NONE',  ( 7.281152949374462224, 5.290067270632348162, -6.000000000000000000 ) ) ;
#1870 = DIRECTION ( 'NONE',  ( 0.000000000000000000, 0.000000000000000000, 1.000000000000000000 ) ) ;
#1871 = VERTEX_POINT ( 'NONE', #1535 ) ;
#1872 = DIRECTION ( 'NONE',  ( -0.000000000000000000, -0.000000000000000000, 1.000000000000000000 ) ) ;
#1873 = VERTEX_POINT ( 'NONE', #5686 ) ;
#1874 = AXIS2_PLACEMENT_3D ( 'NONE', #4418, #7416, #747 ) ;
#1875 = CARTESIAN_POINT ( 'NONE',  ( 25.00000000000001066, 54.00000000000000711, -24.50000000000002842 ) ) ;
#1876 = VERTEX_POINT ( 'NONE', #3865 ) ;
#1877 = DIRECTION ( 'NONE',  ( 0.000000000000000000, 0.000000000000000000, 1.000000000000000000 ) ) ;
#1878 = VECTOR ( 'NONE', #1698, 1000.000000000000114 ) ;
#1879 = EDGE_LOOP ( 'NONE', ( #2737, #1009, #1917, #7354 ) ) ;
#1880 = VECTOR ( 'NONE', #5256, 1000.000000000000000 ) ;
#1881 = DIRECTION ( 'NONE',  ( -0.8090169943749511150, 0.5877852522924682521, 0.000000000000000000 ) ) ;
#1882 = LINE ( 'NONE', #4286, #655 ) ;
#1883 = VECTOR ( 'NONE', #5280, 1000.000000000000000 ) ;
#1884 = ORIENTED_EDGE ( 'NONE', *, *, #7820, .F. ) ;
#1885 = CARTESIAN_POINT ( 'NONE',  ( 3.181152949374594030, -8.559508646656361464, 6.000000000000000000 ) ) ;
#1886 = CARTESIAN_POINT ( 'NONE',  ( -2.234524572767709660, -5.582732300020956551, 6.000000000000000000 ) ) ;
#1887 = DIRECTION ( 'NONE',  ( -0.000000000000000000, -0.000000000000000000, -1.000000000000000000 ) ) ;
#1888 = AXIS2_PLACEMENT_3D ( 'NONE', #1964, #7112, #1088 ) ;
#1889 = ORIENTED_EDGE ( 'NONE', *, *, #6393, .T. ) ;
#1890 = EDGE_CURVE ( 'NONE', #6000, #5332, #815, .T. ) ;
#1891 = ORIENTED_EDGE ( 'NONE', *, *, #214, .F. ) ;
#1892 = CARTESIAN_POINT ( 'NONE',  ( 8.559508646656407649, -2.781152949374444017, 6.000000000000000000 ) ) ;
#1893 = VERTEX_POINT ( 'NONE', #4020 ) ;
#1894 = LINE ( 'NONE', #7415, #144 ) ;
#1895 = DIRECTION ( 'NONE',  ( 1.000000000000000000, 0.000000000000000000, 0.000000000000000000 ) ) ;
#1896 = ORIENTED_EDGE ( 'NONE', *, *, #5866, .T. ) ;
#1897 = DIRECTION ( 'NONE',  ( -0.000000000000000000, -0.000000000000000000, -1.000000000000000000 ) ) ;
#1898 = FACE_OUTER_BOUND ( 'NONE', #3407, .T. ) ;
#1899 = EDGE_CURVE ( 'NONE', #636, #3180, #265, .T. ) ;
#1900 = EDGE_CURVE ( 'NONE', #6319, #2866, #3313, .T. ) ;
#1901 = CARTESIAN_POINT ( 'NONE',  ( -4.618987865332676357, -3.850318311504838942, 6.000000000000000000 ) ) ;
#1902 = LINE ( 'NONE', #1163, #7238 ) ;
#1903 = CARTESIAN_POINT ( 'NONE',  ( 0.3999999999999994116, 9.000000000000000000, -6.000000000000000000 ) ) ;
#1904 = LINE ( 'NONE', #6867, #4640 ) ;
#1905 = CIRCLE ( 'NONE', #6333, 0.4000000000000000222 ) ;
#1906 = ORIENTED_EDGE ( 'NONE', *, *, #2723, .T. ) ;
#1907 = CARTESIAN_POINT ( 'NONE',  ( -5.290067270632215823, -7.281152949374556371, 6.000000000000000000 ) ) ;
#1908 = VERTEX_POINT ( 'NONE', #3238 ) ;
#1909 = VERTEX_POINT ( 'NONE', #7563 ) ;
#1910 = EDGE_CURVE ( 'NONE', #5748, #5078, #2125, .T. ) ;
#1911 = VECTOR ( 'NONE', #2095, 1000.000000000000000 ) ;
#1912 = EDGE_CURVE ( 'NONE', #2434, #236, #5764, .T. ) ;
#1913 = DIRECTION ( 'NONE',  ( -0.8090169943749487835, 0.5877852522924712497, 0.000000000000000000 ) ) ;
#1914 = AXIS2_PLACEMENT_3D ( 'NONE', #5292, #4147, #2923 ) ;
#1915 = EDGE_LOOP ( 'NONE', ( #7452, #975, #3860, #7139, #5854 ) ) ;
#1916 = DIRECTION ( 'NONE',  ( -0.000000000000000000, -0.000000000000000000, 1.000000000000000000 ) ) ;
#1917 = ORIENTED_EDGE ( 'NONE', *, *, #4958, .F. ) ;
#1918 = CARTESIAN_POINT ( 'NONE',  ( 1.473679359731546956, 5.829945895520919130, 7.000000000000000000 ) ) ;
#1919 = CARTESIAN_POINT ( 'NONE',  ( -3.850318311504823843, 4.618987865332690568, -6.000000000000000000 ) ) ;
#1920 = CIRCLE ( 'NONE', #2934, 0.4000000000000001887 ) ;
#1921 = VECTOR ( 'NONE', #5847, 1000.000000000000000 ) ;
#1922 = VECTOR ( 'NONE', #828, 1000.000000000000000 ) ;
#1923 = DIRECTION ( 'NONE',  ( 0.000000000000000000, 0.000000000000000000, -1.000000000000000000 ) ) ;
#1924 = DIRECTION ( 'NONE',  ( 1.000000000000000000, 0.000000000000000000, 0.000000000000000000 ) ) ;
#1925 = CIRCLE ( 'NONE', #2310, 0.3999999999999999112 ) ;
#1926 = ORIENTED_EDGE ( 'NONE', *, *, #1569, .F. ) ;
#1927 = CARTESIAN_POINT ( 'NONE',  ( 2.400730342856534083, -8.683115444406343642, 6.000000000000000000 ) ) ;
#1928 = CARTESIAN_POINT ( 'NONE',  ( -0.4000000000000004108, -5.999999999999999112, -6.000000000000000000 ) ) ;
#1929 = CARTESIAN_POINT ( 'NONE',  ( 3.526711513754881455, -4.854101966249653621, -6.000000000000000000 ) ) ;
#1930 = AXIS2_PLACEMENT_3D ( 'NONE', #4849, #1727, #2438 ) ;
#1931 = ORIENTED_EDGE ( 'NONE', *, *, #3925, .T. ) ;
#1932 = AXIS2_PLACEMENT_3D ( 'NONE', #4930, #1494, #4337 ) ;
#1933 = VECTOR ( 'NONE', #7229, 1000.000000000000000 ) ;
#1934 = ORIENTED_EDGE ( 'NONE', *, *, #5730, .T. ) ;
#1935 = CYLINDRICAL_SURFACE ( 'NONE', #4782, 0.3999999999999993006 ) ;
#1936 = EDGE_CURVE ( 'NONE', #3570, #2103, #4490, .T. ) ;
#1937 = ORIENTED_EDGE ( 'NONE', *, *, #366, .F. ) ;
#1938 = DIRECTION ( 'NONE',  ( 0.9510565162951576390, -0.3090169943749346282, 0.000000000000000000 ) ) ;
#1939 = CARTESIAN_POINT ( 'NONE',  ( 10.00000000000000000, 0.000000000000000000, 7.000000000000000000 ) ) ;
#1940 = ORIENTED_EDGE ( 'NONE', *, *, #3503, .F. ) ;
#1941 = CARTESIAN_POINT ( 'NONE',  ( -7.046038848457510717, -5.613674068382271898, 6.000000000000000000 ) ) ;
#1942 = FACE_OUTER_BOUND ( 'NONE', #4412, .T. ) ;
#1943 = DIRECTION ( 'NONE',  ( 0.000000000000000000, -0.000000000000000000, 1.000000000000000000 ) ) ;
#1944 = EDGE_CURVE ( 'NONE', #156, #4752, #4533, .T. ) ;
#1945 = EDGE_CURVE ( 'NONE', #4323, #7315, #340, .T. ) ;
#1946 = CARTESIAN_POINT ( 'NONE',  ( 0.000000000000000000, 6.000000000000000000, 6.000000000000000000 ) ) ;
#1947 = DIRECTION ( 'NONE',  ( 0.000000000000000000, 0.000000000000000000, 1.000000000000000000 ) ) ;
#1948 = ORIENTED_EDGE ( 'NONE', *, *, #770, .F. ) ;
#1949 = DIRECTION ( 'NONE',  ( -0.000000000000000000, -0.000000000000000000, 1.000000000000000000 ) ) ;
#1950 = ORIENTED_EDGE ( 'NONE', *, *, #1713, .F. ) ;
#1951 = ORIENTED_EDGE ( 'NONE', *, *, #167, .F. ) ;
#1952 = EDGE_CURVE ( 'NONE', #1260, #4269, #7604, .T. ) ;
#1953 = CARTESIAN_POINT ( 'NONE',  ( -2.234524572767749628, 5.582732300020941452, -6.000000000000000000 ) ) ;
#1954 = CARTESIAN_POINT ( 'NONE',  ( 25.00000000000001066, 50.00000000000000000, 24.50000000000000000 ) ) ;
#1955 = ADVANCED_FACE ( 'NONE', ( #6405 ), #3507, .F. ) ;
#1956 = CARTESIAN_POINT ( 'NONE',  ( -5.613674068382248805, 7.046038848457532033, 6.000000000000000000 ) ) ;
#1957 = EDGE_LOOP ( 'NONE', ( #2317, #667, #7220, #3596, #7456 ) ) ;
#1958 = CARTESIAN_POINT ( 'NONE',  ( -5.829945895520904919, 1.473679359731606908, 7.000000000000000000 ) ) ;
#1959 = DIRECTION ( 'NONE',  ( -1.000000000000000000, 0.000000000000000000, 0.000000000000000000 ) ) ;
#1960 = DIRECTION ( 'NONE',  ( 0.000000000000000000, 0.000000000000000000, 1.000000000000000000 ) ) ;
#1961 = DIRECTION ( 'NONE',  ( -0.000000000000000000, -0.000000000000000000, 1.000000000000000000 ) ) ;
#1962 = ADVANCED_FACE ( 'NONE', ( #5921 ), #3477, .F. ) ;
#1963 = ORIENTED_EDGE ( 'NONE', *, *, #2694, .F. ) ;
#1964 = CARTESIAN_POINT ( 'NONE',  ( -6.000000000000000888, 0.3999999999999794831, -6.000000000000000000 ) ) ;
#1965 = DIRECTION ( 'NONE',  ( 1.000000000000000000, 0.000000000000000000, 0.000000000000000000 ) ) ;
#1966 = CARTESIAN_POINT ( 'NONE',  ( -7.681152949374537187, 5.290067270632241581, -6.000000000000000000 ) ) ;
#1967 = CARTESIAN_POINT ( 'NONE',  ( -5.582732300020949445, 2.234524572767730533, 6.000000000000000000 ) ) ;
#1968 = VERTEX_POINT ( 'NONE', #7243 ) ;
#1969 = ORIENTED_EDGE ( 'NONE', *, *, #5448, .F. ) ;
#1970 = ORIENTED_EDGE ( 'NONE', *, *, #6269, .F. ) ;
#1971 = DIRECTION ( 'NONE',  ( -1.000000000000000000, 0.000000000000000000, 0.000000000000000000 ) ) ;
#1972 = ORIENTED_EDGE ( 'NONE', *, *, #724, .F. ) ;
#1973 = CARTESIAN_POINT ( 'NONE',  ( -8.683115444406352523, -2.400730342856503885, 6.000000000000000000 ) ) ;
#1974 = DIRECTION ( 'NONE',  ( -0.000000000000000000, -0.000000000000000000, -1.000000000000000000 ) ) ;
#1975 = VERTEX_POINT ( 'NONE', #7165 ) ;
#1976 = CARTESIAN_POINT ( 'NONE',  ( 5.582732300020962768, -2.234524572767692341, -6.000000000000000000 ) ) ;
#1977 = ADVANCED_FACE ( 'NONE', ( #6603 ), #544, .T. ) ;
#1978 = CARTESIAN_POINT ( 'NONE',  ( 6.000000000000000000, 6.284666409917640040E-14, -6.000000000000000000 ) ) ;
#1979 = DIRECTION ( 'NONE',  ( 0.5877852522924705836, 0.8090169943749492276, 0.000000000000000000 ) ) ;
#1980 = ORIENTED_EDGE ( 'NONE', *, *, #4390, .F. ) ;
#1981 = DIRECTION ( 'NONE',  ( 0.9510565162951535312, 0.3090169943749475068, 0.000000000000000000 ) ) ;
#1982 = ORIENTED_EDGE ( 'NONE', *, *, #1812, .F. ) ;
#1983 = CARTESIAN_POINT ( 'NONE',  ( -5.582732300020933458, -2.234524572767770056, -6.000000000000000000 ) ) ;
#1984 = VERTEX_POINT ( 'NONE', #465 ) ;
#1985 = AXIS2_PLACEMENT_3D ( 'NONE', #1989, #3228, #5637 ) ;
#1986 = EDGE_CURVE ( 'NONE', #1873, #362, #5283, .T. ) ;
#1987 = FACE_OUTER_BOUND ( 'NONE', #5440, .T. ) ;
#1988 = LINE ( 'NONE', #3296, #2029 ) ;
#1989 = CARTESIAN_POINT ( 'NONE',  ( 8.559508646656407649, -2.781152949374444017, 6.000000000000000000 ) ) ;
#1990 = LINE ( 'NONE', #4396, #6166 ) ;
#1991 = ORIENTED_EDGE ( 'NONE', *, *, #1287, .F. ) ;
#1992 = DIRECTION ( 'NONE',  ( -0.8090169943749444537, -0.5877852522924771339, 0.000000000000000000 ) ) ;
#1993 = LINE ( 'NONE', #727, #3818 ) ;
#1994 = VECTOR ( 'NONE', #2533, 1000.000000000000000 ) ;
#1995 = ADVANCED_FACE ( 'NONE', ( #1099 ), #6004, .F. ) ;
#1996 = EDGE_CURVE ( 'NONE', #3584, #7702, #3590, .T. ) ;
#1997 = FACE_OUTER_BOUND ( 'NONE', #4266, .T. ) ;
#1998 = DIRECTION ( 'NONE',  ( -0.5877852522924769119, 0.8090169943749446757, 0.000000000000000000 ) ) ;
#1999 = CIRCLE ( 'NONE', #2506, 0.4000000000000001332 ) ;
#2000 = AXIS2_PLACEMENT_3D ( 'NONE', #6288, #858, #3280 ) ;
#2001 = ORIENTED_EDGE ( 'NONE', *, *, #5924, .T. ) ;
#2002 = LINE ( 'NONE', #4405, #3145 ) ;
#2003 = CARTESIAN_POINT ( 'NONE',  ( 5.582732300020962768, -2.234524572767692341, 7.000000000000000000 ) ) ;
#2004 = FACE_OUTER_BOUND ( 'NONE', #5966, .T. ) ;
#2005 = EDGE_LOOP ( 'NONE', ( #2210, #5784, #2038, #5199 ) ) ;
#2006 = ORIENTED_EDGE ( 'NONE', *, *, #82, .F. ) ;
#2008 = EDGE_CURVE ( 'NONE', #7269, #6910, #5585, .T. ) ;
#2007 = PRODUCT_DEFINITION_FORMATION_WITH_SPECIFIED_SOURCE ( '�', '', #7226, .NOT_KNOWN. ) ;
#2009 = VECTOR ( 'NONE', #6803, 1000.000000000000000 ) ;
#2010 = ADVANCED_FACE ( 'NONE', ( #2363 ), #4175, .T. ) ;
#2011 = EDGE_LOOP ( 'NONE', ( #4845, #1562, #6205, #4002 ) ) ;
#2012 = CARTESIAN_POINT ( 'NONE',  ( 0.3999999999999995781, -5.999999999999999112, -6.000000000000000000 ) ) ;
#2013 = EDGE_LOOP ( 'NONE', ( #2407, #4620, #1709, #6044, #3223 ) ) ;
#2014 = DIRECTION ( 'NONE',  ( 0.000000000000000000, 0.000000000000000000, -1.000000000000000000 ) ) ;
#2015 = DIRECTION ( 'NONE',  ( -0.5877852522924769119, 0.8090169943749446757, 0.000000000000000000 ) ) ;
#2016 = ORIENTED_EDGE ( 'NONE', *, *, #847, .F. ) ;
#2017 = CARTESIAN_POINT ( 'NONE',  ( -3.850318311504823843, 4.618987865332690568, 6.000000000000000000 ) ) ;
#2018 = CIRCLE ( 'NONE', #2403, 0.3999999999999999667 ) ;
#2019 = VECTOR ( 'NONE', #7262, 1000.000000000000000 ) ;
#2020 = FACE_OUTER_BOUND ( 'NONE', #2974, .T. ) ;
#2021 = CARTESIAN_POINT ( 'NONE',  ( 0.000000000000000000, 0.000000000000000000, 7.000000000000000000 ) ) ;
#2022 = ORIENTED_EDGE ( 'NONE', *, *, #7679, .T. ) ;
#2023 = FACE_OUTER_BOUND ( 'NONE', #270, .T. ) ;
#2024 = PRODUCT_RELATED_PRODUCT_CATEGORY ( 'detail', '', ( #7226 ) ) ;
#2025 = ORIENTED_EDGE ( 'NONE', *, *, #7484, .F. ) ;
#2026 = CARTESIAN_POINT ( 'NONE',  ( 2.781152949374413819, 8.559508646656418307, -6.000000000000000000 ) ) ;
#2027 = AXIS2_PLACEMENT_3D ( 'NONE', #4043, #6465, #1037 ) ;
#2028 = ORIENTED_EDGE ( 'NONE', *, *, #5043, .T. ) ;
#2029 = VECTOR ( 'NONE', #5712, 1000.000000000000000 ) ;
#2030 = PLANE ( 'NONE',  #7260 ) ;
#2031 = CARTESIAN_POINT ( 'NONE',  ( 8.559508646656407649, -2.781152949374444017, 7.000000000000000000 ) ) ;
#2032 = ORIENTED_EDGE ( 'NONE', *, *, #688, .F. ) ;
#2033 = CARTESIAN_POINT ( 'NONE',  ( -5.290067270632215823, -7.281152949374556371, -6.000000000000000000 ) ) ;
#2034 = EDGE_CURVE ( 'NONE', #5692, #4120, #6529, .T. ) ;
#2035 = ORIENTED_EDGE ( 'NONE', *, *, #3540, .T. ) ;
#2036 = DIRECTION ( 'NONE',  ( -0.000000000000000000, -0.000000000000000000, -1.000000000000000000 ) ) ;
#2037 = DIRECTION ( 'NONE',  ( -0.9510565162951557516, 0.3090169943749410120, 0.000000000000000000 ) ) ;
#2038 = ORIENTED_EDGE ( 'NONE', *, *, #3107, .T. ) ;
#2039 = VECTOR ( 'NONE', #1349, 1000.000000000000227 ) ;
#2040 = AXIS2_PLACEMENT_3D ( 'NONE', #1620, #4464, #276 ) ;
#2041 = DIRECTION ( 'NONE',  ( 0.000000000000000000, 0.000000000000000000, 1.000000000000000000 ) ) ;
#2042 = DIRECTION ( 'NONE',  ( 0.3090169943749482839, -0.9510565162951533091, 0.000000000000000000 ) ) ;
#2043 = VERTEX_POINT ( 'NONE', #4735 ) ;
#2044 = CARTESIAN_POINT ( 'NONE',  ( -5.582732300020933458, -2.234524572767770056, -6.000000000000000000 ) ) ;
#2045 = EDGE_CURVE ( 'NONE', #141, #3490, #3813, .T. ) ;
#2046 = EDGE_CURVE ( 'NONE', #5411, #6895, #7125, .T. ) ;
#2047 = CIRCLE ( 'NONE', #411, 0.3999999999999998557 ) ;
#2048 = DIRECTION ( 'NONE',  ( 0.3090169943749584425, -0.9510565162951499785, 0.000000000000000000 ) ) ;
#2049 = CARTESIAN_POINT ( 'NONE',  ( 8.435901848906368627, 3.161575555892684353, -6.000000000000000000 ) ) ;
#2050 = ORIENTED_EDGE ( 'NONE', *, *, #6912, .F. ) ;
#2051 = DIRECTION ( 'NONE',  ( -1.000000000000000000, 0.000000000000000000, 0.000000000000000000 ) ) ;
#2052 = ORIENTED_EDGE ( 'NONE', *, *, #7429, .T. ) ;
#2053 = VECTOR ( 'NONE', #1611, 1000.000000000000227 ) ;
#2054 = CIRCLE ( 'NONE', #6486, 0.9000000000000014655 ) ;
#2055 = AXIS2_PLACEMENT_3D ( 'NONE', #1689, #1169, #5361 ) ;
#2056 = VERTEX_POINT ( 'NONE', #2844 ) ;
#2057 = VECTOR ( 'NONE', #5040, 1000.000000000000000 ) ;
#2058 = DIRECTION ( 'NONE',  ( -0.000000000000000000, 0.000000000000000000, -1.000000000000000000 ) ) ;
#2059 = CARTESIAN_POINT ( 'NONE',  ( 4.618987865332731424, -3.850318311504773661, 6.000000000000000000 ) ) ;
#2060 = CIRCLE ( 'NONE', #1930, 0.4000000000000001887 ) ;
#2061 = ADVANCED_FACE ( 'NONE', ( #1138 ), #3546, .F. ) ;
#2062 = CYLINDRICAL_SURFACE ( 'NONE', #2040, 0.3999999999999999667 ) ;
#2063 = LINE ( 'NONE', #3795, #4272 ) ;
#2064 = ORIENTED_EDGE ( 'NONE', *, *, #1813, .T. ) ;
#2065 = DIRECTION ( 'NONE',  ( 0.000000000000000000, 0.000000000000000000, 1.000000000000000000 ) ) ;
#2066 = AXIS2_PLACEMENT_3D ( 'NONE', #5068, #7027, #1593 ) ;
#2067 = VECTOR ( 'NONE', #7005, 1000.000000000000000 ) ;
#2068 = PLANE ( 'NONE',  #2105 ) ;
#2069 = CYLINDRICAL_SURFACE ( 'NONE', #4428, 0.3999999999999997446 ) ;
#2070 = VERTEX_POINT ( 'NONE', #5964 ) ;
#2071 = CARTESIAN_POINT ( 'NONE',  ( -10.00000000000000000, 0.000000000000000000, 7.000000000000000000 ) ) ;
#2072 = ORIENTED_EDGE ( 'NONE', *, *, #817, .F. ) ;
#2073 = CARTESIAN_POINT ( 'NONE',  ( 4.618987865332731424, -3.850318311504773661, 6.000000000000000000 ) ) ;
#2074 = VERTEX_POINT ( 'NONE', #2954 ) ;
#2075 = LINE ( 'NONE', #7432, #3556 ) ;
#2076 = EDGE_LOOP ( 'NONE', ( #7217, #1018, #1062, #2525 ) ) ;
#2077 = DIRECTION ( 'NONE',  ( -0.000000000000000000, -0.000000000000000000, 1.000000000000000000 ) ) ;
#2078 = EDGE_LOOP ( 'NONE', ( #409, #5998, #174, #7740 ) ) ;
#2079 = CARTESIAN_POINT ( 'NONE',  ( 2.781152949374594563, -8.559508646656361464, -6.000000000000000000 ) ) ;
#2080 = DIRECTION ( 'NONE',  ( -0.000000000000000000, -0.000000000000000000, 1.000000000000000000 ) ) ;
#2081 = ORIENTED_EDGE ( 'NONE', *, *, #7340, .F. ) ;
#2082 = EDGE_CURVE ( 'NONE', #5610, #4279, #5366, .T. ) ;
#2083 = PERSON_AND_ORGANIZATION ( #6561, #5416 ) ;
#2084 = FACE_OUTER_BOUND ( 'NONE', #4567, .T. ) ;
#2085 = VERTEX_POINT ( 'NONE', #5249 ) ;
#2086 = CARTESIAN_POINT ( 'NONE',  ( -7.681152949374537187, 5.290067270632241581, -7.000000000000000000 ) ) ;
#2087 = DIRECTION ( 'NONE',  ( 0.000000000000000000, 1.000000000000000000, 0.000000000000000000 ) ) ;
#2088 = DIRECTION ( 'NONE',  ( 8.673617379884035472E-15, -1.000000000000000000, 0.000000000000000000 ) ) ;
#2089 = ORIENTED_EDGE ( 'NONE', *, *, #3968, .F. ) ;
#2090 = CARTESIAN_POINT ( 'NONE',  ( -3.161575555892532030, -8.435901848906425471, 7.000000000000000000 ) ) ;
#2091 = VECTOR ( 'NONE', #5950, 1000.000000000000000 ) ;
#2092 = EDGE_CURVE ( 'NONE', #2097, #3430, #1063, .T. ) ;
#2093 = ORIENTED_EDGE ( 'NONE', *, *, #2157, .F. ) ;
#2094 = DIRECTION ( 'NONE',  ( 0.000000000000000000, -0.000000000000000000, 1.000000000000000000 ) ) ;
#2095 = DIRECTION ( 'NONE',  ( 0.8090169943749444537, 0.5877852522924771339, 0.000000000000000000 ) ) ;
#2096 = CARTESIAN_POINT ( 'NONE',  ( 5.690067270632161112, 7.281152949374595451, 6.000000000000000000 ) ) ;
#2097 = VERTEX_POINT ( 'NONE', #2242 ) ;
#2098 = DIRECTION ( 'NONE',  ( 0.000000000000000000, -1.000000000000000000, 0.000000000000000000 ) ) ;
#2099 = EDGE_CURVE ( 'NONE', #2917, #4914, #5978, .T. ) ;
#2100 = EDGE_CURVE ( 'NONE', #5763, #3040, #1171, .T. ) ;
#2101 = DIRECTION ( 'NONE',  ( 0.000000000000000000, 0.000000000000000000, 1.000000000000000000 ) ) ;
#2102 = CARTESIAN_POINT ( 'NONE',  ( -5.829945895520895149, -1.473679359731647986, 7.000000000000000000 ) ) ;
#2103 = VERTEX_POINT ( 'NONE', #7316 ) ;
#2104 = DIRECTION ( 'NONE',  ( -1.807003620809173892E-16, 1.000000000000000000, 0.000000000000000000 ) ) ;
#2105 = AXIS2_PLACEMENT_3D ( 'NONE', #4038, #4470, #282 ) ;
#2106 = ORIENTED_EDGE ( 'NONE', *, *, #3114, .F. ) ;
#2107 = LINE ( 'NONE', #3887, #424 ) ;
#2108 = VERTEX_POINT ( 'NONE', #2477 ) ;
#2109 = ADVANCED_FACE ( 'NONE', ( #6647 ), #65, .F. ) ;
#2110 = DIRECTION ( 'NONE',  ( 1.000000000000000000, 0.000000000000000000, 0.000000000000000000 ) ) ;
#2111 = DIRECTION ( 'NONE',  ( -0.000000000000000000, -0.000000000000000000, 1.000000000000000000 ) ) ;
#2112 = VERTEX_POINT ( 'NONE', #2444 ) ;
#2113 = CARTESIAN_POINT ( 'NONE',  ( -57.50000000000000000, 50.00000000000000000, 38.50000000000000000 ) ) ;
#2114 = CARTESIAN_POINT ( 'NONE',  ( -8.559508646656370345, -2.781152949374564809, -6.000000000000000000 ) ) ;
#2115 = ORIENTED_EDGE ( 'NONE', *, *, #4472, .F. ) ;
#2116 = CARTESIAN_POINT ( 'NONE',  ( 1.473679359731668193, -5.829945895520888932, -6.000000000000000000 ) ) ;
#2117 = CARTESIAN_POINT ( 'NONE',  ( -9.399999999999998579, -3.197442310920450836E-14, -7.000000000000000000 ) ) ;
#2118 = EDGE_LOOP ( 'NONE', ( #7379, #627, #4938, #2284 ) ) ;
#2119 = VECTOR ( 'NONE', #7699, 999.9999999999998863 ) ;
#2120 = PERSON_AND_ORGANIZATION_ROLE ( 'creator' ) ;
#2121 = CARTESIAN_POINT ( 'NONE',  ( 8.999999999999998224, 0.4000000000000943912, 6.000000000000000000 ) ) ;
#2122 = ORIENTED_EDGE ( 'NONE', *, *, #315, .F. ) ;
#2123 = CARTESIAN_POINT ( 'NONE',  ( 8.559508646656350805, 2.781152949374624317, -7.000000000000000000 ) ) ;
#2124 = CIRCLE ( 'NONE', #5663, 0.4000000000000001332 ) ;
#2125 = LINE ( 'NONE', #5648, #4954 ) ;
#2126 = CARTESIAN_POINT ( 'NONE',  ( -4.618987865332676357, -3.850318311504838942, 6.000000000000000000 ) ) ;
#2127 = ORIENTED_EDGE ( 'NONE', *, *, #1518, .T. ) ;
#2128 = EDGE_LOOP ( 'NONE', ( #3385, #850, #1077, #6586 ) ) ;
#2129 = VECTOR ( 'NONE', #4105, 1000.000000000000114 ) ;
#2130 = ORIENTED_EDGE ( 'NONE', *, *, #354, .T. ) ;
#2131 = CARTESIAN_POINT ( 'NONE',  ( 0.4000000000000001332, -9.000000000000001776, -7.000000000000000000 ) ) ;
#2132 = DIRECTION ( 'NONE',  ( -0.000000000000000000, -0.000000000000000000, 1.000000000000000000 ) ) ;
#2133 = CARTESIAN_POINT ( 'NONE',  ( -5.089216067166679736, 3.203104716004848918, -6.000000000000000000 ) ) ;
#2134 = CIRCLE ( 'NONE', #3654, 0.3999999999999999112 ) ;
#2135 = ADVANCED_FACE ( 'NONE', ( #1214 ), #3738, .T. ) ;
#2136 = ORIENTED_EDGE ( 'NONE', *, *, #7515, .F. ) ;
#2137 = CARTESIAN_POINT ( 'NONE',  ( 7.046038848457591541, -5.613674068382167981, -6.000000000000000000 ) ) ;
#2138 = CIRCLE ( 'NONE', #5289, 0.4000000000000001332 ) ;
#2139 = VECTOR ( 'NONE', #6365, 1000.000000000000000 ) ;
#2140 = CARTESIAN_POINT ( 'NONE',  ( 5.582732300020916583, 2.234524572767808692, -6.000000000000000000 ) ) ;
#2141 = FACE_OUTER_BOUND ( 'NONE', #4754, .T. ) ;
#2142 = ORIENTED_EDGE ( 'NONE', *, *, #6570, .T. ) ;
#2143 = CARTESIAN_POINT ( 'NONE',  ( 57.50000000000000000, 54.00000000000000711, 38.50000000000000000 ) ) ;
#2144 = EDGE_CURVE ( 'NONE', #160, #386, #6193, .T. ) ;
#2145 = ADVANCED_FACE ( 'NONE', ( #6078 ), #653, .F. ) ;
#2146 = ADVANCED_FACE ( 'NONE', ( #4884 ), #5484, .T. ) ;
#2147 = ORIENTED_EDGE ( 'NONE', *, *, #3075, .F. ) ;
#2148 = DIRECTION ( 'NONE',  ( -0.000000000000000000, -0.000000000000000000, 1.000000000000000000 ) ) ;
#2149 = ORIENTED_EDGE ( 'NONE', *, *, #2770, .F. ) ;
#2150 = VECTOR ( 'NONE', #3534, 1000.000000000000114 ) ;
#2151 = DIRECTION ( 'NONE',  ( -0.000000000000000000, -0.000000000000000000, -1.000000000000000000 ) ) ;
#2152 = DIRECTION ( 'NONE',  ( 1.000000000000000000, 0.000000000000000000, 0.000000000000000000 ) ) ;
#2153 = ORIENTED_EDGE ( 'NONE', *, *, #6219, .F. ) ;
#2154 = LINE ( 'NONE', #7637, #4539 ) ;
#2155 = VECTOR ( 'NONE', #400, 1000.000000000000000 ) ;
#2156 = DIRECTION ( 'NONE',  ( -1.807003620809172906E-16, 1.000000000000000000, 0.000000000000000000 ) ) ;
#2157 = EDGE_CURVE ( 'NONE', #5383, #3838, #4059, .T. ) ;
#2158 = EDGE_LOOP ( 'NONE', ( #3221, #3242, #835, #4808 ) ) ;
#2159 = CARTESIAN_POINT ( 'NONE',  ( 3.526711513754881455, -4.854101966249653621, -7.000000000000000000 ) ) ;
#2160 = CARTESIAN_POINT ( 'NONE',  ( 5.089216067166633550, 3.203104716004921304, 6.000000000000000000 ) ) ;
#2161 = ADVANCED_FACE ( 'NONE', ( #693 ), #3189, .F. ) ;
#2162 = CARTESIAN_POINT ( 'NONE',  ( 5.290067270632160756, 7.281152949374595451, -7.000000000000000000 ) ) ;
#2163 = VERTEX_POINT ( 'NONE', #1918 ) ;
#2164 = LINE ( 'NONE', #4573, #367 ) ;
#2165 = CARTESIAN_POINT ( 'NONE',  ( 3.850318311504857594, -4.618987865332661258, 6.000000000000000000 ) ) ;
#2166 = CARTESIAN_POINT ( 'NONE',  ( 5.089216067166633550, 3.203104716004921304, -7.000000000000000000 ) ) ;
#2167 = AXIS2_PLACEMENT_3D ( 'NONE', #1237, #7272, #6669 ) ;
#2168 = ORIENTED_EDGE ( 'NONE', *, *, #5294, .F. ) ;
#2169 = VERTEX_POINT ( 'NONE', #1362 ) ;
#2170 = VECTOR ( 'NONE', #1230, 999.9999999999998863 ) ;
#2171 = ORIENTED_EDGE ( 'NONE', *, *, #6988, .F. ) ;
#2172 = LINE ( 'NONE', #391, #6691 ) ;
#2173 = LINE ( 'NONE', #6290, #2425 ) ;
#2174 = CARTESIAN_POINT ( 'NONE',  ( -8.683115444406368510, 2.400730342856441268, -6.000000000000000000 ) ) ;
#2175 = VECTOR ( 'NONE', #700, 1000.000000000000114 ) ;
#2176 = ORIENTED_EDGE ( 'NONE', *, *, #4862, .F. ) ;
#2177 = DIRECTION ( 'NONE',  ( -0.000000000000000000, -0.000000000000000000, -1.000000000000000000 ) ) ;
#2178 = AXIS2_PLACEMENT_3D ( 'NONE', #457, #7676, #2274 ) ;
#2179 = AXIS2_PLACEMENT_3D ( 'NONE', #3661, #1289, #4285 ) ;
#2180 = CIRCLE ( 'NONE', #6620, 0.3999999999999998557 ) ;
#2181 = EDGE_CURVE ( 'NONE', #5442, #2356, #100, .T. ) ;
#2182 = CARTESIAN_POINT ( 'NONE',  ( -8.435901848906391720, -3.161575555892626177, -6.000000000000000000 ) ) ;
#2183 = CARTESIAN_POINT ( 'NONE',  ( 5.089216067166703716, -3.203104716004811170, 7.000000000000000000 ) ) ;
#2184 = AXIS2_PLACEMENT_3D ( 'NONE', #2394, #1128, #534 ) ;
#2185 = EDGE_LOOP ( 'NONE', ( #5668, #6408, #2684, #4474 ) ) ;
#2186 = DIRECTION ( 'NONE',  ( 0.3090169943749431214, 0.9510565162951548634, 0.000000000000000000 ) ) ;
#2187 = ORIENTED_EDGE ( 'NONE', *, *, #946, .F. ) ;
#2188 = DIRECTION ( 'NONE',  ( -1.000000000000000000, 0.000000000000000000, 0.000000000000000000 ) ) ;
#2189 = ORIENTED_EDGE ( 'NONE', *, *, #1083, .T. ) ;
#2190 = CIRCLE ( 'NONE', #1814, 0.3999999999999999667 ) ;
#2191 = VECTOR ( 'NONE', #5012, 1000.000000000000114 ) ;
#2192 = ADVANCED_FACE ( 'NONE', ( #1329 ), #6151, .T. ) ;
#2193 = ORIENTED_EDGE ( 'NONE', *, *, #6223, .F. ) ;
#2194 = DIRECTION ( 'NONE',  ( -0.000000000000000000, -0.000000000000000000, 1.000000000000000000 ) ) ;
#2195 = DIRECTION ( 'NONE',  ( -0.5877852522924684742, -0.8090169943749507819, -0.000000000000000000 ) ) ;
#2196 = VECTOR ( 'NONE', #5354, 1000.000000000000227 ) ;
#2197 = LINE ( 'NONE', #7672, #603 ) ;
#2198 = DIRECTION ( 'NONE',  ( 1.000000000000000000, 1.065514437861031800E-14, 0.000000000000000000 ) ) ;
#2199 = ORIENTED_EDGE ( 'NONE', *, *, #6843, .F. ) ;
#2200 = CARTESIAN_POINT ( 'NONE',  ( 3.850318311504757229, 4.618987865332744747, 7.000000000000000000 ) ) ;
#2201 = CARTESIAN_POINT ( 'NONE',  ( 7.681152949374577155, -5.290067270632186514, 7.000000000000000000 ) ) ;
#2202 = EDGE_CURVE ( 'NONE', #5192, #6377, #6680, .T. ) ;
#2203 = EDGE_CURVE ( 'NONE', #6946, #2842, #4967, .T. ) ;
#2204 = DIRECTION ( 'NONE',  ( 0.8090169943749556669, -0.5877852522924618128, 0.000000000000000000 ) ) ;
#2205 = EDGE_LOOP ( 'NONE', ( #5651, #5014, #7043, #5085 ) ) ;
#2206 = DIRECTION ( 'NONE',  ( -0.8090169943749419001, -0.5877852522924807976, 0.000000000000000000 ) ) ;
#2207 = EDGE_LOOP ( 'NONE', ( #1117, #2072, #2377, #7234 ) ) ;
#2208 = DIRECTION ( 'NONE',  ( 0.000000000000000000, -1.000000000000000000, 0.000000000000000000 ) ) ;
#2209 = DIRECTION ( 'NONE',  ( -0.000000000000000000, -0.000000000000000000, 1.000000000000000000 ) ) ;
#2210 = ORIENTED_EDGE ( 'NONE', *, *, #7330, .F. ) ;
#2211 = EDGE_CURVE ( 'NONE', #745, #6341, #6039, .T. ) ;
#2212 = ORIENTED_EDGE ( 'NONE', *, *, #3170, .F. ) ;
#2213 = DIRECTION ( 'NONE',  ( 0.8090169943749556669, -0.5877852522924618128, 0.000000000000000000 ) ) ;
#2214 = DIRECTION ( 'NONE',  ( -0.5877852522924652545, -0.8090169943749532244, 0.000000000000000000 ) ) ;
#2215 = CARTESIAN_POINT ( 'NONE',  ( -1.854101966249689148, 5.706339097770920965, -7.000000000000000000 ) ) ;
#2216 = VERTEX_POINT ( 'NONE', #3776 ) ;
#2217 = LINE ( 'NONE', #2137, #5076 ) ;
#2218 = AXIS2_PLACEMENT_3D ( 'NONE', #3496, #1719, #5877 ) ;
#2219 = APPLICATION_CONTEXT ( 'configuration controlled 3d designs of mechanical parts and assemblies' ) ;
#2220 = CARTESIAN_POINT ( 'NONE',  ( 0.3999999999999995781, -5.999999999999999112, 7.000000000000000000 ) ) ;
#2221 = DIRECTION ( 'NONE',  ( -0.000000000000000000, -0.000000000000000000, -1.000000000000000000 ) ) ;
#2222 = ORIENTED_EDGE ( 'NONE', *, *, #1579, .T. ) ;
#2223 = DIRECTION ( 'NONE',  ( 0.000000000000000000, -0.000000000000000000, 1.000000000000000000 ) ) ;
#2224 = EDGE_LOOP ( 'NONE', ( #2578, #6125, #5265, #1889, #820 ) ) ;
#2225 = PLANE ( 'NONE',  #2027 ) ;
#2226 = ORIENTED_EDGE ( 'NONE', *, *, #744, .T. ) ;
#2227 = EDGE_CURVE ( 'NONE', #601, #491, #3028, .T. ) ;
#2228 = VERTEX_POINT ( 'NONE', #7284 ) ;
#2229 = CARTESIAN_POINT ( 'NONE',  ( 57.50000000000000000, 54.00000000000000711, 38.50000000000000000 ) ) ;
#2230 = DIRECTION ( 'NONE',  ( -0.8090169943749507819, 0.5877852522924684742, 0.000000000000000000 ) ) ;
#2231 = CARTESIAN_POINT ( 'NONE',  ( -8.683115444406352523, -2.400730342856503885, 6.000000000000000000 ) ) ;
#2232 = CARTESIAN_POINT ( 'NONE',  ( -1.473679359731585148, -5.829945895520909360, -7.000000000000000000 ) ) ;
#2233 = ORIENTED_EDGE ( 'NONE', *, *, #6757, .T. ) ;
#2234 = LINE ( 'NONE', #1642, #41 ) ;
#2235 = CARTESIAN_POINT ( 'NONE',  ( -0.4000000000000001332, 9.000000000000001776, 6.000000000000000000 ) ) ;
#2236 = ORIENTED_EDGE ( 'NONE', *, *, #1912, .F. ) ;
#2237 = ADVANCED_FACE ( 'NONE', ( #1847 ), #3340, .F. ) ;
#2238 = CALENDAR_DATE ( 2025, 8, 12 ) ;
#2239 = CYLINDRICAL_SURFACE ( 'NONE', #2691, 0.9000000000000014655 ) ;
#2240 = PLANE ( 'NONE',  #1635 ) ;
#2241 = ORIENTED_EDGE ( 'NONE', *, *, #3657, .F. ) ;
#2242 = CARTESIAN_POINT ( 'NONE',  ( 3.203104716004792962, 5.089216067166714375, 6.000000000000000000 ) ) ;
#2243 = FACE_OUTER_BOUND ( 'NONE', #1207, .T. ) ;
#2244 = ADVANCED_FACE ( 'NONE', ( #3896 ), #4442, .F. ) ;
#2245 = EDGE_CURVE ( 'NONE', #2828, #846, #218, .T. ) ;
#2246 = AXIS2_PLACEMENT_3D ( 'NONE', #6264, #2501, #832 ) ;
#2247 = EDGE_LOOP ( 'NONE', ( #6292, #94, #323, #1229 ) ) ;
#2248 = ORIENTED_EDGE ( 'NONE', *, *, #4460, .F. ) ;
#2249 = EDGE_LOOP ( 'NONE', ( #4745, #2721, #3167, #956, #2855 ) ) ;
#2250 = FACE_OUTER_BOUND ( 'NONE', #5781, .T. ) ;
#2251 = DIRECTION ( 'NONE',  ( 1.000000000000000000, 0.000000000000000000, 0.000000000000000000 ) ) ;
#2252 = FACE_OUTER_BOUND ( 'NONE', #2636, .T. ) ;
#2253 = CARTESIAN_POINT ( 'NONE',  ( -10.00000000000000000, 0.000000000000000000, -7.000000000000000000 ) ) ;
#2254 = ADVANCED_FACE ( 'NONE', ( #6880 ), #5079, .F. ) ;
#2255 = ORIENTED_EDGE ( 'NONE', *, *, #334, .T. ) ;
#2256 = AXIS2_PLACEMENT_3D ( 'NONE', #6739, #4830, #1308 ) ;
#2257 = EDGE_CURVE ( 'NONE', #4462, #1770, #6957, .T. ) ;
#2258 = CARTESIAN_POINT ( 'NONE',  ( -3.203104716004831154, -5.089216067166691282, -6.000000000000000000 ) ) ;
#2259 = VECTOR ( 'NONE', #2915, 1000.000000000000000 ) ;
#2260 = CIRCLE ( 'NONE', #6304, 0.3999999999999999112 ) ;
#2261 = ORIENTED_EDGE ( 'NONE', *, *, #5925, .T. ) ;
#2262 = CARTESIAN_POINT ( 'NONE',  ( 1.473679359731668193, -5.829945895520888932, 6.000000000000000000 ) ) ;
#2263 = EDGE_LOOP ( 'NONE', ( #5211, #6090, #5528, #3924 ) ) ;
#2264 = CARTESIAN_POINT ( 'NONE',  ( -0.4000000000000001332, 9.000000000000001776, -6.000000000000000000 ) ) ;
#2265 = EDGE_LOOP ( 'NONE', ( #1940, #6018, #5029, #27 ) ) ;
#2266 = VECTOR ( 'NONE', #2718, 1000.000000000000000 ) ;
#2267 = VERTEX_POINT ( 'NONE', #332 ) ;
#2268 = CARTESIAN_POINT ( 'NONE',  ( -10.00000000000000000, 50.00000000000000000, 7.000000000000000000 ) ) ;
#2269 = CARTESIAN_POINT ( 'NONE',  ( -5.290067270632270002, 7.281152949374520844, -7.000000000000000000 ) ) ;
#2270 = FACE_OUTER_BOUND ( 'NONE', #3543, .T. ) ;
#2271 = CARTESIAN_POINT ( 'NONE',  ( -10.00000000000000000, 0.000000000000000000, -7.000000000000000000 ) ) ;
#2272 = VERTEX_POINT ( 'NONE', #7556 ) ;
#2273 = DIRECTION ( 'NONE',  ( -0.3090169943749550563, 0.9510565162951510887, 0.000000000000000000 ) ) ;
#2274 = DIRECTION ( 'NONE',  ( 0.000000000000000000, 0.000000000000000000, 1.000000000000000000 ) ) ;
#2275 = ORIENTED_EDGE ( 'NONE', *, *, #2227, .F. ) ;
#2276 = AXIS2_PLACEMENT_3D ( 'NONE', #5743, #3800, #5063 ) ;
#2277 = CARTESIAN_POINT ( 'NONE',  ( -4.854101966249667832, -3.526711513754861915, 6.000000000000000000 ) ) ;
#2278 = EDGE_CURVE ( 'NONE', #819, #7075, #7509, .T. ) ;
#2279 = VERTEX_POINT ( 'NONE', #4483 ) ;
#2280 = CARTESIAN_POINT ( 'NONE',  ( 6.000000000000003553, -0.3999999999999375722, 7.000000000000000000 ) ) ;
#2281 = ORIENTED_EDGE ( 'NONE', *, *, #4178, .F. ) ;
#2282 = DIRECTION ( 'NONE',  ( -0.5877852522924770229, 0.8090169943749445647, 0.000000000000000000 ) ) ;
#2283 = DIRECTION ( 'NONE',  ( -1.000000000000000000, 0.000000000000000000, 0.000000000000000000 ) ) ;
#2284 = ORIENTED_EDGE ( 'NONE', *, *, #459, .T. ) ;
#2285 = AXIS2_PLACEMENT_3D ( 'NONE', #4493, #5540, #2051 ) ;
#2286 = EDGE_CURVE ( 'NONE', #446, #4501, #6918, .T. ) ;
#2287 = ADVANCED_FACE ( 'NONE', ( #5197 ), #883, .F. ) ;
#2288 = DIRECTION ( 'NONE',  ( -0.000000000000000000, 0.000000000000000000, -1.000000000000000000 ) ) ;
#2289 = ORIENTED_EDGE ( 'NONE', *, *, #2781, .F. ) ;
#2290 = CIRCLE ( 'NONE', #3424, 0.9000000000000014655 ) ;
#2291 = PLANE ( 'NONE',  #6123 ) ;
#2292 = PLANE ( 'NONE',  #6176 ) ;
#2293 = DIRECTION ( 'NONE',  ( 0.000000000000000000, 0.000000000000000000, 1.000000000000000000 ) ) ;
#2294 = DIRECTION ( 'NONE',  ( -0.000000000000000000, -1.000000000000000000, -0.000000000000000000 ) ) ;
#2295 = EDGE_LOOP ( 'NONE', ( #4508, #5179, #3299, #2463 ) ) ;
#2296 = AXIS2_PLACEMENT_3D ( 'NONE', #3935, #4523, #376 ) ;
#2297 = EDGE_CURVE ( 'NONE', #3373, #2641, #3300, .T. ) ;
#2298 = ADVANCED_FACE ( 'NONE', ( #3858 ), #6237, .T. ) ;
#2299 = AXIS2_PLACEMENT_3D ( 'NONE', #6133, #1861, #6254 ) ;
#2300 = DIRECTION ( 'NONE',  ( 0.5877852522924652545, 0.8090169943749532244, 0.000000000000000000 ) ) ;
#2301 = ORIENTED_EDGE ( 'NONE', *, *, #4610, .T. ) ;
#2302 = CARTESIAN_POINT ( 'NONE',  ( -1.473679359731585148, -5.829945895520909360, 7.000000000000000000 ) ) ;
#2303 = CARTESIAN_POINT ( 'NONE',  ( -6.000000000000000888, 0.3999999999999794831, -7.000000000000000000 ) ) ;
#2304 = ORIENTED_EDGE ( 'NONE', *, *, #6208, .T. ) ;
#2305 = VECTOR ( 'NONE', #5559, 1000.000000000000000 ) ;
#2306 = CARTESIAN_POINT ( 'NONE',  ( -5.829945895520895149, -1.473679359731648209, -7.000000000000000000 ) ) ;
#2307 = EDGE_LOOP ( 'NONE', ( #1067, #7606, #2953, #4189, #3332 ) ) ;
#2308 = VECTOR ( 'NONE', #6417, 1000.000000000000000 ) ;
#2309 = EDGE_CURVE ( 'NONE', #4752, #6341, #3231, .T. ) ;
#2310 = AXIS2_PLACEMENT_3D ( 'NONE', #5314, #645, #5913 ) ;
#2311 = CARTESIAN_POINT ( 'NONE',  ( 5.613674068382299431, -7.046038848457488513, -7.000000000000000000 ) ) ;
#2312 = LINE ( 'NONE', #6429, #6080 ) ;
#2313 = LINE ( 'NONE', #1124, #1843 ) ;
#2314 = CARTESIAN_POINT ( 'NONE',  ( -8.683115444406368510, 2.400730342856441268, 7.000000000000000000 ) ) ;
#2315 = VECTOR ( 'NONE', #2867, 1000.000000000000000 ) ;
#2316 = VECTOR ( 'NONE', #1059, 1000.000000000000000 ) ;
#2317 = ORIENTED_EDGE ( 'NONE', *, *, #4721, .T. ) ;
#2318 = DIRECTION ( 'NONE',  ( 0.000000000000000000, 0.000000000000000000, 1.000000000000000000 ) ) ;
#2319 = CARTESIAN_POINT ( 'NONE',  ( -0.3999999999999994116, -9.000000000000000000, 6.000000000000000000 ) ) ;
#2320 = ORIENTED_EDGE ( 'NONE', *, *, #2405, .F. ) ;
#2321 = VECTOR ( 'NONE', #6890, 1000.000000000000000 ) ;
#2322 = CIRCLE ( 'NONE', #4720, 0.4000000000000000222 ) ;
#2323 = CARTESIAN_POINT ( 'NONE',  ( -4.966460472882237909, -7.516267050291545182, 6.000000000000000000 ) ) ;
#2324 = DIRECTION ( 'NONE',  ( -0.000000000000000000, 1.000000000000000000, -0.000000000000000000 ) ) ;
#2325 = VERTEX_POINT ( 'NONE', #6395 ) ;
#2326 = DIRECTION ( 'NONE',  ( 0.000000000000000000, 0.000000000000000000, 1.000000000000000000 ) ) ;
#2327 = FACE_OUTER_BOUND ( 'NONE', #2700, .T. ) ;
#2328 = ORIENTED_EDGE ( 'NONE', *, *, #7159, .F. ) ;
#2329 = AXIS2_PLACEMENT_3D ( 'NONE', #3961, #3287, #950 ) ;
#2330 = CC_DESIGN_DATE_AND_TIME_ASSIGNMENT ( #7078, #967, ( #365 ) ) ;
#2331 = PLANE ( 'NONE',  #4781 ) ;
#2332 = DIRECTION ( 'NONE',  ( -0.9510565162951544194, 0.3090169943749445092, 0.000000000000000000 ) ) ;
#2333 = VECTOR ( 'NONE', #7273, 1000.000000000000000 ) ;
#2334 = VERTEX_POINT ( 'NONE', #5115 ) ;
#2335 = CARTESIAN_POINT ( 'NONE',  ( 4.966460472882181065, 7.516267050291581597, 6.000000000000000000 ) ) ;
#2336 = LINE ( 'NONE', #2921, #4273 ) ;
#2337 = DIRECTION ( 'NONE',  ( 0.000000000000000000, 0.000000000000000000, -1.000000000000000000 ) ) ;
#2338 = DIRECTION ( 'NONE',  ( -0.000000000000000000, 0.000000000000000000, -1.000000000000000000 ) ) ;
#2339 = ORIENTED_EDGE ( 'NONE', *, *, #2045, .T. ) ;
#2340 = EDGE_CURVE ( 'NONE', #7684, #7167, #6275, .T. ) ;
#2341 = CARTESIAN_POINT ( 'NONE',  ( -5.706339097770914748, -1.854101966249709799, 7.000000000000000000 ) ) ;
#2342 = ORIENTED_EDGE ( 'NONE', *, *, #6658, .T. ) ;
#2343 = CARTESIAN_POINT ( 'NONE',  ( -4.854101966249667832, -3.526711513754861915, 6.000000000000000000 ) ) ;
#2344 = CARTESIAN_POINT ( 'NONE',  ( 5.089216067166703716, -3.203104716004811170, 7.000000000000000000 ) ) ;
#2345 = ORIENTED_EDGE ( 'NONE', *, *, #1609, .T. ) ;
#2346 = LINE ( 'NONE', #7822, #1398 ) ;
#2347 = EDGE_CURVE ( 'NONE', #477, #3947, #844, .T. ) ;
#2348 = ORIENTED_EDGE ( 'NONE', *, *, #5524, .F. ) ;
#2349 = EDGE_CURVE ( 'NONE', #5653, #79, #417, .T. ) ;
#2350 = CARTESIAN_POINT ( 'NONE',  ( -5.613674068382196403, -7.046038848457569337, -6.000000000000000000 ) ) ;
#2351 = DIRECTION ( 'NONE',  ( -0.000000000000000000, -0.000000000000000000, -1.000000000000000000 ) ) ;
#2352 = PLANE ( 'NONE',  #5810 ) ;
#2353 = VERTEX_POINT ( 'NONE', #6353 ) ;
#2354 = CARTESIAN_POINT ( 'NONE',  ( -8.959508646656390241, 2.781152949374502636, -6.000000000000000000 ) ) ;
#2355 = LINE ( 'NONE', #3617, #7124 ) ;
#2356 = VERTEX_POINT ( 'NONE', #928 ) ;
#2357 = EDGE_CURVE ( 'NONE', #2910, #3592, #6101, .T. ) ;
#2358 = ADVANCED_FACE ( 'NONE', ( #4565 ), #1566, .F. ) ;
#2359 = CARTESIAN_POINT ( 'NONE',  ( 0.3999999999999995781, -5.999999999999999112, -7.000000000000000000 ) ) ;
#2360 = ORIENTED_EDGE ( 'NONE', *, *, #602, .T. ) ;
#2361 = LINE ( 'NONE', #4691, #5937 ) ;
#2362 = ORIENTED_EDGE ( 'NONE', *, *, #7290, .F. ) ;
#2363 = FACE_OUTER_BOUND ( 'NONE', #4791, .T. ) ;
#2364 = DIRECTION ( 'NONE',  ( -0.9510565162951577500, 0.3090169943749347392, 0.000000000000000000 ) ) ;
#2365 = ORIENTED_EDGE ( 'NONE', *, *, #4325, .T. ) ;
#2366 = CARTESIAN_POINT ( 'NONE',  ( -5.582732300020933458, -2.234524572767770056, 7.000000000000000000 ) ) ;
#2367 = FACE_OUTER_BOUND ( 'NONE', #5259, .T. ) ;
#2368 = ORIENTED_EDGE ( 'NONE', *, *, #2489, .F. ) ;
#2369 = CARTESIAN_POINT ( 'NONE',  ( 5.290067270632160756, 7.281152949374595451, -6.000000000000000000 ) ) ;
#2370 = LINE ( 'NONE', #6577, #2385 ) ;
#2371 = CARTESIAN_POINT ( 'NONE',  ( 3.126711513754881544, -4.854101966249653621, -6.000000000000000000 ) ) ;
#2372 = DIRECTION ( 'NONE',  ( -1.000000000000000000, 0.000000000000000000, 0.000000000000000000 ) ) ;
#2373 = ORIENTED_EDGE ( 'NONE', *, *, #2791, .F. ) ;
#2374 = CIRCLE ( 'NONE', #6804, 0.3999999999999999667 ) ;
#2375 = DIRECTION ( 'NONE',  ( 0.5877852522924684742, 0.8090169943749507819, 0.000000000000000000 ) ) ;
#2376 = ADVANCED_FACE ( 'NONE', ( #4645 ), #3091, .F. ) ;
#2377 = ORIENTED_EDGE ( 'NONE', *, *, #4970, .T. ) ;
#2378 = LINE ( 'NONE', #7221, #4432 ) ;
#2379 = DIRECTION ( 'NONE',  ( 0.000000000000000000, -0.000000000000000000, 1.000000000000000000 ) ) ;
#2380 = VECTOR ( 'NONE', #81, 1000.000000000000000 ) ;
#2381 = ORIENTED_EDGE ( 'NONE', *, *, #6597, .F. ) ;
#2382 = DIRECTION ( 'NONE',  ( -0.000000000000000000, -0.000000000000000000, 1.000000000000000000 ) ) ;
#2383 = ORIENTED_EDGE ( 'NONE', *, *, #2716, .T. ) ;
#2384 = AXIS2_PLACEMENT_3D ( 'NONE', #7807, #2449, #6611 ) ;
#2385 = VECTOR ( 'NONE', #2409, 1000.000000000000227 ) ;
#2386 = EDGE_CURVE ( 'NONE', #6895, #1876, #7073, .T. ) ;
#2387 = LINE ( 'NONE', #7790, #555 ) ;
#2388 = DIRECTION ( 'NONE',  ( 0.000000000000000000, 0.000000000000000000, 1.000000000000000000 ) ) ;
#2389 = EDGE_CURVE ( 'NONE', #4104, #4130, #2234, .T. ) ;
#2390 = ADVANCED_FACE ( 'NONE', ( #1758 ), #2904, .T. ) ;
#2391 = LINE ( 'NONE', #1316, #1587 ) ;
#2392 = CARTESIAN_POINT ( 'NONE',  ( 0.3999999999999995781, -5.999999999999999112, -6.000000000000000000 ) ) ;
#2393 = VERTEX_POINT ( 'NONE', #2354 ) ;
#2394 = CARTESIAN_POINT ( 'NONE',  ( -3.526711513754811733, -4.854101966249705136, -6.000000000000000000 ) ) ;
#2395 = ORIENTED_EDGE ( 'NONE', *, *, #3243, .T. ) ;
#2396 = AXIS2_PLACEMENT_3D ( 'NONE', #1766, #1212, #4250 ) ;
#2397 = LINE ( 'NONE', #6599, #4322 ) ;
#2398 = EDGE_CURVE ( 'NONE', #1610, #5050, #6494, .T. ) ;
#2399 = DIRECTION ( 'NONE',  ( 0.000000000000000000, -0.000000000000000000, -1.000000000000000000 ) ) ;
#2400 = ORIENTED_EDGE ( 'NONE', *, *, #7584, .F. ) ;
#2401 = CARTESIAN_POINT ( 'NONE',  ( -5.089216067166657531, -3.203104716004883556, 6.000000000000000000 ) ) ;
#2402 = DIRECTION ( 'NONE',  ( 1.000000000000000000, 0.000000000000000000, 0.000000000000000000 ) ) ;
#2403 = AXIS2_PLACEMENT_3D ( 'NONE', #1756, #1870, #7232 ) ;
#2404 = DIRECTION ( 'NONE',  ( -0.000000000000000000, -0.000000000000000000, 1.000000000000000000 ) ) ;
#2405 = EDGE_CURVE ( 'NONE', #339, #5555, #1664, .T. ) ;
#2406 = DIRECTION ( 'NONE',  ( -0.000000000000000000, 0.000000000000000000, -1.000000000000000000 ) ) ;
#2407 = ORIENTED_EDGE ( 'NONE', *, *, #540, .F. ) ;
#2408 = DIRECTION ( 'NONE',  ( -0.000000000000000000, -0.000000000000000000, 1.000000000000000000 ) ) ;
#2409 = DIRECTION ( 'NONE',  ( -0.3090169943749482839, 0.9510565162951531981, 0.000000000000000000 ) ) ;
#2410 = FACE_OUTER_BOUND ( 'NONE', #5888, .T. ) ;
#2411 = CARTESIAN_POINT ( 'NONE',  ( -9.000000000000000000, -3.197442310920450836E-14, 6.000000000000000000 ) ) ;
#2412 = CIRCLE ( 'NONE', #1271, 0.4000000000000001332 ) ;
#2413 = VERTEX_POINT ( 'NONE', #5313 ) ;
#2414 = AXIS2_PLACEMENT_3D ( 'NONE', #1954, #6187, #763 ) ;
#2415 = ORIENTED_EDGE ( 'NONE', *, *, #429, .F. ) ;
#2416 = DIRECTION ( 'NONE',  ( 0.000000000000000000, 0.000000000000000000, 1.000000000000000000 ) ) ;
#2417 = ORIENTED_EDGE ( 'NONE', *, *, #3883, .F. ) ;
#2418 = CARTESIAN_POINT ( 'NONE',  ( -1.473679359731627114, 5.829945895520899590, 6.000000000000000000 ) ) ;
#2419 = CARTESIAN_POINT ( 'NONE',  ( -5.829945895520895149, -1.473679359731648209, 6.000000000000000000 ) ) ;
#2420 = ORIENTED_EDGE ( 'NONE', *, *, #1216, .F. ) ;
#2421 = CARTESIAN_POINT ( 'NONE',  ( 3.526711513754881455, -4.854101966249653621, -7.000000000000000000 ) ) ;
#2422 = AXIS2_PLACEMENT_3D ( 'NONE', #4794, #5505, #4242 ) ;
#2423 = VERTEX_POINT ( 'NONE', #1688 ) ;
#2424 = ADVANCED_FACE ( 'NONE', ( #4094 ), #6523, .F. ) ;
#2425 = VECTOR ( 'NONE', #5218, 1000.000000000000000 ) ;
#2426 = CARTESIAN_POINT ( 'NONE',  ( -8.559508646656389885, 2.781152949374502636, -6.000000000000000000 ) ) ;
#2427 = FACE_OUTER_BOUND ( 'NONE', #321, .T. ) ;
#2428 = AXIS2_PLACEMENT_3D ( 'NONE', #219, #3739, #2630 ) ;
#2429 = FACE_OUTER_BOUND ( 'NONE', #201, .T. ) ;
#2430 = DIRECTION ( 'NONE',  ( -4.336808689942017736E-15, 1.000000000000000000, 0.000000000000000000 ) ) ;
#2431 = ORIENTED_EDGE ( 'NONE', *, *, #405, .F. ) ;
#2432 = FACE_OUTER_BOUND ( 'NONE', #5740, .T. ) ;
#2433 = CIRCLE ( 'NONE', #1419, 0.3999999999999998002 ) ;
#2434 = VERTEX_POINT ( 'NONE', #676 ) ;
#2435 = EDGE_CURVE ( 'NONE', #869, #18, #5880, .T. ) ;
#2436 = CIRCLE ( 'NONE', #1295, 0.3999999999999997446 ) ;
#2437 = VECTOR ( 'NONE', #7400, 1000.000000000000227 ) ;
#2438 = DIRECTION ( 'NONE',  ( -0.8090169943749419001, -0.5877852522924807976, 0.000000000000000000 ) ) ;
#2439 = CIRCLE ( 'NONE', #3575, 0.3999999999999999112 ) ;
#2440 = ORIENTED_EDGE ( 'NONE', *, *, #1070, .T. ) ;
#2441 = LINE ( 'NONE', #6563, #7595 ) ;
#2442 = ORIENTED_EDGE ( 'NONE', *, *, #1143, .T. ) ;
#2443 = CIRCLE ( 'NONE', #2562, 0.4000000000000004108 ) ;
#2444 = CARTESIAN_POINT ( 'NONE',  ( -2.234524572767709660, -5.582732300020956551, -6.000000000000000000 ) ) ;
#2445 = DIRECTION ( 'NONE',  ( 0.000000000000000000, 0.000000000000000000, 1.000000000000000000 ) ) ;
#2446 = EDGE_CURVE ( 'NONE', #2651, #4022, #1007, .T. ) ;
#2447 = AXIS2_PLACEMENT_3D ( 'NONE', #4961, #3769, #4477 ) ;
#2448 = EDGE_CURVE ( 'NONE', #6142, #1654, #2689, .T. ) ;
#2449 = DIRECTION ( 'NONE',  ( -0.000000000000000000, 1.000000000000000000, -0.000000000000000000 ) ) ;
#2450 = AXIS2_PLACEMENT_3D ( 'NONE', #4694, #385, #5922 ) ;
#2451 = ORIENTED_EDGE ( 'NONE', *, *, #5244, .T. ) ;
#2452 = CARTESIAN_POINT ( 'NONE',  ( 9.000000000000000000, 9.482108720838090876E-14, -6.000000000000000000 ) ) ;
#2453 = AXIS2_PLACEMENT_3D ( 'NONE', #569, #2897, #4088 ) ;
#2454 = CARTESIAN_POINT ( 'NONE',  ( 6.000000000000000000, 6.284666409917640040E-14, -7.000000000000000000 ) ) ;
#2455 = CARTESIAN_POINT ( 'NONE',  ( -5.706339097770914748, -1.854101966249709799, 6.000000000000000000 ) ) ;
#2456 = ORIENTED_EDGE ( 'NONE', *, *, #1813, .F. ) ;
#2457 = EDGE_CURVE ( 'NONE', #5849, #4168, #7128, .T. ) ;
#2458 = ORIENTED_EDGE ( 'NONE', *, *, #583, .T. ) ;
#2459 = LINE ( 'NONE', #4866, #5947 ) ;
#2460 = ORIENTED_EDGE ( 'NONE', *, *, #2457, .T. ) ;
#2461 = CARTESIAN_POINT ( 'NONE',  ( -8.683115444406368510, 2.400730342856441268, -7.000000000000000000 ) ) ;
#2462 = CARTESIAN_POINT ( 'NONE',  ( -3.850318311504791868, -4.618987865332716325, 7.000000000000000000 ) ) ;
#2463 = ORIENTED_EDGE ( 'NONE', *, *, #1667, .F. ) ;
#2464 = FACE_BOUND ( 'NONE', #5017, .T. ) ;
#2465 = DIRECTION ( 'NONE',  ( 0.5877852522924832401, -0.8090169943749400128, 0.000000000000000000 ) ) ;
#2466 = DIRECTION ( 'NONE',  ( 0.000000000000000000, -0.000000000000000000, 1.000000000000000000 ) ) ;
#2467 = CARTESIAN_POINT ( 'NONE',  ( -8.959508646656390241, 2.781152949374502636, -7.000000000000000000 ) ) ;
#2468 = CARTESIAN_POINT ( 'NONE',  ( 1.854101966249729561, -5.706339097770907642, -6.000000000000000000 ) ) ;
#2469 = EDGE_CURVE ( 'NONE', #6622, #2835, #6743, .T. ) ;
#2470 = ORIENTED_EDGE ( 'NONE', *, *, #3602, .F. ) ;
#2471 = CARTESIAN_POINT ( 'NONE',  ( -2.781152949374533723, 8.559508646656381003, -6.000000000000000000 ) ) ;
#2472 = ORIENTED_EDGE ( 'NONE', *, *, #5182, .F. ) ;
#2473 = CARTESIAN_POINT ( 'NONE',  ( -7.281152949374500416, -5.290067270632293095, 6.000000000000000000 ) ) ;
#2474 = DIRECTION ( 'NONE',  ( -1.000000000000000000, 0.000000000000000000, 0.000000000000000000 ) ) ;
#2475 = EDGE_CURVE ( 'NONE', #7075, #3202, #7675, .T. ) ;
#2476 = ORIENTED_EDGE ( 'NONE', *, *, #4037, .T. ) ;
#2477 = CARTESIAN_POINT ( 'NONE',  ( 5.582732300020962768, -2.234524572767692341, -6.000000000000000000 ) ) ;
#2478 = CARTESIAN_POINT ( 'NONE',  ( 3.203104716004903985, -5.089216067166645097, -6.000000000000000000 ) ) ;
#2479 = CARTESIAN_POINT ( 'NONE',  ( -0.4000000000000001332, 9.000000000000001776, -7.000000000000000000 ) ) ;
#2480 = ORIENTED_EDGE ( 'NONE', *, *, #1434, .T. ) ;
#2481 = EDGE_CURVE ( 'NONE', #6215, #1595, #1090, .T. ) ;
#2482 = LINE ( 'NONE', #5451, #4392 ) ;
#2483 = EDGE_CURVE ( 'NONE', #742, #2056, #1028, .T. ) ;
#2484 = DIRECTION ( 'NONE',  ( 0.5877852522924743583, -0.8090169943749464521, 0.000000000000000000 ) ) ;
#2485 = CARTESIAN_POINT ( 'NONE',  ( -5.690067270632270358, 7.281152949374520844, -6.000000000000000000 ) ) ;
#2486 = ORIENTED_EDGE ( 'NONE', *, *, #7778, .T. ) ;
#2487 = ORIENTED_EDGE ( 'NONE', *, *, #3100, .T. ) ;
#2488 = FACE_OUTER_BOUND ( 'NONE', #4563, .T. ) ;
#2489 = EDGE_CURVE ( 'NONE', #4218, #3592, #7156, .T. ) ;
#2490 = ORIENTED_EDGE ( 'NONE', *, *, #4895, .T. ) ;
#2491 = LINE ( 'NONE', #7335, #1911 ) ;
#2492 = LINE ( 'NONE', #633, #2380 ) ;
#2493 = VERTEX_POINT ( 'NONE', #3537 ) ;
#2494 = PLANE ( 'NONE',  #4440 ) ;
#2495 = EDGE_CURVE ( 'NONE', #5944, #4457, #5955, .T. ) ;
#2496 = FACE_BOUND ( 'NONE', #3049, .T. ) ;
#2497 = VECTOR ( 'NONE', #3728, 1000.000000000000114 ) ;
#2498 = CARTESIAN_POINT ( 'NONE',  ( -5.582732300020949445, 2.234524572767730533, -6.000000000000000000 ) ) ;
#2499 = FACE_BOUND ( 'NONE', #3714, .T. ) ;
#2500 = CARTESIAN_POINT ( 'NONE',  ( 2.234524572767672801, 5.582732300020971650, 7.000000000000000000 ) ) ;
#2501 = DIRECTION ( 'NONE',  ( 0.9510565162951533091, 0.3090169943749482839, 0.000000000000000000 ) ) ;
#2502 = ORIENTED_EDGE ( 'NONE', *, *, #3204, .F. ) ;
#2503 = CARTESIAN_POINT ( 'NONE',  ( -1.854101966249689148, 5.706339097770920965, 6.000000000000000000 ) ) ;
#2504 = ORIENTED_EDGE ( 'NONE', *, *, #3413, .F. ) ;
#2505 = ORIENTED_EDGE ( 'NONE', *, *, #2157, .T. ) ;
#2506 = AXIS2_PLACEMENT_3D ( 'NONE', #6502, #1583, #4588 ) ;
#2507 = CARTESIAN_POINT ( 'NONE',  ( 2.234524572767789152, -5.582732300020924576, -6.000000000000000000 ) ) ;
#2508 = ORIENTED_EDGE ( 'NONE', *, *, #7574, .F. ) ;
#2509 = CARTESIAN_POINT ( 'NONE',  ( 1.473679359731546956, 5.829945895520919130, -6.000000000000000000 ) ) ;
#2510 = AXIS2_PLACEMENT_3D ( 'NONE', #4072, #5775, #6376 ) ;
#2511 = VERTEX_POINT ( 'NONE', #7418 ) ;
#2512 = CIRCLE ( 'NONE', #5927, 0.3999999999999998557 ) ;
#2513 = CARTESIAN_POINT ( 'NONE',  ( 3.203104716004792962, 5.089216067166714375, -6.000000000000000000 ) ) ;
#2514 = DIRECTION ( 'NONE',  ( 0.8090169943749556669, -0.5877852522924618128, 0.000000000000000000 ) ) ;
#2515 = LOCAL_TIME ( 19, 19, 38.00000000000000000, #7681 ) ;
#2516 = ADVANCED_FACE ( 'NONE', ( #6782 ), #6136, .F. ) ;
#2517 = VECTOR ( 'NONE', #6922, 1000.000000000000000 ) ;
#2518 = CARTESIAN_POINT ( 'NONE',  ( 2.400730342856351562, 8.683115444406393379, 6.000000000000000000 ) ) ;
#2519 = DIRECTION ( 'NONE',  ( -0.000000000000000000, 0.000000000000000000, -1.000000000000000000 ) ) ;
#2520 = ORIENTED_EDGE ( 'NONE', *, *, #3108, .F. ) ;
#2521 = CARTESIAN_POINT ( 'NONE',  ( -3.850318311504823843, 4.618987865332690568, 6.000000000000000000 ) ) ;
#2522 = CARTESIAN_POINT ( 'NONE',  ( -4.854101966249691813, 3.526711513754828164, 6.000000000000000000 ) ) ;
#2523 = DIRECTION ( 'NONE',  ( 0.000000000000000000, -0.000000000000000000, 1.000000000000000000 ) ) ;
#2524 = VECTOR ( 'NONE', #7810, 1000.000000000000114 ) ;
#2525 = ORIENTED_EDGE ( 'NONE', *, *, #4046, .T. ) ;
#2526 = EDGE_CURVE ( 'NONE', #3040, #5688, #3213, .T. ) ;
#2527 = EDGE_CURVE ( 'NONE', #801, #7337, #3694, .T. ) ;
#2528 = ORIENTED_EDGE ( 'NONE', *, *, #4325, .F. ) ;
#2529 = VECTOR ( 'NONE', #7816, 1000.000000000000000 ) ;
#2530 = FACE_OUTER_BOUND ( 'NONE', #5751, .T. ) ;
#2531 = VERTEX_POINT ( 'NONE', #122 ) ;
#2532 = DIRECTION ( 'NONE',  ( -1.000000000000000000, 0.000000000000000000, -0.000000000000000000 ) ) ;
#2533 = DIRECTION ( 'NONE',  ( -0.000000000000000000, -0.000000000000000000, -1.000000000000000000 ) ) ;
#2534 = ORIENTED_EDGE ( 'NONE', *, *, #2929, .F. ) ;
#2535 = DIRECTION ( 'NONE',  ( -1.000000000000000000, 0.000000000000000000, 0.000000000000000000 ) ) ;
#2536 = DIRECTION ( 'NONE',  ( 0.000000000000000000, 0.000000000000000000, 1.000000000000000000 ) ) ;
#2537 = EDGE_CURVE ( 'NONE', #2108, #3877, #7380, .T. ) ;
#2538 = VECTOR ( 'NONE', #1080, 999.9999999999998863 ) ;
#2539 = ADVANCED_FACE ( 'NONE', ( #4305 ), #2494, .F. ) ;
#2540 = DIRECTION ( 'NONE',  ( 1.000000000000000000, 1.065514437861031800E-14, 0.000000000000000000 ) ) ;
#2541 = DIRECTION ( 'NONE',  ( -0.000000000000000000, -0.000000000000000000, 1.000000000000000000 ) ) ;
#2542 = DIRECTION ( 'NONE',  ( 1.000000000000000000, 0.000000000000000000, 0.000000000000000000 ) ) ;
#2543 = CARTESIAN_POINT ( 'NONE',  ( -1.854101966249689148, 5.706339097770920965, -6.000000000000000000 ) ) ;
#2544 = CIRCLE ( 'NONE', #1658, 0.3999999999999999112 ) ;
#2545 = ORIENTED_EDGE ( 'NONE', *, *, #1679, .F. ) ;
#2546 = FACE_OUTER_BOUND ( 'NONE', #6212, .T. ) ;
#2547 = ORIENTED_EDGE ( 'NONE', *, *, #1019, .T. ) ;
#2548 = EDGE_CURVE ( 'NONE', #5946, #6253, #749, .T. ) ;
#2549 = FACE_OUTER_BOUND ( 'NONE', #827, .T. ) ;
#2550 = PLANE ( 'NONE',  #3798 ) ;
#2551 = VECTOR ( 'NONE', #4703, 1000.000000000000000 ) ;
#2552 = ORIENTED_EDGE ( 'NONE', *, *, #2969, .T. ) ;
#2553 = CARTESIAN_POINT ( 'NONE',  ( 7.046038848457468973, 5.613674068382324300, 6.000000000000000000 ) ) ;
#2554 = VERTEX_POINT ( 'NONE', #3124 ) ;
#2555 = DIRECTION ( 'NONE',  ( -0.3090169943749550563, 0.9510565162951510887, 0.000000000000000000 ) ) ;
#2556 = DIRECTION ( 'NONE',  ( -0.3090169943749516701, 0.9510565162951523099, 0.000000000000000000 ) ) ;
#2557 = AXIS2_PLACEMENT_3D ( 'NONE', #7597, #2748, #7642 ) ;
#2558 = VECTOR ( 'NONE', #2087, 1000.000000000000000 ) ;
#2559 = AXIS2_PLACEMENT_3D ( 'NONE', #7440, #2599, #6317 ) ;
#2560 = FACE_OUTER_BOUND ( 'NONE', #6515, .T. ) ;
#2561 = PLANE ( 'NONE',  #6230 ) ;
#2562 = AXIS2_PLACEMENT_3D ( 'NONE', #4316, #802, #6143 ) ;
#2563 = VERTEX_POINT ( 'NONE', #164 ) ;
#2564 = CARTESIAN_POINT ( 'NONE',  ( -5.510910596163086597E-16, 9.000000000000000000, 6.000000000000000000 ) ) ;
#2565 = LINE ( 'NONE', #3081, #4826 ) ;
#2566 = DIRECTION ( 'NONE',  ( -0.000000000000000000, 1.000000000000000000, -0.000000000000000000 ) ) ;
#2567 = CIRCLE ( 'NONE', #5217, 0.3999999999999999112 ) ;
#2568 = ADVANCED_FACE ( 'NONE', ( #4986 ), #3878, .F. ) ;
#2569 = ORIENTED_EDGE ( 'NONE', *, *, #7719, .F. ) ;
#2570 = VERTEX_POINT ( 'NONE', #4345 ) ;
#2571 = AXIS2_PLACEMENT_3D ( 'NONE', #4723, #3014, #5307 ) ;
#2572 = ORIENTED_EDGE ( 'NONE', *, *, #3347, .T. ) ;
#2573 = DIRECTION ( 'NONE',  ( -0.000000000000000000, -0.000000000000000000, 1.000000000000000000 ) ) ;
#2574 = ORIENTED_EDGE ( 'NONE', *, *, #5297, .F. ) ;
#2575 = LINE ( 'NONE', #119, #2926 ) ;
#2576 = LINE ( 'NONE', #904, #7703 ) ;
#2577 = EDGE_CURVE ( 'NONE', #3703, #745, #6735, .T. ) ;
#2578 = ORIENTED_EDGE ( 'NONE', *, *, #312, .T. ) ;
#2579 = DIRECTION ( 'NONE',  ( 0.000000000000000000, -0.000000000000000000, -1.000000000000000000 ) ) ;
#2580 = CARTESIAN_POINT ( 'NONE',  ( 3.126711513754774519, 4.854101966249730893, -7.000000000000000000 ) ) ;
#2581 = DIRECTION ( 'NONE',  ( 0.5877852522924803536, -0.8090169943749422332, 0.000000000000000000 ) ) ;
#2582 = ORIENTED_EDGE ( 'NONE', *, *, #7282, .T. ) ;
#2583 = DIRECTION ( 'NONE',  ( 1.000000000000000000, 0.000000000000000000, 0.000000000000000000 ) ) ;
#2584 = EDGE_CURVE ( 'NONE', #4200, #1461, #7499, .T. ) ;
#2585 = EDGE_CURVE ( 'NONE', #2267, #4135, #4941, .T. ) ;
#2586 = VERTEX_POINT ( 'NONE', #4381 ) ;
#2587 = CARTESIAN_POINT ( 'NONE',  ( -3.526711513754845928, 4.854101966249680267, 6.000000000000000000 ) ) ;
#2588 = ORIENTED_EDGE ( 'NONE', *, *, #4262, .T. ) ;
#2589 = EDGE_LOOP ( 'NONE', ( #661, #3219, #4985, #1035 ) ) ;
#2590 = CARTESIAN_POINT ( 'NONE',  ( -5.613674068382196403, -7.046038848457569337, -6.000000000000000000 ) ) ;
#2591 = CARTESIAN_POINT ( 'NONE',  ( 5.089216067166633550, 3.203104716004921304, 6.000000000000000000 ) ) ;
#2592 = CARTESIAN_POINT ( 'NONE',  ( 0.000000000000000000, 0.000000000000000000, 7.000000000000000000 ) ) ;
#2593 = EDGE_CURVE ( 'NONE', #7518, #6866, #3757, .T. ) ;
#2594 = ORIENTED_EDGE ( 'NONE', *, *, #6153, .F. ) ;
#2595 = DIRECTION ( 'NONE',  ( -0.000000000000000000, -0.000000000000000000, 1.000000000000000000 ) ) ;
#2596 = CARTESIAN_POINT ( 'NONE',  ( -3.526711513754811733, -4.854101966249705136, -6.000000000000000000 ) ) ;
#2597 = EDGE_CURVE ( 'NONE', #5867, #2828, #7256, .T. ) ;
#2598 = CARTESIAN_POINT ( 'NONE',  ( -3.203104716004831154, -5.089216067166691282, -7.000000000000000000 ) ) ;
#2599 = DIRECTION ( 'NONE',  ( 0.000000000000000000, 0.000000000000000000, 1.000000000000000000 ) ) ;
#2600 = EDGE_LOOP ( 'NONE', ( #6646, #3, #7530, #5038 ) ) ;
#2601 = LINE ( 'NONE', #7525, #5413 ) ;
#2602 = LINE ( 'NONE', #2003, #6349 ) ;
#2603 = CARTESIAN_POINT ( 'NONE',  ( 2.234524572767672801, 5.582732300020971650, 7.000000000000000000 ) ) ;
#2604 = ORIENTED_EDGE ( 'NONE', *, *, #4856, .F. ) ;
#2605 = VERTEX_POINT ( 'NONE', #1387 ) ;
#2606 = EDGE_LOOP ( 'NONE', ( #1060, #4589, #7585, #4387 ) ) ;
#2607 = CARTESIAN_POINT ( 'NONE',  ( 3.181152949374413730, 8.559508646656418307, 6.000000000000000000 ) ) ;
#2608 = ORIENTED_EDGE ( 'NONE', *, *, #5572, .T. ) ;
#2609 = CARTESIAN_POINT ( 'NONE',  ( 4.854101966249641187, 3.526711513754897886, -6.000000000000000000 ) ) ;
#2610 = DIRECTION ( 'NONE',  ( -0.000000000000000000, -0.000000000000000000, 1.000000000000000000 ) ) ;
#2611 = VERTEX_POINT ( 'NONE', #237 ) ;
#2612 = CARTESIAN_POINT ( 'NONE',  ( -5.599999999999999645, -2.094888803305880013E-14, 7.000000000000000000 ) ) ;
#2613 = EDGE_CURVE ( 'NONE', #5941, #6215, #3797, .T. ) ;
#2614 = FACE_OUTER_BOUND ( 'NONE', #5094, .T. ) ;
#2615 = DIRECTION ( 'NONE',  ( 0.000000000000000000, 0.000000000000000000, 1.000000000000000000 ) ) ;
#2616 = EDGE_LOOP ( 'NONE', ( #4004, #4798, #2016, #4127 ) ) ;
#2617 = CARTESIAN_POINT ( 'NONE',  ( 8.999999999999998224, 0.4000000000000943912, -6.000000000000000000 ) ) ;
#2618 = ORIENTED_EDGE ( 'NONE', *, *, #6759, .F. ) ;
#2619 = CYLINDRICAL_SURFACE ( 'NONE', #3576, 0.4000000000000001887 ) ;
#2620 = VERTEX_POINT ( 'NONE', #2612 ) ;
#2621 = EDGE_CURVE ( 'NONE', #4064, #5092, #5020, .T. ) ;
#2622 = EDGE_CURVE ( 'NONE', #7101, #6696, #1431, .T. ) ;
#2623 = EDGE_CURVE ( 'NONE', #7423, #2710, #5596, .T. ) ;
#2624 = CYLINDRICAL_SURFACE ( 'NONE', #2447, 0.3999999999999999667 ) ;
#2625 = DIRECTION ( 'NONE',  ( -0.000000000000000000, -0.000000000000000000, 1.000000000000000000 ) ) ;
#2626 = ORIENTED_EDGE ( 'NONE', *, *, #4503, .F. ) ;
#2627 = DIRECTION ( 'NONE',  ( -0.5877852522924803536, 0.8090169943749422332, 0.000000000000000000 ) ) ;
#2628 = ORIENTED_EDGE ( 'NONE', *, *, #5768, .F. ) ;
#2629 = CARTESIAN_POINT ( 'NONE',  ( -0.4000000000000001332, 9.000000000000001776, 6.000000000000000000 ) ) ;
#2630 = DIRECTION ( 'NONE',  ( -1.000000000000000000, 0.000000000000000000, 0.000000000000000000 ) ) ;
#2631 = AXIS2_PLACEMENT_3D ( 'NONE', #3121, #6628, #1895 ) ;
#2632 = ADVANCED_FACE ( 'NONE', ( #6901 ), #5741, .F. ) ;
#2633 = CARTESIAN_POINT ( 'NONE',  ( -1.854101966249689148, 5.706339097770920965, 7.000000000000000000 ) ) ;
#2634 = CARTESIAN_POINT ( 'NONE',  ( 8.559508646656407649, -2.781152949374444017, 6.000000000000000000 ) ) ;
#2635 = AXIS2_PLACEMENT_3D ( 'NONE', #2452, #7811, #4859 ) ;
#2636 = EDGE_LOOP ( 'NONE', ( #702, #4902, #4606, #519, #3640 ) ) ;
#2637 = LINE ( 'NONE', #1927, #4893 ) ;
#2638 = DIRECTION ( 'NONE',  ( -0.9510565162951544194, 0.3090169943749445092, 0.000000000000000000 ) ) ;
#2639 = CARTESIAN_POINT ( 'NONE',  ( 2.781152949374413819, 8.559508646656418307, 7.000000000000000000 ) ) ;
#2640 = ORIENTED_EDGE ( 'NONE', *, *, #679, .T. ) ;
#2641 = VERTEX_POINT ( 'NONE', #318 ) ;
#2642 = AXIS2_PLACEMENT_3D ( 'NONE', #3235, #5644, #7320 ) ;
#2643 = VECTOR ( 'NONE', #5762, 1000.000000000000000 ) ;
#2644 = EDGE_CURVE ( 'NONE', #464, #339, #2217, .T. ) ;
#2645 = VERTEX_POINT ( 'NONE', #7617 ) ;
#2646 = LINE ( 'NONE', #7492, #5887 ) ;
#2647 = DIRECTION ( 'NONE',  ( 0.3090169943749451198, 0.9510565162951544194, 0.000000000000000000 ) ) ;
#2648 = CARTESIAN_POINT ( 'NONE',  ( 6.000000000000003553, -0.3999999999999375722, -7.000000000000000000 ) ) ;
#2649 = CARTESIAN_POINT ( 'NONE',  ( -8.683115444406352523, -2.400730342856503885, -7.000000000000000000 ) ) ;
#2650 = UNCERTAINTY_MEASURE_WITH_UNIT (LENGTH_MEASURE( 1.000000000000000082E-05 ), #261, 'distance_accuracy_value', 'NONE');
#2651 = VERTEX_POINT ( 'NONE', #6935 ) ;
#2652 = DIRECTION ( 'NONE',  ( 0.3090169943749564441, -0.9510565162951505336, 0.000000000000000000 ) ) ;
#2653 = AXIS2_PLACEMENT_3D ( 'NONE', #2854, #3363, #357 ) ;
#2654 = LINE ( 'NONE', #3879, #4335 ) ;
#2655 = CARTESIAN_POINT ( 'NONE',  ( 8.559508646656407649, -2.781152949374444017, 6.000000000000000000 ) ) ;
#2656 = ORIENTED_EDGE ( 'NONE', *, *, #1857, .T. ) ;
#2657 = LINE ( 'NONE', #4473, #474 ) ;
#2658 = ORIENTED_EDGE ( 'NONE', *, *, #7584, .T. ) ;
#2659 = DIRECTION ( 'NONE',  ( -0.3090169943749517811, 0.9510565162951520879, 0.000000000000000000 ) ) ;
#2660 = AXIS2_PLACEMENT_3D ( 'NONE', #7549, #288, #1515 ) ;
#2661 = EDGE_LOOP ( 'NONE', ( #3501, #5377, #4282, #5392 ) ) ;
#2662 = EDGE_CURVE ( 'NONE', #3409, #6422, #3361, .T. ) ;
#2663 = AXIS2_PLACEMENT_3D ( 'NONE', #5662, #6905, #3760 ) ;
#2664 = DIRECTION ( 'NONE',  ( 0.3090169943749482839, -0.9510565162951531981, 0.000000000000000000 ) ) ;
#2665 = CARTESIAN_POINT ( 'NONE',  ( -2.234524572767749628, 5.582732300020941452, -7.000000000000000000 ) ) ;
#2666 = VERTEX_POINT ( 'NONE', #5698 ) ;
#2667 = CARTESIAN_POINT ( 'NONE',  ( -3.161575555892595091, 8.435901848906404155, 6.000000000000000000 ) ) ;
#2668 = ORIENTED_EDGE ( 'NONE', *, *, #550, .F. ) ;
#2669 = VECTOR ( 'NONE', #6556, 1000.000000000000000 ) ;
#2670 = CARTESIAN_POINT ( 'NONE',  ( 5.290067270632160756, 7.281152949374595451, 6.000000000000000000 ) ) ;
#2671 = CYLINDRICAL_SURFACE ( 'NONE', #6861, 0.4000000000000001887 ) ;
#2672 = EDGE_CURVE ( 'NONE', #2605, #5399, #3959, .T. ) ;
#2673 = VECTOR ( 'NONE', #4829, 1000.000000000000227 ) ;
#2674 = APPROVAL_ROLE ( '' ) ;
#2675 = DIRECTION ( 'NONE',  ( 0.000000000000000000, 0.000000000000000000, 1.000000000000000000 ) ) ;
#2676 = DIRECTION ( 'NONE',  ( -1.000000000000000000, 0.000000000000000000, 0.000000000000000000 ) ) ;
#2677 = VECTOR ( 'NONE', #884, 1000.000000000000000 ) ;
#2678 = CARTESIAN_POINT ( 'NONE',  ( -24.99999999999999645, 50.00000000000000000, 24.50000000000000711 ) ) ;
#2679 = LINE ( 'NONE', #4371, #6609 ) ;
#2680 = EDGE_CURVE ( 'NONE', #4659, #7242, #3399, .T. ) ;
#2681 = EDGE_CURVE ( 'NONE', #2710, #3210, #3950, .T. ) ;
#2682 = ORIENTED_EDGE ( 'NONE', *, *, #2935, .T. ) ;
#2683 = FACE_BOUND ( 'NONE', #7473, .T. ) ;
#2684 = ORIENTED_EDGE ( 'NONE', *, *, #2489, .T. ) ;
#2685 = AXIS2_PLACEMENT_3D ( 'NONE', #2522, #7291, #3034 ) ;
#2686 = AXIS2_PLACEMENT_3D ( 'NONE', #84, #2065, #4903 ) ;
#2687 = VECTOR ( 'NONE', #3469, 1000.000000000000114 ) ;
#2688 = VERTEX_POINT ( 'NONE', #7660 ) ;
#2689 = CIRCLE ( 'NONE', #3427, 0.3999999999999997446 ) ;
#2690 = DIRECTION ( 'NONE',  ( 0.000000000000000000, 0.000000000000000000, -1.000000000000000000 ) ) ;
#2691 = AXIS2_PLACEMENT_3D ( 'NONE', #7079, #303, #3472 ) ;
#2692 = FACE_OUTER_BOUND ( 'NONE', #6934, .T. ) ;
#2693 = LINE ( 'NONE', #2096, #3901 ) ;
#2694 = EDGE_CURVE ( 'NONE', #3660, #798, #2439, .T. ) ;
#2695 = VERTEX_POINT ( 'NONE', #2768 ) ;
#2696 = CARTESIAN_POINT ( 'NONE',  ( 9.000000000000003553, -0.3999999999999051536, -6.000000000000000000 ) ) ;
#2697 = AXIS2_PLACEMENT_3D ( 'NONE', #3052, #7745, #2465 ) ;
#2698 = CARTESIAN_POINT ( 'NONE',  ( 5.089216067166633550, 3.203104716004921304, -6.000000000000000000 ) ) ;
#2699 = FACE_OUTER_BOUND ( 'NONE', #2265, .T. ) ;
#2700 = EDGE_LOOP ( 'NONE', ( #6908, #2490, #5697, #1140 ) ) ;
#2701 = DIRECTION ( 'NONE',  ( 0.000000000000000000, 0.000000000000000000, 1.000000000000000000 ) ) ;
#2702 = AXIS2_PLACEMENT_3D ( 'NONE', #87, #7343, #3845 ) ;
#2703 = ORIENTED_EDGE ( 'NONE', *, *, #4224, .T. ) ;
#2704 = LINE ( 'NONE', #447, #4203 ) ;
#2705 = ORIENTED_EDGE ( 'NONE', *, *, #2879, .F. ) ;
#2706 = CARTESIAN_POINT ( 'NONE',  ( 8.999999999999998224, 0.4000000000000943912, 6.000000000000000000 ) ) ;
#2707 = PLANE ( 'NONE',  #7359 ) ;
#2708 = EDGE_LOOP ( 'NONE', ( #6504, #7066, #2753, #3753 ) ) ;
#2709 = LINE ( 'NONE', #4749, #6684 ) ;
#2710 = VERTEX_POINT ( 'NONE', #5134 ) ;
#2711 = DIRECTION ( 'NONE',  ( -0.5877852522924743583, 0.8090169943749464521, 0.000000000000000000 ) ) ;
#2712 = DIRECTION ( 'NONE',  ( 0.5877852522924832401, -0.8090169943749401238, 0.000000000000000000 ) ) ;
#2713 = ORIENTED_EDGE ( 'NONE', *, *, #4989, .F. ) ;
#2714 = PERSON_AND_ORGANIZATION ( #6561, #5416 ) ;
#2715 = DIRECTION ( 'NONE',  ( -0.000000000000000000, -0.000000000000000000, 1.000000000000000000 ) ) ;
#2716 = EDGE_CURVE ( 'NONE', #1014, #6000, #5460, .T. ) ;
#2717 = ORIENTED_EDGE ( 'NONE', *, *, #7398, .F. ) ;
#2718 = DIRECTION ( 'NONE',  ( -0.000000000000000000, -0.000000000000000000, 1.000000000000000000 ) ) ;
#2719 = LINE ( 'NONE', #7651, #2053 ) ;
#2720 = DIRECTION ( 'NONE',  ( 0.000000000000000000, -0.000000000000000000, 1.000000000000000000 ) ) ;
#2721 = ORIENTED_EDGE ( 'NONE', *, *, #75, .F. ) ;
#2722 = EDGE_CURVE ( 'NONE', #118, #2070, #6332, .T. ) ;
#2723 = EDGE_CURVE ( 'NONE', #5206, #7263, #3996, .T. ) ;
#2724 = EDGE_CURVE ( 'NONE', #2334, #4323, #5101, .T. ) ;
#2725 = VERTEX_POINT ( 'NONE', #986 ) ;
#2726 = FACE_OUTER_BOUND ( 'NONE', #4212, .T. ) ;
#2727 = LINE ( 'NONE', #983, #525 ) ;
#2728 = CARTESIAN_POINT ( 'NONE',  ( -4.454101966249691458, 3.526711513754828164, 7.000000000000000000 ) ) ;
#2729 = ORIENTED_EDGE ( 'NONE', *, *, #6114, .T. ) ;
#2730 = CARTESIAN_POINT ( 'NONE',  ( 8.559508646656350805, 2.781152949374624317, 6.000000000000000000 ) ) ;
#2731 = EDGE_CURVE ( 'NONE', #3328, #5763, #396, .T. ) ;
#2732 = DIRECTION ( 'NONE',  ( 1.000000000000000000, 0.000000000000000000, 0.000000000000000000 ) ) ;
#2733 = CARTESIAN_POINT ( 'NONE',  ( 6.000000000000000000, 6.284666409917640040E-14, -7.000000000000000000 ) ) ;
#2734 = EDGE_CURVE ( 'NONE', #6373, #1622, #2054, .T. ) ;
#2735 = ORIENTED_EDGE ( 'NONE', *, *, #4469, .T. ) ;
#2736 = CARTESIAN_POINT ( 'NONE',  ( 57.50000000000000000, 54.00000000000000711, -38.50000000000000000 ) ) ;
#2737 = ORIENTED_EDGE ( 'NONE', *, *, #1437, .T. ) ;
#2738 = DIRECTION ( 'NONE',  ( 1.000000000000000000, 0.000000000000000000, 0.000000000000000000 ) ) ;
#2739 = VERTEX_POINT ( 'NONE', #3323 ) ;
#2740 = EDGE_CURVE ( 'NONE', #6319, #3490, #906, .T. ) ;
#2741 = CARTESIAN_POINT ( 'NONE',  ( -7.046038848457510717, -5.613674068382271898, -7.000000000000000000 ) ) ;
#2742 = PLANE ( 'NONE',  #5186 ) ;
#2743 = ORIENTED_EDGE ( 'NONE', *, *, #7081, .T. ) ;
#2744 = LINE ( 'NONE', #2113, #3281 ) ;
#2745 = FACE_OUTER_BOUND ( 'NONE', #2616, .T. ) ;
#2746 = ORIENTED_EDGE ( 'NONE', *, *, #3294, .F. ) ;
#2747 = DIRECTION ( 'NONE',  ( -0.000000000000000000, 0.000000000000000000, -1.000000000000000000 ) ) ;
#2748 = DIRECTION ( 'NONE',  ( -0.000000000000000000, -0.000000000000000000, 1.000000000000000000 ) ) ;
#2749 = ORIENTED_EDGE ( 'NONE', *, *, #36, .F. ) ;
#2750 = CIRCLE ( 'NONE', #3758, 0.4000000000000000222 ) ;
#2751 = CIRCLE ( 'NONE', #4554, 0.4000000000000000222 ) ;
#2752 = DIRECTION ( 'NONE',  ( 0.000000000000000000, 0.000000000000000000, -1.000000000000000000 ) ) ;
#2753 = ORIENTED_EDGE ( 'NONE', *, *, #5990, .T. ) ;
#2754 = LINE ( 'NONE', #5161, #2139 ) ;
#2755 = VECTOR ( 'NONE', #3639, 1000.000000000000114 ) ;
#2756 = CARTESIAN_POINT ( 'NONE',  ( -0.3999999999999995781, 5.999999999999999112, -6.000000000000000000 ) ) ;
#2757 = CYLINDRICAL_SURFACE ( 'NONE', #4198, 0.3999999999999999667 ) ;
#2758 = EDGE_LOOP ( 'NONE', ( #1126, #7717, #423, #1170 ) ) ;
#2759 = ORIENTED_EDGE ( 'NONE', *, *, #1434, .F. ) ;
#2760 = EDGE_CURVE ( 'NONE', #582, #6673, #2939, .T. ) ;
#2761 = ORIENTED_EDGE ( 'NONE', *, *, #1401, .F. ) ;
#2762 = CARTESIAN_POINT ( 'NONE',  ( 0.3999999999999995781, -5.999999999999999112, -6.000000000000000000 ) ) ;
#2763 = CARTESIAN_POINT ( 'NONE',  ( -3.526711513754845928, 4.854101966249680267, 6.000000000000000000 ) ) ;
#2764 = FACE_BOUND ( 'NONE', #2013, .T. ) ;
#2765 = LINE ( 'NONE', #2253, #5536 ) ;
#2766 = AXIS2_PLACEMENT_3D ( 'NONE', #2633, #7478, #5044 ) ;
#2767 = ORIENTED_EDGE ( 'NONE', *, *, #7476, .F. ) ;
#2768 = CARTESIAN_POINT ( 'NONE',  ( 3.126711513754774519, 4.854101966249730893, -6.000000000000000000 ) ) ;
#2769 = AXIS2_PLACEMENT_3D ( 'NONE', #6616, #4777, #7771 ) ;
#2770 = EDGE_CURVE ( 'NONE', #6298, #3117, #4367, .T. ) ;
#2771 = EDGE_CURVE ( 'NONE', #1855, #4898, #42, .T. ) ;
#2772 = DIRECTION ( 'NONE',  ( 0.000000000000000000, -0.000000000000000000, 1.000000000000000000 ) ) ;
#2773 = CARTESIAN_POINT ( 'NONE',  ( 3.526711513754774874, 4.854101966249730893, -7.000000000000000000 ) ) ;
#2774 = VERTEX_POINT ( 'NONE', #6156 ) ;
#2775 = CARTESIAN_POINT ( 'NONE',  ( -8.559508646656389885, 2.781152949374502636, 6.000000000000000000 ) ) ;
#2776 = EDGE_LOOP ( 'NONE', ( #7489, #6555, #4247, #4912 ) ) ;
#2777 = CARTESIAN_POINT ( 'NONE',  ( -25.00000000000000711, 50.00000000000000000, -24.50000000000002132 ) ) ;
#2778 = ADVANCED_FACE ( 'NONE', ( #7362 ), #3823, .F. ) ;
#2779 = VERTEX_POINT ( 'NONE', #1333 ) ;
#2780 = AXIS2_PLACEMENT_3D ( 'NONE', #5878, #5272, #7708 ) ;
#2781 = EDGE_CURVE ( 'NONE', #3117, #7020, #4073, .T. ) ;
#2782 = EDGE_LOOP ( 'NONE', ( #6882, #7737, #5117, #2381 ) ) ;
#2783 = DIRECTION ( 'NONE',  ( -0.000000000000000000, 0.000000000000000000, 1.000000000000000000 ) ) ;
#2784 = DIRECTION ( 'NONE',  ( -1.000000000000000000, 0.000000000000000000, 0.000000000000000000 ) ) ;
#2785 = ORIENTED_EDGE ( 'NONE', *, *, #5341, .T. ) ;
#2786 = DIRECTION ( 'NONE',  ( 0.9510565162951535312, 0.3090169943749473402, 0.000000000000000000 ) ) ;
#2787 = CIRCLE ( 'NONE', #7732, 0.3999999999999998557 ) ;
#2788 = ORIENTED_EDGE ( 'NONE', *, *, #5889, .T. ) ;
#2789 = DIRECTION ( 'NONE',  ( -0.000000000000000000, -0.000000000000000000, 1.000000000000000000 ) ) ;
#2790 = CARTESIAN_POINT ( 'NONE',  ( 5.829945895520913801, -1.473679359731567384, -6.000000000000000000 ) ) ;
#2791 = EDGE_CURVE ( 'NONE', #7263, #6879, #1050, .T. ) ;
#2792 = VECTOR ( 'NONE', #1400, 999.9999999999998863 ) ;
#2793 = DATE_AND_TIME ( #380, #3397 ) ;
#2794 = CARTESIAN_POINT ( 'NONE',  ( -2.234524572767709660, -5.582732300020956551, 6.000000000000000000 ) ) ;
#2795 = ORIENTED_EDGE ( 'NONE', *, *, #4132, .F. ) ;
#2796 = CARTESIAN_POINT ( 'NONE',  ( 5.582732300020916583, 2.234524572767808692, 6.000000000000000000 ) ) ;
#2797 = ORIENTED_EDGE ( 'NONE', *, *, #3413, .T. ) ;
#2798 = DIRECTION ( 'NONE',  ( -0.8090169943749444537, -0.5877852522924771339, -0.000000000000000000 ) ) ;
#2799 = CARTESIAN_POINT ( 'NONE',  ( 5.613674068382143112, 7.046038848457611081, 7.000000000000000000 ) ) ;
#2800 = AXIS2_PLACEMENT_3D ( 'NONE', #4348, #2388, #4873 ) ;
#2801 = VERTEX_POINT ( 'NONE', #222 ) ;
#2802 = ORIENTED_EDGE ( 'NONE', *, *, #5428, .F. ) ;
#2803 = CIRCLE ( 'NONE', #5319, 0.4000000000000001332 ) ;
#2804 = AXIS2_PLACEMENT_3D ( 'NONE', #192, #7408, #309 ) ;
#2805 = ORIENTED_EDGE ( 'NONE', *, *, #1679, .T. ) ;
#2806 = FACE_OUTER_BOUND ( 'NONE', #7565, .T. ) ;
#2807 = CARTESIAN_POINT ( 'NONE',  ( 4.966460472882346266, -7.516267050291470575, -6.000000000000000000 ) ) ;
#2808 = EDGE_CURVE ( 'NONE', #7334, #5339, #4581, .T. ) ;
#2809 = DIRECTION ( 'NONE',  ( -0.5877852522924769119, 0.8090169943749446757, 0.000000000000000000 ) ) ;
#2810 = CARTESIAN_POINT ( 'NONE',  ( 0.3999999999999994116, 9.000000000000000000, 6.000000000000000000 ) ) ;
#2811 = VECTOR ( 'NONE', #7721, 1000.000000000000114 ) ;
#2812 = ORIENTED_EDGE ( 'NONE', *, *, #2481, .F. ) ;
#2813 = CARTESIAN_POINT ( 'NONE',  ( -3.850318311504791868, -4.618987865332716325, 6.000000000000000000 ) ) ;
#2814 = VECTOR ( 'NONE', #7437, 999.9999999999998863 ) ;
#2815 = AXIS2_PLACEMENT_3D ( 'NONE', #5684, #2675, #7522 ) ;
#2816 = LINE ( 'NONE', #5225, #4496 ) ;
#2817 = CARTESIAN_POINT ( 'NONE',  ( -2.750000000000000000, 0.000000000000000000, 7.000000000000000000 ) ) ;
#2818 = EDGE_CURVE ( 'NONE', #4898, #3307, #5563, .T. ) ;
#2819 = AXIS2_PLACEMENT_3D ( 'NONE', #4095, #7277, #1840 ) ;
#2820 = ORIENTED_EDGE ( 'NONE', *, *, #1334, .F. ) ;
#2821 = CARTESIAN_POINT ( 'NONE',  ( 6.000000000000000000, 6.284666409917640040E-14, 6.000000000000000000 ) ) ;
#2822 = ORIENTED_EDGE ( 'NONE', *, *, #442, .T. ) ;
#2823 = DIRECTION ( 'NONE',  ( 0.8090169943749556669, -0.5877852522924618128, 0.000000000000000000 ) ) ;
#2824 = ORIENTED_EDGE ( 'NONE', *, *, #2722, .F. ) ;
#2825 = CIRCLE ( 'NONE', #44, 0.3999999999999999112 ) ;
#2826 = VECTOR ( 'NONE', #3035, 1000.000000000000000 ) ;
#2827 = EDGE_CURVE ( 'NONE', #6790, #6673, #146, .T. ) ;
#2828 = VERTEX_POINT ( 'NONE', #5645 ) ;
#2829 = CARTESIAN_POINT ( 'NONE',  ( 5.613674068382143112, 7.046038848457611081, 6.000000000000000000 ) ) ;
#2830 = DIRECTION ( 'NONE',  ( -0.3090169943749386250, -0.9510565162951564178, 0.000000000000000000 ) ) ;
#2831 = AXIS2_PLACEMENT_3D ( 'NONE', #5388, #6550, #1122 ) ;
#2832 = EDGE_CURVE ( 'NONE', #1417, #62, #2180, .T. ) ;
#2833 = CARTESIAN_POINT ( 'NONE',  ( 7.516267050291565610, -4.966460472882207711, -6.000000000000000000 ) ) ;
#2834 = LINE ( 'NONE', #4642, #6188 ) ;
#2835 = VERTEX_POINT ( 'NONE', #5045 ) ;
#2836 = CARTESIAN_POINT ( 'NONE',  ( 2.234524572767789152, -5.582732300020924576, -6.000000000000000000 ) ) ;
#2837 = DIRECTION ( 'NONE',  ( -0.000000000000000000, -0.000000000000000000, -1.000000000000000000 ) ) ;
#2838 = ORIENTED_EDGE ( 'NONE', *, *, #3338, .T. ) ;
#2839 = CARTESIAN_POINT ( 'NONE',  ( 5.706339097770939617, -1.854101966249629641, 6.000000000000000000 ) ) ;
#2840 = ADVANCED_FACE ( 'NONE', ( #6197 ), #6921, .T. ) ;
#2841 = FACE_OUTER_BOUND ( 'NONE', #5746, .T. ) ;
#2842 = VERTEX_POINT ( 'NONE', #1367 ) ;
#2843 = EDGE_CURVE ( 'NONE', #2937, #5092, #773, .T. ) ;
#2844 = CARTESIAN_POINT ( 'NONE',  ( 10.00000000000000000, 0.000000000000000000, -7.000000000000000000 ) ) ;
#2845 = CYLINDRICAL_SURFACE ( 'NONE', #149, 0.4000000000000001887 ) ;
#2846 = ORIENTED_EDGE ( 'NONE', *, *, #940, .F. ) ;
#2847 = ORIENTED_EDGE ( 'NONE', *, *, #33, .F. ) ;
#2848 = EDGE_LOOP ( 'NONE', ( #3616, #317, #565, #6077 ) ) ;
#2849 = PLANE ( 'NONE',  #6285 ) ;
#2850 = LINE ( 'NONE', #943, #1880 ) ;
#2851 = PLANE ( 'NONE',  #5835 ) ;
#2852 = CARTESIAN_POINT ( 'NONE',  ( 1.454101966249609745, 5.706339097770945834, -6.000000000000000000 ) ) ;
#2853 = ORIENTED_EDGE ( 'NONE', *, *, #7574, .T. ) ;
#2854 = CARTESIAN_POINT ( 'NONE',  ( 7.281152949374576799, -5.290067270632186514, -6.000000000000000000 ) ) ;
#2855 = ORIENTED_EDGE ( 'NONE', *, *, #3916, .F. ) ;
#2856 = DIRECTION ( 'NONE',  ( -1.000000000000000000, 0.000000000000000000, 0.000000000000000000 ) ) ;
#2857 = VERTEX_POINT ( 'NONE', #1452 ) ;
#2858 = LINE ( 'NONE', #2264, #6203 ) ;
#2859 = ORIENTED_EDGE ( 'NONE', *, *, #5396, .T. ) ;
#2860 = ADVANCED_FACE ( 'NONE', ( #3743 ), #2561, .T. ) ;
#2861 = ORIENTED_EDGE ( 'NONE', *, *, #736, .T. ) ;
#2862 = LINE ( 'NONE', #7068, #1188 ) ;
#2863 = CARTESIAN_POINT ( 'NONE',  ( -3.850318311504791868, -4.618987865332716325, 6.000000000000000000 ) ) ;
#2864 = CARTESIAN_POINT ( 'NONE',  ( 1.473679359731546956, 5.829945895520919130, 7.000000000000000000 ) ) ;
#2865 = DIRECTION ( 'NONE',  ( 0.000000000000000000, 0.000000000000000000, -1.000000000000000000 ) ) ;
#2866 = VERTEX_POINT ( 'NONE', #3862 ) ;
#2867 = DIRECTION ( 'NONE',  ( -0.000000000000000000, -0.000000000000000000, 1.000000000000000000 ) ) ;
#2868 = DIRECTION ( 'NONE',  ( 0.000000000000000000, -0.000000000000000000, -1.000000000000000000 ) ) ;
#2869 = ORIENTED_EDGE ( 'NONE', *, *, #6987, .F. ) ;
#2870 = EDGE_CURVE ( 'NONE', #3653, #1184, #188, .T. ) ;
#2871 = EDGE_CURVE ( 'NONE', #6272, #4574, #1804, .T. ) ;
#2872 = CARTESIAN_POINT ( 'NONE',  ( 5.829945895520913801, -1.473679359731567384, 6.000000000000000000 ) ) ;
#2873 = CARTESIAN_POINT ( 'NONE',  ( -7.281152949374536831, 5.290067270632241581, 6.000000000000000000 ) ) ;
#2874 = ORIENTED_EDGE ( 'NONE', *, *, #1890, .F. ) ;
#2875 = DIRECTION ( 'NONE',  ( -0.000000000000000000, 0.000000000000000000, 1.000000000000000000 ) ) ;
#2876 = CARTESIAN_POINT ( 'NONE',  ( -8.559508646656389885, 2.781152949374502636, -6.000000000000000000 ) ) ;
#2877 = VECTOR ( 'NONE', #5180, 1000.000000000000000 ) ;
#2878 = ORIENTED_EDGE ( 'NONE', *, *, #2475, .F. ) ;
#2879 = EDGE_CURVE ( 'NONE', #3040, #3868, #889, .T. ) ;
#2880 = VECTOR ( 'NONE', #3745, 1000.000000000000000 ) ;
#2881 = ORIENTED_EDGE ( 'NONE', *, *, #5428, .T. ) ;
#2882 = DIRECTION ( 'NONE',  ( -0.9510565162951511997, -0.3090169943749548342, 0.000000000000000000 ) ) ;
#2883 = DIRECTION ( 'NONE',  ( 0.000000000000000000, 0.000000000000000000, -1.000000000000000000 ) ) ;
#2884 = CARTESIAN_POINT ( 'NONE',  ( -5.690067270632270358, 7.281152949374520844, -7.000000000000000000 ) ) ;
#2885 = CARTESIAN_POINT ( 'NONE',  ( 3.850318311504858926, -4.618987865332662146, -7.000000000000000000 ) ) ;
#2886 = ORIENTED_EDGE ( 'NONE', *, *, #6799, .T. ) ;
#2887 = VECTOR ( 'NONE', #5302, 1000.000000000000000 ) ;
#2888 = CARTESIAN_POINT ( 'NONE',  ( 4.618987865332731424, -3.850318311504773661, -6.000000000000000000 ) ) ;
#2889 = VECTOR ( 'NONE', #3266, 1000.000000000000000 ) ;
#2890 = ORIENTED_EDGE ( 'NONE', *, *, #2680, .F. ) ;
#2891 = LINE ( 'NONE', #2931, #4564 ) ;
#2892 = DIRECTION ( 'NONE',  ( -0.3090169943749516701, 0.9510565162951523099, 0.000000000000000000 ) ) ;
#2893 = ORIENTED_EDGE ( 'NONE', *, *, #3987, .F. ) ;
#2894 = CARTESIAN_POINT ( 'NONE',  ( -5.829945895520904919, 1.473679359731606908, -6.000000000000000000 ) ) ;
#2895 = ORIENTED_EDGE ( 'NONE', *, *, #3852, .F. ) ;
#2896 = CIRCLE ( 'NONE', #5551, 0.3999999999999999112 ) ;
#2897 = DIRECTION ( 'NONE',  ( 0.000000000000000000, 0.000000000000000000, 1.000000000000000000 ) ) ;
#2898 = LINE ( 'NONE', #4161, #6849 ) ;
#2899 = DIRECTION ( 'NONE',  ( 0.8090169943749553338, -0.5877852522924623679, 0.000000000000000000 ) ) ;
#2900 = CYLINDRICAL_SURFACE ( 'NONE', #7311, 0.3999999999999999667 ) ;
#2901 = AXIS2_PLACEMENT_3D ( 'NONE', #3481, #6576, #5973 ) ;
#2902 = CC_DESIGN_DATE_AND_TIME_ASSIGNMENT ( #4527, #7644, ( #6189 ) ) ;
#2903 = ORIENTED_EDGE ( 'NONE', *, *, #3750, .T. ) ;
#2904 = PLANE ( 'NONE',  #1282 ) ;
#2905 = CARTESIAN_POINT ( 'NONE',  ( -4.854101966249667832, -3.526711513754861915, -7.000000000000000000 ) ) ;
#2906 = ORIENTED_EDGE ( 'NONE', *, *, #2527, .F. ) ;
#2907 = CARTESIAN_POINT ( 'NONE',  ( 5.829945895520883603, 1.473679359731688843, -6.000000000000000000 ) ) ;
#2908 = CARTESIAN_POINT ( 'NONE',  ( 25.00000000000001066, -9.999999999999994671, -23.60000000000002629 ) ) ;
#2909 = ADVANCED_FACE ( 'NONE', ( #2084 ), #6767, .T. ) ;
#2910 = VERTEX_POINT ( 'NONE', #5121 ) ;
#2911 = CARTESIAN_POINT ( 'NONE',  ( -5.582732300020949445, 2.234524572767730533, -6.000000000000000000 ) ) ;
#2912 = CARTESIAN_POINT ( 'NONE',  ( -1.473679359731627114, 5.829945895520899590, -7.000000000000000000 ) ) ;
#2913 = ORIENTED_EDGE ( 'NONE', *, *, #5353, .F. ) ;
#2914 = AXIS2_PLACEMENT_3D ( 'NONE', #1832, #2936, #6061 ) ;
#2915 = DIRECTION ( 'NONE',  ( -1.000000000000000000, -3.672181700924050498E-15, -0.000000000000000000 ) ) ;
#2916 = DIRECTION ( 'NONE',  ( -1.000000000000000000, 0.000000000000000000, 0.000000000000000000 ) ) ;
#2917 = VERTEX_POINT ( 'NONE', #6362 ) ;
#2918 = EDGE_CURVE ( 'NONE', #4501, #3261, #6233, .T. ) ;
#2919 = VECTOR ( 'NONE', #1943, 1000.000000000000000 ) ;
#2920 = FACE_OUTER_BOUND ( 'NONE', #515, .T. ) ;
#2921 = CARTESIAN_POINT ( 'NONE',  ( -5.089216067166679736, 3.203104716004848918, 6.000000000000000000 ) ) ;
#2922 = EDGE_CURVE ( 'NONE', #7106, #3835, #5246, .T. ) ;
#2923 = DIRECTION ( 'NONE',  ( 1.807003620809173892E-16, -1.000000000000000000, 0.000000000000000000 ) ) ;
#2924 = LINE ( 'NONE', #393, #6947 ) ;
#2925 = ORIENTED_EDGE ( 'NONE', *, *, #2457, .F. ) ;
#2926 = VECTOR ( 'NONE', #1428, 1000.000000000000000 ) ;
#2927 = AXIS2_PLACEMENT_3D ( 'NONE', #7692, #2337, #3630 ) ;
#2928 = CYLINDRICAL_SURFACE ( 'NONE', #7097, 0.3999999999999997446 ) ;
#2929 = EDGE_CURVE ( 'NONE', #5555, #4444, #3504, .T. ) ;
#2930 = ORIENTED_EDGE ( 'NONE', *, *, #875, .T. ) ;
#2931 = CARTESIAN_POINT ( 'NONE',  ( -9.000000000000000000, -0.4000000000000315525, 6.000000000000000000 ) ) ;
#2932 = DIRECTION ( 'NONE',  ( 0.000000000000000000, -0.000000000000000000, 1.000000000000000000 ) ) ;
#2933 = EDGE_LOOP ( 'NONE', ( #7347, #704, #7753, #7062 ) ) ;
#2934 = AXIS2_PLACEMENT_3D ( 'NONE', #6194, #2080, #2556 ) ;
#2935 = EDGE_CURVE ( 'NONE', #64, #1079, #5982, .T. ) ;
#2936 = DIRECTION ( 'NONE',  ( 0.000000000000000000, 0.000000000000000000, 1.000000000000000000 ) ) ;
#2937 = VERTEX_POINT ( 'NONE', #1691 ) ;
#2938 = AXIS2_PLACEMENT_3D ( 'NONE', #7010, #2048, #6366 ) ;
#2939 = CIRCLE ( 'NONE', #2559, 0.3999999999999999667 ) ;
#2940 = VECTOR ( 'NONE', #4388, 1000.000000000000114 ) ;
#2941 = CARTESIAN_POINT ( 'NONE',  ( -24.99999999999999645, 54.00000000000000711, 23.60000000000000497 ) ) ;
#2942 = CARTESIAN_POINT ( 'NONE',  ( 7.281152949374576799, -5.290067270632186514, 6.000000000000000000 ) ) ;
#2943 = DIRECTION ( 'NONE',  ( 0.000000000000000000, 0.000000000000000000, 1.000000000000000000 ) ) ;
#2944 = DIRECTION ( 'NONE',  ( -0.9510565162951533091, -0.3090169943749482839, 0.000000000000000000 ) ) ;
#2945 = ORIENTED_EDGE ( 'NONE', *, *, #67, .T. ) ;
#2946 = DIRECTION ( 'NONE',  ( -1.000000000000000000, -0.000000000000000000, -0.000000000000000000 ) ) ;
#2947 = CARTESIAN_POINT ( 'NONE',  ( -3.161575555892532030, -8.435901848906425471, -6.000000000000000000 ) ) ;
#2948 = ORIENTED_EDGE ( 'NONE', *, *, #931, .T. ) ;
#2949 = VECTOR ( 'NONE', #1222, 1000.000000000000000 ) ;
#2950 = CIRCLE ( 'NONE', #5479, 0.3999999999999998002 ) ;
#2951 = DIRECTION ( 'NONE',  ( 0.000000000000000000, 1.000000000000000000, 0.000000000000000000 ) ) ;
#2952 = CARTESIAN_POINT ( 'NONE',  ( -5.706339097770928070, 1.854101966249668720, -6.000000000000000000 ) ) ;
#2953 = ORIENTED_EDGE ( 'NONE', *, *, #4663, .F. ) ;
#2954 = CARTESIAN_POINT ( 'NONE',  ( -4.618987865332676357, -3.850318311504839386, -7.000000000000000000 ) ) ;
#2955 = DIRECTION ( 'NONE',  ( -0.3090169943749346837, -0.9510565162951576390, 0.000000000000000000 ) ) ;
#2956 = VERTEX_POINT ( 'NONE', #2794 ) ;
#2957 = AXIS2_PLACEMENT_3D ( 'NONE', #3917, #1549, #989 ) ;
#2958 = EDGE_CURVE ( 'NONE', #2272, #1876, #3941, .T. ) ;
#2959 = DIRECTION ( 'NONE',  ( 0.9510565162951544194, -0.3090169943749445092, 0.000000000000000000 ) ) ;
#2960 = FACE_OUTER_BOUND ( 'NONE', #7350, .T. ) ;
#2961 = VERTEX_POINT ( 'NONE', #5202 ) ;
#2962 = LINE ( 'NONE', #7847, #2524 ) ;
#2963 = CARTESIAN_POINT ( 'NONE',  ( 7.281152949374462224, 5.290067270632348162, 6.000000000000000000 ) ) ;
#2964 = LINE ( 'NONE', #4778, #532 ) ;
#2965 = CARTESIAN_POINT ( 'NONE',  ( -3.526711513754811733, -4.854101966249705136, 7.000000000000000000 ) ) ;
#2966 = ORIENTED_EDGE ( 'NONE', *, *, #4622, .T. ) ;
#2967 = EDGE_CURVE ( 'NONE', #3409, #7171, #7645, .T. ) ;
#2968 = EDGE_CURVE ( 'NONE', #4466, #7781, #1530, .T. ) ;
#2969 = EDGE_CURVE ( 'NONE', #6253, #5481, #5723, .T. ) ;
#2970 = CARTESIAN_POINT ( 'NONE',  ( -7.516267050291491891, -4.966460472882315180, 7.000000000000000000 ) ) ;
#2971 = ORIENTED_EDGE ( 'NONE', *, *, #4460, .T. ) ;
#2972 = DIRECTION ( 'NONE',  ( -0.000000000000000000, 0.000000000000000000, -1.000000000000000000 ) ) ;
#2973 = CYLINDRICAL_SURFACE ( 'NONE', #2256, 0.4000000000000001887 ) ;
#2974 = EDGE_LOOP ( 'NONE', ( #5498, #862, #6975, #3670 ) ) ;
#2975 = DIRECTION ( 'NONE',  ( 0.5877852522924832401, -0.8090169943749400128, 0.000000000000000000 ) ) ;
#2976 = ORIENTED_EDGE ( 'NONE', *, *, #5077, .F. ) ;
#2977 = ADVANCED_FACE ( 'NONE', ( #4614 ), #1606, .F. ) ;
#2978 = FACE_OUTER_BOUND ( 'NONE', #1326, .T. ) ;
#2979 = FACE_BOUND ( 'NONE', #6525, .T. ) ;
#2980 = CARTESIAN_POINT ( 'NONE',  ( 5.829945895520883603, 1.473679359731688843, -6.000000000000000000 ) ) ;
#2981 = FACE_OUTER_BOUND ( 'NONE', #5345, .T. ) ;
#2982 = ORIENTED_EDGE ( 'NONE', *, *, #1944, .F. ) ;
#2983 = CARTESIAN_POINT ( 'NONE',  ( 8.435901848906432576, -3.161575555892506273, 6.000000000000000000 ) ) ;
#2984 = ORIENTED_EDGE ( 'NONE', *, *, #2593, .F. ) ;
#2985 = ADVANCED_FACE ( 'NONE', ( #7040 ), #6526, .F. ) ;
#2986 = FACE_OUTER_BOUND ( 'NONE', #5153, .T. ) ;
#2987 = DIRECTION ( 'NONE',  ( -0.000000000000000000, -0.000000000000000000, 1.000000000000000000 ) ) ;
#2988 = ORIENTED_EDGE ( 'NONE', *, *, #7467, .F. ) ;
#2989 = DIRECTION ( 'NONE',  ( 0.000000000000000000, 0.000000000000000000, -1.000000000000000000 ) ) ;
#2990 = PLANE ( 'NONE',  #782 ) ;
#2991 = ORIENTED_EDGE ( 'NONE', *, *, #3634, .F. ) ;
#2992 = FACE_OUTER_BOUND ( 'NONE', #5530, .T. ) ;
#2993 = CARTESIAN_POINT ( 'NONE',  ( 7.681152949374461691, 5.290067270632348162, 6.000000000000000000 ) ) ;
#2994 = EDGE_LOOP ( 'NONE', ( #297, #4101, #5422, #3948 ) ) ;
#2995 = DIRECTION ( 'NONE',  ( -1.065514437861031800E-14, 1.000000000000000000, 0.000000000000000000 ) ) ;
#2996 = DIRECTION ( 'NONE',  ( 0.000000000000000000, 0.000000000000000000, 1.000000000000000000 ) ) ;
#2997 = LINE ( 'NONE', #6654, #1541 ) ;
#2998 = CARTESIAN_POINT ( 'NONE',  ( -24.99999999999999645, -9.999999999999994671, 24.50000000000000711 ) ) ;
#2999 = ADVANCED_FACE ( 'NONE', ( #5158 ), #3382, .T. ) ;
#3000 = EDGE_LOOP ( 'NONE', ( #3805, #5914, #4683, #1544 ) ) ;
#3001 = CIRCLE ( 'NONE', #976, 0.3999999999999998002 ) ;
#3002 = ORIENTED_EDGE ( 'NONE', *, *, #5643, .F. ) ;
#3003 = CARTESIAN_POINT ( 'NONE',  ( -7.281152949374536831, 5.290067270632241581, 6.000000000000000000 ) ) ;
#3004 = ORIENTED_EDGE ( 'NONE', *, *, #630, .F. ) ;
#3005 = DIRECTION ( 'NONE',  ( -1.000000000000000000, 0.000000000000000000, 0.000000000000000000 ) ) ;
#3006 = FACE_OUTER_BOUND ( 'NONE', #5174, .T. ) ;
#3007 = VECTOR ( 'NONE', #2379, 1000.000000000000000 ) ;
#3008 = ADVANCED_FACE ( 'NONE', ( #7682 ), #2239, .F. ) ;
#3009 = ORIENTED_EDGE ( 'NONE', *, *, #3051, .F. ) ;
#3010 = CARTESIAN_POINT ( 'NONE',  ( 5.613674068382299431, -7.046038848457488513, -6.000000000000000000 ) ) ;
#3011 = ORIENTED_EDGE ( 'NONE', *, *, #67, .F. ) ;
#3012 = CIRCLE ( 'NONE', #7837, 0.4000000000000000222 ) ;
#3013 = VECTOR ( 'NONE', #6200, 1000.000000000000000 ) ;
#3014 = DIRECTION ( 'NONE',  ( 0.000000000000000000, 0.000000000000000000, 1.000000000000000000 ) ) ;
#3015 = DIRECTION ( 'NONE',  ( 0.000000000000000000, -0.000000000000000000, -1.000000000000000000 ) ) ;
#3016 = CARTESIAN_POINT ( 'NONE',  ( -5.706339097770928070, 1.854101966249668720, 6.000000000000000000 ) ) ;
#3017 = CARTESIAN_POINT ( 'NONE',  ( 5.999999999999994671, 0.4000000000000624167, -7.000000000000000000 ) ) ;
#3018 = EDGE_CURVE ( 'NONE', #7710, #5610, #1301, .T. ) ;
#3019 = EDGE_CURVE ( 'NONE', #7337, #401, #4058, .T. ) ;
#3020 = ORIENTED_EDGE ( 'NONE', *, *, #4802, .T. ) ;
#3021 = CARTESIAN_POINT ( 'NONE',  ( -1.454101966249647049, -5.706339097770934288, 7.000000000000000000 ) ) ;
#3022 = ORIENTED_EDGE ( 'NONE', *, *, #3018, .T. ) ;
#3023 = AXIS2_PLACEMENT_3D ( 'NONE', #5727, #1574, #5123 ) ;
#3024 = CARTESIAN_POINT ( 'NONE',  ( 5.690067270632161112, 7.281152949374595451, 7.000000000000000000 ) ) ;
#3025 = DIRECTION ( 'NONE',  ( 0.000000000000000000, 0.000000000000000000, 1.000000000000000000 ) ) ;
#3026 = EDGE_CURVE ( 'NONE', #4850, #446, #3319, .T. ) ;
#3027 = ORIENTED_EDGE ( 'NONE', *, *, #4191, .T. ) ;
#3028 = LINE ( 'NONE', #5443, #784 ) ;
#3029 = CARTESIAN_POINT ( 'NONE',  ( 6.000000000000000000, 6.284666409917640040E-14, 6.000000000000000000 ) ) ;
#3030 = VECTOR ( 'NONE', #3717, 1000.000000000000000 ) ;
#3031 = DIRECTION ( 'NONE',  ( -1.000000000000000000, 0.000000000000000000, 0.000000000000000000 ) ) ;
#3032 = EDGE_LOOP ( 'NONE', ( #1113, #4801, #3622, #6384 ) ) ;
#3033 = DIRECTION ( 'NONE',  ( -0.000000000000000000, 0.000000000000000000, 1.000000000000000000 ) ) ;
#3034 = DIRECTION ( 'NONE',  ( 0.5877852522924705836, 0.8090169943749492276, 0.000000000000000000 ) ) ;
#3035 = DIRECTION ( 'NONE',  ( -0.000000000000000000, -0.000000000000000000, -1.000000000000000000 ) ) ;
#3036 = VECTOR ( 'NONE', #6587, 1000.000000000000000 ) ;
#3037 = ORIENTED_EDGE ( 'NONE', *, *, #988, .F. ) ;
#3038 = AXIS2_PLACEMENT_3D ( 'NONE', #7187, #4007, #6590 ) ;
#3039 = ADVANCED_FACE ( 'NONE', ( #5278 ), #7716, .T. ) ;
#3040 = VERTEX_POINT ( 'NONE', #2323 ) ;
#3041 = DIRECTION ( 'NONE',  ( 0.000000000000000000, 0.000000000000000000, 1.000000000000000000 ) ) ;
#3042 = VECTOR ( 'NONE', #2946, 1000.000000000000000 ) ;
#3043 = EDGE_LOOP ( 'NONE', ( #5414, #1539 ) ) ;
#3044 = CARTESIAN_POINT ( 'NONE',  ( 3.526711513754774874, 4.854101966249730893, -6.000000000000000000 ) ) ;
#3045 = CARTESIAN_POINT ( 'NONE',  ( 25.00000000000001066, -9.999999999999994671, -24.50000000000002842 ) ) ;
#3046 = VERTEX_POINT ( 'NONE', #1763 ) ;
#3047 = FACE_BOUND ( 'NONE', #7447, .T. ) ;
#3048 = VECTOR ( 'NONE', #3880, 1000.000000000000114 ) ;
#3049 = EDGE_LOOP ( 'NONE', ( #5705, #610, #4852, #4096 ) ) ;
#3050 = AXIS2_PLACEMENT_3D ( 'NONE', #3044, #1710, #5301 ) ;
#3051 = EDGE_CURVE ( 'NONE', #1079, #1551, #4172, .T. ) ;
#3052 = CARTESIAN_POINT ( 'NONE',  ( 7.281152949374462224, 5.290067270632348162, 7.000000000000000000 ) ) ;
#3053 = CARTESIAN_POINT ( 'NONE',  ( 57.50000000000000000, 50.00000000000000000, 38.50000000000000000 ) ) ;
#3054 = VECTOR ( 'NONE', #1486, 1000.000000000000227 ) ;
#3055 = CARTESIAN_POINT ( 'NONE',  ( -8.435901848906413036, 3.161575555892564449, 6.000000000000000000 ) ) ;
#3056 = CARTESIAN_POINT ( 'NONE',  ( 5.999999999999994671, 0.4000000000000624167, 6.000000000000000000 ) ) ;
#3057 = ORIENTED_EDGE ( 'NONE', *, *, #7668, .F. ) ;
#3058 = CYLINDRICAL_SURFACE ( 'NONE', #543, 0.4000000000000001887 ) ;
#3059 = AXIS2_PLACEMENT_3D ( 'NONE', #3199, #39, #5612 ) ;
#3060 = VERTEX_POINT ( 'NONE', #3024 ) ;
#3061 = VECTOR ( 'NONE', #5006, 1000.000000000000000 ) ;
#3062 = CIRCLE ( 'NONE', #5981, 0.3999999999999999667 ) ;
#3063 = ADVANCED_FACE ( 'NONE', ( #2986 ), #7835, .F. ) ;
#3064 = EDGE_CURVE ( 'NONE', #6828, #362, #5438, .T. ) ;
#3065 = AXIS2_PLACEMENT_3D ( 'NONE', #7641, #1127, #456 ) ;
#3066 = CARTESIAN_POINT ( 'NONE',  ( 5.706339097770939617, -1.854101966249629641, -6.000000000000000000 ) ) ;
#3067 = AXIS2_PLACEMENT_3D ( 'NONE', #1803, #4281, #5397 ) ;
#3068 = ORIENTED_EDGE ( 'NONE', *, *, #3355, .T. ) ;
#3069 = LINE ( 'NONE', #3103, #4036 ) ;
#3070 = EDGE_LOOP ( 'NONE', ( #1937, #2895, #3849, #6652, #2991 ) ) ;
#3071 = CIRCLE ( 'NONE', #6496, 0.9000000000000014655 ) ;
#3072 = CARTESIAN_POINT ( 'NONE',  ( 1.854101966249609657, 5.706339097770945834, 6.000000000000000000 ) ) ;
#3073 = CARTESIAN_POINT ( 'NONE',  ( -5.613674068382248805, 7.046038848457532033, -7.000000000000000000 ) ) ;
#3074 = CIRCLE ( 'NONE', #2571, 0.3999999999999999667 ) ;
#3075 = EDGE_CURVE ( 'NONE', #2085, #685, #2567, .T. ) ;
#3076 = LINE ( 'NONE', #4857, #6050 ) ;
#3077 = EDGE_CURVE ( 'NONE', #6006, #7743, #2397, .T. ) ;
#3078 = ORIENTED_EDGE ( 'NONE', *, *, #3594, .F. ) ;
#3079 = DIRECTION ( 'NONE',  ( 0.000000000000000000, -0.000000000000000000, -1.000000000000000000 ) ) ;
#3080 = AXIS2_PLACEMENT_3D ( 'NONE', #6138, #4947, #5661 ) ;
#3081 = CARTESIAN_POINT ( 'NONE',  ( 6.000000000000003553, -0.3999999999999375722, -6.000000000000000000 ) ) ;
#3082 = DIRECTION ( 'NONE',  ( 0.3090169943749583314, -0.9510565162951499785, 0.000000000000000000 ) ) ;
#3083 = ORIENTED_EDGE ( 'NONE', *, *, #1944, .T. ) ;
#3084 = VECTOR ( 'NONE', #1624, 1000.000000000000227 ) ;
#3085 = ORIENTED_EDGE ( 'NONE', *, *, #4217, .T. ) ;
#3086 = DIRECTION ( 'NONE',  ( 0.000000000000000000, 0.000000000000000000, 1.000000000000000000 ) ) ;
#3087 = ORIENTED_EDGE ( 'NONE', *, *, #33, .T. ) ;
#3088 = DIRECTION ( 'NONE',  ( 0.000000000000000000, 0.000000000000000000, 1.000000000000000000 ) ) ;
#3089 = CARTESIAN_POINT ( 'NONE',  ( 9.000000000000003553, -0.3999999999999051536, 7.000000000000000000 ) ) ;
#3090 = ORIENTED_EDGE ( 'NONE', *, *, #6297, .T. ) ;
#3091 = CYLINDRICAL_SURFACE ( 'NONE', #6081, 0.4000000000000001887 ) ;
#3092 = LINE ( 'NONE', #5503, #4931 ) ;
#3093 = DIRECTION ( 'NONE',  ( 1.807003620809172906E-16, -1.000000000000000000, -0.000000000000000000 ) ) ;
#3094 = CARTESIAN_POINT ( 'NONE',  ( -7.281152949374500416, -5.290067270632293095, -6.000000000000000000 ) ) ;
#3095 = CARTESIAN_POINT ( 'NONE',  ( -4.454101966249667477, -3.526711513754861915, 6.000000000000000000 ) ) ;
#3096 = LINE ( 'NONE', #755, #4258 ) ;
#3097 = ORIENTED_EDGE ( 'NONE', *, *, #7631, .F. ) ;
#3098 = CARTESIAN_POINT ( 'NONE',  ( 0.000000000000000000, -6.000000000000000000, -6.000000000000000000 ) ) ;
#3099 = ORIENTED_EDGE ( 'NONE', *, *, #5660, .F. ) ;
#3100 = EDGE_CURVE ( 'NONE', #601, #3328, #2825, .T. ) ;
#3101 = CARTESIAN_POINT ( 'NONE',  ( -5.089216067166679736, 3.203104716004848918, -6.000000000000000000 ) ) ;
#3102 = EDGE_LOOP ( 'NONE', ( #6791, #7298, #29, #626 ) ) ;
#3103 = CARTESIAN_POINT ( 'NONE',  ( 5.690067270632322760, -7.281152949374479100, 6.000000000000000000 ) ) ;
#3104 = VERTEX_POINT ( 'NONE', #7312 ) ;
#3105 = DIRECTION ( 'NONE',  ( -0.000000000000000000, -0.000000000000000000, 1.000000000000000000 ) ) ;
#3106 = DIRECTION ( 'NONE',  ( -0.5877852522924684742, -0.8090169943749507819, -0.000000000000000000 ) ) ;
#3107 = EDGE_CURVE ( 'NONE', #6435, #2563, #3542, .T. ) ;
#3108 = EDGE_CURVE ( 'NONE', #7242, #2570, #4456, .T. ) ;
#3109 = CARTESIAN_POINT ( 'NONE',  ( -3.526711513754845928, 4.854101966249680267, -6.000000000000000000 ) ) ;
#3110 = VERTEX_POINT ( 'NONE', #6001 ) ;
#3111 = DIRECTION ( 'NONE',  ( 0.3090169943749346837, 0.9510565162951576390, 0.000000000000000000 ) ) ;
#3112 = DIRECTION ( 'NONE',  ( -0.000000000000000000, -0.000000000000000000, 1.000000000000000000 ) ) ;
#3113 = CARTESIAN_POINT ( 'NONE',  ( 2.234524572767789152, -5.582732300020924576, 6.000000000000000000 ) ) ;
#3114 = EDGE_CURVE ( 'NONE', #4914, #4717, #4248, .T. ) ;
#3115 = ADVANCED_FACE ( 'NONE', ( #576 ), #4732, .T. ) ;
#3116 = EDGE_LOOP ( 'NONE', ( #5519, #2626, #430, #1607 ) ) ;
#3117 = VERTEX_POINT ( 'NONE', #2359 ) ;
#3118 = CARTESIAN_POINT ( 'NONE',  ( -1.454101966249689237, 5.706339097770920965, 6.000000000000000000 ) ) ;
#3119 = ORIENTED_EDGE ( 'NONE', *, *, #3355, .F. ) ;
#3120 = DIRECTION ( 'NONE',  ( 0.000000000000000000, 0.000000000000000000, 1.000000000000000000 ) ) ;
#3121 = CARTESIAN_POINT ( 'NONE',  ( -4.854101966249667832, -3.526711513754861915, 6.000000000000000000 ) ) ;
#3122 = EDGE_CURVE ( 'NONE', #1663, #4218, #2060, .T. ) ;
#3123 = EDGE_LOOP ( 'NONE', ( #7176, #3002, #7561, #7295 ) ) ;
#3124 = CARTESIAN_POINT ( 'NONE',  ( 4.966460472882181065, 7.516267050291581597, 6.000000000000000000 ) ) ;
#3125 = CYLINDRICAL_SURFACE ( 'NONE', #2285, 0.3999999999999999667 ) ;
#3126 = CIRCLE ( 'NONE', #5270, 0.4000000000000001332 ) ;
#3127 = CIRCLE ( 'NONE', #475, 0.3999999999999997446 ) ;
#3128 = DIRECTION ( 'NONE',  ( -0.000000000000000000, -0.000000000000000000, 1.000000000000000000 ) ) ;
#3129 = CARTESIAN_POINT ( 'NONE',  ( -5.089216067166657531, -3.203104716004883556, 6.000000000000000000 ) ) ;
#3130 = AXIS2_PLACEMENT_3D ( 'NONE', #5075, #4562, #3375 ) ;
#3131 = CARTESIAN_POINT ( 'NONE',  ( -1.854101966249646960, -5.706339097770934288, 6.000000000000000000 ) ) ;
#3132 = LINE ( 'NONE', #2617, #5652 ) ;
#3133 = VERTEX_POINT ( 'NONE', #1842 ) ;
#3134 = CARTESIAN_POINT ( 'NONE',  ( -7.046038848457548909, 5.613674068382220383, -6.000000000000000000 ) ) ;
#3135 = ORIENTED_EDGE ( 'NONE', *, *, #197, .T. ) ;
#3136 = ORIENTED_EDGE ( 'NONE', *, *, #5520, .T. ) ;
#3137 = VECTOR ( 'NONE', #5336, 1000.000000000000227 ) ;
#3138 = LINE ( 'NONE', #3258, #3201 ) ;
#3139 = DIRECTION ( 'NONE',  ( -0.000000000000000000, 0.000000000000000000, 1.000000000000000000 ) ) ;
#3140 = ADVANCED_FACE ( 'NONE', ( #4805 ), #7239, .F. ) ;
#3141 = EDGE_LOOP ( 'NONE', ( #6023, #6226, #2976, #6781 ) ) ;
#3142 = LINE ( 'NONE', #7314, #6055 ) ;
#3143 = CIRCLE ( 'NONE', #6569, 0.3999999999999999667 ) ;
#3144 = ORIENTED_EDGE ( 'NONE', *, *, #6154, .T. ) ;
#3145 = VECTOR ( 'NONE', #148, 1000.000000000000000 ) ;
#3146 = DIRECTION ( 'NONE',  ( -1.000000000000000000, 0.000000000000000000, 0.000000000000000000 ) ) ;
#3147 = CARTESIAN_POINT ( 'NONE',  ( 5.290067270632160756, 7.281152949374595451, 7.000000000000000000 ) ) ;
#3148 = AXIS2_PLACEMENT_3D ( 'NONE', #3710, #225, #7365 ) ;
#3149 = LINE ( 'NONE', #4366, #6303 ) ;
#3150 = CARTESIAN_POINT ( 'NONE',  ( 9.000000000000000000, 9.482108720838090876E-14, -7.000000000000000000 ) ) ;
#3151 = ADVANCED_FACE ( 'NONE', ( #7160 ), #6562, .F. ) ;
#3152 = ORIENTED_EDGE ( 'NONE', *, *, #2662, .T. ) ;
#3153 = PLANE ( 'NONE',  #1888 ) ;
#3154 = CARTESIAN_POINT ( 'NONE',  ( 3.203104716004793406, 5.089216067166715263, -7.000000000000000000 ) ) ;
#3155 = CARTESIAN_POINT ( 'NONE',  ( -0.4000000000000001332, 9.000000000000001776, 7.000000000000000000 ) ) ;
#3156 = CARTESIAN_POINT ( 'NONE',  ( -4.966460472882237909, -7.516267050291545182, 7.000000000000000000 ) ) ;
#3157 = CIRCLE ( 'NONE', #1517, 0.3999999999999998557 ) ;
#3158 = ORIENTED_EDGE ( 'NONE', *, *, #3364, .F. ) ;
#3159 = EDGE_CURVE ( 'NONE', #3573, #5766, #169, .T. ) ;
#3160 = EDGE_CURVE ( 'NONE', #6369, #2108, #5474, .T. ) ;
#3161 = EDGE_LOOP ( 'NONE', ( #4318, #311, #6666, #1288 ) ) ;
#3162 = AXIS2_PLACEMENT_3D ( 'NONE', #4298, #6734, #7373 ) ;
#3163 = CARTESIAN_POINT ( 'NONE',  ( 4.854101966249718458, -3.526711513754792193, -7.000000000000000000 ) ) ;
#3164 = ORIENTED_EDGE ( 'NONE', *, *, #5807, .T. ) ;
#3165 = DIRECTION ( 'NONE',  ( 0.000000000000000000, 0.000000000000000000, -1.000000000000000000 ) ) ;
#3166 = DIRECTION ( 'NONE',  ( -0.000000000000000000, 1.000000000000000000, -0.000000000000000000 ) ) ;
#3167 = ORIENTED_EDGE ( 'NONE', *, *, #3644, .F. ) ;
#3168 = DIRECTION ( 'NONE',  ( -0.000000000000000000, -0.000000000000000000, -1.000000000000000000 ) ) ;
#3169 = CIRCLE ( 'NONE', #2414, 0.9000000000000014655 ) ;
#3170 = EDGE_CURVE ( 'NONE', #6659, #1860, #1134, .T. ) ;
#3171 = DIRECTION ( 'NONE',  ( 1.000000000000000000, 0.000000000000000000, 0.000000000000000000 ) ) ;
#3172 = CARTESIAN_POINT ( 'NONE',  ( -4.966460472882290311, 7.516267050291509655, -7.000000000000000000 ) ) ;
#3173 = ADVANCED_FACE ( 'NONE', ( #6874 ), #2624, .F. ) ;
#3174 = VERTEX_POINT ( 'NONE', #4434 ) ;
#3175 = DIRECTION ( 'NONE',  ( -0.5877852522924656986, -0.8090169943749528914, 0.000000000000000000 ) ) ;
#3176 = VECTOR ( 'NONE', #14, 999.9999999999998863 ) ;
#3177 = ORIENTED_EDGE ( 'NONE', *, *, #4880, .T. ) ;
#3178 = DIRECTION ( 'NONE',  ( 0.000000000000000000, 0.000000000000000000, 1.000000000000000000 ) ) ;
#3179 = EDGE_LOOP ( 'NONE', ( #3293, #6887, #952, #5203, #50 ) ) ;
#3180 = VERTEX_POINT ( 'NONE', #1953 ) ;
#3181 = VECTOR ( 'NONE', #4116, 1000.000000000000000 ) ;
#3182 = AXIS2_PLACEMENT_3D ( 'NONE', #1695, #6491, #1064 ) ;
#3183 = PLANE ( 'NONE',  #3459 ) ;
#3184 = DIRECTION ( 'NONE',  ( -0.9510565162951521989, -0.3090169943749517256, 0.000000000000000000 ) ) ;
#3185 = ORIENTED_EDGE ( 'NONE', *, *, #3304, .T. ) ;
#3186 = AXIS2_PLACEMENT_3D ( 'NONE', #892, #1455, #6965 ) ;
#3187 = CARTESIAN_POINT ( 'NONE',  ( 4.854101966249718458, -3.526711513754792193, -6.000000000000000000 ) ) ;
#3188 = ORIENTED_EDGE ( 'NONE', *, *, #1322, .F. ) ;
#3189 = CYLINDRICAL_SURFACE ( 'NONE', #5212, 0.4000000000000001887 ) ;
#3190 = FACE_OUTER_BOUND ( 'NONE', #7603, .T. ) ;
#3191 = CIRCLE ( 'NONE', #6613, 0.3999999999999999667 ) ;
#3192 = AXIS2_PLACEMENT_3D ( 'NONE', #4252, #6720, #6119 ) ;
#3193 = VECTOR ( 'NONE', #5502, 1000.000000000000114 ) ;
#3194 = CARTESIAN_POINT ( 'NONE',  ( -1.854101966249646960, -5.706339097770934288, -6.000000000000000000 ) ) ;
#3195 = DIRECTION ( 'NONE',  ( -0.9510565162951533091, -0.3090169943749482839, 0.000000000000000000 ) ) ;
#3196 = VECTOR ( 'NONE', #1554, 1000.000000000000114 ) ;
#3197 = ORIENTED_EDGE ( 'NONE', *, *, #503, .F. ) ;
#3198 = DIRECTION ( 'NONE',  ( 0.9510565162951577500, -0.3090169943749347392, 0.000000000000000000 ) ) ;
#3199 = CARTESIAN_POINT ( 'NONE',  ( -4.618987865332676357, -3.850318311504838942, 6.000000000000000000 ) ) ;
#3200 = CARTESIAN_POINT ( 'NONE',  ( 4.454101966249718103, -3.526711513754792193, -7.000000000000000000 ) ) ;
#3201 = VECTOR ( 'NONE', #6758, 1000.000000000000000 ) ;
#3202 = VERTEX_POINT ( 'NONE', #2507 ) ;
#3203 = ORIENTED_EDGE ( 'NONE', *, *, #6798, .F. ) ;
#3204 = EDGE_CURVE ( 'NONE', #195, #2334, #2190, .T. ) ;
#3205 = VECTOR ( 'NONE', #5649, 1000.000000000000000 ) ;
#3206 = AXIS2_PLACEMENT_3D ( 'NONE', #7705, #958, #6345 ) ;
#3207 = ORIENTED_EDGE ( 'NONE', *, *, #4670, .T. ) ;
#3208 = LINE ( 'NONE', #5055, #6540 ) ;
#3209 = DIRECTION ( 'NONE',  ( 0.000000000000000000, 0.000000000000000000, -1.000000000000000000 ) ) ;
#3210 = VERTEX_POINT ( 'NONE', #838 ) ;
#3211 = CARTESIAN_POINT ( 'NONE',  ( 1.854101966249609657, 5.706339097770945834, 7.000000000000000000 ) ) ;
#3212 = ORIENTED_EDGE ( 'NONE', *, *, #4812, .T. ) ;
#3213 = LINE ( 'NONE', #1310, #3193 ) ;
#3214 = EDGE_CURVE ( 'NONE', #1594, #5761, #4917, .T. ) ;
#3215 = ADVANCED_FACE ( 'NONE', ( #96 ), #3183, .T. ) ;
#3216 = EDGE_CURVE ( 'NONE', #7487, #1209, #3138, .T. ) ;
#3217 = CARTESIAN_POINT ( 'NONE',  ( 5.613674068382299431, -7.046038848457488513, 7.000000000000000000 ) ) ;
#3218 = CARTESIAN_POINT ( 'NONE',  ( 10.00000000000000000, 50.00000000000000000, -7.000000000000000000 ) ) ;
#3219 = ORIENTED_EDGE ( 'NONE', *, *, #3821, .T. ) ;
#3220 = LINE ( 'NONE', #90, #1111 ) ;
#3221 = ORIENTED_EDGE ( 'NONE', *, *, #7429, .F. ) ;
#3222 = CARTESIAN_POINT ( 'NONE',  ( -5.829945895520904919, 1.473679359731606908, 6.000000000000000000 ) ) ;
#3223 = ORIENTED_EDGE ( 'NONE', *, *, #4142, .F. ) ;
#3224 = EDGE_CURVE ( 'NONE', #2828, #2725, #4998, .T. ) ;
#3225 = AXIS2_PLACEMENT_3D ( 'NONE', #7172, #2408, #1022 ) ;
#3226 = CARTESIAN_POINT ( 'NONE',  ( -0.3999999999999995781, 5.999999999999999112, 6.000000000000000000 ) ) ;
#3227 = CARTESIAN_POINT ( 'NONE',  ( 0.3999999999999994116, 9.000000000000000000, -7.000000000000000000 ) ) ;
#3228 = DIRECTION ( 'NONE',  ( -0.000000000000000000, 0.000000000000000000, 1.000000000000000000 ) ) ;
#3229 = DIRECTION ( 'NONE',  ( 0.8090169943749422332, 0.5877852522924803536, 0.000000000000000000 ) ) ;
#3230 = EDGE_LOOP ( 'NONE', ( #6265, #6250, #6968, #325, #4174 ) ) ;
#3231 = LINE ( 'NONE', #3377, #5700 ) ;
#3232 = DIRECTION ( 'NONE',  ( 0.3090169943749583314, -0.9510565162951499785, 0.000000000000000000 ) ) ;
#3233 = ADVANCED_FACE ( 'NONE', ( #2549 ), #137, .F. ) ;
#3234 = VECTOR ( 'NONE', #7191, 1000.000000000000227 ) ;
#3235 = CARTESIAN_POINT ( 'NONE',  ( 2.781152949374594563, -8.559508646656361464, -6.000000000000000000 ) ) ;
#3236 = CARTESIAN_POINT ( 'NONE',  ( 6.000000000000003553, -0.3999999999999375722, 6.000000000000000000 ) ) ;
#3237 = CARTESIAN_POINT ( 'NONE',  ( 4.854101966249718458, -3.526711513754792193, 6.000000000000000000 ) ) ;
#3238 = CARTESIAN_POINT ( 'NONE',  ( -8.435901848906391720, -3.161575555892626177, -7.000000000000000000 ) ) ;
#3239 = DIRECTION ( 'NONE',  ( -0.000000000000000000, -0.000000000000000000, -1.000000000000000000 ) ) ;
#3240 = VERTEX_POINT ( 'NONE', #1444 ) ;
#3241 = EDGE_LOOP ( 'NONE', ( #1129, #2746, #2618, #3603, #7723 ) ) ;
#3242 = ORIENTED_EDGE ( 'NONE', *, *, #2297, .F. ) ;
#3243 = EDGE_CURVE ( 'NONE', #2725, #5892, #1358, .T. ) ;
#3244 = DIRECTION ( 'NONE',  ( 1.000000000000000000, 0.000000000000000000, 0.000000000000000000 ) ) ;
#3245 = DIRECTION ( 'NONE',  ( 0.000000000000000000, 0.000000000000000000, 1.000000000000000000 ) ) ;
#3246 = ORIENTED_EDGE ( 'NONE', *, *, #4410, .T. ) ;
#3247 = CARTESIAN_POINT ( 'NONE',  ( 8.559508646656350805, 2.781152949374624317, 6.000000000000000000 ) ) ;
#3248 = LINE ( 'NONE', #3683, #4725 ) ;
#3249 = CARTESIAN_POINT ( 'NONE',  ( -5.999999999999997335, -0.4000000000000205058, -7.000000000000000000 ) ) ;
#3250 = ADVANCED_FACE ( 'NONE', ( #720 ), #2030, .T. ) ;
#3251 = VERTEX_POINT ( 'NONE', #5599 ) ;
#3252 = CARTESIAN_POINT ( 'NONE',  ( -3.203104716004831154, -5.089216067166691282, -6.000000000000000000 ) ) ;
#3253 = AXIS2_PLACEMENT_3D ( 'NONE', #1351, #3882, #173 ) ;
#3254 = VERTEX_POINT ( 'NONE', #179 ) ;
#3255 = DIRECTION ( 'NONE',  ( 0.000000000000000000, 0.000000000000000000, 1.000000000000000000 ) ) ;
#3256 = ORIENTED_EDGE ( 'NONE', *, *, #1478, .F. ) ;
#3257 = EDGE_CURVE ( 'NONE', #5501, #1219, #689, .T. ) ;
#3258 = CARTESIAN_POINT ( 'NONE',  ( -8.683115444406368510, 2.400730342856441268, -6.000000000000000000 ) ) ;
#3259 = FACE_BOUND ( 'NONE', #6608, .T. ) ;
#3260 = ADVANCED_FACE ( 'NONE', ( #1987 ), #1399, .F. ) ;
#3261 = VERTEX_POINT ( 'NONE', #5511 ) ;
#3262 = DIRECTION ( 'NONE',  ( -0.000000000000000000, -0.000000000000000000, 1.000000000000000000 ) ) ;
#3263 = ORIENTED_EDGE ( 'NONE', *, *, #5487, .T. ) ;
#3264 = DIRECTION ( 'NONE',  ( -0.9510565162951507556, -0.3090169943749562220, 0.000000000000000000 ) ) ;
#3265 = LINE ( 'NONE', #3817, #3054 ) ;
#3266 = DIRECTION ( 'NONE',  ( -0.000000000000000000, 0.000000000000000000, 1.000000000000000000 ) ) ;
#3267 = DIRECTION ( 'NONE',  ( -0.5877852522924803536, 0.8090169943749422332, 0.000000000000000000 ) ) ;
#3269 = EDGE_CURVE ( 'NONE', #854, #4657, #805, .T. ) ;
#3268 = AXIS2_PLACEMENT_3D ( 'NONE', #34, #1253, #1923 ) ;
#3270 = AXIS2_PLACEMENT_3D ( 'NONE', #6011, #2996, #5408 ) ;
#3271 = ORIENTED_EDGE ( 'NONE', *, *, #3159, .F. ) ;
#3272 = DIRECTION ( 'NONE',  ( 0.000000000000000000, 0.000000000000000000, 1.000000000000000000 ) ) ;
#3273 = CARTESIAN_POINT ( 'NONE',  ( 10.00000000000000000, 0.000000000000000000, 7.000000000000000000 ) ) ;
#3274 = CARTESIAN_POINT ( 'NONE',  ( 25.00000000000001066, -9.999999999999994671, 24.50000000000000000 ) ) ;
#3275 = ORIENTED_EDGE ( 'NONE', *, *, #368, .F. ) ;
#3276 = FACE_OUTER_BOUND ( 'NONE', #3802, .T. ) ;
#3277 = VERTEX_POINT ( 'NONE', #212 ) ;
#3278 = LOCAL_TIME ( 19, 19, 38.00000000000000000, #4486 ) ;
#3279 = ORIENTED_EDGE ( 'NONE', *, *, #833, .F. ) ;
#3280 = DIRECTION ( 'NONE',  ( -1.000000000000000000, -3.672181700924050498E-15, 0.000000000000000000 ) ) ;
#3281 = VECTOR ( 'NONE', #5238, 1000.000000000000000 ) ;
#3282 = LINE ( 'NONE', #1024, #5455 ) ;
#3283 = DIRECTION ( 'NONE',  ( 0.5877852522924832401, -0.8090169943749400128, 0.000000000000000000 ) ) ;
#3284 = VERTEX_POINT ( 'NONE', #5033 ) ;
#3285 = DIRECTION ( 'NONE',  ( -0.000000000000000000, 0.000000000000000000, -1.000000000000000000 ) ) ;
#3286 = AXIS2_PLACEMENT_3D ( 'NONE', #3999, #1550, #3487 ) ;
#3287 = DIRECTION ( 'NONE',  ( 0.000000000000000000, 0.000000000000000000, 1.000000000000000000 ) ) ;
#3288 = DIRECTION ( 'NONE',  ( 0.000000000000000000, 0.000000000000000000, 1.000000000000000000 ) ) ;
#3289 = ORIENTED_EDGE ( 'NONE', *, *, #5052, .F. ) ;
#3290 = CARTESIAN_POINT ( 'NONE',  ( -8.683115444406368510, 2.400730342856441268, 6.000000000000000000 ) ) ;
#3291 = ORIENTED_EDGE ( 'NONE', *, *, #5683, .F. ) ;
#3292 = CARTESIAN_POINT ( 'NONE',  ( -7.046038848457510717, -5.613674068382271898, -6.000000000000000000 ) ) ;
#3293 = ORIENTED_EDGE ( 'NONE', *, *, #583, .F. ) ;
#3294 = EDGE_CURVE ( 'NONE', #3835, #3480, #7468, .T. ) ;
#3295 = DIRECTION ( 'NONE',  ( 0.000000000000000000, 0.000000000000000000, 1.000000000000000000 ) ) ;
#3296 = CARTESIAN_POINT ( 'NONE',  ( 6.000000000000003553, -0.3999999999999375722, 6.000000000000000000 ) ) ;
#3297 = ORIENTED_EDGE ( 'NONE', *, *, #5395, .F. ) ;
#3298 = FACE_OUTER_BOUND ( 'NONE', #6129, .T. ) ;
#3299 = ORIENTED_EDGE ( 'NONE', *, *, #3391, .T. ) ;
#3300 = CIRCLE ( 'NONE', #6228, 0.3999999999999998557 ) ;
#3301 = DIRECTION ( 'NONE',  ( -0.5877852522924771339, 0.8090169943749444537, 0.000000000000000000 ) ) ;
#3302 = CARTESIAN_POINT ( 'NONE',  ( 5.706339097770900537, 1.854101966249749323, -6.000000000000000000 ) ) ;
#3303 = EDGE_CURVE ( 'NONE', #3635, #1860, #3699, .T. ) ;
#3304 = EDGE_CURVE ( 'NONE', #7516, #1851, #6949, .T. ) ;
#3305 = DIRECTION ( 'NONE',  ( 1.000000000000000000, 0.000000000000000000, 0.000000000000000000 ) ) ;
#3306 = CARTESIAN_POINT ( 'NONE',  ( -4.854101966249691813, 3.526711513754828164, 7.000000000000000000 ) ) ;
#3307 = VERTEX_POINT ( 'NONE', #2741 ) ;
#3308 = DIRECTION ( 'NONE',  ( -0.000000000000000000, -0.000000000000000000, -1.000000000000000000 ) ) ;
#3309 = PLANE ( 'NONE',  #2938 ) ;
#3310 = DIRECTION ( 'NONE',  ( 8.673617379884035472E-15, -1.000000000000000000, 0.000000000000000000 ) ) ;
#3311 = ORIENTED_EDGE ( 'NONE', *, *, #6560, .F. ) ;
#3312 = VERTEX_POINT ( 'NONE', #6306 ) ;
#3313 = CIRCLE ( 'NONE', #4192, 0.9000000000000014655 ) ;
#3314 = ADVANCED_FACE ( 'NONE', ( #413 ), #5268, .F. ) ;
#3315 = AXIS2_PLACEMENT_3D ( 'NONE', #4246, #4730, #7832 ) ;
#3316 = ADVANCED_FACE ( 'NONE', ( #6990 ), #5190, .F. ) ;
#3317 = EDGE_LOOP ( 'NONE', ( #1950, #4087, #766, #2032 ) ) ;
#3318 = DIRECTION ( 'NONE',  ( -0.000000000000000000, -0.000000000000000000, -1.000000000000000000 ) ) ;
#3319 = CIRCLE ( 'NONE', #1556, 0.3999999999999999667 ) ;
#3320 = CARTESIAN_POINT ( 'NONE',  ( 5.582732300020962768, -2.234524572767691897, 7.000000000000000000 ) ) ;
#3321 = CARTESIAN_POINT ( 'NONE',  ( -0.4000000000000004108, -5.999999999999999112, 6.000000000000000000 ) ) ;
#3322 = ORIENTED_EDGE ( 'NONE', *, *, #7389, .F. ) ;
#3323 = CARTESIAN_POINT ( 'NONE',  ( 7.046038848457591541, -5.613674068382167981, 7.000000000000000000 ) ) ;
#3324 = CIRCLE ( 'NONE', #6217, 0.3999999999999999667 ) ;
#3325 = VECTOR ( 'NONE', #3928, 1000.000000000000000 ) ;
#3326 = DIRECTION ( 'NONE',  ( -0.5877852522924656986, -0.8090169943749528914, 0.000000000000000000 ) ) ;
#3327 = FACE_OUTER_BOUND ( 'NONE', #692, .T. ) ;
#3328 = VERTEX_POINT ( 'NONE', #3371 ) ;
#3329 = CARTESIAN_POINT ( 'NONE',  ( -2.234524572767749628, 5.582732300020941452, 6.000000000000000000 ) ) ;
#3330 = AXIS2_PLACEMENT_3D ( 'NONE', #3449, #1031, #356 ) ;
#3331 = CYLINDRICAL_SURFACE ( 'NONE', #6873, 0.3999999999999993006 ) ;
#3332 = ORIENTED_EDGE ( 'NONE', *, *, #4600, .F. ) ;
#3333 = LINE ( 'NONE', #5789, #5607 ) ;
#3334 = CARTESIAN_POINT ( 'NONE',  ( 1.473679359731546956, 5.829945895520919130, 6.000000000000000000 ) ) ;
#3335 = VERTEX_POINT ( 'NONE', #877 ) ;
#3336 = CARTESIAN_POINT ( 'NONE',  ( -4.854101966249691813, 3.526711513754828164, -7.000000000000000000 ) ) ;
#3337 = CARTESIAN_POINT ( 'NONE',  ( 4.454101966249641720, 3.526711513754897886, -7.000000000000000000 ) ) ;
#3338 = EDGE_CURVE ( 'NONE', #1026, #5187, #2950, .T. ) ;
#3339 = ORIENTED_EDGE ( 'NONE', *, *, #6884, .F. ) ;
#3340 = CYLINDRICAL_SURFACE ( 'NONE', #7107, 0.4000000000000001887 ) ;
#3341 = CARTESIAN_POINT ( 'NONE',  ( -2.234524572767749628, 5.582732300020941452, 6.000000000000000000 ) ) ;
#3342 = DATE_AND_TIME ( #2238, #3278 ) ;
#3343 = DIRECTION ( 'NONE',  ( 0.3090169943749381254, 0.9510565162951566398, 0.000000000000000000 ) ) ;
#3344 = ORIENTED_EDGE ( 'NONE', *, *, #7159, .T. ) ;
#3345 = CARTESIAN_POINT ( 'NONE',  ( 5.290067270632322405, -7.281152949374479100, -7.000000000000000000 ) ) ;
#3346 = EDGE_CURVE ( 'NONE', #195, #5315, #3333, .T. ) ;
#3347 = EDGE_CURVE ( 'NONE', #5332, #160, #7589, .T. ) ;
#3348 = ORIENTED_EDGE ( 'NONE', *, *, #6359, .F. ) ;
#3349 = DIRECTION ( 'NONE',  ( 0.9510565162951544194, -0.3090169943749445092, 0.000000000000000000 ) ) ;
#3350 = DIRECTION ( 'NONE',  ( 0.000000000000000000, 0.000000000000000000, 1.000000000000000000 ) ) ;
#3351 = ORIENTED_EDGE ( 'NONE', *, *, #2245, .T. ) ;
#3352 = EDGE_LOOP ( 'NONE', ( #890, #966, #4237, #1833 ) ) ;
#3353 = AXIS2_PLACEMENT_3D ( 'NONE', #5832, #7070, #6591 ) ;
#3354 = ORIENTED_EDGE ( 'NONE', *, *, #3108, .T. ) ;
#3355 = EDGE_CURVE ( 'NONE', #7702, #2393, #3707, .T. ) ;
#3356 = DIRECTION ( 'NONE',  ( -0.8090169943749511150, 0.5877852522924682521, 0.000000000000000000 ) ) ;
#3357 = ADVANCED_FACE ( 'NONE', ( #370 ), #4602, .F. ) ;
#3358 = DIRECTION ( 'NONE',  ( 0.000000000000000000, 0.000000000000000000, 1.000000000000000000 ) ) ;
#3359 = CARTESIAN_POINT ( 'NONE',  ( -3.526711513754811733, -4.854101966249705136, 6.000000000000000000 ) ) ;
#3360 = ORIENTED_EDGE ( 'NONE', *, *, #6843, .T. ) ;
#3361 = LINE ( 'NONE', #6976, #1548 ) ;
#3362 = CARTESIAN_POINT ( 'NONE',  ( -9.000000000000000000, -3.197442310920450836E-14, 6.000000000000000000 ) ) ;
#3363 = DIRECTION ( 'NONE',  ( -0.000000000000000000, 0.000000000000000000, -1.000000000000000000 ) ) ;
#3364 = EDGE_CURVE ( 'NONE', #3328, #3277, #5749, .T. ) ;
#3365 = ORIENTED_EDGE ( 'NONE', *, *, #4504, .F. ) ;
#3366 = DIRECTION ( 'NONE',  ( -0.000000000000000000, -0.000000000000000000, 1.000000000000000000 ) ) ;
#3367 = EDGE_LOOP ( 'NONE', ( #924, #4677, #717, #900 ) ) ;
#3368 = LINE ( 'NONE', #4598, #1056 ) ;
#3369 = ORIENTED_EDGE ( 'NONE', *, *, #5318, .F. ) ;
#3370 = ORIENTED_EDGE ( 'NONE', *, *, #4263, .F. ) ;
#3371 = CARTESIAN_POINT ( 'NONE',  ( -3.850318311504791868, -4.618987865332716325, 6.000000000000000000 ) ) ;
#3372 = DIRECTION ( 'NONE',  ( -0.5877852522924656986, -0.8090169943749528914, 0.000000000000000000 ) ) ;
#3373 = VERTEX_POINT ( 'NONE', #2829 ) ;
#3374 = CARTESIAN_POINT ( 'NONE',  ( -1.473679359731627114, 5.829945895520899590, 6.000000000000000000 ) ) ;
#3375 = DIRECTION ( 'NONE',  ( 0.000000000000000000, 0.000000000000000000, 1.000000000000000000 ) ) ;
#3376 = ORIENTED_EDGE ( 'NONE', *, *, #4356, .F. ) ;
#3377 = CARTESIAN_POINT ( 'NONE',  ( -5.829945895520904919, 1.473679359731606908, 6.000000000000000000 ) ) ;
#3378 = FACE_OUTER_BOUND ( 'NONE', #2661, .T. ) ;
#3379 = VECTOR ( 'NONE', #286, 1000.000000000000000 ) ;
#3380 = EDGE_CURVE ( 'NONE', #3202, #7433, #5731, .T. ) ;
#3381 = APPROVAL_DATE_TIME ( #2793, #919 ) ;
#3382 = PLANE ( 'NONE',  #4712 ) ;
#3383 = ORIENTED_EDGE ( 'NONE', *, *, #1019, .F. ) ;
#3384 = DIRECTION ( 'NONE',  ( -0.000000000000000000, -0.000000000000000000, 1.000000000000000000 ) ) ;
#3385 = ORIENTED_EDGE ( 'NONE', *, *, #7476, .T. ) ;
#3386 = DIRECTION ( 'NONE',  ( 0.000000000000000000, 0.000000000000000000, -1.000000000000000000 ) ) ;
#3387 = CYLINDRICAL_SURFACE ( 'NONE', #2450, 0.4000000000000001887 ) ;
#3388 = ORIENTED_EDGE ( 'NONE', *, *, #5378, .F. ) ;
#3389 = ORIENTED_EDGE ( 'NONE', *, *, #2144, .T. ) ;
#3390 = AXIS2_PLACEMENT_3D ( 'NONE', #5657, #5579, #4500 ) ;
#3391 = EDGE_CURVE ( 'NONE', #6377, #6946, #800, .T. ) ;
#3392 = CIRCLE ( 'NONE', #3270, 0.3999999999999999112 ) ;
#3393 = EDGE_LOOP ( 'NONE', ( #3068, #1716, #2988, #3766 ) ) ;
#3394 = CARTESIAN_POINT ( 'NONE',  ( -3.203104716004866681, 5.089216067166669966, -6.000000000000000000 ) ) ;
#3395 = FACE_BOUND ( 'NONE', #6832, .T. ) ;
#3396 = CARTESIAN_POINT ( 'NONE',  ( 5.999999999999994671, 0.4000000000000624167, -6.000000000000000000 ) ) ;
#3397 = LOCAL_TIME ( 19, 19, 38.00000000000000000, #3425 ) ;
#3398 = ORIENTED_EDGE ( 'NONE', *, *, #3644, .T. ) ;
#3399 = LINE ( 'NONE', #279, #4706 ) ;
#3400 = CIRCLE ( 'NONE', #7843, 0.3999999999999995781 ) ;
#3401 = EDGE_CURVE ( 'NONE', #462, #801, #2862, .T. ) ;
#3402 = EDGE_CURVE ( 'NONE', #2353, #2857, #7012, .T. ) ;
#3403 = LINE ( 'NONE', #5818, #86 ) ;
#3404 = PLANE ( 'NONE',  #1647 ) ;
#3405 = ORIENTED_EDGE ( 'NONE', *, *, #3685, .T. ) ;
#3406 = CARTESIAN_POINT ( 'NONE',  ( 2.400730342856534083, -8.683115444406343642, -6.000000000000000000 ) ) ;
#3407 = EDGE_LOOP ( 'NONE', ( #5156, #6528, #6363, #5457 ) ) ;
#3408 = DIRECTION ( 'NONE',  ( 0.000000000000000000, 0.000000000000000000, 1.000000000000000000 ) ) ;
#3409 = VERTEX_POINT ( 'NONE', #2706 ) ;
#3410 = VECTOR ( 'NONE', #5310, 1000.000000000000000 ) ;
#3411 = AXIS2_PLACEMENT_3D ( 'NONE', #6506, #5899, #476 ) ;
#3412 = EDGE_CURVE ( 'NONE', #5092, #1610, #7653, .T. ) ;
#3413 = EDGE_CURVE ( 'NONE', #4130, #5692, #2322, .T. ) ;
#3414 = ORIENTED_EDGE ( 'NONE', *, *, #6792, .T. ) ;
#3415 = CARTESIAN_POINT ( 'NONE',  ( 3.203104716004792962, 5.089216067166714375, 7.000000000000000000 ) ) ;
#3416 = CARTESIAN_POINT ( 'NONE',  ( 5.706339097770939617, -1.854101966249629641, -6.000000000000000000 ) ) ;
#3417 = LINE ( 'NONE', #2833, #6037 ) ;
#3418 = DIRECTION ( 'NONE',  ( -0.000000000000000000, 0.000000000000000000, 1.000000000000000000 ) ) ;
#3419 = AXIS2_PLACEMENT_3D ( 'NONE', #85, #7303, #6742 ) ;
#3420 = ORIENTED_EDGE ( 'NONE', *, *, #1460, .F. ) ;
#3421 = DIRECTION ( 'NONE',  ( 0.000000000000000000, 0.000000000000000000, 1.000000000000000000 ) ) ;
#3422 = CARTESIAN_POINT ( 'NONE',  ( -57.50000000000000000, 54.00000000000000711, -38.50000000000000000 ) ) ;
#3423 = EDGE_LOOP ( 'NONE', ( #4482, #7223, #4297, #2805 ) ) ;
#3424 = AXIS2_PLACEMENT_3D ( 'NONE', #4478, #1560, #213 ) ;
#3425 = COORDINATED_UNIVERSAL_TIME_OFFSET ( 8, 0, .AHEAD. ) ;
#3426 = DIRECTION ( 'NONE',  ( -0.8090169943749444537, -0.5877852522924771339, 0.000000000000000000 ) ) ;
#3427 = AXIS2_PLACEMENT_3D ( 'NONE', #7795, #7711, #4607 ) ;
#3428 = ORIENTED_EDGE ( 'NONE', *, *, #2621, .F. ) ;
#3429 = DIRECTION ( 'NONE',  ( 0.8090169943749531134, -0.5877852522924651435, 0.000000000000000000 ) ) ;
#3430 = VERTEX_POINT ( 'NONE', #3415 ) ;
#3431 = DIRECTION ( 'NONE',  ( 0.000000000000000000, 0.000000000000000000, 1.000000000000000000 ) ) ;
#3432 = CYLINDRICAL_SURFACE ( 'NONE', #4969, 0.3999999999999993006 ) ;
#3433 = CIRCLE ( 'NONE', #1021, 0.9000000000000014655 ) ;
#3434 = ORIENTED_EDGE ( 'NONE', *, *, #2181, .T. ) ;
#3435 = VERTEX_POINT ( 'NONE', #2229 ) ;
#3436 = AXIS2_PLACEMENT_3D ( 'NONE', #7657, #2214, #1464 ) ;
#3437 = AXIS2_PLACEMENT_3D ( 'NONE', #7206, #2364, #2955 ) ;
#3438 = EDGE_LOOP ( 'NONE', ( #5419, #43, #6614, #3119, #6712 ) ) ;
#3439 = CARTESIAN_POINT ( 'NONE',  ( 5.613674068382143112, 7.046038848457611081, -7.000000000000000000 ) ) ;
#3440 = DIRECTION ( 'NONE',  ( -0.5877852522924744694, 0.8090169943749465631, 0.000000000000000000 ) ) ;
#3441 = DIRECTION ( 'NONE',  ( -0.9510565162951521989, -0.3090169943749517256, -0.000000000000000000 ) ) ;
#3442 = AXIS2_PLACEMENT_3D ( 'NONE', #1415, #4406, #663 ) ;
#3443 = EDGE_CURVE ( 'NONE', #636, #4822, #4638, .T. ) ;
#3444 = VERTEX_POINT ( 'NONE', #1045 ) ;
#3445 = CARTESIAN_POINT ( 'NONE',  ( -5.089216067166679736, 3.203104716004848918, -7.000000000000000000 ) ) ;
#3446 = AXIS2_PLACEMENT_3D ( 'NONE', #7426, #4913, #5509 ) ;
#3447 = AXIS2_PLACEMENT_3D ( 'NONE', #1527, #3301, #1992 ) ;
#3448 = VECTOR ( 'NONE', #1347, 1000.000000000000000 ) ;
#3449 = CARTESIAN_POINT ( 'NONE',  ( 5.510910596163086597E-16, -9.000000000000000000, 7.000000000000000000 ) ) ;
#3450 = CARTESIAN_POINT ( 'NONE',  ( 2.234524572767789152, -5.582732300020924576, -6.000000000000000000 ) ) ;
#3451 = CIRCLE ( 'NONE', #2066, 0.4000000000000001887 ) ;
#3452 = ORIENTED_EDGE ( 'NONE', *, *, #1375, .T. ) ;
#3453 = CARTESIAN_POINT ( 'NONE',  ( -9.000000000000001776, 0.3999999999999679923, 6.000000000000000000 ) ) ;
#3454 = EDGE_CURVE ( 'NONE', #6025, #4135, #7136, .T. ) ;
#3455 = EDGE_CURVE ( 'NONE', #5632, #7038, #2387, .T. ) ;
#3456 = VERTEX_POINT ( 'NONE', #6589 ) ;
#3457 = CARTESIAN_POINT ( 'NONE',  ( -4.618987865332703002, 3.850318311504807856, -6.000000000000000000 ) ) ;
#3458 = ORIENTED_EDGE ( 'NONE', *, *, #5007, .F. ) ;
#3459 = AXIS2_PLACEMENT_3D ( 'NONE', #3101, #6115, #1913 ) ;
#3460 = EDGE_LOOP ( 'NONE', ( #2966, #5320, #5295, #5372, #1791 ) ) ;
#3461 = DIRECTION ( 'NONE',  ( 1.000000000000000000, 0.000000000000000000, 0.000000000000000000 ) ) ;
#3462 = PLANE ( 'NONE',  #6466 ) ;
#3463 = CIRCLE ( 'NONE', #2697, 0.4000000000000000222 ) ;
#3464 = CARTESIAN_POINT ( 'NONE',  ( -7.281152949374536831, 5.290067270632241581, -6.000000000000000000 ) ) ;
#3465 = LINE ( 'NONE', #2232, #7724 ) ;
#3466 = ADVANCED_FACE ( 'NONE', ( #3647 ), #3531, .F. ) ;
#3467 = ORIENTED_EDGE ( 'NONE', *, *, #679, .F. ) ;
#3468 = DIRECTION ( 'NONE',  ( -0.5877852522924656986, -0.8090169943749528914, 0.000000000000000000 ) ) ;
#3469 = DIRECTION ( 'NONE',  ( -0.9510565162951521989, -0.3090169943749517256, -0.000000000000000000 ) ) ;
#3470 = ORIENTED_EDGE ( 'NONE', *, *, #3493, .T. ) ;
#3471 = APPROVAL_DATE_TIME ( #3342, #6289 ) ;
#3472 = DIRECTION ( 'NONE',  ( 0.000000000000000000, 0.000000000000000000, 1.000000000000000000 ) ) ;
#3473 = ORIENTED_EDGE ( 'NONE', *, *, #4410, .F. ) ;
#3474 = LINE ( 'NONE', #6402, #7082 ) ;
#3475 = EDGE_CURVE ( 'NONE', #6448, #6377, #3463, .T. ) ;
#3476 = ORIENTED_EDGE ( 'NONE', *, *, #3674, .T. ) ;
#3477 = CYLINDRICAL_SURFACE ( 'NONE', #3692, 0.4000000000000001887 ) ;
#3478 = CYLINDRICAL_SURFACE ( 'NONE', #5456, 0.3999999999999993006 ) ;
#3479 = VERTEX_POINT ( 'NONE', #2311 ) ;
#3480 = VERTEX_POINT ( 'NONE', #484 ) ;
#3481 = CARTESIAN_POINT ( 'NONE',  ( -3.526711513754845928, 4.854101966249680267, 6.000000000000000000 ) ) ;
#3482 = DIRECTION ( 'NONE',  ( -0.9510565162951499785, -0.3090169943749583314, 0.000000000000000000 ) ) ;
#3483 = CARTESIAN_POINT ( 'NONE',  ( -5.999999999999997335, -0.4000000000000205058, -6.000000000000000000 ) ) ;
#3484 = DIRECTION ( 'NONE',  ( -0.000000000000000000, -0.000000000000000000, -1.000000000000000000 ) ) ;
#3485 = ORIENTED_EDGE ( 'NONE', *, *, #4643, .T. ) ;
#3486 = ADVANCED_FACE ( 'NONE', ( #3612 ), #7186, .F. ) ;
#3487 = DIRECTION ( 'NONE',  ( -1.000000000000000000, 0.000000000000000000, 0.000000000000000000 ) ) ;
#3488 = ORIENTED_EDGE ( 'NONE', *, *, #4027, .F. ) ;
#3489 = DIRECTION ( 'NONE',  ( 0.000000000000000000, -0.000000000000000000, 1.000000000000000000 ) ) ;
#3490 = VERTEX_POINT ( 'NONE', #2941 ) ;
#3491 = CARTESIAN_POINT ( 'NONE',  ( 7.516267050291565610, -4.966460472882207711, -6.000000000000000000 ) ) ;
#3492 = ORIENTED_EDGE ( 'NONE', *, *, #2791, .T. ) ;
#3493 = EDGE_CURVE ( 'NONE', #1168, #5574, #6027, .T. ) ;
#3494 = CARTESIAN_POINT ( 'NONE',  ( 25.00000000000001066, -9.999999999999994671, 24.50000000000000000 ) ) ;
#3495 = DIRECTION ( 'NONE',  ( -0.8090169943749511150, 0.5877852522924682521, 0.000000000000000000 ) ) ;
#3496 = CARTESIAN_POINT ( 'NONE',  ( 0.000000000000000000, 6.000000000000000000, -7.000000000000000000 ) ) ;
#3497 = CARTESIAN_POINT ( 'NONE',  ( -3.126711513754811822, -4.854101966249705136, 6.000000000000000000 ) ) ;
#3498 = ORIENTED_EDGE ( 'NONE', *, *, #2046, .T. ) ;
#3499 = CARTESIAN_POINT ( 'NONE',  ( 5.829945895520883603, 1.473679359731688843, 7.000000000000000000 ) ) ;
#3500 = DIRECTION ( 'NONE',  ( 0.000000000000000000, -0.000000000000000000, 1.000000000000000000 ) ) ;
#3501 = ORIENTED_EDGE ( 'NONE', *, *, #6458, .T. ) ;
#3502 = EDGE_CURVE ( 'NONE', #2563, #1871, #5906, .T. ) ;
#3503 = EDGE_CURVE ( 'NONE', #473, #3312, #6668, .T. ) ;
#3504 = LINE ( 'NONE', #4570, #918 ) ;
#3505 = DIRECTION ( 'NONE',  ( -0.9510565162951521989, -0.3090169943749517256, 0.000000000000000000 ) ) ;
#3506 = ORIENTED_EDGE ( 'NONE', *, *, #4263, .T. ) ;
#3507 = PLANE ( 'NONE',  #5458 ) ;
#3508 = CARTESIAN_POINT ( 'NONE',  ( -24.99999999999999645, -9.999999999999994671, 25.40000000000000924 ) ) ;
#3509 = CIRCLE ( 'NONE', #719, 0.4000000000000001332 ) ;
#3510 = ORIENTED_EDGE ( 'NONE', *, *, #2597, .T. ) ;
#3511 = EDGE_CURVE ( 'NONE', #3174, #2434, #7772, .T. ) ;
#3512 = DIRECTION ( 'NONE',  ( -0.3090169943749515036, 0.9510565162951521989, 0.000000000000000000 ) ) ;
#3513 = AXIS2_PLACEMENT_3D ( 'NONE', #7336, #3607, #7819 ) ;
#3514 = CARTESIAN_POINT ( 'NONE',  ( -5.089216067166657531, -3.203104716004883556, 7.000000000000000000 ) ) ;
#3515 = ORIENTED_EDGE ( 'NONE', *, *, #4238, .F. ) ;
#3516 = CARTESIAN_POINT ( 'NONE',  ( 5.582732300020962768, -2.234524572767692341, 6.000000000000000000 ) ) ;
#3517 = CARTESIAN_POINT ( 'NONE',  ( 25.00000000000001066, 54.00000000000000711, -24.50000000000002842 ) ) ;
#3518 = DIRECTION ( 'NONE',  ( -0.000000000000000000, -0.000000000000000000, 1.000000000000000000 ) ) ;
#3519 = ORIENTED_EDGE ( 'NONE', *, *, #6520, .T. ) ;
#3520 = AXIS2_PLACEMENT_3D ( 'NONE', #2215, #3518, #7774 ) ;
#3521 = DIRECTION ( 'NONE',  ( -0.9510565162951507556, -0.3090169943749562220, 0.000000000000000000 ) ) ;
#3522 = CC_DESIGN_SECURITY_CLASSIFICATION ( #365, ( #2007 ) ) ;
#3523 = ORIENTED_EDGE ( 'NONE', *, *, #4571, .T. ) ;
#3524 = CARTESIAN_POINT ( 'NONE',  ( 5.613674068382299431, -7.046038848457488513, 6.000000000000000000 ) ) ;
#3525 = DIRECTION ( 'NONE',  ( 0.000000000000000000, 0.000000000000000000, -1.000000000000000000 ) ) ;
#3526 = EDGE_LOOP ( 'NONE', ( #4377, #524, #2261, #2893 ) ) ;
#3527 = DIRECTION ( 'NONE',  ( -0.000000000000000000, -0.000000000000000000, -1.000000000000000000 ) ) ;
#3528 = VERTEX_POINT ( 'NONE', #7825 ) ;
#3529 = CIRCLE ( 'NONE', #3772, 0.4000000000000001332 ) ;
#3530 = VECTOR ( 'NONE', #1013, 1000.000000000000000 ) ;
#3531 = CYLINDRICAL_SURFACE ( 'NONE', #293, 0.4000000000000001887 ) ;
#3532 = DIRECTION ( 'NONE',  ( 0.000000000000000000, 0.000000000000000000, 1.000000000000000000 ) ) ;
#3533 = CARTESIAN_POINT ( 'NONE',  ( -7.516267050291528307, 4.966460472882263666, -7.000000000000000000 ) ) ;
#3534 = DIRECTION ( 'NONE',  ( -0.3090169943749347392, -0.9510565162951576390, 0.000000000000000000 ) ) ;
#3535 = CIRCLE ( 'NONE', #1142, 0.3999999999999998557 ) ;
#3536 = ORIENTED_EDGE ( 'NONE', *, *, #4792, .F. ) ;
#3537 = CARTESIAN_POINT ( 'NONE',  ( -3.126711513754846017, 4.854101966249680267, 7.000000000000000000 ) ) ;
#3538 = FACE_OUTER_BOUND ( 'NONE', #7749, .T. ) ;
#3539 = VERTEX_POINT ( 'NONE', #1681 ) ;
#3540 = EDGE_CURVE ( 'NONE', #395, #401, #3074, .T. ) ;
#3541 = AXIS2_PLACEMENT_3D ( 'NONE', #1859, #3673, #6092 ) ;
#3542 = LINE ( 'NONE', #2907, #666 ) ;
#3543 = EDGE_LOOP ( 'NONE', ( #1302, #1346, #6626, #4786 ) ) ;
#3544 = LINE ( 'NONE', #5961, #6442 ) ;
#3545 = ORIENTED_EDGE ( 'NONE', *, *, #2935, .F. ) ;
#3546 = CYLINDRICAL_SURFACE ( 'NONE', #537, 0.4000000000000001887 ) ;
#3547 = CARTESIAN_POINT ( 'NONE',  ( 4.618987865332732312, -3.850318311504774105, 7.000000000000000000 ) ) ;
#3548 = EDGE_CURVE ( 'NONE', #6583, #5980, #5352, .T. ) ;
#3549 = ADVANCED_FACE ( 'NONE', ( #2978 ), #4793, .F. ) ;
#3550 = EDGE_CURVE ( 'NONE', #5279, #3731, #1084, .T. ) ;
#3551 = ORIENTED_EDGE ( 'NONE', *, *, #7387, .T. ) ;
#3552 = AXIS2_PLACEMENT_3D ( 'NONE', #585, #5371, #5969 ) ;
#3553 = FACE_OUTER_BOUND ( 'NONE', #7498, .T. ) ;
#3554 = DIRECTION ( 'NONE',  ( 0.000000000000000000, 0.000000000000000000, 1.000000000000000000 ) ) ;
#3555 = ORIENTED_EDGE ( 'NONE', *, *, #5889, .F. ) ;
#3556 = VECTOR ( 'NONE', #6389, 1000.000000000000227 ) ;
#3557 = LINE ( 'NONE', #5333, #1074 ) ;
#3558 = DIRECTION ( 'NONE',  ( 1.000000000000000000, 0.000000000000000000, 0.000000000000000000 ) ) ;
#3559 = FACE_OUTER_BOUND ( 'NONE', #1392, .T. ) ;
#3560 = DIRECTION ( 'NONE',  ( -0.8090169943749511150, 0.5877852522924682521, 0.000000000000000000 ) ) ;
#3561 = EDGE_CURVE ( 'NONE', #5442, #5481, #1793, .T. ) ;
#3562 = ORIENTED_EDGE ( 'NONE', *, *, #4600, .T. ) ;
#3563 = VECTOR ( 'NONE', #5942, 1000.000000000000227 ) ;
#3564 = ADVANCED_FACE ( 'NONE', ( #1203 ), #604, .F. ) ;
#3565 = VECTOR ( 'NONE', #2720, 1000.000000000000000 ) ;
#3566 = DIRECTION ( 'NONE',  ( 1.807003620809173892E-16, -1.000000000000000000, 0.000000000000000000 ) ) ;
#3567 = ORIENTED_EDGE ( 'NONE', *, *, #4262, .F. ) ;
#3568 = FACE_OUTER_BOUND ( 'NONE', #5808, .T. ) ;
#3569 = CARTESIAN_POINT ( 'NONE',  ( 5.599999999999999645, 6.284666409917640040E-14, -6.000000000000000000 ) ) ;
#3570 = VERTEX_POINT ( 'NONE', #1835 ) ;
#3571 = CIRCLE ( 'NONE', #155, 0.3999999999999999112 ) ;
#3572 = LINE ( 'NONE', #5991, #6327 ) ;
#3573 = VERTEX_POINT ( 'NONE', #4241 ) ;
#3574 = AXIS2_PLACEMENT_3D ( 'NONE', #1652, #4062, #184 ) ;
#3575 = AXIS2_PLACEMENT_3D ( 'NONE', #1545, #948, #5777 ) ;
#3576 = AXIS2_PLACEMENT_3D ( 'NONE', #1907, #5028, #6869 ) ;
#3577 = CARTESIAN_POINT ( 'NONE',  ( -5.706339097770928070, 1.854101966249668720, 6.000000000000000000 ) ) ;
#3578 = DIRECTION ( 'NONE',  ( 0.000000000000000000, -1.000000000000000000, 0.000000000000000000 ) ) ;
#3579 = DIRECTION ( 'NONE',  ( -0.9510565162951555296, 0.3090169943749411785, 0.000000000000000000 ) ) ;
#3580 = CARTESIAN_POINT ( 'NONE',  ( 1.854101966249729561, -5.706339097770907642, -6.000000000000000000 ) ) ;
#3581 = AXIS2_PLACEMENT_3D ( 'NONE', #2473, #1210, #3619 ) ;
#3582 = ORIENTED_EDGE ( 'NONE', *, *, #703, .T. ) ;
#3583 = CARTESIAN_POINT ( 'NONE',  ( 1.854101966249609657, 5.706339097770945834, -6.000000000000000000 ) ) ;
#3584 = VERTEX_POINT ( 'NONE', #2498 ) ;
#3585 = AXIS2_PLACEMENT_3D ( 'NONE', #3494, #5470, #637 ) ;
#3586 = CARTESIAN_POINT ( 'NONE',  ( -57.50000000000000000, 50.00000000000000000, 38.50000000000000000 ) ) ;
#3587 = EDGE_CURVE ( 'NONE', #652, #5454, #1272, .T. ) ;
#3588 = DIRECTION ( 'NONE',  ( -4.336808689942017736E-15, 1.000000000000000000, 0.000000000000000000 ) ) ;
#3589 = VERTEX_POINT ( 'NONE', #3725 ) ;
#3590 = LINE ( 'NONE', #2911, #2811 ) ;
#3591 = CARTESIAN_POINT ( 'NONE',  ( 5.290067270632160756, 7.281152949374595451, 6.000000000000000000 ) ) ;
#3592 = VERTEX_POINT ( 'NONE', #4274 ) ;
#3593 = LINE ( 'NONE', #1773, #1626 ) ;
#3594 = EDGE_CURVE ( 'NONE', #6130, #6997, #4872, .T. ) ;
#3595 = CARTESIAN_POINT ( 'NONE',  ( -4.454101966249691458, 3.526711513754828164, 6.000000000000000000 ) ) ;
#3596 = ORIENTED_EDGE ( 'NONE', *, *, #2918, .T. ) ;
#3597 = DIRECTION ( 'NONE',  ( -0.000000000000000000, -0.000000000000000000, 1.000000000000000000 ) ) ;
#3598 = LINE ( 'NONE', #6012, #4946 ) ;
#3599 = DIRECTION ( 'NONE',  ( 1.000000000000000000, 0.000000000000000000, 0.000000000000000000 ) ) ;
#3600 = ORIENTED_EDGE ( 'NONE', *, *, #4526, .T. ) ;
#3601 = EDGE_CURVE ( 'NONE', #6116, #5206, #4347, .T. ) ;
#3602 = EDGE_CURVE ( 'NONE', #2774, #4373, #7270, .T. ) ;
#3603 = ORIENTED_EDGE ( 'NONE', *, *, #1936, .F. ) ;
#3604 = DIRECTION ( 'NONE',  ( -0.000000000000000000, -0.000000000000000000, -1.000000000000000000 ) ) ;
#3605 = ORIENTED_EDGE ( 'NONE', *, *, #3801, .T. ) ;
#3606 = CARTESIAN_POINT ( 'NONE',  ( 5.510910596163086597E-16, -9.000000000000000000, 6.000000000000000000 ) ) ;
#3607 = DIRECTION ( 'NONE',  ( -0.000000000000000000, -0.000000000000000000, 1.000000000000000000 ) ) ;
#3608 = ORIENTED_EDGE ( 'NONE', *, *, #4652, .T. ) ;
#3609 = CARTESIAN_POINT ( 'NONE',  ( -7.281152949374500416, -5.290067270632293095, 6.000000000000000000 ) ) ;
#3610 = ORIENTED_EDGE ( 'NONE', *, *, #5739, .T. ) ;
#3611 = ADVANCED_FACE ( 'NONE', ( #1942 ), #3799, .F. ) ;
#3612 = FACE_OUTER_BOUND ( 'NONE', #1671, .T. ) ;
#3613 = CARTESIAN_POINT ( 'NONE',  ( -9.000000000000001776, 0.3999999999999679923, 7.000000000000000000 ) ) ;
#3614 = DIRECTION ( 'NONE',  ( -0.000000000000000000, -0.000000000000000000, 1.000000000000000000 ) ) ;
#3615 = DIRECTION ( 'NONE',  ( -1.000000000000000000, -1.065514437861031800E-14, 0.000000000000000000 ) ) ;
#3616 = ORIENTED_EDGE ( 'NONE', *, *, #60, .F. ) ;
#3617 = CARTESIAN_POINT ( 'NONE',  ( -2.400730342856472799, 8.683115444406361405, 6.000000000000000000 ) ) ;
#3618 = ORIENTED_EDGE ( 'NONE', *, *, #2871, .T. ) ;
#3619 = DIRECTION ( 'NONE',  ( 1.000000000000000000, 0.000000000000000000, 0.000000000000000000 ) ) ;
#3620 = ORIENTED_EDGE ( 'NONE', *, *, #1850, .T. ) ;
#3621 = DIRECTION ( 'NONE',  ( -0.000000000000000000, -0.000000000000000000, 1.000000000000000000 ) ) ;
#3622 = ORIENTED_EDGE ( 'NONE', *, *, #2309, .T. ) ;
#3623 = CARTESIAN_POINT ( 'NONE',  ( -10.00000000000000000, 50.00000000000000000, 7.000000000000000000 ) ) ;
#3624 = DIRECTION ( 'NONE',  ( -0.3090169943749482839, 0.9510565162951531981, 0.000000000000000000 ) ) ;
#3625 = EDGE_CURVE ( 'NONE', #4717, #3312, #711, .T. ) ;
#3626 = CYLINDRICAL_SURFACE ( 'NONE', #7714, 0.4000000000000001887 ) ;
#3627 = CARTESIAN_POINT ( 'NONE',  ( 9.000000000000003553, -0.3999999999999051536, -6.000000000000000000 ) ) ;
#3628 = ORIENTED_EDGE ( 'NONE', *, *, #6089, .F. ) ;
#3629 = DIRECTION ( 'NONE',  ( -0.8090169943749419001, -0.5877852522924807976, 0.000000000000000000 ) ) ;
#3630 = DIRECTION ( 'NONE',  ( -0.3090169943749515036, 0.9510565162951521989, 0.000000000000000000 ) ) ;
#3631 = CARTESIAN_POINT ( 'NONE',  ( 5.706339097770900537, 1.854101966249749323, 6.000000000000000000 ) ) ;
#3632 = ORIENTED_EDGE ( 'NONE', *, *, #6736, .T. ) ;
#3633 = CLOSED_SHELL ( 'NONE', ( #449, #7046, #5760, #5088, #7709, #4945, #6749, #7178, #4097, #7004, #4170, #3316, #2254, #3564, #1189, #6067, #1422, #3233, #7275, #3740, #3486, #1534, #3792, #4357, #6318, #4997, #5732, #3173, #3833, #7297, #2145, #4783, #2516, #6007, #4710, #696, #2061, #2358, #2237, #876, #5769, #5128, #1476, #7342, #7246, #1356, #7014, #4114, #239, #2244, #1076, #3894, #4751, #804, #3697, #1000, #6164, #6379, #5369, #2161, #112, #1225, #5858, #4121, #5194, #5824, #5173, #7302, #404, #3466, #1521, #1977, #1962, #296, #5183, #1557, #7695, #3357, #1955, #6198, #186, #549, #1568, #7047, #7247, #1656, #2135, #2778, #2985, #2, #2632, #3843, #7091, #826, #4169, #1616, #4124, #460, #3063, #6421, #4374, #3655, #3876, #6607, #4855, #6048, #5087, #1259, #1811, #3140, #2287, #1278, #7402, #419, #7288, #6835, #7646, #259, #2424, #7148, #4346, #5000, #7567, #5972, #4759, #5417, #1570, #3314, #4513, #6714, #2109, #3039, #4744, #2539, #3994, #4629, #559, #168, #6468, #1712, #3867, #7546, #3749, #1665, #344, #3260, #1801, #2977, #1340, #659, #6259, #5639, #5286, #4461, #3938, #7635, #3008, #4330, #888, #5096, #6343, #1224, #4254, #7140, #3549, #5266, #4709, #5224, #5147, #205, #7829, #1421, #1995, #4358, #6809, #6521, #4906, #4028, #5778, #3151, #3215, #6308, #4026, #1645, #4016, #5031, #6811, #5583, #2840, #4846, #3250, #7430, #7729, #1706, #7258, #2298, #7189, #3741, #1743, #5539, #2999, #2010, #4233, #886, #5135, #5872, #4540, #6630, #6621, #2568, #5136, #1600, #6902, #600, #1772, #6163, #2860, #7329, #939, #5439, #1856, #1844, #2376, #502, #6121, #3115, #6894, #5425, #5885, #5905, #105, #6943, #1313, #5916, #5876, #4401, #5145, #781, #2146, #7830, #4086, #6768, #3884, #7039, #5708, #7777, #1619, #4084, #2909, #128, #7210, #2192, #3611, #2390, #4611, #6357, #12 ) ) ;
#3634 = EDGE_CURVE ( 'NONE', #7101, #6116, #433, .T. ) ;
#3635 = VERTEX_POINT ( 'NONE', #2580 ) ;
#3636 = CARTESIAN_POINT ( 'NONE',  ( -9.000000000000001776, 0.3999999999999679923, -7.000000000000000000 ) ) ;
#3637 = ORIENTED_EDGE ( 'NONE', *, *, #2448, .T. ) ;
#3638 = FACE_OUTER_BOUND ( 'NONE', #6915, .T. ) ;
#3639 = DIRECTION ( 'NONE',  ( -0.5877852522924684742, -0.8090169943749507819, 0.000000000000000000 ) ) ;
#3640 = ORIENTED_EDGE ( 'NONE', *, *, #3122, .F. ) ;
#3641 = CARTESIAN_POINT ( 'NONE',  ( 25.00000000000001066, 50.00000000000000000, 23.59999999999999787 ) ) ;
#3642 = EDGE_CURVE ( 'NONE', #4850, #5936, #3759, .T. ) ;
#3643 = ORIENTED_EDGE ( 'NONE', *, *, #6845, .F. ) ;
#3644 = EDGE_CURVE ( 'NONE', #6997, #70, #5863, .T. ) ;
#3645 = VECTOR ( 'NONE', #5928, 1000.000000000000114 ) ;
#3646 = CIRCLE ( 'NONE', #3148, 0.3999999999999998002 ) ;
#3647 = FACE_OUTER_BOUND ( 'NONE', #1054, .T. ) ;
#3648 = DIRECTION ( 'NONE',  ( -0.000000000000000000, -0.000000000000000000, 1.000000000000000000 ) ) ;
#3649 = LINE ( 'NONE', #3095, #577 ) ;
#3650 = LINE ( 'NONE', #7307, #1487 ) ;
#3651 = ORIENTED_EDGE ( 'NONE', *, *, #770, .T. ) ;
#3652 = LINE ( 'NONE', #2947, #5340 ) ;
#3653 = VERTEX_POINT ( 'NONE', #3217 ) ;
#3655 = ADVANCED_FACE ( 'NONE', ( #2614 ), #1867, .T. ) ;
#3654 = AXIS2_PLACEMENT_3D ( 'NONE', #5518, #1960, #1366 ) ;
#3656 = CIRCLE ( 'NONE', #3023, 0.4000000000000001332 ) ;
#3657 = EDGE_CURVE ( 'NONE', #7123, #2605, #1696, .T. ) ;
#3658 = CARTESIAN_POINT ( 'NONE',  ( -3.526711513754811733, -4.854101966249705136, 6.000000000000000000 ) ) ;
#3659 = DIRECTION ( 'NONE',  ( -0.000000000000000000, -0.000000000000000000, -1.000000000000000000 ) ) ;
#3660 = VERTEX_POINT ( 'NONE', #5586 ) ;
#3661 = CARTESIAN_POINT ( 'NONE',  ( -4.618987865332703002, 3.850318311504807856, 6.000000000000000000 ) ) ;
#3662 = CARTESIAN_POINT ( 'NONE',  ( -8.683115444406352523, -2.400730342856503885, 7.000000000000000000 ) ) ;
#3663 = AXIS2_PLACEMENT_3D ( 'NONE', #2258, #5940, #5865 ) ;
#3664 = LINE ( 'NONE', #7249, #2129 ) ;
#3665 = VERTEX_POINT ( 'NONE', #170 ) ;
#3666 = CARTESIAN_POINT ( 'NONE',  ( -25.00000000000000711, 50.00000000000000000, -25.40000000000002345 ) ) ;
#3667 = CYLINDRICAL_SURFACE ( 'NONE', #157, 0.3999999999999993006 ) ;
#3668 = CYLINDRICAL_SURFACE ( 'NONE', #1182, 0.4000000000000001887 ) ;
#3669 = AXIS2_PLACEMENT_3D ( 'NONE', #7741, #1673, #4083 ) ;
#3670 = ORIENTED_EDGE ( 'NONE', *, *, #4559, .T. ) ;
#3671 = VECTOR ( 'NONE', #3929, 1000.000000000000000 ) ;
#3672 = ORIENTED_EDGE ( 'NONE', *, *, #4815, .F. ) ;
#3673 = DIRECTION ( 'NONE',  ( 0.000000000000000000, 0.000000000000000000, 1.000000000000000000 ) ) ;
#3674 = EDGE_CURVE ( 'NONE', #5481, #6472, #6261, .T. ) ;
#3675 = VECTOR ( 'NONE', #6796, 1000.000000000000000 ) ;
#3676 = ORIENTED_EDGE ( 'NONE', *, *, #7719, .T. ) ;
#3677 = CARTESIAN_POINT ( 'NONE',  ( -5.089216067166679736, 3.203104716004848918, -6.000000000000000000 ) ) ;
#3678 = FACE_OUTER_BOUND ( 'NONE', #3423, .T. ) ;
#3679 = VERTEX_POINT ( 'NONE', #829 ) ;
#3680 = DIRECTION ( 'NONE',  ( 0.9510565162951557516, -0.3090169943749410120, 0.000000000000000000 ) ) ;
#3681 = DIRECTION ( 'NONE',  ( 0.8090169943749531134, -0.5877852522924651435, 0.000000000000000000 ) ) ;
#3682 = CIRCLE ( 'NONE', #1284, 0.4000000000000001332 ) ;
#3683 = CARTESIAN_POINT ( 'NONE',  ( -0.3999999999999995781, 5.999999999999999112, 6.000000000000000000 ) ) ;
#3684 = DIRECTION ( 'NONE',  ( 0.000000000000000000, 0.000000000000000000, -1.000000000000000000 ) ) ;
#3685 = EDGE_CURVE ( 'NONE', #3335, #4775, #301, .T. ) ;
#3686 = EDGE_CURVE ( 'NONE', #6181, #7591, #5626, .T. ) ;
#3687 = VECTOR ( 'NONE', #3977, 1000.000000000000227 ) ;
#3688 = CARTESIAN_POINT ( 'NONE',  ( -5.510910596163086597E-16, 9.000000000000000000, 7.000000000000000000 ) ) ;
#3689 = CARTESIAN_POINT ( 'NONE',  ( 7.516267050291565610, -4.966460472882207711, 6.000000000000000000 ) ) ;
#3690 = ORIENTED_EDGE ( 'NONE', *, *, #5318, .T. ) ;
#3691 = CARTESIAN_POINT ( 'NONE',  ( -8.559508646656370345, -2.781152949374564809, -6.000000000000000000 ) ) ;
#3692 = AXIS2_PLACEMENT_3D ( 'NONE', #4768, #2875, #4654 ) ;
#3693 = ORIENTED_EDGE ( 'NONE', *, *, #6403, .T. ) ;
#3694 = CIRCLE ( 'NONE', #2686, 0.3999999999999999667 ) ;
#3695 = CIRCLE ( 'NONE', #35, 0.3999999999999999112 ) ;
#3696 = VECTOR ( 'NONE', #810, 1000.000000000000000 ) ;
#3697 = ADVANCED_FACE ( 'NONE', ( #2020 ), #4424, .F. ) ;
#3698 = CARTESIAN_POINT ( 'NONE',  ( 4.618987865332647047, 3.850318311504873137, -6.000000000000000000 ) ) ;
#3699 = CIRCLE ( 'NONE', #290, 0.3999999999999998557 ) ;
#3700 = EDGE_CURVE ( 'NONE', #4462, #854, #3248, .T. ) ;
#3701 = ORIENTED_EDGE ( 'NONE', *, *, #7788, .F. ) ;
#3702 = CYLINDRICAL_SURFACE ( 'NONE', #102, 0.4000000000000001887 ) ;
#3703 = VERTEX_POINT ( 'NONE', #5504 ) ;
#3704 = CARTESIAN_POINT ( 'NONE',  ( -5.290067270632215823, -7.281152949374556371, 6.000000000000000000 ) ) ;
#3705 = LINE ( 'NONE', #4364, #2305 ) ;
#3706 = VECTOR ( 'NONE', #1887, 1000.000000000000000 ) ;
#3707 = CIRCLE ( 'NONE', #7388, 0.4000000000000000222 ) ;
#3708 = DIRECTION ( 'NONE',  ( 0.5877852522924684742, 0.8090169943749507819, 0.000000000000000000 ) ) ;
#3709 = ORIENTED_EDGE ( 'NONE', *, *, #6549, .T. ) ;
#3710 = CARTESIAN_POINT ( 'NONE',  ( -4.854101966249691813, 3.526711513754828164, 7.000000000000000000 ) ) ;
#3711 = CIRCLE ( 'NONE', #4090, 0.3999999999999999112 ) ;
#3712 = DIRECTION ( 'NONE',  ( -0.8090169943749511150, 0.5877852522924682521, 0.000000000000000000 ) ) ;
#3713 = DIRECTION ( 'NONE',  ( 0.000000000000000000, 0.000000000000000000, 1.000000000000000000 ) ) ;
#3714 = EDGE_LOOP ( 'NONE', ( #4995, #4964 ) ) ;
#3715 = AXIS2_PLACEMENT_3D ( 'NONE', #4349, #55, #4275 ) ;
#3716 = ORIENTED_EDGE ( 'NONE', *, *, #493, .T. ) ;
#3717 = DIRECTION ( 'NONE',  ( -0.8090169943749487835, 0.5877852522924712497, 0.000000000000000000 ) ) ;
#3718 = EDGE_LOOP ( 'NONE', ( #2275, #6699, #6056, #935 ) ) ;
#3719 = PLANE ( 'NONE',  #1792 ) ;
#3720 = CARTESIAN_POINT ( 'NONE',  ( -1.473679359731627114, 5.829945895520899590, -6.000000000000000000 ) ) ;
#3721 = ORIENTED_EDGE ( 'NONE', *, *, #2100, .F. ) ;
#3722 = DIRECTION ( 'NONE',  ( 0.3090169943749431214, 0.9510565162951548634, 0.000000000000000000 ) ) ;
#3723 = CYLINDRICAL_SURFACE ( 'NONE', #3419, 0.4000000000000001887 ) ;
#3724 = CC_DESIGN_PERSON_AND_ORGANIZATION_ASSIGNMENT ( #335, #5157, ( #365 ) ) ;
#3725 = CARTESIAN_POINT ( 'NONE',  ( 25.00000000000001066, 54.00000000000000711, 25.40000000000000213 ) ) ;
#3726 = PLANE ( 'NONE',  #4056 ) ;
#3727 = CARTESIAN_POINT ( 'NONE',  ( 5.089216067166703716, -3.203104716004811170, 6.000000000000000000 ) ) ;
#3728 = DIRECTION ( 'NONE',  ( 0.5877852522924684742, 0.8090169943749507819, 0.000000000000000000 ) ) ;
#3729 = VERTEX_POINT ( 'NONE', #1901 ) ;
#3730 = DIRECTION ( 'NONE',  ( -0.000000000000000000, -0.000000000000000000, 1.000000000000000000 ) ) ;
#3731 = VERTEX_POINT ( 'NONE', #4292 ) ;
#3732 = ORIENTED_EDGE ( 'NONE', *, *, #6942, .T. ) ;
#3733 = EDGE_CURVE ( 'NONE', #491, #3277, #3711, .T. ) ;
#3734 = DIRECTION ( 'NONE',  ( -1.000000000000000000, 0.000000000000000000, 0.000000000000000000 ) ) ;
#3735 = ORIENTED_EDGE ( 'NONE', *, *, #2827, .F. ) ;
#3736 = DIRECTION ( 'NONE',  ( 0.3090169943749347392, 0.9510565162951576390, 0.000000000000000000 ) ) ;
#3737 = EDGE_LOOP ( 'NONE', ( #172, #6309, #436, #2339 ) ) ;
#3738 = PLANE ( 'NONE',  #3192 ) ;
#3739 = DIRECTION ( 'NONE',  ( -0.000000000000000000, -0.000000000000000000, -1.000000000000000000 ) ) ;
#3740 = ADVANCED_FACE ( 'NONE', ( #1191 ), #1740, .F. ) ;
#3741 = ADVANCED_FACE ( 'NONE', ( #1299 ), #7850, .F. ) ;
#3742 = LINE ( 'NONE', #7403, #6441 ) ;
#3743 = FACE_OUTER_BOUND ( 'NONE', #7821, .T. ) ;
#3744 = VERTEX_POINT ( 'NONE', #3113 ) ;
#3745 = DIRECTION ( 'NONE',  ( -0.8090169943749444537, -0.5877852522924771339, -0.000000000000000000 ) ) ;
#3746 = CARTESIAN_POINT ( 'NONE',  ( -7.516267050291491891, -4.966460472882315180, -7.000000000000000000 ) ) ;
#3747 = DIRECTION ( 'NONE',  ( 0.3090169943749445647, 0.9510565162951545304, 0.000000000000000000 ) ) ;
#3748 = ORIENTED_EDGE ( 'NONE', *, *, #4136, .T. ) ;
#3749 = ADVANCED_FACE ( 'NONE', ( #6618 ), #3668, .F. ) ;
#3750 = EDGE_CURVE ( 'NONE', #1168, #5411, #3324, .T. ) ;
#3751 = VERTEX_POINT ( 'NONE', #4779 ) ;
#3752 = DIRECTION ( 'NONE',  ( 0.000000000000000000, 0.000000000000000000, 1.000000000000000000 ) ) ;
#3753 = ORIENTED_EDGE ( 'NONE', *, *, #7679, .F. ) ;
#3754 = CARTESIAN_POINT ( 'NONE',  ( -57.50000000000000000, 54.00000000000000711, 38.50000000000000000 ) ) ;
#3755 = FACE_OUTER_BOUND ( 'NONE', #328, .T. ) ;
#3756 = EDGE_LOOP ( 'NONE', ( #7784, #6594, #6326, #4177 ) ) ;
#3757 = LINE ( 'NONE', #6174, #281 ) ;
#3758 = AXIS2_PLACEMENT_3D ( 'NONE', #2775, #1552, #2186 ) ;
#3759 = LINE ( 'NONE', #6822, #1440 ) ;
#3760 = DIRECTION ( 'NONE',  ( -0.3090169943749517811, 0.9510565162951520879, 0.000000000000000000 ) ) ;
#3761 = DIRECTION ( 'NONE',  ( -1.000000000000000000, 0.000000000000000000, 0.000000000000000000 ) ) ;
#3762 = DIRECTION ( 'NONE',  ( -0.000000000000000000, 0.000000000000000000, 1.000000000000000000 ) ) ;
#3763 = ORIENTED_EDGE ( 'NONE', *, *, #5378, .T. ) ;
#3764 = CARTESIAN_POINT ( 'NONE',  ( -6.000000000000000000, -2.094888803305880013E-14, -7.000000000000000000 ) ) ;
#3765 = EDGE_LOOP ( 'NONE', ( #3921, #7532, #246, #7035 ) ) ;
#3766 = ORIENTED_EDGE ( 'NONE', *, *, #1627, .F. ) ;
#3767 = AXIS2_PLACEMENT_3D ( 'NONE', #3109, #729, #4331 ) ;
#3768 = VECTOR ( 'NONE', #6412, 999.9999999999998863 ) ;
#3769 = DIRECTION ( 'NONE',  ( 0.000000000000000000, -0.000000000000000000, 1.000000000000000000 ) ) ;
#3770 = CARTESIAN_POINT ( 'NONE',  ( 7.281152949374576799, -5.290067270632186514, 6.000000000000000000 ) ) ;
#3771 = DIRECTION ( 'NONE',  ( -0.000000000000000000, 0.000000000000000000, 1.000000000000000000 ) ) ;
#3772 = AXIS2_PLACEMENT_3D ( 'NONE', #3194, #6196, #772 ) ;
#3773 = EDGE_CURVE ( 'NONE', #4914, #473, #6579, .T. ) ;
#3774 = ORIENTED_EDGE ( 'NONE', *, *, #366, .T. ) ;
#3775 = CIRCLE ( 'NONE', #111, 0.4000000000000001887 ) ;
#3776 = CARTESIAN_POINT ( 'NONE',  ( -8.435901848906391720, -3.161575555892626177, -6.000000000000000000 ) ) ;
#3777 = DIRECTION ( 'NONE',  ( -1.000000000000000000, -0.000000000000000000, -0.000000000000000000 ) ) ;
#3778 = CARTESIAN_POINT ( 'NONE',  ( -8.435901848906413036, 3.161575555892564449, -7.000000000000000000 ) ) ;
#3779 = DIRECTION ( 'NONE',  ( 0.000000000000000000, 0.000000000000000000, 1.000000000000000000 ) ) ;
#3780 = ORIENTED_EDGE ( 'NONE', *, *, #2203, .F. ) ;
#3781 = EDGE_CURVE ( 'NONE', #2393, #193, #6013, .T. ) ;
#3782 = CARTESIAN_POINT ( 'NONE',  ( -1.854101966249689148, 5.706339097770920965, 7.000000000000000000 ) ) ;
#3783 = EDGE_CURVE ( 'NONE', #79, #83, #6086, .T. ) ;
#3784 = EDGE_CURVE ( 'NONE', #294, #4362, #1780, .T. ) ;
#3785 = CARTESIAN_POINT ( 'NONE',  ( -3.181152949374470129, -8.559508646656400543, -7.000000000000000000 ) ) ;
#3786 = DIRECTION ( 'NONE',  ( -1.000000000000000000, 0.000000000000000000, 0.000000000000000000 ) ) ;
#3787 = CIRCLE ( 'NONE', #379, 0.4000000000000001887 ) ;
#3788 = ORIENTED_EDGE ( 'NONE', *, *, #1986, .F. ) ;
#3789 = ORIENTED_EDGE ( 'NONE', *, *, #1945, .T. ) ;
#3790 = EDGE_LOOP ( 'NONE', ( #2035, #7145, #2906, #5616 ) ) ;
#3791 = CIRCLE ( 'NONE', #5560, 0.3999999999999999667 ) ;
#3792 = ADVANCED_FACE ( 'NONE', ( #664 ), #6655, .F. ) ;
#3793 = ORIENTED_EDGE ( 'NONE', *, *, #4697, .T. ) ;
#3794 = CARTESIAN_POINT ( 'NONE',  ( 2.234524572767672801, 5.582732300020971650, -6.000000000000000000 ) ) ;
#3795 = CARTESIAN_POINT ( 'NONE',  ( 4.618987865332647047, 3.850318311504873137, 6.000000000000000000 ) ) ;
#3796 = ORIENTED_EDGE ( 'NONE', *, *, #4314, .T. ) ;
#3797 = LINE ( 'NONE', #6216, #7756 ) ;
#3798 = AXIS2_PLACEMENT_3D ( 'NONE', #6612, #3554, #5330 ) ;
#3799 = CYLINDRICAL_SURFACE ( 'NONE', #3080, 0.3999999999999997446 ) ;
#3800 = DIRECTION ( 'NONE',  ( -0.000000000000000000, 0.000000000000000000, -1.000000000000000000 ) ) ;
#3801 = EDGE_CURVE ( 'NONE', #3251, #5941, #5606, .T. ) ;
#3802 = EDGE_LOOP ( 'NONE', ( #6049, #2508, #3567, #6548 ) ) ;
#3803 = CARTESIAN_POINT ( 'NONE',  ( 3.161575555892655043, -8.435901848906379286, 6.000000000000000000 ) ) ;
#3804 = CIRCLE ( 'NONE', #3038, 0.4000000000000001887 ) ;
#3805 = ORIENTED_EDGE ( 'NONE', *, *, #5328, .T. ) ;
#3806 = CARTESIAN_POINT ( 'NONE',  ( -0.3999999999999995781, 5.999999999999999112, 7.000000000000000000 ) ) ;
#3807 = VERTEX_POINT ( 'NONE', #625 ) ;
#3808 = CIRCLE ( 'NONE', #2299, 0.3999999999999999667 ) ;
#3809 = VECTOR ( 'NONE', #1822, 1000.000000000000000 ) ;
#3810 = CARTESIAN_POINT ( 'NONE',  ( -6.000000000000000888, 0.3999999999999794831, 6.000000000000000000 ) ) ;
#3811 = FACE_OUTER_BOUND ( 'NONE', #1248, .T. ) ;
#3812 = ORIENTED_EDGE ( 'NONE', *, *, #7420, .T. ) ;
#3813 = CIRCLE ( 'NONE', #5337, 0.9000000000000014655 ) ;
#3814 = FACE_OUTER_BOUND ( 'NONE', #6204, .T. ) ;
#3815 = ORIENTED_EDGE ( 'NONE', *, *, #4547, .T. ) ;
#3816 = CARTESIAN_POINT ( 'NONE',  ( -3.850318311504823843, 4.618987865332690568, -6.000000000000000000 ) ) ;
#3817 = CARTESIAN_POINT ( 'NONE',  ( -2.234524572767749628, 5.582732300020941452, -7.000000000000000000 ) ) ;
#3818 = VECTOR ( 'NONE', #1406, 1000.000000000000000 ) ;
#3819 = AXIS2_PLACEMENT_3D ( 'NONE', #3816, #298, #2711 ) ;
#3820 = VECTOR ( 'NONE', #1897, 1000.000000000000000 ) ;
#3821 = EDGE_CURVE ( 'NONE', #4583, #1604, #4891, .T. ) ;
#3822 = DIRECTION ( 'NONE',  ( 0.5877852522924832401, -0.8090169943749401238, 0.000000000000000000 ) ) ;
#3823 = CYLINDRICAL_SURFACE ( 'NONE', #4447, 0.4000000000000001887 ) ;
#3824 = VECTOR ( 'NONE', #3922, 1000.000000000000000 ) ;
#3825 = ORIENTED_EDGE ( 'NONE', *, *, #1722, .F. ) ;
#3826 = DIRECTION ( 'NONE',  ( 0.000000000000000000, 0.000000000000000000, 1.000000000000000000 ) ) ;
#3827 = PLANE ( 'NONE',  #5714 ) ;
#3828 = FACE_OUTER_BOUND ( 'NONE', #5624, .T. ) ;
#3829 = AXIS2_PLACEMENT_3D ( 'NONE', #3853, #1325, #3734 ) ;
#3830 = ORIENTED_EDGE ( 'NONE', *, *, #4612, .T. ) ;
#3831 = EDGE_LOOP ( 'NONE', ( #7041, #7142, #1948, #1736 ) ) ;
#3832 = AXIS2_PLACEMENT_3D ( 'NONE', #2639, #1456, #5048 ) ;
#3833 = ADVANCED_FACE ( 'NONE', ( #5453 ), #40, .F. ) ;
#3834 = AXIS2_PLACEMENT_3D ( 'NONE', #6784, #5022, #126 ) ;
#3835 = VERTEX_POINT ( 'NONE', #4861 ) ;
#3836 = DIRECTION ( 'NONE',  ( 0.8090169943749556669, -0.5877852522924618128, 0.000000000000000000 ) ) ;
#3837 = LINE ( 'NONE', #4340, #133 ) ;
#3838 = VERTEX_POINT ( 'NONE', #7292 ) ;
#3839 = DIRECTION ( 'NONE',  ( -0.000000000000000000, -0.000000000000000000, -1.000000000000000000 ) ) ;
#3840 = FACE_OUTER_BOUND ( 'NONE', #1748, .T. ) ;
#3841 = ORIENTED_EDGE ( 'NONE', *, *, #4226, .F. ) ;
#3842 = DIRECTION ( 'NONE',  ( 1.000000000000000000, 0.000000000000000000, 0.000000000000000000 ) ) ;
#3843 = ADVANCED_FACE ( 'NONE', ( #1854 ), #1150, .T. ) ;
#3844 = EDGE_CURVE ( 'NONE', #4522, #3573, #5493, .T. ) ;
#3845 = DIRECTION ( 'NONE',  ( 0.9510565162951535312, 0.3090169943749473402, 0.000000000000000000 ) ) ;
#3846 = DIRECTION ( 'NONE',  ( -1.000000000000000000, 0.000000000000000000, 0.000000000000000000 ) ) ;
#3847 = ORIENTED_EDGE ( 'NONE', *, *, #1287, .T. ) ;
#3848 = FACE_OUTER_BOUND ( 'NONE', #7669, .T. ) ;
#3849 = ORIENTED_EDGE ( 'NONE', *, *, #6457, .F. ) ;
#3850 = CARTESIAN_POINT ( 'NONE',  ( -5.706339097770914748, -1.854101966249709799, 6.000000000000000000 ) ) ;
#3851 = EDGE_LOOP ( 'NONE', ( #3716, #5166, #2717, #5634 ) ) ;
#3852 = EDGE_CURVE ( 'NONE', #3895, #7518, #6128, .T. ) ;
#3853 = CARTESIAN_POINT ( 'NONE',  ( 3.526711513754774874, 4.854101966249730893, -6.000000000000000000 ) ) ;
#3854 = CARTESIAN_POINT ( 'NONE',  ( 3.203104716004903985, -5.089216067166645097, 6.000000000000000000 ) ) ;
#3855 = ORIENTED_EDGE ( 'NONE', *, *, #5597, .T. ) ;
#3856 = DIRECTION ( 'NONE',  ( -0.000000000000000000, -0.000000000000000000, 1.000000000000000000 ) ) ;
#3857 = VERTEX_POINT ( 'NONE', #3200 ) ;
#3858 = FACE_OUTER_BOUND ( 'NONE', #882, .T. ) ;
#3859 = LINE ( 'NONE', #6276, #7500 ) ;
#3860 = ORIENTED_EDGE ( 'NONE', *, *, #611, .T. ) ;
#3861 = DIRECTION ( 'NONE',  ( 0.5877852522924832401, -0.8090169943749400128, 0.000000000000000000 ) ) ;
#3862 = CARTESIAN_POINT ( 'NONE',  ( -24.99999999999999645, 50.00000000000000000, 25.40000000000000924 ) ) ;
#3863 = ORIENTED_EDGE ( 'NONE', *, *, #6223, .T. ) ;
#3864 = CARTESIAN_POINT ( 'NONE',  ( 7.516267050291565610, -4.966460472882207711, 6.000000000000000000 ) ) ;
#3865 = CARTESIAN_POINT ( 'NONE',  ( -5.999999999999997335, -0.4000000000000205058, 7.000000000000000000 ) ) ;
#3866 = LINE ( 'NONE', #4455, #2321 ) ;
#3867 = ADVANCED_FACE ( 'NONE', ( #2004 ), #4407, .F. ) ;
#3868 = VERTEX_POINT ( 'NONE', #3156 ) ;
#3869 = FACE_BOUND ( 'NONE', #310, .T. ) ;
#3870 = ORIENTED_EDGE ( 'NONE', *, *, #1029, .T. ) ;
#3871 = ORIENTED_EDGE ( 'NONE', *, *, #7282, .F. ) ;
#3872 = CYLINDRICAL_SURFACE ( 'NONE', #3225, 0.4000000000000001887 ) ;
#3873 = PLANE ( 'NONE',  #2000 ) ;
#3874 = FACE_BOUND ( 'NONE', #4385, .T. ) ;
#3875 = CARTESIAN_POINT ( 'NONE',  ( 8.683115444406332983, 2.400730342856564725, 6.000000000000000000 ) ) ;
#3876 = ADVANCED_FACE ( 'NONE', ( #5567 ), #6202, .F. ) ;
#3877 = VERTEX_POINT ( 'NONE', #266 ) ;
#3878 = CYLINDRICAL_SURFACE ( 'NONE', #657, 0.3999999999999993006 ) ;
#3879 = CARTESIAN_POINT ( 'NONE',  ( -4.618987865332676357, -3.850318311504838942, -6.000000000000000000 ) ) ;
#3880 = DIRECTION ( 'NONE',  ( -0.8090169943749531134, 0.5877852522924651435, 0.000000000000000000 ) ) ;
#3881 = ORIENTED_EDGE ( 'NONE', *, *, #3493, .F. ) ;
#3882 = DIRECTION ( 'NONE',  ( -0.3090169943749584425, 0.9510565162951499785, 0.000000000000000000 ) ) ;
#3883 = EDGE_CURVE ( 'NONE', #3180, #5267, #2679, .T. ) ;
#3884 = ADVANCED_FACE ( 'NONE', ( #4976 ), #6806, .F. ) ;
#3885 = AXIS2_PLACEMENT_3D ( 'NONE', #2543, #1393, #1981 ) ;
#3886 = EDGE_LOOP ( 'NONE', ( #4264, #4719, #5483, #7396, #3246 ) ) ;
#3887 = CARTESIAN_POINT ( 'NONE',  ( -3.850318311504823843, 4.618987865332690568, -6.000000000000000000 ) ) ;
#3888 = ORIENTED_EDGE ( 'NONE', *, *, #5532, .T. ) ;
#3889 = AXIS2_PLACEMENT_3D ( 'NONE', #3237, #4369, #5522 ) ;
#3890 = DIRECTION ( 'NONE',  ( -0.000000000000000000, -0.000000000000000000, 1.000000000000000000 ) ) ;
#3891 = LINE ( 'NONE', #806, #761 ) ;
#3892 = ORIENTED_EDGE ( 'NONE', *, *, #3986, .T. ) ;
#3893 = FACE_OUTER_BOUND ( 'NONE', #6014, .T. ) ;
#3894 = ADVANCED_FACE ( 'NONE', ( #227 ), #7483, .T. ) ;
#3895 = VERTEX_POINT ( 'NONE', #1373 ) ;
#3896 = FACE_OUTER_BOUND ( 'NONE', #5433, .T. ) ;
#3897 = DIRECTION ( 'NONE',  ( 1.807003620809173892E-16, -1.000000000000000000, 0.000000000000000000 ) ) ;
#3898 = EDGE_CURVE ( 'NONE', #2493, #18, #5988, .T. ) ;
#3899 = APPROVAL_STATUS ( 'not_yet_approved' ) ;
#3900 = DIRECTION ( 'NONE',  ( -0.3090169943749389025, -0.9510565162951563067, 0.000000000000000000 ) ) ;
#3901 = VECTOR ( 'NONE', #6931, 1000.000000000000000 ) ;
#3902 = AXIS2_PLACEMENT_3D ( 'NONE', #4225, #3597, #1778 ) ;
#3903 = EDGE_LOOP ( 'NONE', ( #1490, #378, #469, #4666 ) ) ;
#3904 = CARTESIAN_POINT ( 'NONE',  ( 3.526711513754881455, -4.854101966249653621, -6.000000000000000000 ) ) ;
#3905 = DIRECTION ( 'NONE',  ( -0.3090169943749482839, 0.9510565162951531981, 0.000000000000000000 ) ) ;
#3906 = LINE ( 'NONE', #7445, #7767 ) ;
#3907 = ORIENTED_EDGE ( 'NONE', *, *, #5385, .F. ) ;
#3908 = DIRECTION ( 'NONE',  ( 1.000000000000000000, 0.000000000000000000, -0.000000000000000000 ) ) ;
#3909 = AXIS2_PLACEMENT_3D ( 'NONE', #7836, #6601, #1728 ) ;
#3910 = ORIENTED_EDGE ( 'NONE', *, *, #7090, .T. ) ;
#3911 = FACE_OUTER_BOUND ( 'NONE', #690, .T. ) ;
#3912 = AXIS2_PLACEMENT_3D ( 'NONE', #6391, #3418, #1599 ) ;
#3913 = FACE_BOUND ( 'NONE', #4368, .T. ) ;
#3914 = ORIENTED_EDGE ( 'NONE', *, *, #988, .T. ) ;
#3915 = CARTESIAN_POINT ( 'NONE',  ( 2.750000000000000000, 3.367778697655221012E-16, 7.000000000000000000 ) ) ;
#3916 = EDGE_CURVE ( 'NONE', #208, #300, #4491, .T. ) ;
#3917 = CARTESIAN_POINT ( 'NONE',  ( -5.706339097770928070, 1.854101966249668720, -7.000000000000000000 ) ) ;
#3918 = DIRECTION ( 'NONE',  ( 0.000000000000000000, 0.000000000000000000, 1.000000000000000000 ) ) ;
#3919 = ORIENTED_EDGE ( 'NONE', *, *, #7523, .F. ) ;
#3920 = FACE_OUTER_BOUND ( 'NONE', #4535, .T. ) ;
#3921 = ORIENTED_EDGE ( 'NONE', *, *, #5119, .F. ) ;
#3922 = DIRECTION ( 'NONE',  ( -0.000000000000000000, -1.000000000000000000, -0.000000000000000000 ) ) ;
#3923 = CIRCLE ( 'NONE', #4293, 0.4000000000000000222 ) ;
#3924 = ORIENTED_EDGE ( 'NONE', *, *, #6146, .F. ) ;
#3925 = EDGE_CURVE ( 'NONE', #6000, #2056, #3906, .T. ) ;
#3926 = EDGE_CURVE ( 'NONE', #993, #4064, #7382, .T. ) ;
#3927 = VECTOR ( 'NONE', #4756, 1000.000000000000000 ) ;
#3928 = DIRECTION ( 'NONE',  ( 0.000000000000000000, -0.000000000000000000, -1.000000000000000000 ) ) ;
#3929 = DIRECTION ( 'NONE',  ( -0.000000000000000000, 0.000000000000000000, -1.000000000000000000 ) ) ;
#3930 = ORIENTED_EDGE ( 'NONE', *, *, #842, .F. ) ;
#3931 = CARTESIAN_POINT ( 'NONE',  ( 5.999999999999994671, 0.4000000000000624167, 6.000000000000000000 ) ) ;
#3932 = DIRECTION ( 'NONE',  ( -0.000000000000000000, 0.000000000000000000, 1.000000000000000000 ) ) ;
#3933 = ORIENTED_EDGE ( 'NONE', *, *, #3455, .T. ) ;
#3934 = CIRCLE ( 'NONE', #6730, 0.3999999999999999667 ) ;
#3935 = CARTESIAN_POINT ( 'NONE',  ( -2.781152949374469774, -8.559508646656400543, -6.000000000000000000 ) ) ;
#3936 = DIRECTION ( 'NONE',  ( -0.000000000000000000, 0.000000000000000000, 1.000000000000000000 ) ) ;
#3937 = ORIENTED_EDGE ( 'NONE', *, *, #2597, .F. ) ;
#3938 = ADVANCED_FACE ( 'NONE', ( #3828 ), #151, .F. ) ;
#3939 = EDGE_CURVE ( 'NONE', #4135, #2688, #6246, .T. ) ;
#3940 = VECTOR ( 'NONE', #5976, 1000.000000000000000 ) ;
#3941 = LINE ( 'NONE', #968, #2067 ) ;
#3942 = ORIENTED_EDGE ( 'NONE', *, *, #3391, .F. ) ;
#3943 = LINE ( 'NONE', #2796, #2266 ) ;
#3944 = AXIS2_PLACEMENT_3D ( 'NONE', #5681, #2037, #4443 ) ;
#3945 = CARTESIAN_POINT ( 'NONE',  ( -1.473679359731627114, 5.829945895520899590, 7.000000000000000000 ) ) ;
#3946 = FACE_OUTER_BOUND ( 'NONE', #5920, .T. ) ;
#3947 = VERTEX_POINT ( 'NONE', #6773 ) ;
#3948 = ORIENTED_EDGE ( 'NONE', *, *, #6559, .T. ) ;
#3949 = VECTOR ( 'NONE', #431, 1000.000000000000000 ) ;
#3950 = CIRCLE ( 'NONE', #1293, 0.3999999999999995781 ) ;
#3951 = EDGE_CURVE ( 'NONE', #300, #6997, #5726, .T. ) ;
#3952 = ORIENTED_EDGE ( 'NONE', *, *, #5395, .T. ) ;
#3953 = CARTESIAN_POINT ( 'NONE',  ( -5.582732300020933458, -2.234524572767770056, 6.000000000000000000 ) ) ;
#3954 = FACE_OUTER_BOUND ( 'NONE', #7182, .T. ) ;
#3955 = VECTOR ( 'NONE', #5759, 1000.000000000000000 ) ;
#3956 = CARTESIAN_POINT ( 'NONE',  ( -4.854101966249667832, -3.526711513754861915, 7.000000000000000000 ) ) ;
#3957 = DIRECTION ( 'NONE',  ( 0.5877852522924624790, 0.8090169943749552228, 0.000000000000000000 ) ) ;
#3958 = VERTEX_POINT ( 'NONE', #2049 ) ;
#3959 = LINE ( 'NONE', #3915, #786 ) ;
#3960 = AXIS2_PLACEMENT_3D ( 'NONE', #3631, #6047, #3082 ) ;
#3961 = CARTESIAN_POINT ( 'NONE',  ( 8.559508646656350805, 2.781152949374624317, 7.000000000000000000 ) ) ;
#3962 = CARTESIAN_POINT ( 'NONE',  ( 7.516267050291454588, 4.966460472882371135, -6.000000000000000000 ) ) ;
#3963 = EDGE_LOOP ( 'NONE', ( #3263, #1613, #2328, #1644 ) ) ;
#3964 = DIRECTION ( 'NONE',  ( -0.000000000000000000, -1.000000000000000000, -0.000000000000000000 ) ) ;
#3965 = ORIENTED_EDGE ( 'NONE', *, *, #7814, .F. ) ;
#3966 = CARTESIAN_POINT ( 'NONE',  ( -3.161575555892595091, 8.435901848906404155, -7.000000000000000000 ) ) ;
#3967 = ORIENTED_EDGE ( 'NONE', *, *, #931, .F. ) ;
#3968 = EDGE_CURVE ( 'NONE', #5454, #2586, #3866, .T. ) ;
#3969 = ORIENTED_EDGE ( 'NONE', *, *, #2483, .T. ) ;
#3970 = DIRECTION ( 'NONE',  ( -0.000000000000000000, -0.000000000000000000, 1.000000000000000000 ) ) ;
#3971 = DIRECTION ( 'NONE',  ( 0.000000000000000000, -1.000000000000000000, 0.000000000000000000 ) ) ;
#3972 = ORIENTED_EDGE ( 'NONE', *, *, #4862, .T. ) ;
#3973 = DIRECTION ( 'NONE',  ( -0.000000000000000000, -0.000000000000000000, 1.000000000000000000 ) ) ;
#3974 = DIRECTION ( 'NONE',  ( 0.5877852522924744694, -0.8090169943749465631, 0.000000000000000000 ) ) ;
#3975 = ORIENTED_EDGE ( 'NONE', *, *, #1055, .T. ) ;
#3976 = CARTESIAN_POINT ( 'NONE',  ( -5.510910596163086597E-16, 9.000000000000000000, 6.000000000000000000 ) ) ;
#3977 = DIRECTION ( 'NONE',  ( 0.3090169943749482839, -0.9510565162951531981, 0.000000000000000000 ) ) ;
#3978 = EDGE_CURVE ( 'NONE', #6038, #1553, #5222, .T. ) ;
#3979 = PERSON_AND_ORGANIZATION ( #6561, #5416 ) ;
#3980 = DIRECTION ( 'NONE',  ( -0.8090169943749531134, 0.5877852522924651435, 0.000000000000000000 ) ) ;
#3981 = ORIENTED_EDGE ( 'NONE', *, *, #2622, .F. ) ;
#3982 = DIRECTION ( 'NONE',  ( -0.000000000000000000, -0.000000000000000000, 1.000000000000000000 ) ) ;
#3983 = ORIENTED_EDGE ( 'NONE', *, *, #2585, .F. ) ;
#3984 = CARTESIAN_POINT ( 'NONE',  ( -5.089216067166657531, -3.203104716004883556, -7.000000000000000000 ) ) ;
#3985 = LINE ( 'NONE', #7722, #4568 ) ;
#3986 = EDGE_CURVE ( 'NONE', #6910, #7171, #6364, .T. ) ;
#3987 = EDGE_CURVE ( 'NONE', #2866, #141, #739, .T. ) ;
#3988 = ORIENTED_EDGE ( 'NONE', *, *, #4960, .T. ) ;
#3989 = VECTOR ( 'NONE', #3614, 1000.000000000000000 ) ;
#3990 = ORIENTED_EDGE ( 'NONE', *, *, #4027, .T. ) ;
#3991 = CARTESIAN_POINT ( 'NONE',  ( 3.203104716004792962, 5.089216067166714375, 6.000000000000000000 ) ) ;
#3992 = FACE_BOUND ( 'NONE', #790, .T. ) ;
#3993 = CARTESIAN_POINT ( 'NONE',  ( 4.618987865332731424, -3.850318311504773661, -7.000000000000000000 ) ) ;
#3994 = ADVANCED_FACE ( 'NONE', ( #938 ), #5284, .F. ) ;
#3995 = ORIENTED_EDGE ( 'NONE', *, *, #2475, .T. ) ;
#3996 = LINE ( 'NONE', #2696, #6093 ) ;
#3997 = EDGE_CURVE ( 'NONE', #5490, #2169, #5200, .T. ) ;
#3998 = DIRECTION ( 'NONE',  ( -0.000000000000000000, -0.000000000000000000, 1.000000000000000000 ) ) ;
#3999 = CARTESIAN_POINT ( 'NONE',  ( 8.559508646656407649, -2.781152949374444017, -6.000000000000000000 ) ) ;
#4000 = ORIENTED_EDGE ( 'NONE', *, *, #2922, .T. ) ;
#4001 = CARTESIAN_POINT ( 'NONE',  ( -2.781152949374469774, -8.559508646656400543, -6.000000000000000000 ) ) ;
#4002 = ORIENTED_EDGE ( 'NONE', *, *, #1331, .F. ) ;
#4003 = DIRECTION ( 'NONE',  ( -0.000000000000000000, -0.000000000000000000, 1.000000000000000000 ) ) ;
#4004 = ORIENTED_EDGE ( 'NONE', *, *, #3026, .T. ) ;
#4005 = ORIENTED_EDGE ( 'NONE', *, *, #1216, .T. ) ;
#4006 = DIRECTION ( 'NONE',  ( 0.5877852522924832401, -0.8090169943749400128, 0.000000000000000000 ) ) ;
#4007 = DIRECTION ( 'NONE',  ( 0.000000000000000000, 0.000000000000000000, 1.000000000000000000 ) ) ;
#4008 = CARTESIAN_POINT ( 'NONE',  ( 2.400730342856351562, 8.683115444406393379, 7.000000000000000000 ) ) ;
#4009 = DIRECTION ( 'NONE',  ( 0.000000000000000000, -1.000000000000000000, 0.000000000000000000 ) ) ;
#4010 = ORIENTED_EDGE ( 'NONE', *, *, #6059, .T. ) ;
#4011 = DIRECTION ( 'NONE',  ( 0.000000000000000000, -0.000000000000000000, 1.000000000000000000 ) ) ;
#4012 = DIRECTION ( 'NONE',  ( 0.9510565162951566398, -0.3090169943749381254, 0.000000000000000000 ) ) ;
#4013 = ORIENTED_EDGE ( 'NONE', *, *, #2613, .F. ) ;
#4014 = CALENDAR_DATE ( 2025, 8, 12 ) ;
#4015 = CARTESIAN_POINT ( 'NONE',  ( -5.582732300020949445, 2.234524572767730533, -7.000000000000000000 ) ) ;
#4016 = ADVANCED_FACE ( 'NONE', ( #974 ), #3432, .F. ) ;
#4017 = FACE_OUTER_BOUND ( 'NONE', #4927, .T. ) ;
#4018 = CIRCLE ( 'NONE', #3513, 0.3999999999999995781 ) ;
#4019 = ORIENTED_EDGE ( 'NONE', *, *, #5631, .T. ) ;
#4020 = CARTESIAN_POINT ( 'NONE',  ( -1.454101966249647049, -5.706339097770934288, 6.000000000000000000 ) ) ;
#4021 = CARTESIAN_POINT ( 'NONE',  ( 8.683115444406384498, -2.400730342856381760, -7.000000000000000000 ) ) ;
#4022 = VERTEX_POINT ( 'NONE', #2799 ) ;
#4023 = ORIENTED_EDGE ( 'NONE', *, *, #5495, .T. ) ;
#4024 = VECTOR ( 'NONE', #2338, 1000.000000000000000 ) ;
#4025 = VECTOR ( 'NONE', #4070, 1000.000000000000000 ) ;
#4026 = ADVANCED_FACE ( 'NONE', ( #5805 ), #3387, .F. ) ;
#4027 = EDGE_CURVE ( 'NONE', #6373, #5591, #7126, .T. ) ;
#4028 = ADVANCED_FACE ( 'NONE', ( #7087 ), #2845, .F. ) ;
#4029 = VERTEX_POINT ( 'NONE', #7605 ) ;
#4030 = DIRECTION ( 'NONE',  ( 0.000000000000000000, 0.000000000000000000, 1.000000000000000000 ) ) ;
#4031 = DIRECTION ( 'NONE',  ( -0.000000000000000000, -0.000000000000000000, 1.000000000000000000 ) ) ;
#4032 = FACE_OUTER_BOUND ( 'NONE', #99, .T. ) ;
#4033 = DIRECTION ( 'NONE',  ( 0.000000000000000000, -0.000000000000000000, 1.000000000000000000 ) ) ;
#4034 = ORIENTED_EDGE ( 'NONE', *, *, #5915, .F. ) ;
#4035 = CARTESIAN_POINT ( 'NONE',  ( -24.99999999999999645, -9.999999999999994671, 23.60000000000000497 ) ) ;
#4036 = VECTOR ( 'NONE', #3771, 1000.000000000000000 ) ;
#4037 = EDGE_CURVE ( 'NONE', #3729, #2688, #1612, .T. ) ;
#4038 = CARTESIAN_POINT ( 'NONE',  ( 3.850318311504857594, -4.618987865332661258, 6.000000000000000000 ) ) ;
#4039 = DIRECTION ( 'NONE',  ( -0.000000000000000000, -0.000000000000000000, 1.000000000000000000 ) ) ;
#4040 = ORIENTED_EDGE ( 'NONE', *, *, #3773, .T. ) ;
#4041 = CYLINDRICAL_SURFACE ( 'NONE', #5070, 0.4000000000000001887 ) ;
#4042 = ORIENTED_EDGE ( 'NONE', *, *, #6978, .T. ) ;
#4043 = CARTESIAN_POINT ( 'NONE',  ( 1.854101966249609657, 5.706339097770945834, -6.000000000000000000 ) ) ;
#4044 = ORIENTED_EDGE ( 'NONE', *, *, #4313, .F. ) ;
#4045 = AXIS2_PLACEMENT_3D ( 'NONE', #6053, #4746, #1153 ) ;
#4046 = EDGE_CURVE ( 'NONE', #1818, #7769, #3985, .T. ) ;
#4047 = VERTEX_POINT ( 'NONE', #2166 ) ;
#4048 = CARTESIAN_POINT ( 'NONE',  ( -4.854101966249691813, 3.526711513754828164, 6.000000000000000000 ) ) ;
#4049 = DIRECTION ( 'NONE',  ( -0.000000000000000000, -0.000000000000000000, 1.000000000000000000 ) ) ;
#4050 = CARTESIAN_POINT ( 'NONE',  ( 8.683115444406384498, -2.400730342856381760, 6.000000000000000000 ) ) ;
#4051 = DIRECTION ( 'NONE',  ( 0.000000000000000000, -0.000000000000000000, -1.000000000000000000 ) ) ;
#4052 = ORIENTED_EDGE ( 'NONE', *, *, #4559, .F. ) ;
#4053 = DIRECTION ( 'NONE',  ( 0.000000000000000000, -0.000000000000000000, 1.000000000000000000 ) ) ;
#4054 = CARTESIAN_POINT ( 'NONE',  ( 1.473679359731546956, 5.829945895520919130, -6.000000000000000000 ) ) ;
#4055 = ORIENTED_EDGE ( 'NONE', *, *, #6736, .F. ) ;
#4056 = AXIS2_PLACEMENT_3D ( 'NONE', #6139, #5544, #127 ) ;
#4057 = APPROVAL_ROLE ( '' ) ;
#4058 = LINE ( 'NONE', #6485, #2316 ) ;
#4059 = CIRCLE ( 'NONE', #1049, 0.3999999999999997446 ) ;
#4060 = DIRECTION ( 'NONE',  ( -0.9510565162951511997, -0.3090169943749548342, 0.000000000000000000 ) ) ;
#4061 = ORIENTED_EDGE ( 'NONE', *, *, #3294, .T. ) ;
#4062 = DIRECTION ( 'NONE',  ( -0.000000000000000000, -0.000000000000000000, 1.000000000000000000 ) ) ;
#4063 = DIRECTION ( 'NONE',  ( 0.000000000000000000, -0.000000000000000000, 1.000000000000000000 ) ) ;
#4064 = VERTEX_POINT ( 'NONE', #4021 ) ;
#4065 = EDGE_CURVE ( 'NONE', #6456, #395, #1577, .T. ) ;
#4066 = VECTOR ( 'NONE', #4187, 1000.000000000000000 ) ;
#4067 = VECTOR ( 'NONE', #5367, 1000.000000000000000 ) ;
#4068 = VERTEX_POINT ( 'NONE', #7011 ) ;
#4069 = CARTESIAN_POINT ( 'NONE',  ( -3.126711513754811822, -4.854101966249705136, 7.000000000000000000 ) ) ;
#4070 = DIRECTION ( 'NONE',  ( -0.000000000000000000, 0.000000000000000000, 1.000000000000000000 ) ) ;
#4071 = CARTESIAN_POINT ( 'NONE',  ( -25.00000000000000711, 50.00000000000000000, -23.60000000000001918 ) ) ;
#4072 = CARTESIAN_POINT ( 'NONE',  ( -1.854101966249689148, 5.706339097770920965, 6.000000000000000000 ) ) ;
#4073 = CIRCLE ( 'NONE', #1426, 0.3999999999999999667 ) ;
#4074 = ORIENTED_EDGE ( 'NONE', *, *, #5739, .F. ) ;
#4075 = EDGE_CURVE ( 'NONE', #5610, #4816, #6446, .T. ) ;
#4076 = AXIS2_PLACEMENT_3D ( 'NONE', #6266, #757, #5592 ) ;
#4077 = AXIS2_PLACEMENT_3D ( 'NONE', #1572, #6400, #2752 ) ;
#4078 = PLANE ( 'NONE',  #3411 ) ;
#4079 = VECTOR ( 'NONE', #6425, 1000.000000000000000 ) ;
#4080 = EDGE_LOOP ( 'NONE', ( #1730, #3037, #1341, #1285 ) ) ;
#4081 = DIRECTION ( 'NONE',  ( -1.000000000000000000, 0.000000000000000000, 0.000000000000000000 ) ) ;
#4082 = ORIENTED_EDGE ( 'NONE', *, *, #6124, .F. ) ;
#4083 = DIRECTION ( 'NONE',  ( 1.000000000000000000, 0.000000000000000000, 0.000000000000000000 ) ) ;
#4084 = ADVANCED_FACE ( 'NONE', ( #1016 ), #6966, .F. ) ;
#4085 = ORIENTED_EDGE ( 'NONE', *, *, #5353, .T. ) ;
#4086 = ADVANCED_FACE ( 'NONE', ( #2243 ), #4655, .T. ) ;
#4087 = ORIENTED_EDGE ( 'NONE', *, *, #6510, .T. ) ;
#4088 = DIRECTION ( 'NONE',  ( 0.8090169943749463410, 0.5877852522924744694, 0.000000000000000000 ) ) ;
#4089 = DIRECTION ( 'NONE',  ( -0.000000000000000000, 0.000000000000000000, -1.000000000000000000 ) ) ;
#4090 = AXIS2_PLACEMENT_3D ( 'NONE', #2965, #3713, #3560 ) ;
#4091 = PLANE ( 'NONE',  #7293 ) ;
#4092 = CARTESIAN_POINT ( 'NONE',  ( -3.161575555892595091, 8.435901848906404155, -6.000000000000000000 ) ) ;
#4093 = VERTEX_POINT ( 'NONE', #6367 ) ;
#4094 = FACE_OUTER_BOUND ( 'NONE', #6087, .T. ) ;
#4095 = CARTESIAN_POINT ( 'NONE',  ( -3.203104716004866681, 5.089216067166669966, 6.000000000000000000 ) ) ;
#4096 = ORIENTED_EDGE ( 'NONE', *, *, #4158, .T. ) ;
#4097 = ADVANCED_FACE ( 'NONE', ( #4103 ), #3478, .F. ) ;
#4098 = CIRCLE ( 'NONE', #5102, 0.4000000000000001332 ) ;
#4099 = DIRECTION ( 'NONE',  ( -1.807003620809173892E-16, 1.000000000000000000, 0.000000000000000000 ) ) ;
#4100 = PLANE ( 'NONE',  #1135 ) ;
#4101 = ORIENTED_EDGE ( 'NONE', *, *, #3338, .F. ) ;
#4102 = DIRECTION ( 'NONE',  ( 0.9510565162951510887, 0.3090169943749550563, 0.000000000000000000 ) ) ;
#4103 = FACE_OUTER_BOUND ( 'NONE', #5351, .T. ) ;
#4104 = VERTEX_POINT ( 'NONE', #1536 ) ;
#4105 = DIRECTION ( 'NONE',  ( 0.8090169943749531134, -0.5877852522924651435, 0.000000000000000000 ) ) ;
#4106 = DIRECTION ( 'NONE',  ( -0.5877852522924832401, 0.8090169943749401238, 0.000000000000000000 ) ) ;
#4107 = ORIENTED_EDGE ( 'NONE', *, *, #540, .T. ) ;
#4108 = CARTESIAN_POINT ( 'NONE',  ( 1.854101966249609657, 5.706339097770945834, -7.000000000000000000 ) ) ;
#4109 = LINE ( 'NONE', #3394, #6051 ) ;
#4110 = LINE ( 'NONE', #471, #3940 ) ;
#4111 = CARTESIAN_POINT ( 'NONE',  ( 1.454101966249729427, -5.706339097770907642, -6.000000000000000000 ) ) ;
#4112 = ORIENTED_EDGE ( 'NONE', *, *, #613, .F. ) ;
#4113 = CARTESIAN_POINT ( 'NONE',  ( 5.089216067166703716, -3.203104716004811170, 6.000000000000000000 ) ) ;
#4114 = ADVANCED_FACE ( 'NONE', ( #3946 ), #2757, .F. ) ;
#4115 = ORIENTED_EDGE ( 'NONE', *, *, #68, .F. ) ;
#4116 = DIRECTION ( 'NONE',  ( -0.000000000000000000, -0.000000000000000000, 1.000000000000000000 ) ) ;
#4117 = FACE_OUTER_BOUND ( 'NONE', #1841, .T. ) ;
#4118 = ORIENTED_EDGE ( 'NONE', *, *, #4294, .T. ) ;
#4119 = CARTESIAN_POINT ( 'NONE',  ( -5.582732300020933458, -2.234524572767770056, -6.000000000000000000 ) ) ;
#4120 = VERTEX_POINT ( 'NONE', #3662 ) ;
#4121 = ADVANCED_FACE ( 'NONE', ( #5401 ), #1810, .F. ) ;
#4122 = LINE ( 'NONE', #4639, #1407 ) ;
#4123 = EDGE_CURVE ( 'NONE', #5766, #2645, #501, .T. ) ;
#4124 = ADVANCED_FACE ( 'NONE', ( #4769 ), #2990, .T. ) ;
#4125 = FACE_OUTER_BOUND ( 'NONE', #6807, .T. ) ;
#4126 = CARTESIAN_POINT ( 'NONE',  ( -1.854101966249689148, 5.706339097770920965, 6.000000000000000000 ) ) ;
#4127 = ORIENTED_EDGE ( 'NONE', *, *, #3642, .F. ) ;
#4128 = DIRECTION ( 'NONE',  ( -0.000000000000000000, -0.000000000000000000, 1.000000000000000000 ) ) ;
#4129 = DIRECTION ( 'NONE',  ( -0.000000000000000000, -0.000000000000000000, 1.000000000000000000 ) ) ;
#4130 = VERTEX_POINT ( 'NONE', #1769 ) ;
#4131 = DIRECTION ( 'NONE',  ( -0.8090169943749487835, 0.5877852522924712497, 0.000000000000000000 ) ) ;
#4132 = EDGE_CURVE ( 'NONE', #160, #1014, #6005, .T. ) ;
#4133 = EDGE_LOOP ( 'NONE', ( #1514, #114, #2476, #37 ) ) ;
#4134 = CARTESIAN_POINT ( 'NONE',  ( 2.781152949374413819, 8.559508646656418307, 6.000000000000000000 ) ) ;
#4135 = VERTEX_POINT ( 'NONE', #4885 ) ;
#4136 = EDGE_CURVE ( 'NONE', #2641, #2554, #2047, .T. ) ;
#4137 = DIRECTION ( 'NONE',  ( -0.3090169943749550563, 0.9510565162951510887, 0.000000000000000000 ) ) ;
#4138 = LINE ( 'NONE', #4810, #280 ) ;
#4139 = AXIS2_PLACEMENT_3D ( 'NONE', #6751, #5065, #4951 ) ;
#4140 = ORIENTED_EDGE ( 'NONE', *, *, #5953, .F. ) ;
#4141 = DIRECTION ( 'NONE',  ( 0.000000000000000000, 0.000000000000000000, 1.000000000000000000 ) ) ;
#4142 = EDGE_CURVE ( 'NONE', #6769, #4068, #4138, .T. ) ;
#4143 = DIRECTION ( 'NONE',  ( 1.000000000000000000, 0.000000000000000000, 0.000000000000000000 ) ) ;
#4144 = VERTEX_POINT ( 'NONE', #3073 ) ;
#4145 = CARTESIAN_POINT ( 'NONE',  ( -3.126711513754846017, 4.854101966249680267, 6.000000000000000000 ) ) ;
#4146 = CARTESIAN_POINT ( 'NONE',  ( 25.00000000000001066, 54.00000000000000711, 23.59999999999999787 ) ) ;
#4147 = DIRECTION ( 'NONE',  ( -1.000000000000000000, -1.807003620809173892E-16, 0.000000000000000000 ) ) ;
#4148 = DIRECTION ( 'NONE',  ( 0.000000000000000000, -0.000000000000000000, -1.000000000000000000 ) ) ;
#4149 = ORIENTED_EDGE ( 'NONE', *, *, #7736, .F. ) ;
#4150 = CIRCLE ( 'NONE', #7202, 0.3999999999999998557 ) ;
#4151 = LINE ( 'NONE', #3118, #880 ) ;
#4152 = CIRCLE ( 'NONE', #992, 0.4000000000000002442 ) ;
#4153 = LINE ( 'NONE', #1155, #2170 ) ;
#4154 = CARTESIAN_POINT ( 'NONE',  ( 3.161575555892655043, -8.435901848906379286, -6.000000000000000000 ) ) ;
#4155 = ORIENTED_EDGE ( 'NONE', *, *, #703, .F. ) ;
#4156 = CARTESIAN_POINT ( 'NONE',  ( -10.00000000000000000, 0.000000000000000000, 7.000000000000000000 ) ) ;
#4157 = ORIENTED_EDGE ( 'NONE', *, *, #6855, .T. ) ;
#4158 = EDGE_CURVE ( 'NONE', #7640, #7315, #7285, .T. ) ;
#4159 = AXIS2_PLACEMENT_3D ( 'NONE', #6075, #3621, #498 ) ;
#4160 = DIRECTION ( 'NONE',  ( -0.000000000000000000, -0.000000000000000000, -1.000000000000000000 ) ) ;
#4161 = CARTESIAN_POINT ( 'NONE',  ( 5.582732300020916583, 2.234524572767808692, 6.000000000000000000 ) ) ;
#4162 = DIRECTION ( 'NONE',  ( -0.9510565162951566398, 0.3090169943749381254, 0.000000000000000000 ) ) ;
#4163 = CARTESIAN_POINT ( 'NONE',  ( -1.473679359731627114, 5.829945895520899590, -6.000000000000000000 ) ) ;
#4164 = VECTOR ( 'NONE', #961, 1000.000000000000000 ) ;
#4165 = ORIENTED_EDGE ( 'NONE', *, *, #6076, .T. ) ;
#4166 = CARTESIAN_POINT ( 'NONE',  ( 6.000000000000000000, 6.284666409917640040E-14, -6.000000000000000000 ) ) ;
#4167 = CARTESIAN_POINT ( 'NONE',  ( 3.161575555892476963, 8.435901848906445011, -6.000000000000000000 ) ) ;
#4168 = VERTEX_POINT ( 'NONE', #3547 ) ;
#4169 = ADVANCED_FACE ( 'NONE', ( #7762 ), #4176, .F. ) ;
#4170 = ADVANCED_FACE ( 'NONE', ( #2327 ), #5965, .F. ) ;
#4171 = CIRCLE ( 'NONE', #6195, 2.750000000000000000 ) ;
#4172 = LINE ( 'NONE', #61, #6360 ) ;
#4173 = CARTESIAN_POINT ( 'NONE',  ( 9.399999999999998579, 9.482108720838090876E-14, 7.000000000000000000 ) ) ;
#4174 = ORIENTED_EDGE ( 'NONE', *, *, #5683, .T. ) ;
#4175 = PLANE ( 'NONE',  #4317 ) ;
#4176 = CYLINDRICAL_SURFACE ( 'NONE', #6344, 0.3999999999999993006 ) ;
#4177 = ORIENTED_EDGE ( 'NONE', *, *, #4075, .T. ) ;
#4178 = EDGE_CURVE ( 'NONE', #5763, #3679, #1732, .T. ) ;
#4179 = VECTOR ( 'NONE', #2332, 1000.000000000000114 ) ;
#4180 = EDGE_CURVE ( 'NONE', #4883, #3335, #4253, .T. ) ;
#4181 = LINE ( 'NONE', #7766, #731 ) ;
#4182 = FACE_OUTER_BOUND ( 'NONE', #6020, .T. ) ;
#4183 = EDGE_LOOP ( 'NONE', ( #4695, #6534, #5312, #5666 ) ) ;
#4184 = AXIS2_PLACEMENT_3D ( 'NONE', #7384, #2541, #6636 ) ;
#4185 = DIRECTION ( 'NONE',  ( -0.000000000000000000, -0.000000000000000000, 1.000000000000000000 ) ) ;
#4186 = CARTESIAN_POINT ( 'NONE',  ( -8.559508646656389885, 2.781152949374502636, -7.000000000000000000 ) ) ;
#4187 = DIRECTION ( 'NONE',  ( 0.000000000000000000, -0.000000000000000000, 1.000000000000000000 ) ) ;
#4188 = DIRECTION ( 'NONE',  ( 0.000000000000000000, 0.000000000000000000, 1.000000000000000000 ) ) ;
#4189 = ORIENTED_EDGE ( 'NONE', *, *, #4802, .F. ) ;
#4190 = CIRCLE ( 'NONE', #275, 0.3999999999999999112 ) ;
#4191 = EDGE_CURVE ( 'NONE', #1417, #2774, #6040, .T. ) ;
#4192 = AXIS2_PLACEMENT_3D ( 'NONE', #2678, #2208, #3386 ) ;
#4193 = CARTESIAN_POINT ( 'NONE',  ( -2.400730342856408406, -8.683115444406379169, 6.000000000000000000 ) ) ;
#4194 = ORIENTED_EDGE ( 'NONE', *, *, #6942, .F. ) ;
#4195 = DIRECTION ( 'NONE',  ( 0.000000000000000000, 0.000000000000000000, 1.000000000000000000 ) ) ;
#4196 = FACE_OUTER_BOUND ( 'NONE', #6817, .T. ) ;
#4197 = ORIENTED_EDGE ( 'NONE', *, *, #4663, .T. ) ;
#4198 = AXIS2_PLACEMENT_3D ( 'NONE', #4736, #581, #6567 ) ;
#4199 = LINE ( 'NONE', #4833, #4811 ) ;
#4200 = VERTEX_POINT ( 'NONE', #6681 ) ;
#4201 = AXIS2_PLACEMENT_3D ( 'NONE', #726, #7436, #3146 ) ;
#4202 = VECTOR ( 'NONE', #2519, 1000.000000000000000 ) ;
#4203 = VECTOR ( 'NONE', #4635, 1000.000000000000000 ) ;
#4204 = CARTESIAN_POINT ( 'NONE',  ( 4.966460472882181065, 7.516267050291581597, -6.000000000000000000 ) ) ;
#4205 = LINE ( 'NONE', #6028, #7105 ) ;
#4206 = DIRECTION ( 'NONE',  ( -0.000000000000000000, -0.000000000000000000, -1.000000000000000000 ) ) ;
#4207 = CARTESIAN_POINT ( 'NONE',  ( 7.046038848457468973, 5.613674068382324300, -7.000000000000000000 ) ) ;
#4208 = VECTOR ( 'NONE', #4321, 1000.000000000000000 ) ;
#4209 = EDGE_CURVE ( 'NONE', #446, #5248, #3191, .T. ) ;
#4210 = ORIENTED_EDGE ( 'NONE', *, *, #834, .T. ) ;
#4211 = LINE ( 'NONE', #6674, #6865 ) ;
#4212 = EDGE_LOOP ( 'NONE', ( #206, #3458, #4843, #3789 ) ) ;
#4213 = AXIS2_PLACEMENT_3D ( 'NONE', #5125, #2209, #1100 ) ;
#4214 = DIRECTION ( 'NONE',  ( 0.3090169943749409565, 0.9510565162951556406, 0.000000000000000000 ) ) ;
#4215 = ORIENTED_EDGE ( 'NONE', *, *, #24, .T. ) ;
#4216 = FACE_OUTER_BOUND ( 'NONE', #3070, .T. ) ;
#4217 = EDGE_CURVE ( 'NONE', #1219, #1851, #1420, .T. ) ;
#4218 = VERTEX_POINT ( 'NONE', #2478 ) ;
#4219 = DIRECTION ( 'NONE',  ( 0.000000000000000000, 0.000000000000000000, 1.000000000000000000 ) ) ;
#4220 = DIRECTION ( 'NONE',  ( -0.000000000000000000, -0.000000000000000000, 1.000000000000000000 ) ) ;
#4221 = LINE ( 'NONE', #4772, #1878 ) ;
#4222 = FACE_OUTER_BOUND ( 'NONE', #1714, .T. ) ;
#4223 = ORIENTED_EDGE ( 'NONE', *, *, #2203, .T. ) ;
#4224 = EDGE_CURVE ( 'NONE', #18, #1196, #1882, .T. ) ;
#4225 = CARTESIAN_POINT ( 'NONE',  ( 3.526711513754774874, 4.854101966249730893, 6.000000000000000000 ) ) ;
#4226 = EDGE_CURVE ( 'NONE', #3435, #5944, #3705, .T. ) ;
#4227 = DIRECTION ( 'NONE',  ( 0.000000000000000000, 0.000000000000000000, 1.000000000000000000 ) ) ;
#4228 = CARTESIAN_POINT ( 'NONE',  ( 7.681152949374577155, -5.290067270632186514, 6.000000000000000000 ) ) ;
#4229 = ORIENTED_EDGE ( 'NONE', *, *, #2958, .T. ) ;
#4230 = AXIS2_PLACEMENT_3D ( 'NONE', #4584, #7016, #6411 ) ;
#4231 = ORIENTED_EDGE ( 'NONE', *, *, #7058, .T. ) ;
#4232 = CARTESIAN_POINT ( 'NONE',  ( 4.618987865332731424, -3.850318311504773661, -6.000000000000000000 ) ) ;
#4233 = ADVANCED_FACE ( 'NONE', ( #3190 ), #6238, .F. ) ;
#4234 = ORIENTED_EDGE ( 'NONE', *, *, #5488, .T. ) ;
#4235 = LINE ( 'NONE', #2418, #2673 ) ;
#4236 = LINE ( 'NONE', #2462, #2755 ) ;
#4237 = ORIENTED_EDGE ( 'NONE', *, *, #6658, .F. ) ;
#4238 = EDGE_CURVE ( 'NONE', #4022, #3060, #5331, .T. ) ;
#4239 = CARTESIAN_POINT ( 'NONE',  ( 5.510910596163086597E-16, -9.000000000000000000, -6.000000000000000000 ) ) ;
#4240 = ORIENTED_EDGE ( 'NONE', *, *, #1244, .T. ) ;
#4241 = CARTESIAN_POINT ( 'NONE',  ( 3.161575555892476963, 8.435901848906445011, -7.000000000000000000 ) ) ;
#4242 = DIRECTION ( 'NONE',  ( -1.000000000000000000, 0.000000000000000000, 0.000000000000000000 ) ) ;
#4243 = DIRECTION ( 'NONE',  ( -0.000000000000000000, -0.000000000000000000, -1.000000000000000000 ) ) ;
#4244 = LINE ( 'NONE', #6672, #1235 ) ;
#4245 = VERTEX_POINT ( 'NONE', #185 ) ;
#4246 = CARTESIAN_POINT ( 'NONE',  ( -3.526711513754845928, 4.854101966249680267, 6.000000000000000000 ) ) ;
#4247 = ORIENTED_EDGE ( 'NONE', *, *, #5584, .F. ) ;
#4248 = LINE ( 'NONE', #6677, #5082 ) ;
#4249 = ORIENTED_EDGE ( 'NONE', *, *, #6410, .T. ) ;
#4250 = DIRECTION ( 'NONE',  ( -1.000000000000000000, 0.000000000000000000, 0.000000000000000000 ) ) ;
#4251 = ORIENTED_EDGE ( 'NONE', *, *, #5827, .T. ) ;
#4252 = CARTESIAN_POINT ( 'NONE',  ( 0.000000000000000000, -6.000000000000000000, 6.000000000000000000 ) ) ;
#4253 = LINE ( 'NONE', #2912, #4310 ) ;
#4254 = ADVANCED_FACE ( 'NONE', ( #6881 ), #4328, .F. ) ;
#4255 = CARTESIAN_POINT ( 'NONE',  ( 4.854101966249718458, -3.526711513754792193, 6.000000000000000000 ) ) ;
#4256 = ORIENTED_EDGE ( 'NONE', *, *, #7368, .T. ) ;
#4257 = CARTESIAN_POINT ( 'NONE',  ( 5.306339097770939262, -1.854101966249629641, -6.000000000000000000 ) ) ;
#4258 = VECTOR ( 'NONE', #4427, 1000.000000000000000 ) ;
#4259 = FACE_OUTER_BOUND ( 'NONE', #2600, .T. ) ;
#4260 = CARTESIAN_POINT ( 'NONE',  ( 5.706339097770939617, -1.854101966249629641, 6.000000000000000000 ) ) ;
#4261 = ORIENTED_EDGE ( 'NONE', *, *, #1996, .T. ) ;
#4262 = EDGE_CURVE ( 'NONE', #5755, #386, #1363, .T. ) ;
#4263 = EDGE_CURVE ( 'NONE', #1461, #1908, #1920, .T. ) ;
#4264 = ORIENTED_EDGE ( 'NONE', *, *, #3075, .T. ) ;
#4265 = DIRECTION ( 'NONE',  ( -0.000000000000000000, 0.000000000000000000, 1.000000000000000000 ) ) ;
#4266 = EDGE_LOOP ( 'NONE', ( #3291, #255, #6279, #2395 ) ) ;
#4267 = DIRECTION ( 'NONE',  ( -1.000000000000000000, 0.000000000000000000, 0.000000000000000000 ) ) ;
#4268 = AXIS2_PLACEMENT_3D ( 'NONE', #2592, #5001, #2474 ) ;
#4269 = VERTEX_POINT ( 'NONE', #7358 ) ;
#4270 = FACE_BOUND ( 'NONE', #7103, .T. ) ;
#4271 = EDGE_CURVE ( 'NONE', #4865, #6435, #6731, .T. ) ;
#4272 = VECTOR ( 'NONE', #2610, 1000.000000000000000 ) ;
#4273 = VECTOR ( 'NONE', #7848, 1000.000000000000000 ) ;
#4274 = CARTESIAN_POINT ( 'NONE',  ( 3.203104716004903985, -5.089216067166645097, -7.000000000000000000 ) ) ;
#4275 = DIRECTION ( 'NONE',  ( 1.807003620809172906E-16, -1.000000000000000000, 0.000000000000000000 ) ) ;
#4276 = DIRECTION ( 'NONE',  ( -0.000000000000000000, -0.000000000000000000, 1.000000000000000000 ) ) ;
#4277 = ORIENTED_EDGE ( 'NONE', *, *, #2680, .T. ) ;
#4278 = DIRECTION ( 'NONE',  ( -0.000000000000000000, -0.000000000000000000, 1.000000000000000000 ) ) ;
#4279 = VERTEX_POINT ( 'NONE', #5080 ) ;
#4280 = AXIS2_PLACEMENT_3D ( 'NONE', #5844, #428, #5247 ) ;
#4281 = DIRECTION ( 'NONE',  ( -0.5877852522924832401, 0.8090169943749401238, 0.000000000000000000 ) ) ;
#4282 = ORIENTED_EDGE ( 'NONE', *, *, #5205, .F. ) ;
#4283 = FACE_OUTER_BOUND ( 'NONE', #3141, .T. ) ;
#4284 = ORIENTED_EDGE ( 'NONE', *, *, #5007, .T. ) ;
#4285 = DIRECTION ( 'NONE',  ( -0.8090169943749487835, 0.5877852522924712497, 0.000000000000000000 ) ) ;
#4286 = CARTESIAN_POINT ( 'NONE',  ( -3.203104716004866681, 5.089216067166669966, 7.000000000000000000 ) ) ;
#4287 = CIRCLE ( 'NONE', #4676, 0.3999999999999999667 ) ;
#4288 = CARTESIAN_POINT ( 'NONE',  ( 4.966460472882346266, -7.516267050291470575, 6.000000000000000000 ) ) ;
#4289 = EDGE_LOOP ( 'NONE', ( #4671, #7308, #6814, #6641 ) ) ;
#4290 = CARTESIAN_POINT ( 'NONE',  ( 0.4000000000000001332, -9.000000000000001776, 7.000000000000000000 ) ) ;
#4291 = DIRECTION ( 'NONE',  ( -0.3090169943749409565, -0.9510565162951556406, 0.000000000000000000 ) ) ;
#4292 = CARTESIAN_POINT ( 'NONE',  ( 5.089216067166633550, 3.203104716004921304, 7.000000000000000000 ) ) ;
#4293 = AXIS2_PLACEMENT_3D ( 'NONE', #1749, #4753, #2975 ) ;
#4294 = EDGE_CURVE ( 'NONE', #3254, #1219, #5004, .T. ) ;
#4295 = EDGE_LOOP ( 'NONE', ( #2345, #2588, #5801, #1484 ) ) ;
#4296 = AXIS2_PLACEMENT_3D ( 'NONE', #5949, #7706, #7069 ) ;
#4297 = ORIENTED_EDGE ( 'NONE', *, *, #1244, .F. ) ;
#4298 = CARTESIAN_POINT ( 'NONE',  ( 5.829945895520883603, 1.473679359731688843, 6.000000000000000000 ) ) ;
#4299 = CIRCLE ( 'NONE', #7619, 0.4000000000000000222 ) ;
#4300 = ORIENTED_EDGE ( 'NONE', *, *, #3503, .T. ) ;
#4301 = LINE ( 'NONE', #3794, #1161 ) ;
#4302 = FACE_OUTER_BOUND ( 'NONE', #4656, .T. ) ;
#4303 = EDGE_CURVE ( 'NONE', #7322, #131, #6919, .T. ) ;
#4304 = ORIENTED_EDGE ( 'NONE', *, *, #6713, .F. ) ;
#4305 = FACE_OUTER_BOUND ( 'NONE', #3963, .T. ) ;
#4306 = FACE_OUTER_BOUND ( 'NONE', #5985, .T. ) ;
#4307 = CIRCLE ( 'NONE', #5709, 0.4000000000000000222 ) ;
#4308 = DIRECTION ( 'NONE',  ( 0.000000000000000000, 0.000000000000000000, 1.000000000000000000 ) ) ;
#4309 = CARTESIAN_POINT ( 'NONE',  ( -7.281152949374500416, -5.290067270632293095, -7.000000000000000000 ) ) ;
#4310 = VECTOR ( 'NONE', #3624, 1000.000000000000227 ) ;
#4311 = DIRECTION ( 'NONE',  ( -0.000000000000000000, -0.000000000000000000, 1.000000000000000000 ) ) ;
#4312 = DIRECTION ( 'NONE',  ( -0.000000000000000000, -0.000000000000000000, -1.000000000000000000 ) ) ;
#4313 = EDGE_CURVE ( 'NONE', #3110, #6664, #4968, .T. ) ;
#4314 = EDGE_CURVE ( 'NONE', #6673, #7269, #1993, .T. ) ;
#4315 = ORIENTED_EDGE ( 'NONE', *, *, #6713, .T. ) ;
#4316 = CARTESIAN_POINT ( 'NONE',  ( -2.781152949374469774, -8.559508646656400543, -7.000000000000000000 ) ) ;
#4317 = AXIS2_PLACEMENT_3D ( 'NONE', #7086, #2989, #2282 ) ;
#4318 = ORIENTED_EDGE ( 'NONE', *, *, #3784, .F. ) ;
#4319 = ORIENTED_EDGE ( 'NONE', *, *, #4576, .T. ) ;
#4320 = VECTOR ( 'NONE', #1027, 1000.000000000000000 ) ;
#4321 = DIRECTION ( 'NONE',  ( -0.000000000000000000, -0.000000000000000000, -1.000000000000000000 ) ) ;
#4322 = VECTOR ( 'NONE', #4214, 1000.000000000000227 ) ;
#4323 = VERTEX_POINT ( 'NONE', #6838 ) ;
#4324 = DIRECTION ( 'NONE',  ( -0.5877852522924656986, -0.8090169943749528914, 0.000000000000000000 ) ) ;
#4325 = EDGE_CURVE ( 'NONE', #4822, #5267, #3265, .T. ) ;
#4326 = ORIENTED_EDGE ( 'NONE', *, *, #167, .T. ) ;
#4327 = CARTESIAN_POINT ( 'NONE',  ( 5.290067270632160756, 7.281152949374595451, 6.000000000000000000 ) ) ;
#4328 = CYLINDRICAL_SURFACE ( 'NONE', #1672, 0.4000000000000001887 ) ;
#4329 = AXIS2_PLACEMENT_3D ( 'NONE', #1967, #3747, #6162 ) ;
#4330 = ADVANCED_FACE ( 'NONE', ( #6764 ), #5642, .F. ) ;
#4331 = DIRECTION ( 'NONE',  ( -1.000000000000000000, 0.000000000000000000, 0.000000000000000000 ) ) ;
#4332 = CARTESIAN_POINT ( 'NONE',  ( -4.966460472882237909, -7.516267050291545182, 6.000000000000000000 ) ) ;
#4333 = ORIENTED_EDGE ( 'NONE', *, *, #4815, .T. ) ;
#4334 = PLANE ( 'NONE',  #5679 ) ;
#4335 = VECTOR ( 'NONE', #7544, 1000.000000000000000 ) ;
#4336 = LINE ( 'NONE', #6127, #2175 ) ;
#4337 = DIRECTION ( 'NONE',  ( -0.3090169943749389025, -0.9510565162951563067, 0.000000000000000000 ) ) ;
#4338 = ORIENTED_EDGE ( 'NONE', *, *, #6370, .F. ) ;
#4339 = ORIENTED_EDGE ( 'NONE', *, *, #794, .T. ) ;
#4340 = CARTESIAN_POINT ( 'NONE',  ( 8.683115444406332983, 2.400730342856564725, -6.000000000000000000 ) ) ;
#4341 = ORIENTED_EDGE ( 'NONE', *, *, #865, .T. ) ;
#4342 = PLANE ( 'NONE',  #398 ) ;
#4343 = CYLINDRICAL_SURFACE ( 'NONE', #2631, 0.4000000000000001887 ) ;
#4344 = ORIENTED_EDGE ( 'NONE', *, *, #6249, .T. ) ;
#4345 = CARTESIAN_POINT ( 'NONE',  ( 25.00000000000001066, 54.00000000000000711, -23.60000000000002629 ) ) ;
#4346 = ADVANCED_FACE ( 'NONE', ( #5041 ), #7475, .F. ) ;
#4347 = LINE ( 'NONE', #4908, #1065 ) ;
#4348 = CARTESIAN_POINT ( 'NONE',  ( 7.281152949374462224, 5.290067270632348162, 6.000000000000000000 ) ) ;
#4349 = CARTESIAN_POINT ( 'NONE',  ( -0.3999999999999995781, 5.999999999999999112, 6.000000000000000000 ) ) ;
#4350 = DIRECTION ( 'NONE',  ( -0.5877852522924656986, -0.8090169943749528914, 0.000000000000000000 ) ) ;
#4351 = ORIENTED_EDGE ( 'NONE', *, *, #82, .T. ) ;
#4352 = DIRECTION ( 'NONE',  ( 0.9510565162951576390, -0.3090169943749346282, 0.000000000000000000 ) ) ;
#4353 = VERTEX_POINT ( 'NONE', #6152 ) ;
#4354 = ORIENTED_EDGE ( 'NONE', *, *, #2584, .T. ) ;
#4355 = AXIS2_PLACEMENT_3D ( 'NONE', #1598, #2351, #6430 ) ;
#4356 = EDGE_CURVE ( 'NONE', #6038, #7269, #3859, .T. ) ;
#4357 = ADVANCED_FACE ( 'NONE', ( #257 ), #2671, .F. ) ;
#4358 = ADVANCED_FACE ( 'NONE', ( #5517 ), #101, .T. ) ;
#4359 = CARTESIAN_POINT ( 'NONE',  ( -2.234524572767749628, 5.582732300020941452, -6.000000000000000000 ) ) ;
#4360 = PLANE ( 'NONE',  #136 ) ;
#4361 = DIRECTION ( 'NONE',  ( -1.000000000000000000, 0.000000000000000000, 0.000000000000000000 ) ) ;
#4362 = VERTEX_POINT ( 'NONE', #2201 ) ;
#4363 = DIRECTION ( 'NONE',  ( 0.9510565162951576390, -0.3090169943749346282, 0.000000000000000000 ) ) ;
#4364 = CARTESIAN_POINT ( 'NONE',  ( 57.50000000000000000, 54.00000000000000711, 38.50000000000000000 ) ) ;
#4365 = EDGE_CURVE ( 'NONE', #5632, #4865, #4949, .T. ) ;
#4366 = CARTESIAN_POINT ( 'NONE',  ( 2.234524572767789152, -5.582732300020924576, 6.000000000000000000 ) ) ;
#4367 = LINE ( 'NONE', #7404, #3061 ) ;
#4368 = EDGE_LOOP ( 'NONE', ( #4082, #6546, #5713, #5436, #4411 ) ) ;
#4369 = DIRECTION ( 'NONE',  ( 0.000000000000000000, 0.000000000000000000, 1.000000000000000000 ) ) ;
#4370 = CARTESIAN_POINT ( 'NONE',  ( -6.000000000000000000, -2.094888803305880013E-14, 6.000000000000000000 ) ) ;
#4371 = CARTESIAN_POINT ( 'NONE',  ( -2.234524572767749628, 5.582732300020941452, -6.000000000000000000 ) ) ;
#4372 = ORIENTED_EDGE ( 'NONE', *, *, #3401, .T. ) ;
#4373 = VERTEX_POINT ( 'NONE', #6480 ) ;
#4374 = ADVANCED_FACE ( 'NONE', ( #3378 ), #333, .F. ) ;
#4375 = EDGE_LOOP ( 'NONE', ( #5992, #5027, #5893, #488 ) ) ;
#4376 = DIRECTION ( 'NONE',  ( 0.000000000000000000, -1.000000000000000000, 0.000000000000000000 ) ) ;
#4377 = ORIENTED_EDGE ( 'NONE', *, *, #6103, .T. ) ;
#4378 = PLANE ( 'NONE',  #6600 ) ;
#4379 = AXIS2_PLACEMENT_3D ( 'NONE', #571, #4680, #1755 ) ;
#4380 = ORIENTED_EDGE ( 'NONE', *, *, #7319, .T. ) ;
#4381 = CARTESIAN_POINT ( 'NONE',  ( -5.089216067166679736, 3.203104716004848918, 7.000000000000000000 ) ) ;
#4382 = AXIS2_PLACEMENT_3D ( 'NONE', #5473, #16, #2430 ) ;
#4383 = CARTESIAN_POINT ( 'NONE',  ( 3.203104716004792962, 5.089216067166714375, -7.000000000000000000 ) ) ;
#4384 = DIRECTION ( 'NONE',  ( 0.000000000000000000, 0.000000000000000000, 1.000000000000000000 ) ) ;
#4385 = EDGE_LOOP ( 'NONE', ( #5234, #2089, #7064, #718, #5168 ) ) ;
#4386 = LINE ( 'NONE', #6787, #5908 ) ;
#4387 = ORIENTED_EDGE ( 'NONE', *, *, #6657, .T. ) ;
#4388 = DIRECTION ( 'NONE',  ( 0.9510565162951521989, 0.3090169943749517256, 0.000000000000000000 ) ) ;
#4389 = ORIENTED_EDGE ( 'NONE', *, *, #5042, .F. ) ;
#4390 = EDGE_CURVE ( 'NONE', #5129, #5646, #965, .T. ) ;
#4391 = AXIS2_PLACEMENT_3D ( 'NONE', #5812, #4033, #5897 ) ;
#4392 = VECTOR ( 'NONE', #6726, 1000.000000000000227 ) ;
#4393 = CARTESIAN_POINT ( 'NONE',  ( -5.999999999999997335, -0.4000000000000205058, -6.000000000000000000 ) ) ;
#4394 = CARTESIAN_POINT ( 'NONE',  ( -7.516267050291528307, 4.966460472882263666, -6.000000000000000000 ) ) ;
#4395 = EDGE_LOOP ( 'NONE', ( #3774, #5064, #2456, #2984 ) ) ;
#4396 = CARTESIAN_POINT ( 'NONE',  ( -5.582732300020949445, 2.234524572767730533, 6.000000000000000000 ) ) ;
#4397 = VERTEX_POINT ( 'NONE', #1567 ) ;
#4398 = CIRCLE ( 'NONE', #4280, 0.4000000000000001332 ) ;
#4399 = DIRECTION ( 'NONE',  ( -1.000000000000000000, 0.000000000000000000, 0.000000000000000000 ) ) ;
#4400 = DIRECTION ( 'NONE',  ( -1.000000000000000000, 0.000000000000000000, 0.000000000000000000 ) ) ;
#4401 = ADVANCED_FACE ( 'NONE', ( #1603 ), #4608, .T. ) ;
#4402 = PLANE ( 'NONE',  #4529 ) ;
#4403 = CARTESIAN_POINT ( 'NONE',  ( 0.000000000000000000, -6.000000000000000000, -7.000000000000000000 ) ) ;
#4404 = EDGE_LOOP ( 'NONE', ( #6247, #915, #2982, #4543 ) ) ;
#4405 = CARTESIAN_POINT ( 'NONE',  ( 25.00000000000001066, -9.999999999999994671, 25.40000000000000213 ) ) ;
#4406 = DIRECTION ( 'NONE',  ( 0.5877852522924771339, -0.8090169943749444537, 0.000000000000000000 ) ) ;
#4407 = PLANE ( 'NONE',  #4329 ) ;
#4408 = EDGE_CURVE ( 'NONE', #2393, #7487, #4433, .T. ) ;
#4409 = AXIS2_PLACEMENT_3D ( 'NONE', #3336, #6431, #7673 ) ;
#4410 = EDGE_CURVE ( 'NONE', #7106, #2085, #5757, .T. ) ;
#4411 = ORIENTED_EDGE ( 'NONE', *, *, #3997, .F. ) ;
#4412 = EDGE_LOOP ( 'NONE', ( #7113, #2759, #6656, #575 ) ) ;
#4413 = VECTOR ( 'NONE', #443, 1000.000000000000000 ) ;
#4414 = ORIENTED_EDGE ( 'NONE', *, *, #2448, .F. ) ;
#4415 = AXIS2_PLACEMENT_3D ( 'NONE', #2031, #6232, #1445 ) ;
#4416 = CARTESIAN_POINT ( 'NONE',  ( 0.4000000000000004108, 5.999999999999999112, 7.000000000000000000 ) ) ;
#4417 = DIRECTION ( 'NONE',  ( -0.000000000000000000, -0.000000000000000000, 1.000000000000000000 ) ) ;
#4418 = CARTESIAN_POINT ( 'NONE',  ( 5.706339097770900537, 1.854101966249749323, -6.000000000000000000 ) ) ;
#4419 = EDGE_CURVE ( 'NONE', #1818, #3584, #1291, .T. ) ;
#4420 = ORIENTED_EDGE ( 'NONE', *, *, #3978, .T. ) ;
#4421 = CARTESIAN_POINT ( 'NONE',  ( 5.829945895520913801, -1.473679359731567384, -7.000000000000000000 ) ) ;
#4422 = AXIS2_PLACEMENT_3D ( 'NONE', #1003, #5355, #3495 ) ;
#4423 = VECTOR ( 'NONE', #2273, 1000.000000000000000 ) ;
#4424 = CYLINDRICAL_SURFACE ( 'NONE', #7521, 0.3999999999999997446 ) ;
#4425 = DIRECTION ( 'NONE',  ( -0.000000000000000000, -0.000000000000000000, -1.000000000000000000 ) ) ;
#4426 = ORIENTED_EDGE ( 'NONE', *, *, #1518, .F. ) ;
#4427 = DIRECTION ( 'NONE',  ( -0.000000000000000000, 0.000000000000000000, -1.000000000000000000 ) ) ;
#4428 = AXIS2_PLACEMENT_3D ( 'NONE', #1391, #6336, #6221 ) ;
#4429 = EDGE_LOOP ( 'NONE', ( #6565, #4780, #4881, #3748, #2304 ) ) ;
#4430 = DIRECTION ( 'NONE',  ( 0.8090169943749551118, -0.5877852522924625900, 0.000000000000000000 ) ) ;
#4431 = ORIENTED_EDGE ( 'NONE', *, *, #6690, .T. ) ;
#4432 = VECTOR ( 'NONE', #1787, 1000.000000000000000 ) ;
#4433 = CIRCLE ( 'NONE', #7118, 0.4000000000000000222 ) ;
#4434 = CARTESIAN_POINT ( 'NONE',  ( -5.306339097770927715, 1.854101966249668720, 6.000000000000000000 ) ) ;
#4435 = DIRECTION ( 'NONE',  ( 0.8090169943749553338, -0.5877852522924623679, 0.000000000000000000 ) ) ;
#4436 = EDGE_CURVE ( 'NONE', #5210, #2651, #5155, .T. ) ;
#4437 = EDGE_LOOP ( 'NONE', ( #2153, #3057, #1264, #5834, #153 ) ) ;
#4438 = VECTOR ( 'NONE', #2638, 1000.000000000000114 ) ;
#4439 = CARTESIAN_POINT ( 'NONE',  ( -0.4000000000000004108, -5.999999999999999112, -7.000000000000000000 ) ) ;
#4440 = AXIS2_PLACEMENT_3D ( 'NONE', #2017, #5060, #7457 ) ;
#4441 = ORIENTED_EDGE ( 'NONE', *, *, #1120, .T. ) ;
#4442 = CYLINDRICAL_SURFACE ( 'NONE', #6469, 0.3999999999999999667 ) ;
#4443 = DIRECTION ( 'NONE',  ( -0.3090169943749409565, -0.9510565162951556406, 0.000000000000000000 ) ) ;
#4444 = VERTEX_POINT ( 'NONE', #6999 ) ;
#4445 = AXIS2_PLACEMENT_3D ( 'NONE', #2471, #4799, #1725 ) ;
#4446 = AXIS2_PLACEMENT_3D ( 'NONE', #5604, #5003, #2555 ) ;
#4447 = AXIS2_PLACEMENT_3D ( 'NONE', #4449, #6801, #1924 ) ;
#4448 = CARTESIAN_POINT ( 'NONE',  ( 0.000000000000000000, 6.000000000000000000, -6.000000000000000000 ) ) ;
#4449 = CARTESIAN_POINT ( 'NONE',  ( 5.706339097770939617, -1.854101966249629641, 6.000000000000000000 ) ) ;
#4450 = EDGE_CURVE ( 'NONE', #3729, #7710, #3571, .T. ) ;
#4451 = AXIS2_PLACEMENT_3D ( 'NONE', #363, #2148, #955 ) ;
#4452 = VERTEX_POINT ( 'NONE', #7074 ) ;
#4453 = CARTESIAN_POINT ( 'NONE',  ( 1.473679359731546956, 5.829945895520919130, -6.000000000000000000 ) ) ;
#4454 = LINE ( 'NONE', #3984, #656 ) ;
#4455 = CARTESIAN_POINT ( 'NONE',  ( -5.089216067166679736, 3.203104716004848918, 7.000000000000000000 ) ) ;
#4456 = CIRCLE ( 'NONE', #5342, 0.9000000000000014655 ) ;
#4457 = VERTEX_POINT ( 'NONE', #3422 ) ;
#4458 = DIRECTION ( 'NONE',  ( 0.3090169943749451198, 0.9510565162951544194, 0.000000000000000000 ) ) ;
#4459 = ORIENTED_EDGE ( 'NONE', *, *, #969, .F. ) ;
#4460 = EDGE_CURVE ( 'NONE', #6970, #2645, #5837, .T. ) ;
#4461 = ADVANCED_FACE ( 'NONE', ( #422 ), #5241, .F. ) ;
#4462 = VERTEX_POINT ( 'NONE', #2235 ) ;
#4463 = DIRECTION ( 'NONE',  ( -0.000000000000000000, -0.000000000000000000, 1.000000000000000000 ) ) ;
#4464 = DIRECTION ( 'NONE',  ( -0.000000000000000000, -0.000000000000000000, 1.000000000000000000 ) ) ;
#4465 = CARTESIAN_POINT ( 'NONE',  ( -4.854101966249667832, -3.526711513754861915, 7.000000000000000000 ) ) ;
#4466 = VERTEX_POINT ( 'NONE', #4646 ) ;
#4467 = DIRECTION ( 'NONE',  ( -0.000000000000000000, -0.000000000000000000, 1.000000000000000000 ) ) ;
#4468 = VECTOR ( 'NONE', #4206, 1000.000000000000000 ) ;
#4469 = EDGE_CURVE ( 'NONE', #798, #3528, #5116, .T. ) ;
#4470 = DIRECTION ( 'NONE',  ( 0.8090169943749422332, 0.5877852522924803536, 0.000000000000000000 ) ) ;
#4471 = CYLINDRICAL_SURFACE ( 'NONE', #1666, 0.4000000000000001887 ) ;
#4472 = EDGE_CURVE ( 'NONE', #2835, #4397, #7116, .T. ) ;
#4473 = CARTESIAN_POINT ( 'NONE',  ( -3.181152949374470129, -8.559508646656400543, -6.000000000000000000 ) ) ;
#4474 = ORIENTED_EDGE ( 'NONE', *, *, #2357, .F. ) ;
#4475 = DIRECTION ( 'NONE',  ( 1.000000000000000000, 0.000000000000000000, 0.000000000000000000 ) ) ;
#4476 = ORIENTED_EDGE ( 'NONE', *, *, #1133, .T. ) ;
#4477 = DIRECTION ( 'NONE',  ( 1.000000000000000000, 0.000000000000000000, 0.000000000000000000 ) ) ;
#4478 = CARTESIAN_POINT ( 'NONE',  ( 25.00000000000001066, 54.00000000000000711, 24.50000000000000000 ) ) ;
#4479 = ORIENTED_EDGE ( 'NONE', *, *, #3916, .T. ) ;
#4480 = CARTESIAN_POINT ( 'NONE',  ( -2.750000000000000000, 0.000000000000000000, 7.000000000000000000 ) ) ;
#4481 = VECTOR ( 'NONE', #5271, 1000.000000000000000 ) ;
#4482 = ORIENTED_EDGE ( 'NONE', *, *, #307, .T. ) ;
#4483 = CARTESIAN_POINT ( 'NONE',  ( -2.400730342856472799, 8.683115444406361405, -6.000000000000000000 ) ) ;
#4484 = CARTESIAN_POINT ( 'NONE',  ( -3.850318311504791868, -4.618987865332716325, -7.000000000000000000 ) ) ;
#4485 = ORIENTED_EDGE ( 'NONE', *, *, #3214, .T. ) ;
#4486 = COORDINATED_UNIVERSAL_TIME_OFFSET ( 8, 0, .AHEAD. ) ;
#4487 = DIRECTION ( 'NONE',  ( 0.5877852522924705836, 0.8090169943749492276, 0.000000000000000000 ) ) ;
#4488 = ORIENTED_EDGE ( 'NONE', *, *, #1276, .T. ) ;
#4489 = LINE ( 'NONE', #699, #741 ) ;
#4490 = LINE ( 'NONE', #3945, #32 ) ;
#4491 = LINE ( 'NONE', #2603, #2191 ) ;
#4492 = EDGE_LOOP ( 'NONE', ( #444, #1565, #7690, #3506, #504 ) ) ;
#4493 = CARTESIAN_POINT ( 'NONE',  ( -5.510910596163086597E-16, 9.000000000000000000, -6.000000000000000000 ) ) ;
#4494 = ORIENTED_EDGE ( 'NONE', *, *, #3587, .F. ) ;
#4495 = EDGE_CURVE ( 'NONE', #1733, #1633, #5275, .T. ) ;
#4496 = VECTOR ( 'NONE', #7661, 1000.000000000000000 ) ;
#4497 = ORIENTED_EDGE ( 'NONE', *, *, #6933, .F. ) ;
#4498 = DIRECTION ( 'NONE',  ( 0.9510565162951533091, 0.3090169943749481174, 0.000000000000000000 ) ) ;
#4499 = FACE_BOUND ( 'NONE', #20, .T. ) ;
#4500 = DIRECTION ( 'NONE',  ( 1.000000000000000000, 0.000000000000000000, 0.000000000000000000 ) ) ;
#4501 = VERTEX_POINT ( 'NONE', #2117 ) ;
#4502 = DIRECTION ( 'NONE',  ( 0.000000000000000000, 0.000000000000000000, 1.000000000000000000 ) ) ;
#4503 = EDGE_CURVE ( 'NONE', #147, #2739, #4524, .T. ) ;
#4504 = EDGE_CURVE ( 'NONE', #4047, #3284, #6354, .T. ) ;
#4505 = VECTOR ( 'NONE', #1470, 1000.000000000000000 ) ;
#4506 = DIRECTION ( 'NONE',  ( -0.8090169943749531134, 0.5877852522924651435, 0.000000000000000000 ) ) ;
#4507 = PLANE ( 'NONE',  #6833 ) ;
#4508 = ORIENTED_EDGE ( 'NONE', *, *, #5488, .F. ) ;
#4509 = CARTESIAN_POINT ( 'NONE',  ( -3.850318311504823843, 4.618987865332690568, 6.000000000000000000 ) ) ;
#4510 = CIRCLE ( 'NONE', #6552, 0.4000000000000004108 ) ;
#4511 = ORIENTED_EDGE ( 'NONE', *, *, #4191, .F. ) ;
#4512 = CARTESIAN_POINT ( 'NONE',  ( 1.454101966249729427, -5.706339097770907642, -6.000000000000000000 ) ) ;
#4513 = ADVANCED_FACE ( 'NONE', ( #3538 ), #6032, .F. ) ;
#4514 = ORIENTED_EDGE ( 'NONE', *, *, #2347, .F. ) ;
#4515 = EDGE_CURVE ( 'NONE', #4093, #7106, #5846, .T. ) ;
#4516 = VECTOR ( 'NONE', #7472, 1000.000000000000000 ) ;
#4517 = DIRECTION ( 'NONE',  ( -0.000000000000000000, -0.000000000000000000, 1.000000000000000000 ) ) ;
#4518 = DIRECTION ( 'NONE',  ( -0.5877852522924623679, -0.8090169943749553338, 0.000000000000000000 ) ) ;
#4519 = ORIENTED_EDGE ( 'NONE', *, *, #4622, .F. ) ;
#4520 = LINE ( 'NONE', #925, #1258 ) ;
#4521 = DIRECTION ( 'NONE',  ( -0.8090169943749531134, 0.5877852522924651435, 0.000000000000000000 ) ) ;
#4522 = VERTEX_POINT ( 'NONE', #4167 ) ;
#4523 = DIRECTION ( 'NONE',  ( -0.000000000000000000, -0.000000000000000000, 1.000000000000000000 ) ) ;
#4524 = LINE ( 'NONE', #1528, #1678 ) ;
#4526 = EDGE_CURVE ( 'NONE', #5980, #869, #5465, .T. ) ;
#4525 = VECTOR ( 'NONE', #3957, 999.9999999999998863 ) ;
#4527 = DATE_AND_TIME ( #4014, #2515 ) ;
#4528 = DIRECTION ( 'NONE',  ( 1.000000000000000000, 1.807003620809173892E-16, -0.000000000000000000 ) ) ;
#4529 = AXIS2_PLACEMENT_3D ( 'NONE', #1409, #3822, #6277 ) ;
#4530 = VECTOR ( 'NONE', #3033, 1000.000000000000000 ) ;
#4531 = EDGE_LOOP ( 'NONE', ( #7092, #2658, #6871, #5806 ) ) ;
#4532 = DIRECTION ( 'NONE',  ( 0.3090169943749564441, -0.9510565162951505336, 0.000000000000000000 ) ) ;
#4533 = LINE ( 'NONE', #937, #5201 ) ;
#4534 = CARTESIAN_POINT ( 'NONE',  ( -8.559508646656370345, -2.781152949374564809, -6.000000000000000000 ) ) ;
#4535 = EDGE_LOOP ( 'NONE', ( #1760, #7548, #1179, #4326 ) ) ;
#4536 = AXIS2_PLACEMENT_3D ( 'NONE', #814, #5046, #7481 ) ;
#4537 = VERTEX_POINT ( 'NONE', #4763 ) ;
#4538 = CARTESIAN_POINT ( 'NONE',  ( -4.854101966249691813, 3.526711513754828164, -6.000000000000000000 ) ) ;
#4539 = VECTOR ( 'NONE', #6519, 1000.000000000000000 ) ;
#4540 = ADVANCED_FACE ( 'NONE', ( #609 ), #7752, .T. ) ;
#4541 = FACE_BOUND ( 'NONE', #3241, .T. ) ;
#4542 = DIRECTION ( 'NONE',  ( -1.000000000000000000, 0.000000000000000000, 0.000000000000000000 ) ) ;
#4543 = ORIENTED_EDGE ( 'NONE', *, *, #1094, .T. ) ;
#4544 = DIRECTION ( 'NONE',  ( 0.000000000000000000, 0.000000000000000000, 1.000000000000000000 ) ) ;
#4545 = CIRCLE ( 'NONE', #5176, 0.3999999999999998002 ) ;
#4546 = DIRECTION ( 'NONE',  ( -0.000000000000000000, -0.000000000000000000, 1.000000000000000000 ) ) ;
#4547 = EDGE_CURVE ( 'NONE', #4452, #7000, #3652, .T. ) ;
#4548 = EDGE_LOOP ( 'NONE', ( #3907, #382, #360, #3369 ) ) ;
#4549 = LINE ( 'NONE', #7624, #6159 ) ;
#4550 = ORIENTED_EDGE ( 'NONE', *, *, #1899, .T. ) ;
#4551 = CARTESIAN_POINT ( 'NONE',  ( 5.306339097770900182, 1.854101966249749323, -6.000000000000000000 ) ) ;
#4552 = AXIS2_PLACEMENT_3D ( 'NONE', #2894, #5304, #7147 ) ;
#4553 = ORIENTED_EDGE ( 'NONE', *, *, #5770, .F. ) ;
#4554 = AXIS2_PLACEMENT_3D ( 'NONE', #5855, #5255, #5931 ) ;
#4555 = EDGE_CURVE ( 'NONE', #6060, #636, #6099, .T. ) ;
#4556 = AXIS2_PLACEMENT_3D ( 'NONE', #3416, #4049, #2830 ) ;
#4557 = DIRECTION ( 'NONE',  ( 0.000000000000000000, -0.000000000000000000, 1.000000000000000000 ) ) ;
#4558 = LINE ( 'NONE', #5072, #5699 ) ;
#4559 = EDGE_CURVE ( 'NONE', #4093, #2103, #2355, .T. ) ;
#4560 = ORIENTED_EDGE ( 'NONE', *, *, #3303, .F. ) ;
#4561 = LINE ( 'NONE', #6476, #7341 ) ;
#4562 = DIRECTION ( 'NONE',  ( 0.000000000000000000, 1.000000000000000000, 0.000000000000000000 ) ) ;
#4563 = EDGE_LOOP ( 'NONE', ( #871, #1516, #5195, #1092 ) ) ;
#4564 = VECTOR ( 'NONE', #5462, 1000.000000000000000 ) ;
#4565 = FACE_OUTER_BOUND ( 'NONE', #1512, .T. ) ;
#4566 = CARTESIAN_POINT ( 'NONE',  ( 3.850318311504757229, 4.618987865332744747, 6.000000000000000000 ) ) ;
#4567 = EDGE_LOOP ( 'NONE', ( #2400, #1765, #6853, #5879 ) ) ;
#4568 = VECTOR ( 'NONE', #5209, 1000.000000000000000 ) ;
#4569 = PERSON_AND_ORGANIZATION_ROLE ( 'design_owner' ) ;
#4570 = CARTESIAN_POINT ( 'NONE',  ( 5.089216067166703716, -3.203104716004811170, -7.000000000000000000 ) ) ;
#4571 = EDGE_CURVE ( 'NONE', #1893, #2956, #1432, .T. ) ;
#4572 = ORIENTED_EDGE ( 'NONE', *, *, #2389, .T. ) ;
#4573 = CARTESIAN_POINT ( 'NONE',  ( 4.618987865332731424, -3.850318311504773661, 6.000000000000000000 ) ) ;
#4574 = VERTEX_POINT ( 'NONE', #3021 ) ;
#4575 = VECTOR ( 'NONE', #2837, 1000.000000000000000 ) ;
#4576 = EDGE_CURVE ( 'NONE', #1851, #3104, #1925, .T. ) ;
#4577 = DIRECTION ( 'NONE',  ( -0.5877852522924803536, 0.8090169943749422332, 0.000000000000000000 ) ) ;
#4578 = CARTESIAN_POINT ( 'NONE',  ( -5.706339097770928070, 1.854101966249668720, 7.000000000000000000 ) ) ;
#4579 = VERTEX_POINT ( 'NONE', #2319 ) ;
#4580 = VECTOR ( 'NONE', #6161, 1000.000000000000000 ) ;
#4581 = CIRCLE ( 'NONE', #7374, 0.3999999999999998002 ) ;
#4582 = AXIS2_PLACEMENT_3D ( 'NONE', #1759, #7796, #7195 ) ;
#4583 = VERTEX_POINT ( 'NONE', #7235 ) ;
#4584 = CARTESIAN_POINT ( 'NONE',  ( -5.290067270632215823, -7.281152949374556371, -6.000000000000000000 ) ) ;
#4585 = CARTESIAN_POINT ( 'NONE',  ( -57.50000000000000000, 54.00000000000000711, -38.50000000000000000 ) ) ;
#4586 = AXIS2_PLACEMENT_3D ( 'NONE', #5917, #1245, #6074 ) ;
#4587 = FACE_BOUND ( 'NONE', #7823, .T. ) ;
#4588 = DIRECTION ( 'NONE',  ( 0.8090169943749463410, 0.5877852522924744694, 0.000000000000000000 ) ) ;
#4589 = ORIENTED_EDGE ( 'NONE', *, *, #3548, .F. ) ;
#4590 = DIRECTION ( 'NONE',  ( 0.8090169943749487835, -0.5877852522924712497, 0.000000000000000000 ) ) ;
#4591 = AXIS2_PLACEMENT_3D ( 'NONE', #4260, #7175, #6688 ) ;
#4592 = VECTOR ( 'NONE', #6388, 1000.000000000000000 ) ;
#4593 = CARTESIAN_POINT ( 'NONE',  ( -57.50000000000000000, 50.00000000000000000, 38.50000000000000000 ) ) ;
#4594 = FACE_OUTER_BOUND ( 'NONE', #6992, .T. ) ;
#4595 = ORIENTED_EDGE ( 'NONE', *, *, #211, .F. ) ;
#4596 = CARTESIAN_POINT ( 'NONE',  ( -6.000000000000000888, 0.3999999999999794831, 7.000000000000000000 ) ) ;
#4597 = ORIENTED_EDGE ( 'NONE', *, *, #258, .F. ) ;
#4598 = CARTESIAN_POINT ( 'NONE',  ( -5.582732300020933458, -2.234524572767770056, 7.000000000000000000 ) ) ;
#4599 = EDGE_LOOP ( 'NONE', ( #725, #268, #215, #6588 ) ) ;
#4600 = EDGE_CURVE ( 'NONE', #7550, #2801, #2436, .T. ) ;
#4601 = ORIENTED_EDGE ( 'NONE', *, *, #1713, .T. ) ;
#4602 = CYLINDRICAL_SURFACE ( 'NONE', #6368, 0.3999999999999997446 ) ;
#4603 = DIRECTION ( 'NONE',  ( -0.5877852522924684742, -0.8090169943749507819, 0.000000000000000000 ) ) ;
#4604 = CARTESIAN_POINT ( 'NONE',  ( 5.829945895520913801, -1.473679359731567384, 6.000000000000000000 ) ) ;
#4605 = CARTESIAN_POINT ( 'NONE',  ( -2.781152949374533723, 8.559508646656381003, -7.000000000000000000 ) ) ;
#4606 = ORIENTED_EDGE ( 'NONE', *, *, #4886, .F. ) ;
#4607 = DIRECTION ( 'NONE',  ( 0.9510565162951576390, -0.3090169943749346282, 0.000000000000000000 ) ) ;
#4608 = PLANE ( 'NONE',  #5970 ) ;
#4609 = AXIS2_PLACEMENT_3D ( 'NONE', #3953, #313, #1462 ) ;
#4610 = EDGE_CURVE ( 'NONE', #4932, #5957, #574, .T. ) ;
#4611 = ADVANCED_FACE ( 'NONE', ( #5393 ), #3058, .F. ) ;
#4612 = EDGE_CURVE ( 'NONE', #3660, #2074, #4211, .T. ) ;
#4613 = APPROVAL_STATUS ( 'not_yet_approved' ) ;
#4614 = FACE_OUTER_BOUND ( 'NONE', #941, .T. ) ;
#4615 = EDGE_LOOP ( 'NONE', ( #3388, #7713, #4476, #5494 ) ) ;
#4616 = LINE ( 'NONE', #463, #1883 ) ;
#4617 = ORIENTED_EDGE ( 'NONE', *, *, #3026, .F. ) ;
#4618 = DIRECTION ( 'NONE',  ( 1.084202172485504592E-14, -1.000000000000000000, 0.000000000000000000 ) ) ;
#4619 = CARTESIAN_POINT ( 'NONE',  ( -25.00000000000000711, -9.999999999999994671, -25.40000000000002345 ) ) ;
#4620 = ORIENTED_EDGE ( 'NONE', *, *, #493, .F. ) ;
#4621 = ORIENTED_EDGE ( 'NONE', *, *, #1324, .F. ) ;
#4622 = EDGE_CURVE ( 'NONE', #2074, #3528, #3695, .T. ) ;
#4623 = EDGE_LOOP ( 'NONE', ( #7225, #1309, #2362, #4115, #5882 ) ) ;
#4624 = LINE ( 'NONE', #1618, #7208 ) ;
#4625 = DIRECTION ( 'NONE',  ( 0.5877852522924803536, -0.8090169943749422332, 0.000000000000000000 ) ) ;
#4626 = DIRECTION ( 'NONE',  ( 0.000000000000000000, 0.000000000000000000, 1.000000000000000000 ) ) ;
#4627 = EDGE_LOOP ( 'NONE', ( #6868, #1006, #3405, #2360, #2365 ) ) ;
#4628 = CARTESIAN_POINT ( 'NONE',  ( -25.00000000000000711, 50.00000000000000000, -24.50000000000002132 ) ) ;
#4629 = ADVANCED_FACE ( 'NONE', ( #2432 ), #4844, .F. ) ;
#4630 = CARTESIAN_POINT ( 'NONE',  ( -0.4000000000000004108, -5.999999999999999112, 7.000000000000000000 ) ) ;
#4631 = PLANE ( 'NONE',  #6071 ) ;
#4632 = VERTEX_POINT ( 'NONE', #1091 ) ;
#4633 = DIRECTION ( 'NONE',  ( 1.084202172485504592E-14, -1.000000000000000000, 0.000000000000000000 ) ) ;
#4634 = ORIENTED_EDGE ( 'NONE', *, *, #6103, .F. ) ;
#4635 = DIRECTION ( 'NONE',  ( -1.807003620809173892E-16, 1.000000000000000000, 0.000000000000000000 ) ) ;
#4636 = ORIENTED_EDGE ( 'NONE', *, *, #5285, .T. ) ;
#4637 = ORIENTED_EDGE ( 'NONE', *, *, #7497, .F. ) ;
#4638 = LINE ( 'NONE', #1637, #6108 ) ;
#4639 = CARTESIAN_POINT ( 'NONE',  ( 3.161575555892655043, -8.435901848906379286, -6.000000000000000000 ) ) ;
#4640 = VECTOR ( 'NONE', #4312, 1000.000000000000000 ) ;
#4641 = DIRECTION ( 'NONE',  ( 0.000000000000000000, 0.000000000000000000, -1.000000000000000000 ) ) ;
#4642 = CARTESIAN_POINT ( 'NONE',  ( -3.850318311504791868, -4.618987865332716325, -6.000000000000000000 ) ) ;
#4643 = EDGE_CURVE ( 'NONE', #4279, #6025, #1241, .T. ) ;
#4644 = ORIENTED_EDGE ( 'NONE', *, *, #4294, .F. ) ;
#4645 = FACE_OUTER_BOUND ( 'NONE', #1839, .T. ) ;
#4646 = CARTESIAN_POINT ( 'NONE',  ( -5.582732300020949445, 2.234524572767730533, -7.000000000000000000 ) ) ;
#4647 = ORIENTED_EDGE ( 'NONE', *, *, #1775, .F. ) ;
#4648 = CARTESIAN_POINT ( 'NONE',  ( 0.000000000000000000, 0.000000000000000000, 0.000000000000000000 ) ) ;
#4649 = DIRECTION ( 'NONE',  ( -0.3090169943749386250, -0.9510565162951564178, 0.000000000000000000 ) ) ;
#4650 = CARTESIAN_POINT ( 'NONE',  ( 1.854101966249729561, -5.706339097770907642, -6.000000000000000000 ) ) ;
#4651 = VECTOR ( 'NONE', #6134, 1000.000000000000000 ) ;
#4652 = EDGE_CURVE ( 'NONE', #2611, #3947, #1808, .T. ) ;
#4653 = ORIENTED_EDGE ( 'NONE', *, *, #3159, .T. ) ;
#4654 = DIRECTION ( 'NONE',  ( 1.000000000000000000, 0.000000000000000000, 0.000000000000000000 ) ) ;
#4655 = PLANE ( 'NONE',  #3182 ) ;
#4656 = EDGE_LOOP ( 'NONE', ( #2458, #1846, #1279, #1044 ) ) ;
#4657 = VERTEX_POINT ( 'NONE', #3806 ) ;
#4658 = AXIS2_PLACEMENT_3D ( 'NONE', #6683, #1217, #6572 ) ;
#4659 = VERTEX_POINT ( 'NONE', #132 ) ;
#4660 = EDGE_CURVE ( 'NONE', #4068, #3046, #284, .T. ) ;
#4661 = DIRECTION ( 'NONE',  ( -0.000000000000000000, -0.000000000000000000, 1.000000000000000000 ) ) ;
#4662 = CARTESIAN_POINT ( 'NONE',  ( -1.473679359731585148, -5.829945895520909360, 7.000000000000000000 ) ) ;
#4663 = EDGE_CURVE ( 'NONE', #4522, #7558, #5853, .T. ) ;
#4664 = PLANE ( 'NONE',  #1914 ) ;
#4665 = CARTESIAN_POINT ( 'NONE',  ( -6.000000000000000000, -2.094888803305880013E-14, 7.000000000000000000 ) ) ;
#4666 = ORIENTED_EDGE ( 'NONE', *, *, #6503, .T. ) ;
#4667 = AXIS2_PLACEMENT_3D ( 'NONE', #936, #3308, #7602 ) ;
#4668 = CIRCLE ( 'NONE', #1, 0.4000000000000001887 ) ;
#4669 = CARTESIAN_POINT ( 'NONE',  ( -7.046038848457548909, 5.613674068382220383, 7.000000000000000000 ) ) ;
#4670 = EDGE_CURVE ( 'NONE', #4397, #4200, #5081, .T. ) ;
#4671 = ORIENTED_EDGE ( 'NONE', *, *, #1823, .F. ) ;
#4672 = CARTESIAN_POINT ( 'NONE',  ( -5.829945895520895149, -1.473679359731648209, 6.000000000000000000 ) ) ;
#4673 = ORIENTED_EDGE ( 'NONE', *, *, #2681, .F. ) ;
#4674 = CARTESIAN_POINT ( 'NONE',  ( 8.435901848906368627, 3.161575555892684353, 7.000000000000000000 ) ) ;
#4675 = EDGE_LOOP ( 'NONE', ( #3365, #7510, #6062, #7616 ) ) ;
#4676 = AXIS2_PLACEMENT_3D ( 'NONE', #7177, #3086, #1194 ) ;
#4677 = ORIENTED_EDGE ( 'NONE', *, *, #4944, .F. ) ;
#4678 = CARTESIAN_POINT ( 'NONE',  ( -8.559508646656389885, 2.781152949374502636, -6.000000000000000000 ) ) ;
#4679 = DIRECTION ( 'NONE',  ( -0.000000000000000000, -0.000000000000000000, -1.000000000000000000 ) ) ;
#4680 = DIRECTION ( 'NONE',  ( -0.000000000000000000, -0.000000000000000000, 1.000000000000000000 ) ) ;
#4681 = LINE ( 'NONE', #1166, #2150 ) ;
#4682 = CIRCLE ( 'NONE', #7477, 0.4000000000000001887 ) ;
#4683 = ORIENTED_EDGE ( 'NONE', *, *, #5495, .F. ) ;
#4684 = DIRECTION ( 'NONE',  ( -0.000000000000000000, -0.000000000000000000, 1.000000000000000000 ) ) ;
#4685 = DIRECTION ( 'NONE',  ( -0.000000000000000000, -0.000000000000000000, 1.000000000000000000 ) ) ;
#4686 = EDGE_LOOP ( 'NONE', ( #4107, #3339, #263, #7654 ) ) ;
#4687 = AXIS2_PLACEMENT_3D ( 'NONE', #1204, #4384, #1510 ) ;
#4688 = EDGE_CURVE ( 'NONE', #434, #1733, #3062, .T. ) ;
#4689 = CARTESIAN_POINT ( 'NONE',  ( -4.854101966249691813, 3.526711513754828164, 6.000000000000000000 ) ) ;
#4690 = VECTOR ( 'NONE', #5912, 1000.000000000000227 ) ;
#4691 = CARTESIAN_POINT ( 'NONE',  ( 1.473679359731668193, -5.829945895520888932, 6.000000000000000000 ) ) ;
#4692 = ORIENTED_EDGE ( 'NONE', *, *, #1323, .T. ) ;
#4693 = DIRECTION ( 'NONE',  ( -0.9510565162951521989, -0.3090169943749517256, 0.000000000000000000 ) ) ;
#4694 = CARTESIAN_POINT ( 'NONE',  ( -5.706339097770928070, 1.854101966249668720, -6.000000000000000000 ) ) ;
#4695 = ORIENTED_EDGE ( 'NONE', *, *, #7428, .T. ) ;
#4696 = AXIS2_PLACEMENT_3D ( 'NONE', #478, #7738, #6584 ) ;
#4697 = EDGE_CURVE ( 'NONE', #1807, #83, #2443, .T. ) ;
#4698 = CARTESIAN_POINT ( 'NONE',  ( -5.582732300020949445, 2.234524572767730533, 7.000000000000000000 ) ) ;
#4699 = VECTOR ( 'NONE', #6721, 1000.000000000000000 ) ;
#4700 = ORIENTED_EDGE ( 'NONE', *, *, #1334, .T. ) ;
#4701 = CARTESIAN_POINT ( 'NONE',  ( 6.000000000000003553, -0.3999999999999375722, -6.000000000000000000 ) ) ;
#4702 = CARTESIAN_POINT ( 'NONE',  ( -0.3999999999999995781, 5.999999999999999112, -6.000000000000000000 ) ) ;
#4703 = DIRECTION ( 'NONE',  ( -0.000000000000000000, -0.000000000000000000, -1.000000000000000000 ) ) ;
#4704 = CARTESIAN_POINT ( 'NONE',  ( -8.559508646656389885, 2.781152949374502636, -7.000000000000000000 ) ) ;
#4705 = AXIS2_PLACEMENT_3D ( 'NONE', #5890, #3431, #7205 ) ;
#4706 = VECTOR ( 'NONE', #352, 1000.000000000000000 ) ;
#4707 = ORIENTED_EDGE ( 'NONE', *, *, #7789, .F. ) ;
#4708 = AXIS2_PLACEMENT_3D ( 'NONE', #3691, #3730, #5548 ) ;
#4709 = ADVANCED_FACE ( 'NONE', ( #716 ), #1442, .T. ) ;
#4710 = ADVANCED_FACE ( 'NONE', ( #2546 ), #1353, .F. ) ;
#4711 = VECTOR ( 'NONE', #4011, 1000.000000000000000 ) ;
#4712 = AXIS2_PLACEMENT_3D ( 'NONE', #7600, #1093, #3426 ) ;
#4713 = CARTESIAN_POINT ( 'NONE',  ( -57.50000000000000000, 54.00000000000000711, 38.50000000000000000 ) ) ;
#4714 = ORIENTED_EDGE ( 'NONE', *, *, #750, .F. ) ;
#4715 = FACE_OUTER_BOUND ( 'NONE', #7375, .T. ) ;
#4716 = CARTESIAN_POINT ( 'NONE',  ( 3.850318311504757229, 4.618987865332744747, 6.000000000000000000 ) ) ;
#4717 = VERTEX_POINT ( 'NONE', #3134 ) ;
#4718 = DIRECTION ( 'NONE',  ( -0.000000000000000000, -0.000000000000000000, 1.000000000000000000 ) ) ;
#4719 = ORIENTED_EDGE ( 'NONE', *, *, #7438, .T. ) ;
#4720 = AXIS2_PLACEMENT_3D ( 'NONE', #7551, #5874, #1519 ) ;
#4721 = EDGE_CURVE ( 'NONE', #5761, #3456, #912, .T. ) ;
#4722 = EDGE_CURVE ( 'NONE', #760, #3307, #660, .T. ) ;
#4723 = CARTESIAN_POINT ( 'NONE',  ( 0.000000000000000000, -6.000000000000000000, 7.000000000000000000 ) ) ;
#4724 = CARTESIAN_POINT ( 'NONE',  ( -3.850318311504823843, 4.618987865332690568, 7.000000000000000000 ) ) ;
#4725 = VECTOR ( 'NONE', #3093, 1000.000000000000000 ) ;
#4726 = DIRECTION ( 'NONE',  ( 0.8090169943749531134, -0.5877852522924651435, 0.000000000000000000 ) ) ;
#4727 = DIRECTION ( 'NONE',  ( 0.3090169943749482839, -0.9510565162951533091, 0.000000000000000000 ) ) ;
#4728 = ORIENTED_EDGE ( 'NONE', *, *, #1899, .F. ) ;
#4729 = DIRECTION ( 'NONE',  ( 1.000000000000000000, 0.000000000000000000, 0.000000000000000000 ) ) ;
#4730 = DIRECTION ( 'NONE',  ( 0.000000000000000000, 0.000000000000000000, 1.000000000000000000 ) ) ;
#4731 = ORIENTED_EDGE ( 'NONE', *, *, #5962, .T. ) ;
#4732 = PLANE ( 'NONE',  #7003 ) ;
#4733 = CARTESIAN_POINT ( 'NONE',  ( -57.50000000000000000, 50.00000000000000000, -38.50000000000000000 ) ) ;
#4734 = EDGE_LOOP ( 'NONE', ( #1097, #6267, #4240, #4372 ) ) ;
#4735 = CARTESIAN_POINT ( 'NONE',  ( -4.966460472882237909, -7.516267050291545182, -6.000000000000000000 ) ) ;
#4736 = CARTESIAN_POINT ( 'NONE',  ( 0.000000000000000000, 6.000000000000000000, 6.000000000000000000 ) ) ;
#4737 = EDGE_LOOP ( 'NONE', ( #2824, #7801, #5923, #6481 ) ) ;
#4738 = DIRECTION ( 'NONE',  ( 0.000000000000000000, 0.000000000000000000, 1.000000000000000000 ) ) ;
#4739 = CARTESIAN_POINT ( 'NONE',  ( 5.089216067166633550, 3.203104716004921304, -6.000000000000000000 ) ) ;
#4740 = ORIENTED_EDGE ( 'NONE', *, *, #5866, .F. ) ;
#4741 = DIRECTION ( 'NONE',  ( 0.000000000000000000, -0.000000000000000000, 1.000000000000000000 ) ) ;
#4742 = CARTESIAN_POINT ( 'NONE',  ( 10.00000000000000000, 50.00000000000000000, 7.000000000000000000 ) ) ;
#4743 = CYLINDRICAL_SURFACE ( 'NONE', #7579, 0.3999999999999997446 ) ;
#4744 = ADVANCED_FACE ( 'NONE', ( #175 ), #209, .F. ) ;
#4745 = ORIENTED_EDGE ( 'NONE', *, *, #1385, .F. ) ;
#4746 = DIRECTION ( 'NONE',  ( -0.000000000000000000, -0.000000000000000000, 1.000000000000000000 ) ) ;
#4747 = ORIENTED_EDGE ( 'NONE', *, *, #1511, .T. ) ;
#4748 = CYLINDRICAL_SURFACE ( 'NONE', #6211, 0.4000000000000001887 ) ;
#4749 = CARTESIAN_POINT ( 'NONE',  ( 5.829945895520913801, -1.473679359731567384, 6.000000000000000000 ) ) ;
#4750 = EDGE_CURVE ( 'NONE', #2216, #6622, #92, .T. ) ;
#4751 = ADVANCED_FACE ( 'NONE', ( #6827 ), #1395, .F. ) ;
#4752 = VERTEX_POINT ( 'NONE', #3222 ) ;
#4753 = DIRECTION ( 'NONE',  ( -0.000000000000000000, -0.000000000000000000, 1.000000000000000000 ) ) ;
#4754 = EDGE_LOOP ( 'NONE', ( #6132, #57, #6323, #3158 ) ) ;
#4755 = CARTESIAN_POINT ( 'NONE',  ( -4.618987865332703002, 3.850318311504807856, -7.000000000000000000 ) ) ;
#4756 = DIRECTION ( 'NONE',  ( 1.000000000000000000, 3.672181700924050498E-15, 0.000000000000000000 ) ) ;
#4757 = CARTESIAN_POINT ( 'NONE',  ( 4.618987865332647047, 3.850318311504873137, 6.000000000000000000 ) ) ;
#4758 = DIRECTION ( 'NONE',  ( 0.000000000000000000, 0.000000000000000000, 1.000000000000000000 ) ) ;
#4759 = ADVANCED_FACE ( 'NONE', ( #5633 ), #2619, .F. ) ;
#4760 = EDGE_CURVE ( 'NONE', #6664, #4104, #7001, .T. ) ;
#4761 = ORIENTED_EDGE ( 'NONE', *, *, #3926, .T. ) ;
#4762 = CARTESIAN_POINT ( 'NONE',  ( -5.999999999999997335, -0.4000000000000205058, 6.000000000000000000 ) ) ;
#4763 = CARTESIAN_POINT ( 'NONE',  ( -4.618987865332703002, 3.850318311504807856, 6.000000000000000000 ) ) ;
#4764 = EDGE_LOOP ( 'NONE', ( #6450, #6756, #6432, #189 ) ) ;
#4765 = DIRECTION ( 'NONE',  ( -1.000000000000000000, 0.000000000000000000, 0.000000000000000000 ) ) ;
#4766 = DIRECTION ( 'NONE',  ( -0.000000000000000000, 0.000000000000000000, 1.000000000000000000 ) ) ;
#4767 = ORIENTED_EDGE ( 'NONE', *, *, #6690, .F. ) ;
#4768 = CARTESIAN_POINT ( 'NONE',  ( 4.854101966249718458, -3.526711513754792193, 6.000000000000000000 ) ) ;
#4769 = FACE_OUTER_BOUND ( 'NONE', #4935, .T. ) ;
#4770 = CIRCLE ( 'NONE', #1357, 0.4000000000000001332 ) ;
#4771 = ORIENTED_EDGE ( 'NONE', *, *, #1141, .F. ) ;
#4772 = CARTESIAN_POINT ( 'NONE',  ( 5.089216067166703716, -3.203104716004811170, 6.000000000000000000 ) ) ;
#4773 = AXIS2_PLACEMENT_3D ( 'NONE', #1829, #1788, #7 ) ;
#4774 = DIRECTION ( 'NONE',  ( -0.3090169943749517256, 0.9510565162951521989, 0.000000000000000000 ) ) ;
#4775 = VERTEX_POINT ( 'NONE', #6110 ) ;
#4776 = PLANE ( 'NONE',  #2901 ) ;
#4777 = DIRECTION ( 'NONE',  ( -0.9510565162951557516, 0.3090169943749410120, 0.000000000000000000 ) ) ;
#4778 = CARTESIAN_POINT ( 'NONE',  ( 7.046038848457468973, 5.613674068382324300, 6.000000000000000000 ) ) ;
#4779 = CARTESIAN_POINT ( 'NONE',  ( -1.473679359731585148, -5.829945895520909360, -6.000000000000000000 ) ) ;
#4780 = ORIENTED_EDGE ( 'NONE', *, *, #7188, .T. ) ;
#4781 = AXIS2_PLACEMENT_3D ( 'NONE', #4255, #4738, #7169 ) ;
#4782 = AXIS2_PLACEMENT_3D ( 'NONE', #822, #1342, #5618 ) ;
#4783 = ADVANCED_FACE ( 'NONE', ( #7309 ), #6710, .F. ) ;
#4784 = LINE ( 'NONE', #78, #5306 ) ;
#4785 = AXIS2_PLACEMENT_3D ( 'NONE', #2873, #1650, #6964 ) ;
#4786 = ORIENTED_EDGE ( 'NONE', *, *, #4436, .T. ) ;
#4787 = DIRECTION ( 'NONE',  ( 1.000000000000000000, 0.000000000000000000, 0.000000000000000000 ) ) ;
#4788 = FACE_OUTER_BOUND ( 'NONE', #573, .T. ) ;
#4789 = ORIENTED_EDGE ( 'NONE', *, *, #1375, .F. ) ;
#4790 = DIRECTION ( 'NONE',  ( -1.000000000000000000, 0.000000000000000000, 0.000000000000000000 ) ) ;
#4791 = EDGE_LOOP ( 'NONE', ( #1963, #5229, #567, #2761, #3311 ) ) ;
#4792 = EDGE_CURVE ( 'NONE', #2097, #5210, #5598, .T. ) ;
#4793 = CYLINDRICAL_SURFACE ( 'NONE', #1820, 0.4000000000000001887 ) ;
#4794 = CARTESIAN_POINT ( 'NONE',  ( -1.854101966249689148, 5.706339097770920965, -6.000000000000000000 ) ) ;
#4795 = DIRECTION ( 'NONE',  ( 1.000000000000000000, 0.000000000000000000, 0.000000000000000000 ) ) ;
#4796 = PLANE ( 'NONE',  #4797 ) ;
#4797 = AXIS2_PLACEMENT_3D ( 'NONE', #5391, #2944, #4727 ) ;
#4798 = ORIENTED_EDGE ( 'NONE', *, *, #2286, .T. ) ;
#4799 = DIRECTION ( 'NONE',  ( -0.000000000000000000, -0.000000000000000000, 1.000000000000000000 ) ) ;
#4800 = VECTOR ( 'NONE', #3318, 1000.000000000000000 ) ;
#4801 = ORIENTED_EDGE ( 'NONE', *, *, #5098, .F. ) ;
#4802 = EDGE_CURVE ( 'NONE', #2801, #4522, #7065, .T. ) ;
#4803 = EDGE_CURVE ( 'NONE', #5067, #7572, #2704, .T. ) ;
#4804 = AXIS2_PLACEMENT_3D ( 'NONE', #7413, #4376, #2690 ) ;
#4805 = FACE_OUTER_BOUND ( 'NONE', #45, .T. ) ;
#4806 = ORIENTED_EDGE ( 'NONE', *, *, #1236, .F. ) ;
#4807 = CARTESIAN_POINT ( 'NONE',  ( 5.999999999999994671, 0.4000000000000624167, -7.000000000000000000 ) ) ;
#4808 = ORIENTED_EDGE ( 'NONE', *, *, #4238, .T. ) ;
#4809 = CARTESIAN_POINT ( 'NONE',  ( 1.854101966249609657, 5.706339097770945834, -6.000000000000000000 ) ) ;
#4810 = CARTESIAN_POINT ( 'NONE',  ( 1.473679359731668193, -5.829945895520888932, 7.000000000000000000 ) ) ;
#4811 = VECTOR ( 'NONE', #6632, 1000.000000000000000 ) ;
#4812 = EDGE_CURVE ( 'NONE', #4457, #6828, #6945, .T. ) ;
#4813 = CARTESIAN_POINT ( 'NONE',  ( 7.516267050291565610, -4.966460472882207711, 7.000000000000000000 ) ) ;
#4814 = CARTESIAN_POINT ( 'NONE',  ( 2.781152949374413819, 8.559508646656418307, 6.000000000000000000 ) ) ;
#4815 = EDGE_CURVE ( 'NONE', #131, #3539, #2107, .T. ) ;
#4816 = VERTEX_POINT ( 'NONE', #6909 ) ;
#4817 = VECTOR ( 'NONE', #2195, 1000.000000000000114 ) ;
#4818 = CARTESIAN_POINT ( 'NONE',  ( 7.046038848457591541, -5.613674068382167981, -6.000000000000000000 ) ) ;
#4819 = CARTESIAN_POINT ( 'NONE',  ( 5.290067270632322405, -7.281152949374479100, 7.000000000000000000 ) ) ;
#4820 = CARTESIAN_POINT ( 'NONE',  ( 6.000000000000003553, -0.3999999999999375722, 6.000000000000000000 ) ) ;
#4821 = CARTESIAN_POINT ( 'NONE',  ( -4.618987865332703002, 3.850318311504807856, -6.000000000000000000 ) ) ;
#4822 = VERTEX_POINT ( 'NONE', #3966 ) ;
#4823 = VECTOR ( 'NONE', #6095, 1000.000000000000000 ) ;
#4824 = VECTOR ( 'NONE', #3777, 1000.000000000000000 ) ;
#4825 = VERTEX_POINT ( 'NONE', #2073 ) ;
#4826 = VECTOR ( 'NONE', #5452, 1000.000000000000000 ) ;
#4827 = CARTESIAN_POINT ( 'NONE',  ( 5.306339097770939262, -1.854101966249629641, -6.000000000000000000 ) ) ;
#4828 = ORIENTED_EDGE ( 'NONE', *, *, #2046, .F. ) ;
#4829 = DIRECTION ( 'NONE',  ( -0.3090169943749482839, 0.9510565162951531981, 0.000000000000000000 ) ) ;
#4830 = DIRECTION ( 'NONE',  ( -0.000000000000000000, 0.000000000000000000, 1.000000000000000000 ) ) ;
#4831 = EDGE_LOOP ( 'NONE', ( #7566, #7310, #3709, #5690 ) ) ;
#4832 = VECTOR ( 'NONE', #31, 1000.000000000000000 ) ;
#4833 = CARTESIAN_POINT ( 'NONE',  ( -57.50000000000000000, 50.00000000000000000, -38.50000000000000000 ) ) ;
#4834 = VERTEX_POINT ( 'NONE', #6340 ) ;
#4835 = VECTOR ( 'NONE', #618, 1000.000000000000114 ) ;
#4836 = AXIS2_PLACEMENT_3D ( 'NONE', #5084, #4926, #1998 ) ;
#4837 = VECTOR ( 'NONE', #3897, 1000.000000000000000 ) ;
#4838 = DIRECTION ( 'NONE',  ( -0.000000000000000000, -0.000000000000000000, -1.000000000000000000 ) ) ;
#4839 = CARTESIAN_POINT ( 'NONE',  ( -4.618987865332676357, -3.850318311504838942, 6.000000000000000000 ) ) ;
#4840 = CYLINDRICAL_SURFACE ( 'NONE', #7419, 0.4000000000000001887 ) ;
#4841 = CARTESIAN_POINT ( 'NONE',  ( -8.559508646656370345, -2.781152949374564809, 7.000000000000000000 ) ) ;
#4842 = AXIS2_PLACEMENT_3D ( 'NONE', #2872, #3343, #1012 ) ;
#4843 = ORIENTED_EDGE ( 'NONE', *, *, #2724, .T. ) ;
#4844 = PLANE ( 'NONE',  #2819 ) ;
#4845 = ORIENTED_EDGE ( 'NONE', *, *, #6154, .F. ) ;
#4846 = ADVANCED_FACE ( 'NONE', ( #1632 ), #5143, .F. ) ;
#4847 = AXIS2_PLACEMENT_3D ( 'NONE', #4578, #3350, #6406 ) ;
#4848 = AXIS2_PLACEMENT_3D ( 'NONE', #1978, #1348, #242 ) ;
#4849 = CARTESIAN_POINT ( 'NONE',  ( 3.526711513754881455, -4.854101966249653621, -6.000000000000000000 ) ) ;
#4850 = VERTEX_POINT ( 'NONE', #7583 ) ;
#4851 = CYLINDRICAL_SURFACE ( 'NONE', #2396, 0.4000000000000001887 ) ;
#4852 = ORIENTED_EDGE ( 'NONE', *, *, #5297, .T. ) ;
#4853 = DIRECTION ( 'NONE',  ( 0.000000000000000000, -0.000000000000000000, 1.000000000000000000 ) ) ;
#4854 = CARTESIAN_POINT ( 'NONE',  ( 1.473679359731546956, 5.829945895520919130, -7.000000000000000000 ) ) ;
#4855 = ADVANCED_FACE ( 'NONE', ( #6385 ), #3331, .F. ) ;
#4856 = EDGE_CURVE ( 'NONE', #7687, #4583, #668, .T. ) ;
#4857 = CARTESIAN_POINT ( 'NONE',  ( -5.306339097770927715, 1.854101966249668720, 6.000000000000000000 ) ) ;
#4858 = EDGE_LOOP ( 'NONE', ( #1831, #2212, #779, #6462 ) ) ;
#4859 = DIRECTION ( 'NONE',  ( 8.673617379884035472E-15, -1.000000000000000000, 0.000000000000000000 ) ) ;
#4860 = DIRECTION ( 'NONE',  ( -0.000000000000000000, -0.000000000000000000, 1.000000000000000000 ) ) ;
#4861 = CARTESIAN_POINT ( 'NONE',  ( -3.161575555892595091, 8.435901848906404155, 7.000000000000000000 ) ) ;
#4862 = EDGE_CURVE ( 'NONE', #2531, #7700, #3368, .T. ) ;
#4863 = ORIENTED_EDGE ( 'NONE', *, *, #630, .T. ) ;
#4864 = CIRCLE ( 'NONE', #4230, 0.3999999999999999112 ) ;
#4865 = VERTEX_POINT ( 'NONE', #4551 ) ;
#4866 = CARTESIAN_POINT ( 'NONE',  ( -0.4000000000000004108, -5.999999999999999112, 6.000000000000000000 ) ) ;
#4867 = ORIENTED_EDGE ( 'NONE', *, *, #3257, .T. ) ;
#4868 = LINE ( 'NONE', #520, #3181 ) ;
#4869 = DIRECTION ( 'NONE',  ( -0.000000000000000000, -0.000000000000000000, 1.000000000000000000 ) ) ;
#4870 = ORIENTED_EDGE ( 'NONE', *, *, #3269, .F. ) ;
#4871 = DIRECTION ( 'NONE',  ( 0.000000000000000000, 0.000000000000000000, 1.000000000000000000 ) ) ;
#4872 = LINE ( 'NONE', #1390, #6883 ) ;
#4873 = DIRECTION ( 'NONE',  ( 0.5877852522924832401, -0.8090169943749400128, 0.000000000000000000 ) ) ;
#4874 = DIRECTION ( 'NONE',  ( 0.3090169943749550563, -0.9510565162951510887, 0.000000000000000000 ) ) ;
#4875 = CARTESIAN_POINT ( 'NONE',  ( -0.3999999999999995781, 5.999999999999999112, 6.000000000000000000 ) ) ;
#4876 = ORIENTED_EDGE ( 'NONE', *, *, #3454, .F. ) ;
#4877 = CARTESIAN_POINT ( 'NONE',  ( -2.781152949374469774, -8.559508646656400543, -6.000000000000000000 ) ) ;
#4878 = ORIENTED_EDGE ( 'NONE', *, *, #1094, .F. ) ;
#4879 = DIRECTION ( 'NONE',  ( 0.9510565162951535312, 0.3090169943749475068, 0.000000000000000000 ) ) ;
#4880 = EDGE_CURVE ( 'NONE', #1622, #6373, #3071, .T. ) ;
#4881 = ORIENTED_EDGE ( 'NONE', *, *, #2297, .T. ) ;
#4882 = CARTESIAN_POINT ( 'NONE',  ( -3.203104716004866681, 5.089216067166669966, -6.000000000000000000 ) ) ;
#4883 = VERTEX_POINT ( 'NONE', #5185 ) ;
#4884 = FACE_OUTER_BOUND ( 'NONE', #1741, .T. ) ;
#4885 = CARTESIAN_POINT ( 'NONE',  ( -7.046038848457510717, -5.613674068382271898, 7.000000000000000000 ) ) ;
#4886 = EDGE_CURVE ( 'NONE', #6181, #5059, #3451, .T. ) ;
#4887 = ORIENTED_EDGE ( 'NONE', *, *, #733, .F. ) ;
#4888 = CARTESIAN_POINT ( 'NONE',  ( 5.706339097770939617, -1.854101966249629641, 7.000000000000000000 ) ) ;
#4889 = VECTOR ( 'NONE', #2223, 1000.000000000000000 ) ;
#4890 = CARTESIAN_POINT ( 'NONE',  ( -8.559508646656389885, 2.781152949374502636, 6.000000000000000000 ) ) ;
#4891 = LINE ( 'NONE', #2485, #2826 ) ;
#4892 = ORIENTED_EDGE ( 'NONE', *, *, #5938, .T. ) ;
#4893 = VECTOR ( 'NONE', #5010, 1000.000000000000000 ) ;
#4894 = EDGE_CURVE ( 'NONE', #7433, #2611, #408, .T. ) ;
#4895 = EDGE_CURVE ( 'NONE', #1855, #760, #996, .T. ) ;
#4896 = VERTEX_POINT ( 'NONE', #872 ) ;
#4897 = CARTESIAN_POINT ( 'NONE',  ( 8.435901848906432576, -3.161575555892506273, 7.000000000000000000 ) ) ;
#4898 = VERTEX_POINT ( 'NONE', #3292 ) ;
#4899 = DIRECTION ( 'NONE',  ( -0.5877852522924769119, 0.8090169943749446757, 0.000000000000000000 ) ) ;
#4900 = CARTESIAN_POINT ( 'NONE',  ( -8.559508646656370345, -2.781152949374564809, 6.000000000000000000 ) ) ;
#4901 = VECTOR ( 'NONE', #1525, 1000.000000000000000 ) ;
#4902 = ORIENTED_EDGE ( 'NONE', *, *, #1133, .F. ) ;
#4903 = DIRECTION ( 'NONE',  ( -1.000000000000000000, 0.000000000000000000, 0.000000000000000000 ) ) ;
#4904 = FACE_BOUND ( 'NONE', #3460, .T. ) ;
#4906 = ADVANCED_FACE ( 'NONE', ( #7666 ), #2225, .T. ) ;
#4905 = VECTOR ( 'NONE', #1734, 1000.000000000000000 ) ;
#4907 = VECTOR ( 'NONE', #3079, 1000.000000000000000 ) ;
#4908 = CARTESIAN_POINT ( 'NONE',  ( 6.000000000000003553, -0.3999999999999375722, -6.000000000000000000 ) ) ;
#4909 = FACE_BOUND ( 'NONE', #1474, .T. ) ;
#4910 = CARTESIAN_POINT ( 'NONE',  ( 7.281152949374576799, -5.290067270632186514, 7.000000000000000000 ) ) ;
#4911 = CARTESIAN_POINT ( 'NONE',  ( 7.281152949374576799, -5.290067270632186514, -6.000000000000000000 ) ) ;
#4912 = ORIENTED_EDGE ( 'NONE', *, *, #2585, .T. ) ;
#4913 = DIRECTION ( 'NONE',  ( -0.000000000000000000, 0.000000000000000000, 1.000000000000000000 ) ) ;
#4914 = VERTEX_POINT ( 'NONE', #3457 ) ;
#4915 = ORIENTED_EDGE ( 'NONE', *, *, #1866, .F. ) ;
#4916 = AXIS2_PLACEMENT_3D ( 'NONE', #4134, #1692, #5441 ) ;
#4917 = LINE ( 'NONE', #4393, #6624 ) ;
#4918 = AXIS2_PLACEMENT_3D ( 'NONE', #1777, #4030, #437 ) ;
#4919 = ORIENTED_EDGE ( 'NONE', *, *, #1185, .T. ) ;
#4920 = PLANE ( 'NONE',  #5039 ) ;
#4921 = ORIENTED_EDGE ( 'NONE', *, *, #6470, .F. ) ;
#4922 = DIRECTION ( 'NONE',  ( 1.000000000000000000, 0.000000000000000000, 0.000000000000000000 ) ) ;
#4923 = DIRECTION ( 'NONE',  ( 0.000000000000000000, 0.000000000000000000, 1.000000000000000000 ) ) ;
#4924 = CIRCLE ( 'NONE', #4045, 0.4000000000000004108 ) ;
#4925 = DIRECTION ( 'NONE',  ( 0.000000000000000000, 0.000000000000000000, 1.000000000000000000 ) ) ;
#4926 = DIRECTION ( 'NONE',  ( -0.000000000000000000, -0.000000000000000000, 1.000000000000000000 ) ) ;
#4927 = EDGE_LOOP ( 'NONE', ( #5406, #7326, #5550, #856 ) ) ;
#4928 = CARTESIAN_POINT ( 'NONE',  ( -4.454101966249691458, 3.526711513754828164, 6.000000000000000000 ) ) ;
#4929 = LINE ( 'NONE', #1966, #6484 ) ;
#4930 = CARTESIAN_POINT ( 'NONE',  ( 8.559508646656407649, -2.781152949374444017, -7.000000000000000000 ) ) ;
#4931 = VECTOR ( 'NONE', #3681, 1000.000000000000114 ) ;
#4932 = VERTEX_POINT ( 'NONE', #5870 ) ;
#4933 = EDGE_CURVE ( 'NONE', #7038, #595, #6459, .T. ) ;
#4934 = CIRCLE ( 'NONE', #5316, 0.4000000000000001332 ) ;
#4935 = EDGE_LOOP ( 'NONE', ( #6689, #4085, #4420, #6729, #3152 ) ) ;
#4936 = LINE ( 'NONE', #2012, #1781 ) ;
#4937 = CIRCLE ( 'NONE', #5960, 0.3999999999999999112 ) ;
#4938 = ORIENTED_EDGE ( 'NONE', *, *, #4886, .T. ) ;
#4939 = DIRECTION ( 'NONE',  ( -0.000000000000000000, -0.000000000000000000, 1.000000000000000000 ) ) ;
#4940 = VERTEX_POINT ( 'NONE', #5108 ) ;
#4941 = LINE ( 'NONE', #1941, #3448 ) ;
#4942 = CARTESIAN_POINT ( 'NONE',  ( 5.690067270632322760, -7.281152949374479100, 6.000000000000000000 ) ) ;
#4943 = EDGE_CURVE ( 'NONE', #4583, #7322, #2412, .T. ) ;
#4944 = EDGE_CURVE ( 'NONE', #5838, #6828, #4199, .T. ) ;
#4945 = ADVANCED_FACE ( 'NONE', ( #7104 ), #523, .F. ) ;
#4946 = VECTOR ( 'NONE', #589, 1000.000000000000000 ) ;
#4947 = DIRECTION ( 'NONE',  ( 0.000000000000000000, -0.000000000000000000, -1.000000000000000000 ) ) ;
#4948 = FACE_OUTER_BOUND ( 'NONE', #644, .T. ) ;
#4949 = CIRCLE ( 'NONE', #5840, 0.3999999999999999667 ) ;
#4950 = DIRECTION ( 'NONE',  ( 1.000000000000000000, 0.000000000000000000, 0.000000000000000000 ) ) ;
#4951 = DIRECTION ( 'NONE',  ( -4.336808689942017736E-15, 1.000000000000000000, 0.000000000000000000 ) ) ;
#4952 = VERTEX_POINT ( 'NONE', #2306 ) ;
#4953 = CARTESIAN_POINT ( 'NONE',  ( 3.526711513754774874, 4.854101966249730893, -6.000000000000000000 ) ) ;
#4954 = VECTOR ( 'NONE', #1493, 1000.000000000000000 ) ;
#4955 = ORIENTED_EDGE ( 'NONE', *, *, #4880, .F. ) ;
#4956 = ORIENTED_EDGE ( 'NONE', *, *, #4356, .T. ) ;
#4957 = VECTOR ( 'NONE', #6860, 1000.000000000000000 ) ;
#4958 = EDGE_CURVE ( 'NONE', #5892, #7167, #3923, .T. ) ;
#4959 = AXIS2_PLACEMENT_3D ( 'NONE', #2503, #4278, #7348 ) ;
#4960 = EDGE_CURVE ( 'NONE', #1014, #742, #7183, .T. ) ;
#4961 = CARTESIAN_POINT ( 'NONE',  ( -1.854101966249646960, -5.706339097770934288, 6.000000000000000000 ) ) ;
#4962 = LINE ( 'NONE', #3514, #11 ) ;
#4963 = AXIS2_PLACEMENT_3D ( 'NONE', #2162, #6440, #2204 ) ;
#4964 = ORIENTED_EDGE ( 'NONE', *, *, #5925, .F. ) ;
#4965 = DIRECTION ( 'NONE',  ( 0.000000000000000000, 1.000000000000000000, 0.000000000000000000 ) ) ;
#4966 = EDGE_LOOP ( 'NONE', ( #985, #5365, #3937, #1726, #5861 ) ) ;
#4967 = LINE ( 'NONE', #30, #2437 ) ;
#4968 = LINE ( 'NONE', #7401, #7371 ) ;
#4969 = AXIS2_PLACEMENT_3D ( 'NONE', #2876, #7686, #5250 ) ;
#4970 = EDGE_CURVE ( 'NONE', #1633, #6169, #1529, .T. ) ;
#4971 = VECTOR ( 'NONE', #4557, 1000.000000000000000 ) ;
#4972 = DIRECTION ( 'NONE',  ( -3.491481338843133355E-15, 1.000000000000000000, 0.000000000000000000 ) ) ;
#4973 = VERTEX_POINT ( 'NONE', #3641 ) ;
#4974 = LINE ( 'NONE', #4928, #3013 ) ;
#4975 = FACE_OUTER_BOUND ( 'NONE', #177, .T. ) ;
#4976 = FACE_OUTER_BOUND ( 'NONE', #2185, .T. ) ;
#4977 = EDGE_LOOP ( 'NONE', ( #732, #5595, #4919, #4761, #1281 ) ) ;
#4978 = EDGE_LOOP ( 'NONE', ( #2025, #5025, #6679, #1211 ) ) ;
#4979 = EDGE_LOOP ( 'NONE', ( #7809, #2705, #3721, #4994 ) ) ;
#4980 = CARTESIAN_POINT ( 'NONE',  ( 5.510910596163086597E-16, -9.000000000000000000, -7.000000000000000000 ) ) ;
#4981 = EDGE_CURVE ( 'NONE', #462, #6456, #3572, .T. ) ;
#4982 = EDGE_LOOP ( 'NONE', ( #5776, #6236, #2122, #2050, #2812 ) ) ;
#4983 = FACE_OUTER_BOUND ( 'NONE', #3102, .T. ) ;
#4984 = DIRECTION ( 'NONE',  ( 0.000000000000000000, 0.000000000000000000, -1.000000000000000000 ) ) ;
#4985 = ORIENTED_EDGE ( 'NONE', *, *, #5396, .F. ) ;
#4986 = FACE_OUTER_BOUND ( 'NONE', #273, .T. ) ;
#4987 = CARTESIAN_POINT ( 'NONE',  ( 2.781152949374413819, 8.559508646656418307, 7.000000000000000000 ) ) ;
#4988 = CYLINDRICAL_SURFACE ( 'NONE', #2276, 0.3999999999999999667 ) ;
#4989 = EDGE_CURVE ( 'NONE', #5160, #3430, #7701, .T. ) ;
#4990 = EDGE_LOOP ( 'NONE', ( #3271, #6444, #4197, #2881 ) ) ;
#4991 = DIRECTION ( 'NONE',  ( 0.5877852522924684742, 0.8090169943749507819, 0.000000000000000000 ) ) ;
#4992 = ORIENTED_EDGE ( 'NONE', *, *, #4526, .F. ) ;
#4993 = DIRECTION ( 'NONE',  ( -0.000000000000000000, -0.000000000000000000, 1.000000000000000000 ) ) ;
#4994 = ORIENTED_EDGE ( 'NONE', *, *, #4178, .T. ) ;
#4995 = ORIENTED_EDGE ( 'NONE', *, *, #2045, .F. ) ;
#4996 = AXIS2_PLACEMENT_3D ( 'NONE', #3016, #1795, #4950 ) ;
#4997 = ADVANCED_FACE ( 'NONE', ( #5903 ), #566, .F. ) ;
#4998 = LINE ( 'NONE', #3698, #5468 ) ;
#4999 = CARTESIAN_POINT ( 'NONE',  ( -5.510910596163086597E-16, 9.000000000000000000, -7.000000000000000000 ) ) ;
#5000 = ADVANCED_FACE ( 'NONE', ( #1201 ), #6547, .T. ) ;
#5001 = DIRECTION ( 'NONE',  ( -0.000000000000000000, -0.000000000000000000, -1.000000000000000000 ) ) ;
#5002 = ORIENTED_EDGE ( 'NONE', *, *, #7622, .T. ) ;
#5003 = DIRECTION ( 'NONE',  ( 0.9510565162951510887, 0.3090169943749550563, 0.000000000000000000 ) ) ;
#5004 = LINE ( 'NONE', #4484, #1414 ) ;
#5005 = DIRECTION ( 'NONE',  ( -0.000000000000000000, -0.000000000000000000, 1.000000000000000000 ) ) ;
#5006 = DIRECTION ( 'NONE',  ( -1.807003620809172906E-16, 1.000000000000000000, 0.000000000000000000 ) ) ;
#5007 = EDGE_CURVE ( 'NONE', #2334, #7640, #2858, .T. ) ;
#5008 = ORIENTED_EDGE ( 'NONE', *, *, #1857, .F. ) ;
#5009 = DIRECTION ( 'NONE',  ( -0.000000000000000000, -0.000000000000000000, 1.000000000000000000 ) ) ;
#5010 = DIRECTION ( 'NONE',  ( -0.000000000000000000, 0.000000000000000000, 1.000000000000000000 ) ) ;
#5011 = FACE_OUTER_BOUND ( 'NONE', #4289, .T. ) ;
#5012 = DIRECTION ( 'NONE',  ( 0.3090169943749347392, 0.9510565162951576390, 0.000000000000000000 ) ) ;
#5013 = VERTEX_POINT ( 'NONE', #3491 ) ;
#5014 = ORIENTED_EDGE ( 'NONE', *, *, #4065, .F. ) ;
#5015 = ORIENTED_EDGE ( 'NONE', *, *, #5630, .T. ) ;
#5016 = DIRECTION ( 'NONE',  ( -0.000000000000000000, -0.000000000000000000, -1.000000000000000000 ) ) ;
#5017 = EDGE_LOOP ( 'NONE', ( #7435, #2656, #285, #3793, #2640 ) ) ;
#5018 = LINE ( 'NONE', #3677, #4823 ) ;
#5019 = VERTEX_POINT ( 'NONE', #4674 ) ;
#5020 = LINE ( 'NONE', #4421, #4957 ) ;
#5021 = CC_DESIGN_PERSON_AND_ORGANIZATION_ASSIGNMENT ( #6920, #4569, ( #7226 ) ) ;
#5022 = DIRECTION ( 'NONE',  ( 0.000000000000000000, 0.000000000000000000, 1.000000000000000000 ) ) ;
#5023 = CARTESIAN_POINT ( 'NONE',  ( 3.203104716004903985, -5.089216067166645097, 7.000000000000000000 ) ) ;
#5024 = AXIS2_PLACEMENT_3D ( 'NONE', #5793, #6953, #6916 ) ;
#5025 = ORIENTED_EDGE ( 'NONE', *, *, #4555, .T. ) ;
#5026 = CARTESIAN_POINT ( 'NONE',  ( 0.4000000000000004108, 5.999999999999999112, -6.000000000000000000 ) ) ;
#5027 = ORIENTED_EDGE ( 'NONE', *, *, #875, .F. ) ;
#5028 = DIRECTION ( 'NONE',  ( 0.000000000000000000, -0.000000000000000000, 1.000000000000000000 ) ) ;
#5029 = ORIENTED_EDGE ( 'NONE', *, *, #3114, .T. ) ;
#5030 = CIRCLE ( 'NONE', #7076, 0.3999999999999999112 ) ;
#5031 = ADVANCED_FACE ( 'NONE', ( #481 ), #6665, .T. ) ;
#5032 = AXIS2_PLACEMENT_3D ( 'NONE', #5575, #6168, #1463 ) ;
#5033 = CARTESIAN_POINT ( 'NONE',  ( 7.516267050291454588, 4.966460472882371135, -7.000000000000000000 ) ) ;
#5034 = DIRECTION ( 'NONE',  ( -0.000000000000000000, -0.000000000000000000, -1.000000000000000000 ) ) ;
#5035 = FACE_OUTER_BOUND ( 'NONE', #6311, .T. ) ;
#5036 = CARTESIAN_POINT ( 'NONE',  ( -5.706339097770914748, -1.854101966249709799, -7.000000000000000000 ) ) ;
#5037 =( GEOMETRIC_REPRESENTATION_CONTEXT ( 3 ) GLOBAL_UNCERTAINTY_ASSIGNED_CONTEXT ( ( #2650 ) ) GLOBAL_UNIT_ASSIGNED_CONTEXT ( ( #261, #6724, #7559 ) ) REPRESENTATION_CONTEXT ( 'NONE', 'WORKASPACE' ) );
#5038 = ORIENTED_EDGE ( 'NONE', *, *, #2918, .F. ) ;
#5039 = AXIS2_PLACEMENT_3D ( 'NONE', #6718, #6761, #723 ) ;
#5040 = DIRECTION ( 'NONE',  ( 0.000000000000000000, -0.000000000000000000, -1.000000000000000000 ) ) ;
#5041 = FACE_OUTER_BOUND ( 'NONE', #2128, .T. ) ;
#5042 = EDGE_CURVE ( 'NONE', #6109, #5814, #1715, .T. ) ;
#5043 = EDGE_CURVE ( 'NONE', #6622, #406, #1118, .T. ) ;
#5044 = DIRECTION ( 'NONE',  ( 0.9510565162951535312, 0.3090169943749475068, 0.000000000000000000 ) ) ;
#5045 = CARTESIAN_POINT ( 'NONE',  ( -5.829945895520895149, -1.473679359731648209, -6.000000000000000000 ) ) ;
#5046 = DIRECTION ( 'NONE',  ( 0.3090169943749517256, -0.9510565162951521989, 0.000000000000000000 ) ) ;
#5047 = PLANE ( 'NONE',  #3186 ) ;
#5048 = DIRECTION ( 'NONE',  ( 0.9510565162951576390, -0.3090169943749346282, 0.000000000000000000 ) ) ;
#5049 = EDGE_LOOP ( 'NONE', ( #7009, #1386, #2130, #3830 ) ) ;
#5050 = VERTEX_POINT ( 'NONE', #5384 ) ;
#5051 = EDGE_CURVE ( 'NONE', #801, #395, #2346, .T. ) ;
#5052 = EDGE_CURVE ( 'NONE', #4279, #2267, #7352, .T. ) ;
#5053 = ORIENTED_EDGE ( 'NONE', *, *, #4217, .F. ) ;
#5054 = AXIS2_PLACEMENT_3D ( 'NONE', #3770, #3139, #5405 ) ;
#5055 = CARTESIAN_POINT ( 'NONE',  ( 0.4000000000000004108, 5.999999999999999112, -6.000000000000000000 ) ) ;
#5056 = DIRECTION ( 'NONE',  ( -0.000000000000000000, -0.000000000000000000, 1.000000000000000000 ) ) ;
#5057 = CARTESIAN_POINT ( 'NONE',  ( 8.435901848906368627, 3.161575555892684353, 6.000000000000000000 ) ) ;
#5058 = DIRECTION ( 'NONE',  ( 0.000000000000000000, 0.000000000000000000, 1.000000000000000000 ) ) ;
#5059 = VERTEX_POINT ( 'NONE', #3010 ) ;
#5060 = DIRECTION ( 'NONE',  ( -0.8090169943749465631, -0.5877852522924744694, 0.000000000000000000 ) ) ;
#5061 = CIRCLE ( 'NONE', #2663, 0.4000000000000000222 ) ;
#5062 = DIRECTION ( 'NONE',  ( -0.000000000000000000, -0.000000000000000000, 1.000000000000000000 ) ) ;
#5063 = DIRECTION ( 'NONE',  ( -1.000000000000000000, 0.000000000000000000, 0.000000000000000000 ) ) ;
#5064 = ORIENTED_EDGE ( 'NONE', *, *, #2622, .T. ) ;
#5065 = DIRECTION ( 'NONE',  ( 0.000000000000000000, 0.000000000000000000, 1.000000000000000000 ) ) ;
#5066 = VECTOR ( 'NONE', #2581, 999.9999999999998863 ) ;
#5067 = VERTEX_POINT ( 'NONE', #9 ) ;
#5068 = CARTESIAN_POINT ( 'NONE',  ( 5.290067270632322405, -7.281152949374479100, -6.000000000000000000 ) ) ;
#5069 = ORIENTED_EDGE ( 'NONE', *, *, #2278, .T. ) ;
#5070 = AXIS2_PLACEMENT_3D ( 'NONE', #6463, #445, #2856 ) ;
#5071 = DIRECTION ( 'NONE',  ( -1.000000000000000000, -3.672181700924050498E-15, 0.000000000000000000 ) ) ;
#5072 = CARTESIAN_POINT ( 'NONE',  ( 5.613674068382299431, -7.046038848457488513, 6.000000000000000000 ) ) ;
#5073 = EDGE_LOOP ( 'NONE', ( #6692, #6944, #3510, #3351 ) ) ;
#5074 = VECTOR ( 'NONE', #5208, 1000.000000000000227 ) ;
#5075 = CARTESIAN_POINT ( 'NONE',  ( -25.00000000000000711, 54.00000000000000711, -24.50000000000002132 ) ) ;
#5076 = VECTOR ( 'NONE', #3285, 1000.000000000000000 ) ;
#5077 = EDGE_CURVE ( 'NONE', #7441, #2910, #4682, .T. ) ;
#5078 = VERTEX_POINT ( 'NONE', #2090 ) ;
#5079 = CYLINDRICAL_SURFACE ( 'NONE', #6723, 0.3999999999999997446 ) ;
#5080 = CARTESIAN_POINT ( 'NONE',  ( -7.516267050291491891, -4.966460472882315180, 6.000000000000000000 ) ) ;
#5081 = CIRCLE ( 'NONE', #4708, 0.4000000000000001887 ) ;
#5082 = VECTOR ( 'NONE', #4131, 1000.000000000000000 ) ;
#5083 = PERSON_AND_ORGANIZATION ( #6561, #5416 ) ;
#5084 = CARTESIAN_POINT ( 'NONE',  ( -7.281152949374500416, -5.290067270632293095, -6.000000000000000000 ) ) ;
#5085 = ORIENTED_EDGE ( 'NONE', *, *, #7622, .F. ) ;
#5086 = DIRECTION ( 'NONE',  ( 1.000000000000000000, 0.000000000000000000, 0.000000000000000000 ) ) ;
#5087 = ADVANCED_FACE ( 'NONE', ( #4306 ), #6137, .T. ) ;
#5088 = ADVANCED_FACE ( 'NONE', ( #1898 ), #3723, .F. ) ;
#5089 = CARTESIAN_POINT ( 'NONE',  ( -5.582732300020949445, 2.234524572767730533, 6.000000000000000000 ) ) ;
#5090 = DIRECTION ( 'NONE',  ( 0.000000000000000000, 0.000000000000000000, 1.000000000000000000 ) ) ;
#5091 = AXIS2_PLACEMENT_3D ( 'NONE', #680, #6220, #1314 ) ;
#5092 = VERTEX_POINT ( 'NONE', #635 ) ;
#5093 = FACE_BOUND ( 'NONE', #1957, .T. ) ;
#5094 = EDGE_LOOP ( 'NONE', ( #7817, #7162, #110, #4234, #7803 ) ) ;
#5095 = EDGE_LOOP ( 'NONE', ( #7117, #2052, #7411, #2668 ) ) ;
#5096 = ADVANCED_FACE ( 'NONE', ( #710 ), #3125, .F. ) ;
#5097 = PLANE ( 'NONE',  #238 ) ;
#5098 = EDGE_CURVE ( 'NONE', #4752, #3174, #517, .T. ) ;
#5099 = FACE_BOUND ( 'NONE', #1017, .T. ) ;
#5100 = CYLINDRICAL_SURFACE ( 'NONE', #1874, 0.4000000000000001887 ) ;
#5101 = LINE ( 'NONE', #1585, #2308 ) ;
#5102 = AXIS2_PLACEMENT_3D ( 'NONE', #1205, #4311, #6750 ) ;
#5103 = AXIS2_PLACEMENT_3D ( 'NONE', #1068, #509, #6615 ) ;
#5104 = CARTESIAN_POINT ( 'NONE',  ( -4.618987865332703002, 3.850318311504807856, -6.000000000000000000 ) ) ;
#5105 = ORIENTED_EDGE ( 'NONE', *, *, #4226, .T. ) ;
#5106 = LINE ( 'NONE', #5140, #2119 ) ;
#5107 = EDGE_LOOP ( 'NONE', ( #6183, #4149, #6192, #1354 ) ) ;
#5108 = CARTESIAN_POINT ( 'NONE',  ( 5.089216067166703716, -3.203104716004811170, -6.000000000000000000 ) ) ;
#5109 = ORIENTED_EDGE ( 'NONE', *, *, #4750, .T. ) ;
#5110 = DIRECTION ( 'NONE',  ( -0.3090169943749386250, -0.9510565162951564178, 0.000000000000000000 ) ) ;
#5111 = CARTESIAN_POINT ( 'NONE',  ( 3.203104716004792962, 5.089216067166714375, 6.000000000000000000 ) ) ;
#5112 = EDGE_LOOP ( 'NONE', ( #441, #3855, #183, #1926 ) ) ;
#5113 = DIRECTION ( 'NONE',  ( 0.9510565162951535312, 0.3090169943749473402, 0.000000000000000000 ) ) ;
#5114 = ORIENTED_EDGE ( 'NONE', *, *, #695, .F. ) ;
#5115 = CARTESIAN_POINT ( 'NONE',  ( -0.4000000000000001332, 9.000000000000001776, -6.000000000000000000 ) ) ;
#5116 = LINE ( 'NONE', #1643, #5588 ) ;
#5117 = ORIENTED_EDGE ( 'NONE', *, *, #695, .T. ) ;
#5118 = ADVANCED_BREP_SHAPE_REPRESENTATION ( '1_4', ( #526, #6694 ), #5037 ) ;
#5119 = EDGE_CURVE ( 'NONE', #7480, #339, #3092, .T. ) ;
#5120 = PERSON_AND_ORGANIZATION ( #6561, #5416 ) ;
#5121 = CARTESIAN_POINT ( 'NONE',  ( 3.126711513754881544, -4.854101966249653621, -7.000000000000000000 ) ) ;
#5122 = ORIENTED_EDGE ( 'NONE', *, *, #6799, .F. ) ;
#5123 = DIRECTION ( 'NONE',  ( 0.8090169943749463410, 0.5877852522924744694, 0.000000000000000000 ) ) ;
#5124 = CARTESIAN_POINT ( 'NONE',  ( 3.850318311504757229, 4.618987865332744747, -7.000000000000000000 ) ) ;
#5125 = CARTESIAN_POINT ( 'NONE',  ( -5.290067270632270002, 7.281152949374520844, 6.000000000000000000 ) ) ;
#5126 = VERTEX_POINT ( 'NONE', #4942 ) ;
#5127 = ORIENTED_EDGE ( 'NONE', *, *, #2832, .F. ) ;
#5128 = ADVANCED_FACE ( 'NONE', ( #6892, #1458, #51, #3869, #6100, #4904, #6284, #677, #855, #2496, #3276, #7339, #4270, #5689, #269, #3047, #2683, #5093, #7531, #6926, #1496, #2464 ), #896, .F. ) ;
#5129 = VERTEX_POINT ( 'NONE', #6324 ) ;
#5130 = DIRECTION ( 'NONE',  ( 0.000000000000000000, 0.000000000000000000, 1.000000000000000000 ) ) ;
#5131 = FACE_OUTER_BOUND ( 'NONE', #3123, .T. ) ;
#5132 = FACE_BOUND ( 'NONE', #3179, .T. ) ;
#5133 = ORIENTED_EDGE ( 'NONE', *, *, #5768, .T. ) ;
#5134 = CARTESIAN_POINT ( 'NONE',  ( 8.959508646656349384, 2.781152949374624317, 6.000000000000000000 ) ) ;
#5135 = ADVANCED_FACE ( 'NONE', ( #2960 ), #6009, .F. ) ;
#5136 = ADVANCED_FACE ( 'NONE', ( #2367 ), #4360, .T. ) ;
#5137 = DIRECTION ( 'NONE',  ( 0.8090169943749402348, 0.5877852522924831291, 0.000000000000000000 ) ) ;
#5138 = FACE_OUTER_BOUND ( 'NONE', #2118, .T. ) ;
#5139 = ORIENTED_EDGE ( 'NONE', *, *, #5077, .T. ) ;
#5140 = CARTESIAN_POINT ( 'NONE',  ( -3.850318311504823843, 4.618987865332690568, -7.000000000000000000 ) ) ;
#5141 = AXIS2_PLACEMENT_3D ( 'NONE', #7547, #994, #2104 ) ;
#5142 = VERTEX_POINT ( 'NONE', #7211 ) ;
#5143 = CYLINDRICAL_SURFACE ( 'NONE', #7511, 0.3999999999999997446 ) ;
#5144 = ORIENTED_EDGE ( 'NONE', *, *, #6978, .F. ) ;
#5145 = ADVANCED_FACE ( 'NONE', ( #4222 ), #1735, .T. ) ;
#5146 = VECTOR ( 'NONE', #3974, 999.9999999999998863 ) ;
#5147 = ADVANCED_FACE ( 'NONE', ( #6794 ), #1774, .T. ) ;
#5148 = CARTESIAN_POINT ( 'NONE',  ( -4.854101966249691813, 3.526711513754828164, 6.000000000000000000 ) ) ;
#5149 = DIRECTION ( 'NONE',  ( 0.000000000000000000, -0.000000000000000000, -1.000000000000000000 ) ) ;
#5150 = ORIENTED_EDGE ( 'NONE', *, *, #1729, .F. ) ;
#5151 = CARTESIAN_POINT ( 'NONE',  ( -4.618987865332703002, 3.850318311504807856, 6.000000000000000000 ) ) ;
#5152 = LINE ( 'NONE', #2344, #728 ) ;
#5153 = EDGE_LOOP ( 'NONE', ( #4223, #7356, #831, #7628 ) ) ;
#5154 = DIRECTION ( 'NONE',  ( -0.000000000000000000, -0.000000000000000000, 1.000000000000000000 ) ) ;
#5155 = LINE ( 'NONE', #4566, #6989 ) ;
#5156 = ORIENTED_EDGE ( 'NONE', *, *, #5448, .T. ) ;
#5157 = PERSON_AND_ORGANIZATION_ROLE ( 'classification_officer' ) ;
#5158 = FACE_OUTER_BOUND ( 'NONE', #5049, .T. ) ;
#5159 = CIRCLE ( 'NONE', #7077, 0.3999999999999999667 ) ;
#5160 = VERTEX_POINT ( 'NONE', #7808 ) ;
#5161 = CARTESIAN_POINT ( 'NONE',  ( -0.3999999999999995781, 5.999999999999999112, 7.000000000000000000 ) ) ;
#5162 = ORIENTED_EDGE ( 'NONE', *, *, #3018, .F. ) ;
#5163 = DIRECTION ( 'NONE',  ( -0.000000000000000000, -0.000000000000000000, -1.000000000000000000 ) ) ;
#5164 = DIRECTION ( 'NONE',  ( -1.807003620809172906E-16, 1.000000000000000000, 0.000000000000000000 ) ) ;
#5165 = ORIENTED_EDGE ( 'NONE', *, *, #1040, .F. ) ;
#5166 = ORIENTED_EDGE ( 'NONE', *, *, #7727, .F. ) ;
#5167 = CIRCLE ( 'NONE', #5418, 0.3999999999999998002 ) ;
#5168 = ORIENTED_EDGE ( 'NONE', *, *, #2808, .F. ) ;
#5169 = DIRECTION ( 'NONE',  ( -0.000000000000000000, -0.000000000000000000, 1.000000000000000000 ) ) ;
#5170 = CIRCLE ( 'NONE', #2780, 0.4000000000000001887 ) ;
#5171 = DIRECTION ( 'NONE',  ( 0.000000000000000000, 0.000000000000000000, 1.000000000000000000 ) ) ;
#5172 = CARTESIAN_POINT ( 'NONE',  ( -5.829945895520895149, -1.473679359731648209, -7.000000000000000000 ) ) ;
#5173 = ADVANCED_FACE ( 'NONE', ( #4182 ), #2550, .T. ) ;
#5174 = EDGE_LOOP ( 'NONE', ( #2149, #6224, #4165, #4339 ) ) ;
#5175 = DIRECTION ( 'NONE',  ( 1.000000000000000000, 0.000000000000000000, 0.000000000000000000 ) ) ;
#5176 = AXIS2_PLACEMENT_3D ( 'NONE', #3003, #5983, #1744 ) ;
#5177 = DIRECTION ( 'NONE',  ( 1.000000000000000000, 0.000000000000000000, 0.000000000000000000 ) ) ;
#5178 = DIRECTION ( 'NONE',  ( 1.000000000000000000, 0.000000000000000000, 0.000000000000000000 ) ) ;
#5179 = ORIENTED_EDGE ( 'NONE', *, *, #2202, .T. ) ;
#5180 = DIRECTION ( 'NONE',  ( -0.000000000000000000, -0.000000000000000000, 1.000000000000000000 ) ) ;
#5181 = EDGE_CURVE ( 'NONE', #7410, #1461, #7734, .T. ) ;
#5182 = EDGE_CURVE ( 'NONE', #4816, #6025, #4962, .T. ) ;
#5183 = ADVANCED_FACE ( 'NONE', ( #1183 ), #6651, .F. ) ;
#5184 = ORIENTED_EDGE ( 'NONE', *, *, #4547, .F. ) ;
#5185 = CARTESIAN_POINT ( 'NONE',  ( -1.473679359731627114, 5.829945895520899590, -7.000000000000000000 ) ) ;
#5186 = AXIS2_PLACEMENT_3D ( 'NONE', #6914, #4435, #7469 ) ;
#5187 = VERTEX_POINT ( 'NONE', #3595 ) ;
#5188 = CIRCLE ( 'NONE', #2800, 0.4000000000000000222 ) ;
#5189 = ORIENTED_EDGE ( 'NONE', *, *, #2181, .F. ) ;
#5190 = CYLINDRICAL_SURFACE ( 'NONE', #3206, 0.4000000000000001887 ) ;
#5191 = LINE ( 'NONE', #4724, #894 ) ;
#5192 = VERTEX_POINT ( 'NONE', #2993 ) ;
#5193 = LINE ( 'NONE', #3931, #5682 ) ;
#5194 = ADVANCED_FACE ( 'NONE', ( #551 ), #5929, .F. ) ;
#5195 = ORIENTED_EDGE ( 'NONE', *, *, #1850, .F. ) ;
#5196 = AXIS2_PLACEMENT_3D ( 'NONE', #6627, #2972, #3005 ) ;
#5197 = FACE_OUTER_BOUND ( 'NONE', #3756, .T. ) ;
#5198 = DIRECTION ( 'NONE',  ( 0.3090169943749431214, 0.9510565162951548634, 0.000000000000000000 ) ) ;
#5199 = ORIENTED_EDGE ( 'NONE', *, *, #1411, .F. ) ;
#5200 = CIRCLE ( 'NONE', #4847, 0.4000000000000002442 ) ;
#5201 = VECTOR ( 'NONE', #3349, 1000.000000000000114 ) ;
#5202 = CARTESIAN_POINT ( 'NONE',  ( -5.613674068382248805, 7.046038848457532033, 6.000000000000000000 ) ) ;
#5203 = ORIENTED_EDGE ( 'NONE', *, *, #6410, .F. ) ;
#5204 = LINE ( 'NONE', #891, #6695 ) ;
#5205 = EDGE_CURVE ( 'NONE', #5279, #6477, #7395, .T. ) ;
#5206 = VERTEX_POINT ( 'NONE', #3627 ) ;
#5207 = VECTOR ( 'NONE', #6604, 1000.000000000000114 ) ;
#5208 = DIRECTION ( 'NONE',  ( 0.9510565162951499785, 0.3090169943749583314, 0.000000000000000000 ) ) ;
#5209 = DIRECTION ( 'NONE',  ( -0.000000000000000000, -0.000000000000000000, -1.000000000000000000 ) ) ;
#5210 = VERTEX_POINT ( 'NONE', #6043 ) ;
#5211 = ORIENTED_EDGE ( 'NONE', *, *, #899, .F. ) ;
#5212 = AXIS2_PLACEMENT_3D ( 'NONE', #4327, #3105, #5516 ) ;
#5213 = VECTOR ( 'NONE', #3267, 999.9999999999998863 ) ;
#5214 = VECTOR ( 'NONE', #6070, 1000.000000000000227 ) ;
#5215 = ORIENTED_EDGE ( 'NONE', *, *, #5514, .F. ) ;
#5216 = CARTESIAN_POINT ( 'NONE',  ( 5.829945895520883603, 1.473679359731688843, 7.000000000000000000 ) ) ;
#5217 = AXIS2_PLACEMENT_3D ( 'NONE', #6716, #538, #4879 ) ;
#5218 = DIRECTION ( 'NONE',  ( 0.000000000000000000, -0.000000000000000000, -1.000000000000000000 ) ) ;
#5219 = LINE ( 'NONE', #5172, #6172 ) ;
#5220 = ORIENTED_EDGE ( 'NONE', *, *, #7368, .F. ) ;
#5221 = DIRECTION ( 'NONE',  ( -0.3090169943749381254, -0.9510565162951566398, 0.000000000000000000 ) ) ;
#5222 = CIRCLE ( 'NONE', #6745, 0.3999999999999999667 ) ;
#5223 = VECTOR ( 'NONE', #6746, 1000.000000000000000 ) ;
#5224 = ADVANCED_FACE ( 'NONE', ( #6573 ), #5553, .F. ) ;
#5225 = CARTESIAN_POINT ( 'NONE',  ( -9.000000000000000000, -0.4000000000000315525, -6.000000000000000000 ) ) ;
#5226 = DIRECTION ( 'NONE',  ( 0.8090169943749556669, -0.5877852522924618128, 0.000000000000000000 ) ) ;
#5227 = ORIENTED_EDGE ( 'NONE', *, *, #1167, .T. ) ;
#5228 = DIRECTION ( 'NONE',  ( 0.000000000000000000, 0.000000000000000000, 1.000000000000000000 ) ) ;
#5229 = ORIENTED_EDGE ( 'NONE', *, *, #354, .F. ) ;
#5230 = DIRECTION ( 'NONE',  ( 0.000000000000000000, -0.000000000000000000, -1.000000000000000000 ) ) ;
#5231 = EDGE_LOOP ( 'NONE', ( #2890, #3676, #3414, #1119 ) ) ;
#5232 = EDGE_CURVE ( 'NONE', #4973, #6951, #3169, .T. ) ;
#5233 = VECTOR ( 'NONE', #1106, 1000.000000000000114 ) ;
#5234 = ORIENTED_EDGE ( 'NONE', *, *, #6559, .F. ) ;
#5235 = DIRECTION ( 'NONE',  ( -0.9510565162951507556, -0.3090169943749562220, 0.000000000000000000 ) ) ;
#5236 = CARTESIAN_POINT ( 'NONE',  ( 2.750000000000000000, 3.367778697655221012E-16, -7.000000000000000000 ) ) ;
#5237 = LINE ( 'NONE', #2980, #3234 ) ;
#5238 = DIRECTION ( 'NONE',  ( 1.000000000000000000, 0.000000000000000000, 0.000000000000000000 ) ) ;
#5239 = EDGE_LOOP ( 'NONE', ( #4992, #7236, #91, #6416 ) ) ;
#5240 = DIRECTION ( 'NONE',  ( -0.000000000000000000, -0.000000000000000000, 1.000000000000000000 ) ) ;
#5241 = CYLINDRICAL_SURFACE ( 'NONE', #2178, 0.9000000000000014655 ) ;
#5242 = EDGE_LOOP ( 'NONE', ( #3796, #3376, #2913, #5402 ) ) ;
#5243 = EDGE_CURVE ( 'NONE', #5989, #7480, #7725, .T. ) ;
#5244 = EDGE_CURVE ( 'NONE', #2169, #3703, #7768, .T. ) ;
#5245 = APPLICATION_PROTOCOL_DEFINITION ( 'international standard', 'config_control_design', 1994, #2219 ) ;
#5246 = LINE ( 'NONE', #5799, #425 ) ;
#5247 = DIRECTION ( 'NONE',  ( 0.9510565162951535312, 0.3090169943749473402, 0.000000000000000000 ) ) ;
#5248 = VERTEX_POINT ( 'NONE', #6991 ) ;
#5249 = CARTESIAN_POINT ( 'NONE',  ( -2.234524572767749628, 5.582732300020941452, 6.000000000000000000 ) ) ;
#5250 = DIRECTION ( 'NONE',  ( -1.000000000000000000, 0.000000000000000000, 0.000000000000000000 ) ) ;
#5251 = ORIENTED_EDGE ( 'NONE', *, *, #2843, .T. ) ;
#5252 = ORIENTED_EDGE ( 'NONE', *, *, #640, .T. ) ;
#5253 = EDGE_CURVE ( 'NONE', #4896, #1168, #3891, .T. ) ;
#5254 = ORIENTED_EDGE ( 'NONE', *, *, #2526, .T. ) ;
#5255 = DIRECTION ( 'NONE',  ( -0.000000000000000000, -0.000000000000000000, 1.000000000000000000 ) ) ;
#5256 = DIRECTION ( 'NONE',  ( 0.000000000000000000, -0.000000000000000000, -1.000000000000000000 ) ) ;
#5257 = CARTESIAN_POINT ( 'NONE',  ( -5.582732300020949445, 2.234524572767730533, -6.000000000000000000 ) ) ;
#5258 = FACE_OUTER_BOUND ( 'NONE', #3718, .T. ) ;
#5259 = EDGE_LOOP ( 'NONE', ( #6010, #873, #5109, #2028 ) ) ;
#5260 = DIRECTION ( 'NONE',  ( -0.8090169943749531134, 0.5877852522924651435, 0.000000000000000000 ) ) ;
#5261 = VERTEX_POINT ( 'NONE', #5750 ) ;
#5262 = LINE ( 'NONE', #48, #6088 ) ;
#5263 = EDGE_LOOP ( 'NONE', ( #4644, #1972, #3952, #4867 ) ) ;
#5264 = DIRECTION ( 'NONE',  ( -1.000000000000000000, 0.000000000000000000, 0.000000000000000000 ) ) ;
#5265 = ORIENTED_EDGE ( 'NONE', *, *, #7467, .T. ) ;
#5266 = ADVANCED_FACE ( 'NONE', ( #3811 ), #2742, .T. ) ;
#5267 = VERTEX_POINT ( 'NONE', #2665 ) ;
#5268 = CYLINDRICAL_SURFACE ( 'NONE', #923, 0.4000000000000001887 ) ;
#5269 = DIRECTION ( 'NONE',  ( -0.000000000000000000, -0.000000000000000000, 1.000000000000000000 ) ) ;
#5270 = AXIS2_PLACEMENT_3D ( 'NONE', #7581, #2701, #953 ) ;
#5271 = DIRECTION ( 'NONE',  ( -0.3090169943749550563, 0.9510565162951510887, 0.000000000000000000 ) ) ;
#5272 = DIRECTION ( 'NONE',  ( 0.000000000000000000, 0.000000000000000000, 1.000000000000000000 ) ) ;
#5273 = ORIENTED_EDGE ( 'NONE', *, *, #3700, .F. ) ;
#5274 = DIRECTION ( 'NONE',  ( 0.5877852522924624790, 0.8090169943749552228, 0.000000000000000000 ) ) ;
#5275 = LINE ( 'NONE', #7712, #4837 ) ;
#5276 = ORIENTED_EDGE ( 'NONE', *, *, #1761, .T. ) ;
#5277 = EDGE_CURVE ( 'NONE', #1110, #118, #5636, .T. ) ;
#5278 = FACE_OUTER_BOUND ( 'NONE', #458, .T. ) ;
#5279 = VERTEX_POINT ( 'NONE', #2591 ) ;
#5280 = DIRECTION ( 'NONE',  ( -0.000000000000000000, -0.000000000000000000, 1.000000000000000000 ) ) ;
#5281 = VECTOR ( 'NONE', #6858, 1000.000000000000000 ) ;
#5282 = EDGE_LOOP ( 'NONE', ( #6580, #4636, #5735, #7540, #1318 ) ) ;
#5283 = LINE ( 'NONE', #1768, #1292 ) ;
#5284 = CYLINDRICAL_SURFACE ( 'NONE', #4213, 0.4000000000000001887 ) ;
#5285 = EDGE_CURVE ( 'NONE', #7313, #2511, #180, .T. ) ;
#5286 = ADVANCED_FACE ( 'NONE', ( #6875, #1520, #327, #3259, #6271, #839 ), #7590, .T. ) ;
#5287 = ORIENTED_EDGE ( 'NONE', *, *, #6846, .T. ) ;
#5288 = CIRCLE ( 'NONE', #3520, 0.3999999999999999112 ) ;
#5289 = AXIS2_PLACEMENT_3D ( 'NONE', #3163, #5056, #6929 ) ;
#5290 = ORIENTED_EDGE ( 'NONE', *, *, #2398, .F. ) ;
#5291 = DIRECTION ( 'NONE',  ( 1.000000000000000000, 0.000000000000000000, 0.000000000000000000 ) ) ;
#5292 = CARTESIAN_POINT ( 'NONE',  ( -0.4000000000000004108, -5.999999999999999112, 6.000000000000000000 ) ) ;
#5293 = DIRECTION ( 'NONE',  ( -0.3090169943749409565, -0.9510565162951556406, 0.000000000000000000 ) ) ;
#5294 = EDGE_CURVE ( 'NONE', #5957, #2774, #5817, .T. ) ;
#5295 = ORIENTED_EDGE ( 'NONE', *, *, #5571, .T. ) ;
#5296 = CIRCLE ( 'NONE', #3889, 0.4000000000000001332 ) ;
#5297 = EDGE_CURVE ( 'NONE', #5315, #7640, #6977, .T. ) ;
#5298 = VECTOR ( 'NONE', #7592, 1000.000000000000000 ) ;
#5299 = PLANE ( 'NONE',  #3663 ) ;
#5300 = ORIENTED_EDGE ( 'NONE', *, *, #6470, .T. ) ;
#5301 = DIRECTION ( 'NONE',  ( 0.8090169943749556669, -0.5877852522924618128, 0.000000000000000000 ) ) ;
#5302 = DIRECTION ( 'NONE',  ( -1.000000000000000000, -3.672181700924050498E-15, -0.000000000000000000 ) ) ;
#5303 = ORIENTED_EDGE ( 'NONE', *, *, #2662, .F. ) ;
#5304 = DIRECTION ( 'NONE',  ( 0.3090169943749445647, 0.9510565162951545304, -0.000000000000000000 ) ) ;
#5305 = ORIENTED_EDGE ( 'NONE', *, *, #865, .F. ) ;
#5306 = VECTOR ( 'NONE', #3604, 1000.000000000000000 ) ;
#5307 = DIRECTION ( 'NONE',  ( -1.000000000000000000, 0.000000000000000000, 0.000000000000000000 ) ) ;
#5308 = DIRECTION ( 'NONE',  ( -0.9510565162951499785, -0.3090169943749583314, 0.000000000000000000 ) ) ;
#5309 = DIRECTION ( 'NONE',  ( -0.000000000000000000, -0.000000000000000000, 1.000000000000000000 ) ) ;
#5310 = DIRECTION ( 'NONE',  ( -0.000000000000000000, -0.000000000000000000, -1.000000000000000000 ) ) ;
#5311 = AXIS2_PLACEMENT_3D ( 'NONE', #1233, #5423, #5264 ) ;
#5312 = ORIENTED_EDGE ( 'NONE', *, *, #7765, .F. ) ;
#5313 = CARTESIAN_POINT ( 'NONE',  ( 2.400730342856351562, 8.683115444406393379, 6.000000000000000000 ) ) ;
#5314 = CARTESIAN_POINT ( 'NONE',  ( -5.290067270632215823, -7.281152949374556371, -7.000000000000000000 ) ) ;
#5315 = VERTEX_POINT ( 'NONE', #3227 ) ;
#5316 = AXIS2_PLACEMENT_3D ( 'NONE', #2269, #5269, #5907 ) ;
#5317 = CARTESIAN_POINT ( 'NONE',  ( 5.999999999999994671, 0.4000000000000624167, -6.000000000000000000 ) ) ;
#5318 = EDGE_CURVE ( 'NONE', #1260, #3653, #4558, .T. ) ;
#5319 = AXIS2_PLACEMENT_3D ( 'NONE', #7782, #5346, #5901 ) ;
#5320 = ORIENTED_EDGE ( 'NONE', *, *, #1823, .T. ) ;
#5321 = DIRECTION ( 'NONE',  ( -0.000000000000000000, -0.000000000000000000, 1.000000000000000000 ) ) ;
#5322 = ORIENTED_EDGE ( 'NONE', *, *, #1098, .T. ) ;
#5323 = CARTESIAN_POINT ( 'NONE',  ( 9.000000000000000000, 9.482108720838090876E-14, 7.000000000000000000 ) ) ;
#5324 = DIRECTION ( 'NONE',  ( -0.000000000000000000, -0.000000000000000000, 1.000000000000000000 ) ) ;
#5325 = ORIENTED_EDGE ( 'NONE', *, *, #2584, .F. ) ;
#5326 = AXIS2_PLACEMENT_3D ( 'NONE', #6578, #5409, #1149 ) ;
#5327 = CARTESIAN_POINT ( 'NONE',  ( -0.4000000000000004108, -5.999999999999999112, -7.000000000000000000 ) ) ;
#5328 = EDGE_CURVE ( 'NONE', #5019, #1750, #2075, .T. ) ;
#5329 = EDGE_CURVE ( 'NONE', #4940, #4444, #959, .T. ) ;
#5330 = DIRECTION ( 'NONE',  ( 0.9510565162951576390, -0.3090169943749349613, 0.000000000000000000 ) ) ;
#5331 = CIRCLE ( 'NONE', #6482, 0.3999999999999998557 ) ;
#5332 = VERTEX_POINT ( 'NONE', #251 ) ;
#5333 = CARTESIAN_POINT ( 'NONE',  ( 2.234524572767789152, -5.582732300020924576, 7.000000000000000000 ) ) ;
#5334 = LINE ( 'NONE', #5932, #4907 ) ;
#5335 = PLANE ( 'NONE',  #7494 ) ;
#5336 = DIRECTION ( 'NONE',  ( -0.3090169943749409565, -0.9510565162951556406, -0.000000000000000000 ) ) ;
#5337 = AXIS2_PLACEMENT_3D ( 'NONE', #7761, #1731, #6566 ) ;
#5338 = AXIS2_PLACEMENT_3D ( 'NONE', #3247, #5659, #2652 ) ;
#5339 = VERTEX_POINT ( 'NONE', #6307 ) ;
#5340 = VECTOR ( 'NONE', #58, 1000.000000000000000 ) ;
#5341 = EDGE_CURVE ( 'NONE', #3589, #6397, #2290, .T. ) ;
#5342 = AXIS2_PLACEMENT_3D ( 'NONE', #1875, #2951, #648 ) ;
#5343 = EDGE_CURVE ( 'NONE', #236, #3703, #6830, .T. ) ;
#5344 = DIRECTION ( 'NONE',  ( 0.8090169943749487835, -0.5877852522924712497, 0.000000000000000000 ) ) ;
#5345 = EDGE_LOOP ( 'NONE', ( #4061, #7280, #3473, #4000 ) ) ;
#5346 = DIRECTION ( 'NONE',  ( 0.000000000000000000, 0.000000000000000000, 1.000000000000000000 ) ) ;
#5348 = AXIS2_PLACEMENT_3D ( 'NONE', #3274, #2566, #5090 ) ;
#5347 = CARTESIAN_POINT ( 'NONE',  ( 0.4000000000000001332, -9.000000000000001776, -6.000000000000000000 ) ) ;
#5349 = ORIENTED_EDGE ( 'NONE', *, *, #3898, .F. ) ;
#5350 = CARTESIAN_POINT ( 'NONE',  ( 0.4000000000000004108, 5.999999999999999112, 7.000000000000000000 ) ) ;
#5351 = EDGE_LOOP ( 'NONE', ( #3207, #4354, #5954, #522 ) ) ;
#5352 = CIRCLE ( 'NONE', #2453, 0.4000000000000001332 ) ;
#5353 = EDGE_CURVE ( 'NONE', #6790, #6038, #1988, .T. ) ;
#5354 = DIRECTION ( 'NONE',  ( 0.9510565162951499785, 0.3090169943749583314, 0.000000000000000000 ) ) ;
#5355 = DIRECTION ( 'NONE',  ( 0.000000000000000000, 0.000000000000000000, 1.000000000000000000 ) ) ;
#5356 = CIRCLE ( 'NONE', #7779, 0.4000000000000001332 ) ;
#5357 = FACE_OUTER_BOUND ( 'NONE', #2207, .T. ) ;
#5358 = FACE_OUTER_BOUND ( 'NONE', #5767, .T. ) ;
#5359 = ORIENTED_EDGE ( 'NONE', *, *, #7543, .T. ) ;
#5360 = DIRECTION ( 'NONE',  ( 0.3090169943749409565, 0.9510565162951556406, 0.000000000000000000 ) ) ;
#5361 = DIRECTION ( 'NONE',  ( -0.9510565162951556406, 0.3090169943749408454, 0.000000000000000000 ) ) ;
#5362 = ORIENTED_EDGE ( 'NONE', *, *, #1055, .F. ) ;
#5363 = DIRECTION ( 'NONE',  ( -0.8090169943749511150, 0.5877852522924682521, 0.000000000000000000 ) ) ;
#5364 = DIRECTION ( 'NONE',  ( -0.3090169943749517256, 0.9510565162951521989, 0.000000000000000000 ) ) ;
#5365 = ORIENTED_EDGE ( 'NONE', *, *, #3224, .F. ) ;
#5366 = LINE ( 'NONE', #2401, #3949 ) ;
#5367 = DIRECTION ( 'NONE',  ( 1.807003620809172906E-16, -1.000000000000000000, 0.000000000000000000 ) ) ;
#5368 = ORIENTED_EDGE ( 'NONE', *, *, #4970, .F. ) ;
#5369 = ADVANCED_FACE ( 'NONE', ( #292 ), #2707, .F. ) ;
#5370 = CYLINDRICAL_SURFACE ( 'NONE', #2384, 0.9000000000000014655 ) ;
#5371 = DIRECTION ( 'NONE',  ( 0.000000000000000000, -0.000000000000000000, -1.000000000000000000 ) ) ;
#5372 = ORIENTED_EDGE ( 'NONE', *, *, #4722, .T. ) ;
#5373 = DIRECTION ( 'NONE',  ( -0.3090169943749550563, 0.9510565162951510887, 0.000000000000000000 ) ) ;
#5374 = LINE ( 'NONE', #1885, #4530 ) ;
#5375 = LINE ( 'NONE', #1661, #4066 ) ;
#5376 = DIRECTION ( 'NONE',  ( -0.000000000000000000, 1.000000000000000000, -0.000000000000000000 ) ) ;
#5377 = ORIENTED_EDGE ( 'NONE', *, *, #403, .F. ) ;
#5378 = EDGE_CURVE ( 'NONE', #3479, #7441, #6950, .T. ) ;
#5379 = CARTESIAN_POINT ( 'NONE',  ( -24.99999999999999645, 54.00000000000000711, 24.50000000000000711 ) ) ;
#5380 = ORIENTED_EDGE ( 'NONE', *, *, #22, .T. ) ;
#5381 = CARTESIAN_POINT ( 'NONE',  ( -5.613674068382196403, -7.046038848457569337, -7.000000000000000000 ) ) ;
#5382 = CARTESIAN_POINT ( 'NONE',  ( 5.510910596163086597E-16, -9.000000000000000000, 6.000000000000000000 ) ) ;
#5383 = VERTEX_POINT ( 'NONE', #3334 ) ;
#5384 = CARTESIAN_POINT ( 'NONE',  ( 5.582732300020962768, -2.234524572767692341, -7.000000000000000000 ) ) ;
#5385 = EDGE_CURVE ( 'NONE', #5126, #1260, #3804, .T. ) ;
#5386 = ORIENTED_EDGE ( 'NONE', *, *, #5597, .F. ) ;
#5387 = EDGE_CURVE ( 'NONE', #3679, #3868, #397, .T. ) ;
#5388 = CARTESIAN_POINT ( 'NONE',  ( -7.281152949374500416, -5.290067270632293095, 7.000000000000000000 ) ) ;
#5389 = LINE ( 'NONE', #1836, #3176 ) ;
#5390 = CARTESIAN_POINT ( 'NONE',  ( -4.966460472882290311, 7.516267050291509655, -6.000000000000000000 ) ) ;
#5391 = CARTESIAN_POINT ( 'NONE',  ( -2.234524572767749628, 5.582732300020941452, 6.000000000000000000 ) ) ;
#5392 = ORIENTED_EDGE ( 'NONE', *, *, #3550, .T. ) ;
#5393 = FACE_OUTER_BOUND ( 'NONE', #2247, .T. ) ;
#5394 = ORIENTED_EDGE ( 'NONE', *, *, #5953, .T. ) ;
#5395 = EDGE_CURVE ( 'NONE', #106, #5501, #452, .T. ) ;
#5396 = EDGE_CURVE ( 'NONE', #5733, #1604, #4934, .T. ) ;
#5397 = DIRECTION ( 'NONE',  ( -0.8090169943749401238, -0.5877852522924832401, 0.000000000000000000 ) ) ;
#5398 = DIRECTION ( 'NONE',  ( 0.000000000000000000, -0.000000000000000000, -1.000000000000000000 ) ) ;
#5399 = VERTEX_POINT ( 'NONE', #5236 ) ;
#5400 = CARTESIAN_POINT ( 'NONE',  ( 5.290067270632322405, -7.281152949374479100, 6.000000000000000000 ) ) ;
#5401 = FACE_OUTER_BOUND ( 'NONE', #6135, .T. ) ;
#5402 = ORIENTED_EDGE ( 'NONE', *, *, #2827, .T. ) ;
#5403 = CARTESIAN_POINT ( 'NONE',  ( -4.966460472882290311, 7.516267050291509655, 6.000000000000000000 ) ) ;
#5404 = AXIS2_PLACEMENT_3D ( 'NONE', #3045, #6780, #6096 ) ;
#5405 = DIRECTION ( 'NONE',  ( 1.000000000000000000, 0.000000000000000000, 0.000000000000000000 ) ) ;
#5406 = ORIENTED_EDGE ( 'NONE', *, *, #4365, .T. ) ;
#5407 = LINE ( 'NONE', #1737, #5233 ) ;
#5408 = DIRECTION ( 'NONE',  ( -0.9510565162951507556, -0.3090169943749562220, 0.000000000000000000 ) ) ;
#5409 = DIRECTION ( 'NONE',  ( 3.672181700924050498E-15, -1.000000000000000000, -0.000000000000000000 ) ) ;
#5410 = CARTESIAN_POINT ( 'NONE',  ( -8.959508646656390241, 2.781152949374502636, -6.000000000000000000 ) ) ;
#5411 = VERTEX_POINT ( 'NONE', #6474 ) ;
#5412 = AXIS2_PLACEMENT_3D ( 'NONE', #6899, #7454, #6214 ) ;
#5413 = VECTOR ( 'NONE', #5565, 1000.000000000000000 ) ;
#5414 = ORIENTED_EDGE ( 'NONE', *, *, #5631, .F. ) ;
#5415 = DIRECTION ( 'NONE',  ( -0.000000000000000000, -0.000000000000000000, 1.000000000000000000 ) ) ;
#5416 = ORGANIZATION ( '未', '未', '' ) ;
#5417 = ADVANCED_FACE ( 'NONE', ( #7746 ), #3462, .F. ) ;
#5418 = AXIS2_PLACEMENT_3D ( 'NONE', #1061, #5321, #63 ) ;
#5419 = ORIENTED_EDGE ( 'NONE', *, *, #4419, .F. ) ;
#5420 = DIRECTION ( 'NONE',  ( 0.000000000000000000, 0.000000000000000000, 1.000000000000000000 ) ) ;
#5421 = PLANE ( 'NONE',  #7197 ) ;
#5422 = ORIENTED_EDGE ( 'NONE', *, *, #6089, .T. ) ;
#5423 = DIRECTION ( 'NONE',  ( -0.000000000000000000, -0.000000000000000000, -1.000000000000000000 ) ) ;
#5424 = ORIENTED_EDGE ( 'NONE', *, *, #6903, .T. ) ;
#5425 = ADVANCED_FACE ( 'NONE', ( #485 ), #528, .F. ) ;
#5426 = DIRECTION ( 'NONE',  ( -0.000000000000000000, 0.000000000000000000, 1.000000000000000000 ) ) ;
#5427 = DIRECTION ( 'NONE',  ( -0.000000000000000000, 0.000000000000000000, -1.000000000000000000 ) ) ;
#5428 = EDGE_CURVE ( 'NONE', #7558, #5766, #2312, .T. ) ;
#5429 = EDGE_CURVE ( 'NONE', #2043, #3104, #7634, .T. ) ;
#5430 = DIRECTION ( 'NONE',  ( 0.5877852522924624790, 0.8090169943749552228, 0.000000000000000000 ) ) ;
#5431 = DIRECTION ( 'NONE',  ( -0.3090169943749516701, 0.9510565162951523099, 0.000000000000000000 ) ) ;
#5432 = CIRCLE ( 'NONE', #505, 0.4000000000000001332 ) ;
#5433 = EDGE_LOOP ( 'NONE', ( #1776, #1697, #706, #7505 ) ) ;
#5434 = DIRECTION ( 'NONE',  ( 0.000000000000000000, -0.000000000000000000, -1.000000000000000000 ) ) ;
#5435 = CIRCLE ( 'NONE', #5813, 0.4000000000000000222 ) ;
#5436 = ORIENTED_EDGE ( 'NONE', *, *, #5244, .F. ) ;
#5437 = VECTOR ( 'NONE', #7786, 1000.000000000000000 ) ;
#5438 = LINE ( 'NONE', #3586, #1433 ) ;
#5439 = ADVANCED_FACE ( 'NONE', ( #6551 ), #1638, .F. ) ;
#5440 = EDGE_LOOP ( 'NONE', ( #4157, #3881, #1355, #6661 ) ) ;
#5441 = DIRECTION ( 'NONE',  ( 0.9510565162951576390, -0.3090169943749346282, 0.000000000000000000 ) ) ;
#5442 = VERTEX_POINT ( 'NONE', #5790 ) ;
#5443 = CARTESIAN_POINT ( 'NONE',  ( -3.126711513754811822, -4.854101966249705136, 6.000000000000000000 ) ) ;
#5444 = DIRECTION ( 'NONE',  ( 1.047444401652940007E-14, -1.000000000000000000, 0.000000000000000000 ) ) ;
#5445 = AXIS2_PLACEMENT_3D ( 'NONE', #4999, #2111, #2152 ) ;
#5446 = AXIS2_PLACEMENT_3D ( 'NONE', #7751, #2318, #4729 ) ;
#5447 = CARTESIAN_POINT ( 'NONE',  ( -4.454101966249667477, -3.526711513754861915, 6.000000000000000000 ) ) ;
#5448 = EDGE_CURVE ( 'NONE', #2937, #6369, #267, .T. ) ;
#5449 = ORIENTED_EDGE ( 'NONE', *, *, #5915, .T. ) ;
#5450 = AXIS2_PLACEMENT_3D ( 'NONE', #171, #3918, #1979 ) ;
#5451 = CARTESIAN_POINT ( 'NONE',  ( 5.089216067166633550, 3.203104716004921304, 7.000000000000000000 ) ) ;
#5452 = DIRECTION ( 'NONE',  ( -0.000000000000000000, -0.000000000000000000, -1.000000000000000000 ) ) ;
#5453 = FACE_OUTER_BOUND ( 'NONE', #5533, .T. ) ;
#5454 = VERTEX_POINT ( 'NONE', #7032 ) ;
#5455 = VECTOR ( 'NONE', #5695, 1000.000000000000000 ) ;
#5456 = AXIS2_PLACEMENT_3D ( 'NONE', #4534, #5891, #466 ) ;
#5457 = ORIENTED_EDGE ( 'NONE', *, *, #2843, .F. ) ;
#5458 = AXIS2_PLACEMENT_3D ( 'NONE', #580, #4102, #4137 ) ;
#5459 = DIRECTION ( 'NONE',  ( 0.8090169943749507819, -0.5877852522924684742, -0.000000000000000000 ) ) ;
#5460 = CIRCLE ( 'NONE', #5716, 10.00000000000000000 ) ;
#5461 = EDGE_LOOP ( 'NONE', ( #3910, #5477, #5904, #6859 ) ) ;
#5462 = DIRECTION ( 'NONE',  ( 0.000000000000000000, -0.000000000000000000, 1.000000000000000000 ) ) ;
#5463 = FACE_OUTER_BOUND ( 'NONE', #4599, .T. ) ;
#5464 = EDGE_LOOP ( 'NONE', ( #6157, #6675, #5822, #3690 ) ) ;
#5465 = CIRCLE ( 'NONE', #3315, 0.4000000000000001332 ) ;
#5466 = DIRECTION ( 'NONE',  ( -0.8090169943749419001, -0.5877852522924807976, 0.000000000000000000 ) ) ;
#5467 = VECTOR ( 'NONE', #2789, 1000.000000000000000 ) ;
#5468 = VECTOR ( 'NONE', #5552, 1000.000000000000227 ) ;
#5469 = EDGE_CURVE ( 'NONE', #7075, #2325, #4122, .T. ) ;
#5470 = DIRECTION ( 'NONE',  ( -0.000000000000000000, 1.000000000000000000, -0.000000000000000000 ) ) ;
#5471 = CARTESIAN_POINT ( 'NONE',  ( 3.850318311504857594, -4.618987865332661258, -6.000000000000000000 ) ) ;
#5472 = DIRECTION ( 'NONE',  ( -0.000000000000000000, -0.000000000000000000, -1.000000000000000000 ) ) ;
#5473 = CARTESIAN_POINT ( 'NONE',  ( -9.000000000000000000, -3.197442310920450836E-14, -7.000000000000000000 ) ) ;
#5474 = CIRCLE ( 'NONE', #5601, 0.4000000000000002442 ) ;
#5475 = ORIENTED_EDGE ( 'NONE', *, *, #1276, .F. ) ;
#5476 = DIRECTION ( 'NONE',  ( 0.8090169943749487835, -0.5877852522924712497, 0.000000000000000000 ) ) ;
#5477 = ORIENTED_EDGE ( 'NONE', *, *, #7484, .T. ) ;
#5478 = EDGE_CURVE ( 'NONE', #5646, #3254, #5958, .T. ) ;
#5479 = AXIS2_PLACEMENT_3D ( 'NONE', #5148, #5711, #1559 ) ;
#5480 = DIRECTION ( 'NONE',  ( -0.3090169943749386250, -0.9510565162951564178, 0.000000000000000000 ) ) ;
#5481 = VERTEX_POINT ( 'NONE', #6517 ) ;
#5482 = CARTESIAN_POINT ( 'NONE',  ( -6.000000000000000000, -2.094888803305880013E-14, -6.000000000000000000 ) ) ;
#5483 = ORIENTED_EDGE ( 'NONE', *, *, #1324, .T. ) ;
#5484 = PLANE ( 'NONE',  #4446 ) ;
#5485 = CARTESIAN_POINT ( 'NONE',  ( -5.290067270632215823, -7.281152949374556371, -7.000000000000000000 ) ) ;
#5486 = VECTOR ( 'NONE', #5137, 1000.000000000000227 ) ;
#5487 = EDGE_CURVE ( 'NONE', #7677, #4353, #5191, .T. ) ;
#5488 = EDGE_CURVE ( 'NONE', #5192, #6955, #1905, .T. ) ;
#5489 = CARTESIAN_POINT ( 'NONE',  ( -5.613674068382248805, 7.046038848457532033, 7.000000000000000000 ) ) ;
#5490 = VERTEX_POINT ( 'NONE', #1085 ) ;
#5491 = DIRECTION ( 'NONE',  ( -0.000000000000000000, -0.000000000000000000, 1.000000000000000000 ) ) ;
#5492 = DIRECTION ( 'NONE',  ( -0.000000000000000000, -0.000000000000000000, -1.000000000000000000 ) ) ;
#5493 = LINE ( 'NONE', #73, #3706 ) ;
#5494 = ORIENTED_EDGE ( 'NONE', *, *, #5561, .T. ) ;
#5495 = EDGE_CURVE ( 'NONE', #3210, #3251, #2898, .T. ) ;
#5496 = ORIENTED_EDGE ( 'NONE', *, *, #2672, .F. ) ;
#5497 = CARTESIAN_POINT ( 'NONE',  ( 5.613674068382143112, 7.046038848457611081, -6.000000000000000000 ) ) ;
#5498 = ORIENTED_EDGE ( 'NONE', *, *, #6759, .T. ) ;
#5499 = DIRECTION ( 'NONE',  ( -0.000000000000000000, -0.000000000000000000, 1.000000000000000000 ) ) ;
#5500 = CYLINDRICAL_SURFACE ( 'NONE', #5404, 0.9000000000000014655 ) ;
#5501 = VERTEX_POINT ( 'NONE', #2350 ) ;
#5502 = DIRECTION ( 'NONE',  ( 0.5877852522924684742, 0.8090169943749507819, 0.000000000000000000 ) ) ;
#5503 = CARTESIAN_POINT ( 'NONE',  ( 4.618987865332731424, -3.850318311504773661, -7.000000000000000000 ) ) ;
#5504 = CARTESIAN_POINT ( 'NONE',  ( -8.435901848906413036, 3.161575555892564449, 7.000000000000000000 ) ) ;
#5505 = DIRECTION ( 'NONE',  ( -0.000000000000000000, -0.000000000000000000, -1.000000000000000000 ) ) ;
#5506 = DIRECTION ( 'NONE',  ( 0.000000000000000000, 0.000000000000000000, 1.000000000000000000 ) ) ;
#5507 = PLANE ( 'NONE',  #7059 ) ;
#5508 = EDGE_LOOP ( 'NONE', ( #995, #7207, #1137, #5 ) ) ;
#5509 = DIRECTION ( 'NONE',  ( 1.000000000000000000, 0.000000000000000000, 0.000000000000000000 ) ) ;
#5510 = EDGE_LOOP ( 'NONE', ( #1370, #3780, #3942, #1592, #857 ) ) ;
#5511 = CARTESIAN_POINT ( 'NONE',  ( -9.000000000000000000, -0.4000000000000315525, -7.000000000000000000 ) ) ;
#5512 = ORIENTED_EDGE ( 'NONE', *, *, #7055, .T. ) ;
#5513 = DIRECTION ( 'NONE',  ( -0.000000000000000000, -0.000000000000000000, 1.000000000000000000 ) ) ;
#5514 = EDGE_CURVE ( 'NONE', #3261, #5761, #7152, .T. ) ;
#5515 = ORIENTED_EDGE ( 'NONE', *, *, #6509, .T. ) ;
#5516 = DIRECTION ( 'NONE',  ( 1.000000000000000000, 0.000000000000000000, 0.000000000000000000 ) ) ;
#5517 = FACE_OUTER_BOUND ( 'NONE', #7369, .T. ) ;
#5518 = CARTESIAN_POINT ( 'NONE',  ( -3.526711513754811733, -4.854101966249705136, 6.000000000000000000 ) ) ;
#5519 = ORIENTED_EDGE ( 'NONE', *, *, #7631, .T. ) ;
#5520 = EDGE_CURVE ( 'NONE', #147, #294, #5828, .T. ) ;
#5521 = DIRECTION ( 'NONE',  ( 0.000000000000000000, 0.000000000000000000, 1.000000000000000000 ) ) ;
#5522 = DIRECTION ( 'NONE',  ( -0.5877852522924656986, -0.8090169943749528914, 0.000000000000000000 ) ) ;
#5523 = EDGE_CURVE ( 'NONE', #6664, #7700, #6105, .T. ) ;
#5524 = EDGE_CURVE ( 'NONE', #5574, #2272, #17, .T. ) ;
#5525 = CIRCLE ( 'NONE', #6676, 2.750000000000000000 ) ;
#5526 = LINE ( 'NONE', #1337, #4580 ) ;
#5527 = CARTESIAN_POINT ( 'NONE',  ( -2.400730342856408406, -8.683115444406379169, -6.000000000000000000 ) ) ;
#5528 = ORIENTED_EDGE ( 'NONE', *, *, #5243, .T. ) ;
#5529 = CIRCLE ( 'NONE', #3130, 0.9000000000000014655 ) ;
#5530 = EDGE_LOOP ( 'NONE', ( #2142, #2233, #3136, #59, #6315 ) ) ;
#5531 = FACE_OUTER_BOUND ( 'NONE', #6118, .T. ) ;
#5532 = EDGE_CURVE ( 'NONE', #6717, #4047, #7305, .T. ) ;
#5533 = EDGE_LOOP ( 'NONE', ( #3099, #4572, #2797, #337 ) ) ;
#5534 = DIRECTION ( 'NONE',  ( 0.000000000000000000, 0.000000000000000000, -1.000000000000000000 ) ) ;
#5535 = CARTESIAN_POINT ( 'NONE',  ( -0.3999999999999995781, 5.999999999999999112, -7.000000000000000000 ) ) ;
#5536 = VECTOR ( 'NONE', #2294, 1000.000000000000000 ) ;
#5537 = ORIENTED_EDGE ( 'NONE', *, *, #2537, .F. ) ;
#5538 = CARTESIAN_POINT ( 'NONE',  ( -8.959508646656370701, -2.781152949374564809, -6.000000000000000000 ) ) ;
#5539 = ADVANCED_FACE ( 'NONE', ( #4948 ), #712, .F. ) ;
#5540 = DIRECTION ( 'NONE',  ( -0.000000000000000000, -0.000000000000000000, -1.000000000000000000 ) ) ;
#5541 = AXIS2_PLACEMENT_3D ( 'NONE', #6122, #145, #5562 ) ;
#5542 = AXIS2_PLACEMENT_3D ( 'NONE', #2963, #5491, #3558 ) ;
#5543 = CARTESIAN_POINT ( 'NONE',  ( -7.516267050291528307, 4.966460472882263666, 6.000000000000000000 ) ) ;
#5544 = DIRECTION ( 'NONE',  ( 0.000000000000000000, -1.000000000000000000, 0.000000000000000000 ) ) ;
#5545 = LINE ( 'NONE', #682, #7146 ) ;
#5546 = CARTESIAN_POINT ( 'NONE',  ( 8.435901848906432576, -3.161575555892506273, -7.000000000000000000 ) ) ;
#5547 = EDGE_LOOP ( 'NONE', ( #2925, #76, #5114, #4595, #3097 ) ) ;
#5548 = DIRECTION ( 'NONE',  ( -0.3090169943749516701, 0.9510565162951523099, 0.000000000000000000 ) ) ;
#5549 = EDGE_LOOP ( 'NONE', ( #2574, #1382, #6199, #4284 ) ) ;
#5550 = ORIENTED_EDGE ( 'NONE', *, *, #4933, .F. ) ;
#5551 = AXIS2_PLACEMENT_3D ( 'NONE', #3782, #3826, #190 ) ;
#5552 = DIRECTION ( 'NONE',  ( -0.8090169943749402348, -0.5877852522924831291, 0.000000000000000000 ) ) ;
#5553 = CYLINDRICAL_SURFACE ( 'NONE', #1655, 0.4000000000000001887 ) ;
#5554 = VECTOR ( 'NONE', #1275, 1000.000000000000000 ) ;
#5555 = VERTEX_POINT ( 'NONE', #7344 ) ;
#5556 = CARTESIAN_POINT ( 'NONE',  ( -25.00000000000000711, 54.00000000000000711, -24.50000000000002132 ) ) ;
#5557 = VERTEX_POINT ( 'NONE', #3053 ) ;
#5558 = CARTESIAN_POINT ( 'NONE',  ( 7.681152949374461691, 5.290067270632348162, 6.000000000000000000 ) ) ;
#5559 = DIRECTION ( 'NONE',  ( 0.000000000000000000, 0.000000000000000000, -1.000000000000000000 ) ) ;
#5560 = AXIS2_PLACEMENT_3D ( 'NONE', #4980, #4463, #1971 ) ;
#5561 = EDGE_CURVE ( 'NONE', #5594, #7441, #4205, .T. ) ;
#5562 = DIRECTION ( 'NONE',  ( 0.5877852522924803536, -0.8090169943749422332, 0.000000000000000000 ) ) ;
#5563 = LINE ( 'NONE', #6242, #539 ) ;
#5564 = EDGE_LOOP ( 'NONE', ( #1767, #1321, #4261, #6568 ) ) ;
#5565 = DIRECTION ( 'NONE',  ( -0.000000000000000000, 0.000000000000000000, -1.000000000000000000 ) ) ;
#5566 = CARTESIAN_POINT ( 'NONE',  ( -9.000000000000000000, -3.197442310920450836E-14, -6.000000000000000000 ) ) ;
#5567 = FACE_OUTER_BOUND ( 'NONE', #1657, .T. ) ;
#5568 = AXIS2_PLACEMENT_3D ( 'NONE', #1817, #1359, #721 ) ;
#5569 = ORIENTED_EDGE ( 'NONE', *, *, #949, .T. ) ;
#5570 = EDGE_LOOP ( 'NONE', ( #5215, #1477, #1707, #4485 ) ) ;
#5571 = EDGE_CURVE ( 'NONE', #1723, #760, #2544, .T. ) ;
#5572 = EDGE_CURVE ( 'NONE', #3592, #7591, #5389, .T. ) ;
#5573 = VECTOR ( 'NONE', #5875, 1000.000000000000000 ) ;
#5574 = VERTEX_POINT ( 'NONE', #3613 ) ;
#5575 = CARTESIAN_POINT ( 'NONE',  ( -6.000000000000000000, -2.094888803305880013E-14, 6.000000000000000000 ) ) ;
#5576 = AXIS2_PLACEMENT_3D ( 'NONE', #3211, #3120, #1938 ) ;
#5577 = EDGE_LOOP ( 'NONE', ( #6633, #2187, #7425, #3933 ) ) ;
#5578 = DIRECTION ( 'NONE',  ( 0.000000000000000000, -0.000000000000000000, -1.000000000000000000 ) ) ;
#5579 = DIRECTION ( 'NONE',  ( 0.000000000000000000, -0.000000000000000000, 1.000000000000000000 ) ) ;
#5580 = ORIENTED_EDGE ( 'NONE', *, *, #7438, .F. ) ;
#5581 = DIRECTION ( 'NONE',  ( 0.000000000000000000, 0.000000000000000000, 1.000000000000000000 ) ) ;
#5582 = VECTOR ( 'NONE', #4063, 1000.000000000000000 ) ;
#5583 = ADVANCED_FACE ( 'NONE', ( #2427 ), #88, .F. ) ;
#5584 = EDGE_CURVE ( 'NONE', #2267, #3729, #6747, .T. ) ;
#5585 = CIRCLE ( 'NONE', #7754, 0.3999999999999999667 ) ;
#5586 = CARTESIAN_POINT ( 'NONE',  ( -4.618987865332676357, -3.850318311504838942, -6.000000000000000000 ) ) ;
#5587 = CARTESIAN_POINT ( 'NONE',  ( 2.400730342856351562, 8.683115444406393379, -7.000000000000000000 ) ) ;
#5588 = VECTOR ( 'NONE', #2868, 1000.000000000000000 ) ;
#5589 = EDGE_LOOP ( 'NONE', ( #5424, #3608, #5845, #1896, #4351 ) ) ;
#5590 = CARTESIAN_POINT ( 'NONE',  ( 0.4000000000000004108, 5.999999999999999112, -7.000000000000000000 ) ) ;
#5591 = VERTEX_POINT ( 'NONE', #638 ) ;
#5592 = DIRECTION ( 'NONE',  ( -0.5877852522924769119, 0.8090169943749446757, 0.000000000000000000 ) ) ;
#5593 = AXIS2_PLACEMENT_3D ( 'NONE', #3704, #4219, #1881 ) ;
#5594 = VERTEX_POINT ( 'NONE', #5471 ) ;
#5595 = ORIENTED_EDGE ( 'NONE', *, *, #2398, .T. ) ;
#5596 = CIRCLE ( 'NONE', #5338, 0.3999999999999995781 ) ;
#5597 = EDGE_CURVE ( 'NONE', #1893, #4574, #7826, .T. ) ;
#5598 = CIRCLE ( 'NONE', #6623, 0.3999999999999998557 ) ;
#5599 = CARTESIAN_POINT ( 'NONE',  ( 5.582732300020916583, 2.234524572767808692, 6.000000000000000000 ) ) ;
#5600 = DIRECTION ( 'NONE',  ( -1.000000000000000000, -3.672181700924050498E-15, 0.000000000000000000 ) ) ;
#5601 = AXIS2_PLACEMENT_3D ( 'NONE', #3066, #7198, #5480 ) ;
#5602 = LINE ( 'NONE', #1956, #4516 ) ;
#5603 = EDGE_LOOP ( 'NONE', ( #6558, #4300, #778, #3551, #6094 ) ) ;
#5604 = CARTESIAN_POINT ( 'NONE',  ( 1.473679359731668193, -5.829945895520888932, -6.000000000000000000 ) ) ;
#5605 = CARTESIAN_POINT ( 'NONE',  ( -10.00000000000000000, 50.00000000000000000, -7.000000000000000000 ) ) ;
#5606 = CIRCLE ( 'NONE', #3960, 0.3999999999999999667 ) ;
#5607 = VECTOR ( 'NONE', #2151, 1000.000000000000000 ) ;
#5608 = DIRECTION ( 'NONE',  ( 1.000000000000000000, 0.000000000000000000, 0.000000000000000000 ) ) ;
#5609 = CARTESIAN_POINT ( 'NONE',  ( -6.000000000000000000, -2.094888803305880013E-14, -6.000000000000000000 ) ) ;
#5610 = VERTEX_POINT ( 'NONE', #3129 ) ;
#5611 = DIRECTION ( 'NONE',  ( -0.000000000000000000, -0.000000000000000000, 1.000000000000000000 ) ) ;
#5612 = DIRECTION ( 'NONE',  ( 0.8090169943749444537, 0.5877852522924771339, 0.000000000000000000 ) ) ;
#5613 = CARTESIAN_POINT ( 'NONE',  ( 0.000000000000000000, 6.000000000000000000, 6.000000000000000000 ) ) ;
#5614 = EDGE_CURVE ( 'NONE', #5501, #7516, #7618, .T. ) ;
#5615 = ORIENTED_EDGE ( 'NONE', *, *, #6034, .F. ) ;
#5616 = ORIENTED_EDGE ( 'NONE', *, *, #5051, .T. ) ;
#5617 = ORIENTED_EDGE ( 'NONE', *, *, #4123, .T. ) ;
#5618 = DIRECTION ( 'NONE',  ( -1.000000000000000000, 0.000000000000000000, 0.000000000000000000 ) ) ;
#5619 = EDGE_LOOP ( 'NONE', ( #5850, #181, #3967, #675, #2869 ) ) ;
#5620 = CYLINDRICAL_SURFACE ( 'NONE', #7750, 0.4000000000000001887 ) ;
#5622 = AXIS2_PLACEMENT_3D ( 'NONE', #347, #5130, #3836 ) ;
#5621 = CYLINDRICAL_SURFACE ( 'NONE', #615, 10.00000000000000000 ) ;
#5623 = EDGE_CURVE ( 'NONE', #6477, #5192, #5188, .T. ) ;
#5624 = EDGE_LOOP ( 'NONE', ( #4112, #1631, #5515, #2785 ) ) ;
#5625 = DIRECTION ( 'NONE',  ( 0.000000000000000000, -0.000000000000000000, -1.000000000000000000 ) ) ;
#5626 = LINE ( 'NONE', #203, #6113 ) ;
#5627 = CARTESIAN_POINT ( 'NONE',  ( 5.290067270632322405, -7.281152949374479100, -6.000000000000000000 ) ) ;
#5628 = EDGE_LOOP ( 'NONE', ( #6925, #2081, #7524, #4040 ) ) ;
#5629 = CARTESIAN_POINT ( 'NONE',  ( 0.000000000000000000, 0.000000000000000000, 7.000000000000000000 ) ) ;
#5630 = EDGE_CURVE ( 'NONE', #4537, #2423, #1902, .T. ) ;
#5631 = EDGE_CURVE ( 'NONE', #6951, #4973, #3433, .T. ) ;
#5632 = VERTEX_POINT ( 'NONE', #681 ) ;
#5633 = FACE_OUTER_BOUND ( 'NONE', #4979, .T. ) ;
#5634 = ORIENTED_EDGE ( 'NONE', *, *, #940, .T. ) ;
#5635 = DIRECTION ( 'NONE',  ( -0.000000000000000000, -0.000000000000000000, 1.000000000000000000 ) ) ;
#5636 = LINE ( 'NONE', #4394, #1783 ) ;
#5637 = DIRECTION ( 'NONE',  ( 1.000000000000000000, 0.000000000000000000, 0.000000000000000000 ) ) ;
#5638 = CARTESIAN_POINT ( 'NONE',  ( 25.00000000000001066, 50.00000000000000000, 25.40000000000000213 ) ) ;
#5639 = ADVANCED_FACE ( 'NONE', ( #570, #2499, #2979, #4909, #1315 ), #3726, .F. ) ;
#5640 = ORIENTED_EDGE ( 'NONE', *, *, #1910, .T. ) ;
#5641 = DIRECTION ( 'NONE',  ( -0.000000000000000000, -0.000000000000000000, 1.000000000000000000 ) ) ;
#5642 = CYLINDRICAL_SURFACE ( 'NONE', #2428, 0.3999999999999999667 ) ;
#5643 = EDGE_CURVE ( 'NONE', #5261, #2353, #643, .T. ) ;
#5644 = DIRECTION ( 'NONE',  ( -0.000000000000000000, 0.000000000000000000, -1.000000000000000000 ) ) ;
#5645 = CARTESIAN_POINT ( 'NONE',  ( 7.046038848457468973, 5.613674068382324300, -6.000000000000000000 ) ) ;
#5646 = VERTEX_POINT ( 'NONE', #6864 ) ;
#5647 = FACE_OUTER_BOUND ( 'NONE', #420, .T. ) ;
#5648 = CARTESIAN_POINT ( 'NONE',  ( -3.161575555892532030, -8.435901848906425471, 6.000000000000000000 ) ) ;
#5649 = DIRECTION ( 'NONE',  ( 0.8090169943749444537, 0.5877852522924771339, 0.000000000000000000 ) ) ;
#5650 = ORIENTED_EDGE ( 'NONE', *, *, #6954, .F. ) ;
#5651 = ORIENTED_EDGE ( 'NONE', *, *, #3540, .F. ) ;
#5652 = VECTOR ( 'NONE', #7463, 1000.000000000000000 ) ;
#5653 = VERTEX_POINT ( 'NONE', #1436 ) ;
#5654 = DIRECTION ( 'NONE',  ( -1.000000000000000000, 0.000000000000000000, 0.000000000000000000 ) ) ;
#5655 = LINE ( 'NONE', #901, #1396 ) ;
#5656 = FACE_OUTER_BOUND ( 'NONE', #1879, .T. ) ;
#5657 = CARTESIAN_POINT ( 'NONE',  ( -5.706339097770914748, -1.854101966249709799, 6.000000000000000000 ) ) ;
#5658 = ORIENTED_EDGE ( 'NONE', *, *, #2349, .F. ) ;
#5659 = DIRECTION ( 'NONE',  ( 0.000000000000000000, 0.000000000000000000, 1.000000000000000000 ) ) ;
#5660 = EDGE_CURVE ( 'NONE', #4104, #1102, #5061, .T. ) ;
#5661 = DIRECTION ( 'NONE',  ( -1.000000000000000000, 0.000000000000000000, 0.000000000000000000 ) ) ;
#5662 = CARTESIAN_POINT ( 'NONE',  ( -5.706339097770914748, -1.854101966249709799, 6.000000000000000000 ) ) ;
#5663 = AXIS2_PLACEMENT_3D ( 'NONE', #3187, #1916, #4324 ) ;
#5664 = ORIENTED_EDGE ( 'NONE', *, *, #4576, .F. ) ;
#5665 = CARTESIAN_POINT ( 'NONE',  ( -5.089216067166679736, 3.203104716004848918, 6.000000000000000000 ) ) ;
#5666 = ORIENTED_EDGE ( 'NONE', *, *, #7378, .T. ) ;
#5667 = DIRECTION ( 'NONE',  ( -0.000000000000000000, -0.000000000000000000, 1.000000000000000000 ) ) ;
#5668 = ORIENTED_EDGE ( 'NONE', *, *, #1830, .F. ) ;
#5669 = CIRCLE ( 'NONE', #4658, 0.4000000000000001332 ) ;
#5670 = AXIS2_PLACEMENT_3D ( 'NONE', #982, #5169, #2213 ) ;
#5671 = EDGE_CURVE ( 'NONE', #5826, #5454, #1277, .T. ) ;
#5672 = EDGE_CURVE ( 'NONE', #6696, #1453, #6471, .T. ) ;
#5673 = CARTESIAN_POINT ( 'NONE',  ( 3.526711513754774874, 4.854101966249730893, -7.000000000000000000 ) ) ;
#5674 = CARTESIAN_POINT ( 'NONE',  ( 0.000000000000000000, 50.00000000000000000, 0.000000000000000000 ) ) ;
#5675 = ORIENTED_EDGE ( 'NONE', *, *, #4688, .F. ) ;
#5676 = FACE_OUTER_BOUND ( 'NONE', #542, .T. ) ;
#5677 = CC_DESIGN_APPROVAL ( #1501, ( #2007 ) ) ;
#5678 = ORIENTED_EDGE ( 'NONE', *, *, #6370, .T. ) ;
#5679 = AXIS2_PLACEMENT_3D ( 'NONE', #1336, #735, #7443 ) ;
#5680 = DIRECTION ( 'NONE',  ( -0.000000000000000000, -0.000000000000000000, 1.000000000000000000 ) ) ;
#5681 = CARTESIAN_POINT ( 'NONE',  ( -2.234524572767709660, -5.582732300020956551, 6.000000000000000000 ) ) ;
#5682 = VECTOR ( 'NONE', #3973, 1000.000000000000000 ) ;
#5683 = EDGE_CURVE ( 'NONE', #846, #5892, #1471, .T. ) ;
#5684 = CARTESIAN_POINT ( 'NONE',  ( -1.854101966249646960, -5.706339097770934288, 7.000000000000000000 ) ) ;
#5685 = DIRECTION ( 'NONE',  ( 0.000000000000000000, -0.000000000000000000, -1.000000000000000000 ) ) ;
#5686 = CARTESIAN_POINT ( 'NONE',  ( -57.50000000000000000, 54.00000000000000711, 38.50000000000000000 ) ) ;
#5687 = DIRECTION ( 'NONE',  ( -0.000000000000000000, 0.000000000000000000, -1.000000000000000000 ) ) ;
#5688 = VERTEX_POINT ( 'NONE', #6178 ) ;
#5689 = FACE_BOUND ( 'NONE', #346, .T. ) ;
#5690 = ORIENTED_EDGE ( 'NONE', *, *, #3700, .T. ) ;
#5691 = CIRCLE ( 'NONE', #7471, 0.4000000000000001332 ) ;
#5692 = VERTEX_POINT ( 'NONE', #2102 ) ;
#5693 = VECTOR ( 'NONE', #1218, 1000.000000000000227 ) ;
#5694 = FACE_OUTER_BOUND ( 'NONE', #3886, .T. ) ;
#5695 = DIRECTION ( 'NONE',  ( 0.000000000000000000, -0.000000000000000000, 1.000000000000000000 ) ) ;
#5696 = LINE ( 'NONE', #1429, #6296 ) ;
#5697 = ORIENTED_EDGE ( 'NONE', *, *, #5571, .F. ) ;
#5698 = CARTESIAN_POINT ( 'NONE',  ( 8.683115444406332983, 2.400730342856564725, -6.000000000000000000 ) ) ;
#5699 = VECTOR ( 'NONE', #7513, 1000.000000000000000 ) ;
#5700 = VECTOR ( 'NONE', #5680, 1000.000000000000000 ) ;
#5701 = LINE ( 'NONE', #2140, #3084 ) ;
#5702 = DIRECTION ( 'NONE',  ( -0.3090169943749389025, -0.9510565162951563067, 0.000000000000000000 ) ) ;
#5703 = ORIENTED_EDGE ( 'NONE', *, *, #7678, .F. ) ;
#5704 = CARTESIAN_POINT ( 'NONE',  ( 4.854101966249718458, -3.526711513754792193, -6.000000000000000000 ) ) ;
#5705 = ORIENTED_EDGE ( 'NONE', *, *, #60, .T. ) ;
#5706 = CARTESIAN_POINT ( 'NONE',  ( 3.526711513754774874, 4.854101966249730893, 6.000000000000000000 ) ) ;
#5707 = ORIENTED_EDGE ( 'NONE', *, *, #568, .T. ) ;
#5708 = ADVANCED_FACE ( 'NONE', ( #5138 ), #4471, .F. ) ;
#5709 = AXIS2_PLACEMENT_3D ( 'NONE', #233, #6697, #161 ) ;
#5710 = VECTOR ( 'NONE', #7805, 1000.000000000000000 ) ;
#5711 = DIRECTION ( 'NONE',  ( 0.000000000000000000, 0.000000000000000000, 1.000000000000000000 ) ) ;
#5712 = DIRECTION ( 'NONE',  ( 1.000000000000000000, 1.065514437861031800E-14, 0.000000000000000000 ) ) ;
#5713 = ORIENTED_EDGE ( 'NONE', *, *, #2577, .F. ) ;
#5714 = AXIS2_PLACEMENT_3D ( 'NONE', #4370, #6805, #1372 ) ;
#5715 = CYLINDRICAL_SURFACE ( 'NONE', #5787, 0.4000000000000001887 ) ;
#5716 = AXIS2_PLACEMENT_3D ( 'NONE', #5815, #4544, #5175 ) ;
#5717 = ORIENTED_EDGE ( 'NONE', *, *, #4132, .T. ) ;
#5718 = DIRECTION ( 'NONE',  ( 0.000000000000000000, 0.000000000000000000, 1.000000000000000000 ) ) ;
#5719 = DIRECTION ( 'NONE',  ( -0.000000000000000000, -0.000000000000000000, 1.000000000000000000 ) ) ;
#5720 = EDGE_CURVE ( 'NONE', #7553, #1418, #753, .T. ) ;
#5721 = AXIS2_PLACEMENT_3D ( 'NONE', #4953, #247, #4430 ) ;
#5722 = AXIS2_PLACEMENT_3D ( 'NONE', #1602, #3421, #5836 ) ;
#5723 = CIRCLE ( 'NONE', #4963, 0.3999999999999998557 ) ;
#5724 = DIRECTION ( 'NONE',  ( 0.000000000000000000, -0.000000000000000000, 1.000000000000000000 ) ) ;
#5725 = EDGE_LOOP ( 'NONE', ( #1805, #435, #1690, #7085 ) ) ;
#5726 = CIRCLE ( 'NONE', #3832, 0.3999999999999997446 ) ;
#5727 = CARTESIAN_POINT ( 'NONE',  ( -3.526711513754845928, 4.854101966249680267, 7.000000000000000000 ) ) ;
#5728 = LINE ( 'NONE', #6889, #6994 ) ;
#5729 = DIRECTION ( 'NONE',  ( -0.000000000000000000, -0.000000000000000000, 1.000000000000000000 ) ) ;
#5730 = EDGE_CURVE ( 'NONE', #5013, #4940, #911, .T. ) ;
#5731 = CIRCLE ( 'NONE', #5993, 0.3999999999999998557 ) ;
#5732 = ADVANCED_FACE ( 'NONE', ( #2141 ), #2069, .F. ) ;
#5733 = VERTEX_POINT ( 'NONE', #3172 ) ;
#5734 = CIRCLE ( 'NONE', #2329, 0.3999999999999995781 ) ;
#5735 = ORIENTED_EDGE ( 'NONE', *, *, #6034, .T. ) ;
#5736 = DIRECTION ( 'NONE',  ( -1.807003620809172906E-16, 1.000000000000000000, 0.000000000000000000 ) ) ;
#5737 = FACE_BOUND ( 'NONE', #5510, .T. ) ;
#5738 = CARTESIAN_POINT ( 'NONE',  ( -5.613674068382248805, 7.046038848457532033, -6.000000000000000000 ) ) ;
#5739 = EDGE_CURVE ( 'NONE', #5748, #6006, #23, .T. ) ;
#5740 = EDGE_LOOP ( 'NONE', ( #2703, #2420, #3256, #6355 ) ) ;
#5741 = PLANE ( 'NONE',  #6351 ) ;
#5742 = CARTESIAN_POINT ( 'NONE',  ( 7.046038848457591541, -5.613674068382167981, -7.000000000000000000 ) ) ;
#5743 = CARTESIAN_POINT ( 'NONE',  ( 1.854101966249729561, -5.706339097770907642, -6.000000000000000000 ) ) ;
#5744 = ORIENTED_EDGE ( 'NONE', *, *, #744, .F. ) ;
#5745 = LINE ( 'NONE', #2736, #345 ) ;
#5746 = EDGE_LOOP ( 'NONE', ( #6602, #4494, #7698, #2930 ) ) ;
#5747 = DIRECTION ( 'NONE',  ( -0.000000000000000000, -0.000000000000000000, -1.000000000000000000 ) ) ;
#5748 = VERTEX_POINT ( 'NONE', #7422 ) ;
#5749 = LINE ( 'NONE', #6428, #4971 ) ;
#5750 = CARTESIAN_POINT ( 'NONE',  ( 2.400730342856534083, -8.683115444406343642, 6.000000000000000000 ) ) ;
#5751 = EDGE_LOOP ( 'NONE', ( #2373, #7203, #7127, #3914 ) ) ;
#5752 = PLANE ( 'NONE',  #6316 ) ;
#5753 = CARTESIAN_POINT ( 'NONE',  ( 8.999999999999998224, 0.4000000000000943912, 7.000000000000000000 ) ) ;
#5754 = CIRCLE ( 'NONE', #2218, 0.3999999999999999667 ) ;
#5755 = VERTEX_POINT ( 'NONE', #3218 ) ;
#5756 = CARTESIAN_POINT ( 'NONE',  ( 5.290067270632160756, 7.281152949374595451, 6.000000000000000000 ) ) ;
#5757 = LINE ( 'NONE', #3341, #3687 ) ;
#5758 = SECURITY_CLASSIFICATION_LEVEL ( 'unclassified' ) ;
#5759 = DIRECTION ( 'NONE',  ( -0.000000000000000000, -0.000000000000000000, 1.000000000000000000 ) ) ;
#5760 = ADVANCED_FACE ( 'NONE', ( #3327 ), #4988, .F. ) ;
#5761 = VERTEX_POINT ( 'NONE', #3249 ) ;
#5762 = DIRECTION ( 'NONE',  ( 0.3090169943749550563, -0.9510565162951510887, 0.000000000000000000 ) ) ;
#5763 = VERTEX_POINT ( 'NONE', #204 ) ;
#5764 = LINE ( 'NONE', #5089, #4438 ) ;
#5765 = CARTESIAN_POINT ( 'NONE',  ( -5.089216067166657531, -3.203104716004883556, 6.000000000000000000 ) ) ;
#5766 = VERTEX_POINT ( 'NONE', #5587 ) ;
#5767 = EDGE_LOOP ( 'NONE', ( #1261, #3004, #5303, #7759 ) ) ;
#5768 = EDGE_CURVE ( 'NONE', #3444, #5399, #4171, .T. ) ;
#5769 = ADVANCED_FACE ( 'NONE', ( #830 ), #243, .F. ) ;
#5770 = EDGE_CURVE ( 'NONE', #4932, #1417, #628, .T. ) ;
#5771 = VERTEX_POINT ( 'NONE', #283 ) ;
#5772 = DIRECTION ( 'NONE',  ( -1.807003620809173892E-16, 1.000000000000000000, 0.000000000000000000 ) ) ;
#5773 = FACE_OUTER_BOUND ( 'NONE', #1443, .T. ) ;
#5774 = CYLINDRICAL_SURFACE ( 'NONE', #26, 0.9000000000000014655 ) ;
#5775 = DIRECTION ( 'NONE',  ( 0.000000000000000000, 0.000000000000000000, 1.000000000000000000 ) ) ;
#5776 = ORIENTED_EDGE ( 'NONE', *, *, #5924, .F. ) ;
#5777 = DIRECTION ( 'NONE',  ( -0.5877852522924769119, 0.8090169943749446757, 0.000000000000000000 ) ) ;
#5778 = ADVANCED_FACE ( 'NONE', ( #2699 ), #4507, .T. ) ;
#5779 = DIRECTION ( 'NONE',  ( 0.5877852522924652545, 0.8090169943749532244, 0.000000000000000000 ) ) ;
#5780 = CARTESIAN_POINT ( 'NONE',  ( 2.234524572767672801, 5.582732300020971650, 6.000000000000000000 ) ) ;
#5781 = EDGE_LOOP ( 'NONE', ( #7601, #4647, #210, #1906 ) ) ;
#5782 = LINE ( 'NONE', #2143, #6286 ) ;
#5783 = CIRCLE ( 'NONE', #3885, 0.3999999999999999112 ) ;
#5784 = ORIENTED_EDGE ( 'NONE', *, *, #4271, .T. ) ;
#5785 = DIRECTION ( 'NONE',  ( -0.000000000000000000, -0.000000000000000000, -1.000000000000000000 ) ) ;
#5786 = ORIENTED_EDGE ( 'NONE', *, *, #334, .F. ) ;
#5787 = AXIS2_PLACEMENT_3D ( 'NONE', #295, #2932, #7554 ) ;
#5788 = ORIENTED_EDGE ( 'NONE', *, *, #1579, .F. ) ;
#5789 = CARTESIAN_POINT ( 'NONE',  ( 0.3999999999999994116, 9.000000000000000000, -6.000000000000000000 ) ) ;
#5790 = CARTESIAN_POINT ( 'NONE',  ( 4.966460472882181065, 7.516267050291581597, -6.000000000000000000 ) ) ;
#5791 = FACE_OUTER_BOUND ( 'NONE', #6407, .T. ) ;
#5792 = DIRECTION ( 'NONE',  ( 0.000000000000000000, 0.000000000000000000, 1.000000000000000000 ) ) ;
#5793 = CARTESIAN_POINT ( 'NONE',  ( 3.850318311504757229, 4.618987865332744747, -6.000000000000000000 ) ) ;
#5794 = ORIENTED_EDGE ( 'NONE', *, *, #6258, .T. ) ;
#5795 = CARTESIAN_POINT ( 'NONE',  ( 7.046038848457468973, 5.613674068382324300, -6.000000000000000000 ) ) ;
#5796 = DIRECTION ( 'NONE',  ( -0.9510565162951577500, 0.3090169943749347392, 0.000000000000000000 ) ) ;
#5797 = VECTOR ( 'NONE', #6897, 1000.000000000000000 ) ;
#5798 = SHAPE_DEFINITION_REPRESENTATION ( #6073, #5118 ) ;
#5799 = CARTESIAN_POINT ( 'NONE',  ( -3.161575555892595091, 8.435901848906404155, 6.000000000000000000 ) ) ;
#5800 = AXIS2_PLACEMENT_3D ( 'NONE', #1136, #5364, #3505 ) ;
#5801 = ORIENTED_EDGE ( 'NONE', *, *, #2144, .F. ) ;
#5802 = DIRECTION ( 'NONE',  ( 0.3090169943749347392, 0.9510565162951576390, 0.000000000000000000 ) ) ;
#5803 = ORIENTED_EDGE ( 'NONE', *, *, #3160, .F. ) ;
#5804 = DIRECTION ( 'NONE',  ( -4.336808689942017736E-15, 1.000000000000000000, 0.000000000000000000 ) ) ;
#5805 = FACE_OUTER_BOUND ( 'NONE', #6145, .T. ) ;
#5806 = ORIENTED_EDGE ( 'NONE', *, *, #2770, .T. ) ;
#5807 = EDGE_CURVE ( 'NONE', #4457, #1873, #6419, .T. ) ;
#5808 = EDGE_LOOP ( 'NONE', ( #1051, #7806, #1651, #5290 ) ) ;
#5809 = DIRECTION ( 'NONE',  ( 0.000000000000000000, -0.000000000000000000, 1.000000000000000000 ) ) ;
#5810 = AXIS2_PLACEMENT_3D ( 'NONE', #3056, #7192, #3615 ) ;
#5811 = FACE_BOUND ( 'NONE', #1615, .T. ) ;
#5812 = CARTESIAN_POINT ( 'NONE',  ( -5.706339097770928070, 1.854101966249668720, 6.000000000000000000 ) ) ;
#5813 = AXIS2_PLACEMENT_3D ( 'NONE', #2341, #2416, #4 ) ;
#5814 = VERTEX_POINT ( 'NONE', #6461 ) ;
#5815 = CARTESIAN_POINT ( 'NONE',  ( 0.000000000000000000, 0.000000000000000000, 7.000000000000000000 ) ) ;
#5816 = EDGE_CURVE ( 'NONE', #7123, #3444, #1625, .T. ) ;
#5817 = CIRCLE ( 'NONE', #4415, 0.3999999999999998557 ) ;
#5818 = CARTESIAN_POINT ( 'NONE',  ( 0.4000000000000004108, 5.999999999999999112, -6.000000000000000000 ) ) ;
#5819 = FACE_OUTER_BOUND ( 'NONE', #1680, .T. ) ;
#5820 = ORIENTED_EDGE ( 'NONE', *, *, #5816, .T. ) ;
#5821 = DIRECTION ( 'NONE',  ( -0.000000000000000000, -0.000000000000000000, 1.000000000000000000 ) ) ;
#5822 = ORIENTED_EDGE ( 'NONE', *, *, #1952, .F. ) ;
#5823 = CARTESIAN_POINT ( 'NONE',  ( -7.681152949374500771, -5.290067270632293095, -6.000000000000000000 ) ) ;
#5824 = ADVANCED_FACE ( 'NONE', ( #7780 ), #4631, .F. ) ;
#5825 = AXIS2_PLACEMENT_3D ( 'NONE', #7488, #1270, #1864 ) ;
#5826 = VERTEX_POINT ( 'NONE', #4669 ) ;
#5827 = EDGE_CURVE ( 'NONE', #3539, #1984, #5691, .T. ) ;
#5828 = CIRCLE ( 'NONE', #1159, 0.4000000000000001332 ) ;
#5829 = ORIENTED_EDGE ( 'NONE', *, *, #178, .T. ) ;
#5830 = CARTESIAN_POINT ( 'NONE',  ( -5.690067270632216179, -7.281152949374556371, -6.000000000000000000 ) ) ;
#5831 = CARTESIAN_POINT ( 'NONE',  ( 7.281152949374462224, 5.290067270632348162, 6.000000000000000000 ) ) ;
#5832 = CARTESIAN_POINT ( 'NONE',  ( 3.526711513754774874, 4.854101966249730893, 7.000000000000000000 ) ) ;
#5833 = DIRECTION ( 'NONE',  ( -1.000000000000000000, 0.000000000000000000, 0.000000000000000000 ) ) ;
#5834 = ORIENTED_EDGE ( 'NONE', *, *, #7237, .F. ) ;
#5835 = AXIS2_PLACEMENT_3D ( 'NONE', #349, #7538, #4625 ) ;
#5836 = DIRECTION ( 'NONE',  ( -0.5877852522924656986, -0.8090169943749528914, 0.000000000000000000 ) ) ;
#5837 = LINE ( 'NONE', #4054, #4575 ) ;
#5838 = VERTEX_POINT ( 'NONE', #518 ) ;
#5839 = EDGE_CURVE ( 'NONE', #6940, #2937, #7023, .T. ) ;
#5840 = AXIS2_PLACEMENT_3D ( 'NONE', #3302, #6314, #299 ) ;
#5841 = VECTOR ( 'NONE', #4291, 1000.000000000000227 ) ;
#5842 = DIRECTION ( 'NONE',  ( -0.000000000000000000, -0.000000000000000000, 1.000000000000000000 ) ) ;
#5843 = ORIENTED_EDGE ( 'NONE', *, *, #899, .T. ) ;
#5844 = CARTESIAN_POINT ( 'NONE',  ( -2.781152949374533723, 8.559508646656381003, 7.000000000000000000 ) ) ;
#5845 = ORIENTED_EDGE ( 'NONE', *, *, #6748, .T. ) ;
#5846 = CIRCLE ( 'NONE', #4582, 0.4000000000000001332 ) ;
#5847 = DIRECTION ( 'NONE',  ( 1.000000000000000000, 3.672181700924050498E-15, 0.000000000000000000 ) ) ;
#5848 = CARTESIAN_POINT ( 'NONE',  ( 0.000000000000000000, -6.000000000000000000, -6.000000000000000000 ) ) ;
#5849 = VERTEX_POINT ( 'NONE', #2183 ) ;
#5850 = ORIENTED_EDGE ( 'NONE', *, *, #1167, .F. ) ;
#5851 = AXIS2_PLACEMENT_3D ( 'NONE', #1250, #2595, #4922 ) ;
#5852 = VECTOR ( 'NONE', #5724, 1000.000000000000000 ) ;
#5853 = CIRCLE ( 'NONE', #792, 0.3999999999999997446 ) ;
#5854 = ORIENTED_EDGE ( 'NONE', *, *, #4313, .T. ) ;
#5855 = CARTESIAN_POINT ( 'NONE',  ( 4.854101966249641187, 3.526711513754897886, -7.000000000000000000 ) ) ;
#5856 = DIRECTION ( 'NONE',  ( 0.000000000000000000, 0.000000000000000000, 1.000000000000000000 ) ) ;
#5857 = VECTOR ( 'NONE', #5635, 1000.000000000000000 ) ;
#5858 = ADVANCED_FACE ( 'NONE', ( #1075 ), #2928, .F. ) ;
#5859 = FACE_BOUND ( 'NONE', #7694, .T. ) ;
#5860 = LINE ( 'NONE', #440, #4024 ) ;
#5861 = ORIENTED_EDGE ( 'NONE', *, *, #6249, .F. ) ;
#5862 = VECTOR ( 'NONE', #7045, 1000.000000000000000 ) ;
#5863 = CIRCLE ( 'NONE', #669, 0.3999999999999997446 ) ;
#5864 = CARTESIAN_POINT ( 'NONE',  ( 4.854101966249718458, -3.526711513754792193, -7.000000000000000000 ) ) ;
#5865 = DIRECTION ( 'NONE',  ( -0.5877852522924684742, -0.8090169943749507819, 0.000000000000000000 ) ) ;
#5866 = EDGE_CURVE ( 'NONE', #3133, #2325, #6711, .T. ) ;
#5867 = VERTEX_POINT ( 'NONE', #3962 ) ;
#5868 = FACE_OUTER_BOUND ( 'NONE', #6184, .T. ) ;
#5869 = VERTEX_POINT ( 'NONE', #4113 ) ;
#5870 = CARTESIAN_POINT ( 'NONE',  ( 8.435901848906432576, -3.161575555892506273, 6.000000000000000000 ) ) ;
#5871 = ORIENTED_EDGE ( 'NONE', *, *, #2967, .F. ) ;
#5872 = ADVANCED_FACE ( 'NONE', ( #1589 ), #5299, .T. ) ;
#5873 = ORIENTED_EDGE ( 'NONE', *, *, #154, .F. ) ;
#5874 = DIRECTION ( 'NONE',  ( 0.000000000000000000, 0.000000000000000000, 1.000000000000000000 ) ) ;
#5875 = DIRECTION ( 'NONE',  ( 0.000000000000000000, -0.000000000000000000, -1.000000000000000000 ) ) ;
#5876 = ADVANCED_FACE ( 'NONE', ( #4594 ), #6542, .F. ) ;
#5877 = DIRECTION ( 'NONE',  ( 1.000000000000000000, 0.000000000000000000, 0.000000000000000000 ) ) ;
#5878 = CARTESIAN_POINT ( 'NONE',  ( -8.559508646656370345, -2.781152949374564809, 6.000000000000000000 ) ) ;
#5879 = ORIENTED_EDGE ( 'NONE', *, *, #817, .T. ) ;
#5880 = LINE ( 'NONE', #6433, #2315 ) ;
#5881 = CARTESIAN_POINT ( 'NONE',  ( -3.203104716004831154, -5.089216067166691282, -6.000000000000000000 ) ) ;
#5882 = ORIENTED_EDGE ( 'NONE', *, *, #4271, .F. ) ;
#5883 = CALENDAR_DATE ( 2025, 8, 12 ) ;
#5884 = DIRECTION ( 'NONE',  ( -0.000000000000000000, -0.000000000000000000, 1.000000000000000000 ) ) ;
#5885 = ADVANCED_FACE ( 'NONE', ( #990 ), #3404, .T. ) ;
#5886 = CYLINDRICAL_SURFACE ( 'NONE', #4785, 0.4000000000000001887 ) ;
#5887 = VECTOR ( 'NONE', #2058, 1000.000000000000000 ) ;
#5888 = EDGE_LOOP ( 'NONE', ( #2486, #2487, #1066, #7121, #5254 ) ) ;
#5889 = EDGE_CURVE ( 'NONE', #3202, #7013, #6381, .T. ) ;
#5890 = CARTESIAN_POINT ( 'NONE',  ( 3.526711513754881455, -4.854101966249653621, 6.000000000000000000 ) ) ;
#5891 = DIRECTION ( 'NONE',  ( 0.000000000000000000, -0.000000000000000000, -1.000000000000000000 ) ) ;
#5892 = VERTEX_POINT ( 'NONE', #1668 ) ;
#5893 = ORIENTED_EDGE ( 'NONE', *, *, #5630, .F. ) ;
#5894 = FACE_OUTER_BOUND ( 'NONE', #6775, .T. ) ;
#5895 = DIRECTION ( 'NONE',  ( 1.000000000000000000, 0.000000000000000000, -0.000000000000000000 ) ) ;
#5896 = LINE ( 'NONE', #4742, #2551 ) ;
#5897 = DIRECTION ( 'NONE',  ( 0.3090169943749446757, 0.9510565162951544194, 0.000000000000000000 ) ) ;
#5898 = EDGE_LOOP ( 'NONE', ( #1991, #4194, #6287, #759 ) ) ;
#5899 = DIRECTION ( 'NONE',  ( 0.3090169943749381254, 0.9510565162951566398, 0.000000000000000000 ) ) ;
#5900 = ORIENTED_EDGE ( 'NONE', *, *, #6846, .F. ) ;
#5901 = DIRECTION ( 'NONE',  ( -0.9510565162951556406, 0.3090169943749408454, 0.000000000000000000 ) ) ;
#5902 = ORIENTED_EDGE ( 'NONE', *, *, #7650, .T. ) ;
#5903 = FACE_OUTER_BOUND ( 'NONE', #3317, .T. ) ;
#5904 = ORIENTED_EDGE ( 'NONE', *, *, #3685, .F. ) ;
#5905 = ADVANCED_FACE ( 'NONE', ( #5819 ), #951, .F. ) ;
#5906 = LINE ( 'NONE', #7109, #2196 ) ;
#5907 = DIRECTION ( 'NONE',  ( 0.8090169943749463410, 0.5877852522924744694, 0.000000000000000000 ) ) ;
#5908 = VECTOR ( 'NONE', #1317, 999.9999999999998863 ) ;
#5909 = CARTESIAN_POINT ( 'NONE',  ( 3.850318311504757229, 4.618987865332744747, 6.000000000000000000 ) ) ;
#5910 = LINE ( 'NONE', #487, #1771 ) ;
#5911 = EDGE_LOOP ( 'NONE', ( #1268, #6302, #4747, #7607 ) ) ;
#5912 = DIRECTION ( 'NONE',  ( 0.9510565162951499785, 0.3090169943749583314, 0.000000000000000000 ) ) ;
#5913 = DIRECTION ( 'NONE',  ( -0.8090169943749511150, 0.5877852522924682521, 0.000000000000000000 ) ) ;
#5914 = ORIENTED_EDGE ( 'NONE', *, *, #6702, .F. ) ;
#5915 = EDGE_CURVE ( 'NONE', #6472, #3635, #2787, .T. ) ;
#5916 = ADVANCED_FACE ( 'NONE', ( #7662 ), #4078, .T. ) ;
#5917 = CARTESIAN_POINT ( 'NONE',  ( 2.781152949374413819, 8.559508646656418307, -7.000000000000000000 ) ) ;
#5918 = LINE ( 'NONE', #7163, #1508 ) ;
#5919 = AXIS2_PLACEMENT_3D ( 'NONE', #1115, #3525, #5943 ) ;
#5920 = EDGE_LOOP ( 'NONE', ( #7287, #1951, #698, #364 ) ) ;
#5921 = FACE_OUTER_BOUND ( 'NONE', #6229, .T. ) ;
#5922 = DIRECTION ( 'NONE',  ( -1.000000000000000000, 0.000000000000000000, 0.000000000000000000 ) ) ;
#5923 = ORIENTED_EDGE ( 'NONE', *, *, #1460, .T. ) ;
#5924 = EDGE_CURVE ( 'NONE', #1750, #6215, #4287, .T. ) ;
#5925 = EDGE_CURVE ( 'NONE', #3490, #141, #758, .T. ) ;
#5926 = VECTOR ( 'NONE', #789, 1000.000000000000000 ) ;
#5927 = AXIS2_PLACEMENT_3D ( 'NONE', #348, #1023, #1581 ) ;
#5928 = DIRECTION ( 'NONE',  ( 0.5877852522924684742, 0.8090169943749507819, 0.000000000000000000 ) ) ;
#5929 = CYLINDRICAL_SURFACE ( 'NONE', #6593, 0.3999999999999997446 ) ;
#5930 = ORIENTED_EDGE ( 'NONE', *, *, #2969, .F. ) ;
#5931 = DIRECTION ( 'NONE',  ( 0.5877852522924832401, -0.8090169943749400128, 0.000000000000000000 ) ) ;
#5932 = CARTESIAN_POINT ( 'NONE',  ( -8.683115444406352523, -2.400730342856503885, -6.000000000000000000 ) ) ;
#5933 = DIRECTION ( 'NONE',  ( 0.000000000000000000, 1.000000000000000000, 0.000000000000000000 ) ) ;
#5934 = LINE ( 'NONE', #1072, #4525 ) ;
#5935 = CIRCLE ( 'NONE', #2766, 0.3999999999999999112 ) ;
#5936 = VERTEX_POINT ( 'NONE', #3636 ) ;
#5937 = VECTOR ( 'NONE', #4766, 1000.000000000000000 ) ;
#5938 = EDGE_CURVE ( 'NONE', #2423, #652, #4545, .T. ) ;
#5939 = CIRCLE ( 'NONE', #4918, 0.4000000000000001887 ) ;
#5940 = DIRECTION ( 'NONE',  ( -0.8090169943749507819, 0.5877852522924684742, 0.000000000000000000 ) ) ;
#5941 = VERTEX_POINT ( 'NONE', #594 ) ;
#5942 = DIRECTION ( 'NONE',  ( 0.3090169943749409565, 0.9510565162951556406, 0.000000000000000000 ) ) ;
#5943 = DIRECTION ( 'NONE',  ( 0.8090169943749465631, 0.5877852522924742473, 0.000000000000000000 ) ) ;
#5944 = VERTEX_POINT ( 'NONE', #705 ) ;
#5945 = DIRECTION ( 'NONE',  ( 0.000000000000000000, -0.000000000000000000, -1.000000000000000000 ) ) ;
#5946 = VERTEX_POINT ( 'NONE', #5497 ) ;
#5947 = VECTOR ( 'NONE', #3566, 1000.000000000000000 ) ;
#5948 = CARTESIAN_POINT ( 'NONE',  ( 5.290067270632322405, -7.281152949374479100, 6.000000000000000000 ) ) ;
#5949 = CARTESIAN_POINT ( 'NONE',  ( 4.854101966249718458, -3.526711513754792193, -6.000000000000000000 ) ) ;
#5950 = DIRECTION ( 'NONE',  ( 0.000000000000000000, -0.000000000000000000, 1.000000000000000000 ) ) ;
#5951 = DIRECTION ( 'NONE',  ( -1.000000000000000000, 0.000000000000000000, 0.000000000000000000 ) ) ;
#5952 = AXIS2_PLACEMENT_3D ( 'NONE', #4239, #1158, #4790 ) ;
#5953 = EDGE_CURVE ( 'NONE', #685, #7024, #4151, .T. ) ;
#5954 = ORIENTED_EDGE ( 'NONE', *, *, #5181, .F. ) ;
#5955 = LINE ( 'NONE', #533, #3042 ) ;
#5956 = CARTESIAN_POINT ( 'NONE',  ( -5.089216067166679736, 3.203104716004848918, 6.000000000000000000 ) ) ;
#5957 = VERTEX_POINT ( 'NONE', #4897 ) ;
#5958 = CIRCLE ( 'NONE', #7742, 0.3999999999999999112 ) ;
#5959 = DIRECTION ( 'NONE',  ( -0.000000000000000000, 0.000000000000000000, 1.000000000000000000 ) ) ;
#5960 = AXIS2_PLACEMENT_3D ( 'NONE', #3956, #6375, #2809 ) ;
#5961 = CARTESIAN_POINT ( 'NONE',  ( -6.000000000000000888, 0.3999999999999794831, 7.000000000000000000 ) ) ;
#5962 = EDGE_CURVE ( 'NONE', #1733, #7020, #561, .T. ) ;
#5963 = ORIENTED_EDGE ( 'NONE', *, *, #3561, .T. ) ;
#5964 = CARTESIAN_POINT ( 'NONE',  ( -5.089216067166679736, 3.203104716004849362, -7.000000000000000000 ) ) ;
#5965 = CYLINDRICAL_SURFACE ( 'NONE', #907, 0.4000000000000001887 ) ;
#5966 = EDGE_LOOP ( 'NONE', ( #2451, #586, #2236, #947 ) ) ;
#5967 = AXIS2_PLACEMENT_3D ( 'NONE', #3517, #5933, #4227 ) ;
#5968 = LINE ( 'NONE', #584, #2259 ) ;
#5969 = DIRECTION ( 'NONE',  ( -1.000000000000000000, 0.000000000000000000, 0.000000000000000000 ) ) ;
#5970 = AXIS2_PLACEMENT_3D ( 'NONE', #2790, #377, #4012 ) ;
#5971 = ORIENTED_EDGE ( 'NONE', *, *, #4960, .F. ) ;
#5972 = ADVANCED_FACE ( 'NONE', ( #5531 ), #7219, .F. ) ;
#5973 = DIRECTION ( 'NONE',  ( 0.8090169943749465631, 0.5877852522924742473, 0.000000000000000000 ) ) ;
#5974 = DIRECTION ( 'NONE',  ( 0.000000000000000000, 0.000000000000000000, 1.000000000000000000 ) ) ;
#5975 = EDGE_CURVE ( 'NONE', #7700, #4130, #5435, .T. ) ;
#5976 = DIRECTION ( 'NONE',  ( -0.000000000000000000, -0.000000000000000000, -1.000000000000000000 ) ) ;
#5977 = DIRECTION ( 'NONE',  ( -4.336808689942017736E-15, 1.000000000000000000, 0.000000000000000000 ) ) ;
#5978 = CIRCLE ( 'NONE', #3574, 0.3999999999999998002 ) ;
#5979 = VECTOR ( 'NONE', #202, 1000.000000000000000 ) ;
#5980 = VERTEX_POINT ( 'NONE', #46 ) ;
#5981 = AXIS2_PLACEMENT_3D ( 'NONE', #3098, #1949, #6789 ) ;
#5982 = CIRCLE ( 'NONE', #6876, 0.4000000000000002442 ) ;
#5983 = DIRECTION ( 'NONE',  ( 0.000000000000000000, 0.000000000000000000, 1.000000000000000000 ) ) ;
#5984 = EDGE_CURVE ( 'NONE', #6369, #1610, #1305, .T. ) ;
#5985 = EDGE_LOOP ( 'NONE', ( #3605, #3620, #121, #7251, #4023 ) ) ;
#5986 = LINE ( 'NONE', #6057, #771 ) ;
#5988 = CIRCLE ( 'NONE', #2804, 0.4000000000000001332 ) ;
#5987 = CYLINDRICAL_SURFACE ( 'NONE', #7321, 0.4000000000000001887 ) ;
#5989 = VERTEX_POINT ( 'NONE', #4232 ) ;
#5990 = EDGE_CURVE ( 'NONE', #7322, #4144, #4784, .T. ) ;
#5991 = CARTESIAN_POINT ( 'NONE',  ( 0.4000000000000001332, -9.000000000000001776, 6.000000000000000000 ) ) ;
#5992 = ORIENTED_EDGE ( 'NONE', *, *, #6015, .T. ) ;
#5993 = AXIS2_PLACEMENT_3D ( 'NONE', #451, #3970, #7633 ) ;
#5994 = DIRECTION ( 'NONE',  ( 0.3090169943749451198, 0.9510565162951544194, 0.000000000000000000 ) ) ;
#5995 = DIRECTION ( 'NONE',  ( -1.000000000000000000, 0.000000000000000000, 0.000000000000000000 ) ) ;
#5996 = CARTESIAN_POINT ( 'NONE',  ( -3.850318311504791868, -4.618987865332716325, -6.000000000000000000 ) ) ;
#5997 = LINE ( 'NONE', #2392, #3410 ) ;
#5998 = ORIENTED_EDGE ( 'NONE', *, *, #5043, .F. ) ;
#5999 = DIRECTION ( 'NONE',  ( 0.9510565162951576390, -0.3090169943749346282, 0.000000000000000000 ) ) ;
#6000 = VERTEX_POINT ( 'NONE', #1228 ) ;
#6001 = CARTESIAN_POINT ( 'NONE',  ( -8.435901848906391720, -3.161575555892626177, 6.000000000000000000 ) ) ;
#6002 = CARTESIAN_POINT ( 'NONE',  ( 6.000000000000003553, -0.3999999999999375722, 6.000000000000000000 ) ) ;
#6003 = EDGE_LOOP ( 'NONE', ( #4692, #7200, #5362, #4005 ) ) ;
#6004 = CYLINDRICAL_SURFACE ( 'NONE', #6733, 0.3999999999999999667 ) ;
#6005 = LINE ( 'NONE', #545, #5710 ) ;
#6006 = VERTEX_POINT ( 'NONE', #4193 ) ;
#6007 = ADVANCED_FACE ( 'NONE', ( #1785 ), #6693, .F. ) ;
#6008 = CARTESIAN_POINT ( 'NONE',  ( 25.00000000000001066, 54.00000000000000711, 24.50000000000000000 ) ) ;
#6009 = CYLINDRICAL_SURFACE ( 'NONE', #3552, 0.4000000000000001887 ) ;
#6010 = ORIENTED_EDGE ( 'NONE', *, *, #1195, .F. ) ;
#6011 = CARTESIAN_POINT ( 'NONE',  ( 2.781152949374594563, -8.559508646656361464, 7.000000000000000000 ) ) ;
#6012 = CARTESIAN_POINT ( 'NONE',  ( 5.999999999999994671, 0.4000000000000624167, 7.000000000000000000 ) ) ;
#6013 = LINE ( 'NONE', #5410, #1816 ) ;
#6014 = EDGE_LOOP ( 'NONE', ( #7108, #3735, #1858, #4863 ) ) ;
#6015 = EDGE_CURVE ( 'NONE', #5339, #5826, #6582, .T. ) ;
#6016 = EDGE_CURVE ( 'NONE', #7000, #1807, #4924, .T. ) ;
#6017 = EDGE_CURVE ( 'NONE', #7337, #4579, #2459, .T. ) ;
#6018 = ORIENTED_EDGE ( 'NONE', *, *, #3773, .F. ) ;
#6019 = CARTESIAN_POINT ( 'NONE',  ( -4.618987865332703002, 3.850318311504807856, 7.000000000000000000 ) ) ;
#6020 = EDGE_LOOP ( 'NONE', ( #2505, #7704, #1427, #3360, #2226 ) ) ;
#6021 = CARTESIAN_POINT ( 'NONE',  ( -5.290067270632270002, 7.281152949374520844, 7.000000000000000000 ) ) ;
#6022 = DIRECTION ( 'NONE',  ( 0.000000000000000000, 0.000000000000000000, 1.000000000000000000 ) ) ;
#6023 = ORIENTED_EDGE ( 'NONE', *, *, #6650, .T. ) ;
#6024 = DIRECTION ( 'NONE',  ( 0.000000000000000000, 0.000000000000000000, 1.000000000000000000 ) ) ;
#6025 = VERTEX_POINT ( 'NONE', #2970 ) ;
#6026 = EDGE_CURVE ( 'NONE', #2279, #3335, #7296, .T. ) ;
#6027 = LINE ( 'NONE', #53, #6752 ) ;
#6028 = CARTESIAN_POINT ( 'NONE',  ( 3.850318311504857594, -4.618987865332661258, -6.000000000000000000 ) ) ;
#6029 = DIRECTION ( 'NONE',  ( 0.000000000000000000, 0.000000000000000000, 1.000000000000000000 ) ) ;
#6030 = DIRECTION ( 'NONE',  ( 0.000000000000000000, 0.000000000000000000, 1.000000000000000000 ) ) ;
#6031 = EDGE_LOOP ( 'NONE', ( #6850, #1001, #1343, #1081, #5349 ) ) ;
#6032 = PLANE ( 'NONE',  #6489 ) ;
#6033 = ORIENTED_EDGE ( 'NONE', *, *, #2958, .F. ) ;
#6034 = EDGE_CURVE ( 'NONE', #2511, #5126, #6969, .T. ) ;
#6035 = DIRECTION ( 'NONE',  ( -0.000000000000000000, -0.000000000000000000, -1.000000000000000000 ) ) ;
#6036 = DIRECTION ( 'NONE',  ( 0.000000000000000000, 0.000000000000000000, -1.000000000000000000 ) ) ;
#6037 = VECTOR ( 'NONE', #7747, 1000.000000000000000 ) ;
#6038 = VERTEX_POINT ( 'NONE', #671 ) ;
#6039 = LINE ( 'NONE', #1958, #4835 ) ;
#6040 = LINE ( 'NONE', #619, #4832 ) ;
#6041 = DIRECTION ( 'NONE',  ( 1.807003620809173892E-16, -1.000000000000000000, 0.000000000000000000 ) ) ;
#6042 = AXIS2_PLACEMENT_3D ( 'NONE', #1447, #6273, #841 ) ;
#6043 = CARTESIAN_POINT ( 'NONE',  ( 3.850318311504757229, 4.618987865332744747, 6.000000000000000000 ) ) ;
#6044 = ORIENTED_EDGE ( 'NONE', *, *, #4660, .F. ) ;
#6045 = DIRECTION ( 'NONE',  ( -0.8090169943749419001, -0.5877852522924807976, 0.000000000000000000 ) ) ;
#6046 = DIRECTION ( 'NONE',  ( 1.065514437861031800E-14, -1.000000000000000000, 0.000000000000000000 ) ) ;
#6047 = DIRECTION ( 'NONE',  ( 0.000000000000000000, 0.000000000000000000, 1.000000000000000000 ) ) ;
#6048 = ADVANCED_FACE ( 'NONE', ( #2488 ), #7332, .F. ) ;
#6049 = ORIENTED_EDGE ( 'NONE', *, *, #2483, .F. ) ;
#6050 = VECTOR ( 'NONE', #2404, 1000.000000000000000 ) ;
#6051 = VECTOR ( 'NONE', #470, 999.9999999999998863 ) ;
#6052 = ORIENTED_EDGE ( 'NONE', *, *, #405, .T. ) ;
#6053 = CARTESIAN_POINT ( 'NONE',  ( -2.781152949374469774, -8.559508646656400543, -7.000000000000000000 ) ) ;
#6054 = CIRCLE ( 'NONE', #6820, 0.3999999999999997446 ) ;
#6055 = VECTOR ( 'NONE', #3736, 1000.000000000000114 ) ;
#6056 = ORIENTED_EDGE ( 'NONE', *, *, #1040, .T. ) ;
#6057 = CARTESIAN_POINT ( 'NONE',  ( 4.618987865332647047, 3.850318311504873137, 6.000000000000000000 ) ) ;
#6058 = CARTESIAN_POINT ( 'NONE',  ( -5.290067270632270002, 7.281152949374520844, -6.000000000000000000 ) ) ;
#6059 = EDGE_CURVE ( 'NONE', #2666, #1871, #3837, .T. ) ;
#6060 = VERTEX_POINT ( 'NONE', #785 ) ;
#6061 = DIRECTION ( 'NONE',  ( -0.9510565162951555296, 0.3090169943749411785, 0.000000000000000000 ) ) ;
#6062 = ORIENTED_EDGE ( 'NONE', *, *, #272, .T. ) ;
#6063 = DIRECTION ( 'NONE',  ( -1.000000000000000000, 0.000000000000000000, 0.000000000000000000 ) ) ;
#6064 = DIRECTION ( 'NONE',  ( -0.5877852522924769119, 0.8090169943749446757, 0.000000000000000000 ) ) ;
#6065 = LINE ( 'NONE', #89, #7168 ) ;
#6066 = DIRECTION ( 'NONE',  ( -0.9510565162951514218, -0.3090169943749541126, 0.000000000000000000 ) ) ;
#6067 = ADVANCED_FACE ( 'NONE', ( #6210 ), #158, .F. ) ;
#6068 = EDGE_CURVE ( 'NONE', #4632, #6298, #3791, .T. ) ;
#6069 = VERTEX_POINT ( 'NONE', #6328 ) ;
#6070 = DIRECTION ( 'NONE',  ( 0.8090169943749402348, 0.5877852522924831291, 0.000000000000000000 ) ) ;
#6071 = AXIS2_PLACEMENT_3D ( 'NONE', #5780, #7141, #7621 ) ;
#6072 = ORIENTED_EDGE ( 'NONE', *, *, #1132, .T. ) ;
#6073 = PRODUCT_DEFINITION_SHAPE ( 'NONE', 'NONE',  #6189 ) ;
#6074 = DIRECTION ( 'NONE',  ( 0.9510565162951576390, -0.3090169943749346282, 0.000000000000000000 ) ) ;
#6075 = CARTESIAN_POINT ( 'NONE',  ( 1.854101966249729561, -5.706339097770907642, -7.000000000000000000 ) ) ;
#6076 = EDGE_CURVE ( 'NONE', #6169, #434, #4936, .T. ) ;
#6077 = ORIENTED_EDGE ( 'NONE', *, *, #368, .T. ) ;
#6078 = FACE_OUTER_BOUND ( 'NONE', #6111, .T. ) ;
#6079 = DIRECTION ( 'NONE',  ( -0.000000000000000000, -0.000000000000000000, 1.000000000000000000 ) ) ;
#6080 = VECTOR ( 'NONE', #414, 1000.000000000000000 ) ;
#6081 = AXIS2_PLACEMENT_3D ( 'NONE', #4166, #7036, #7115 ) ;
#6082 = FACE_OUTER_BOUND ( 'NONE', #1915, .T. ) ;
#6083 = EDGE_LOOP ( 'NONE', ( #4634, #252 ) ) ;
#6084 = CARTESIAN_POINT ( 'NONE',  ( 5.999999999999994671, 0.4000000000000624167, 6.000000000000000000 ) ) ;
#6085 = DIRECTION ( 'NONE',  ( -1.000000000000000000, 0.000000000000000000, 0.000000000000000000 ) ) ;
#6086 = LINE ( 'NONE', #5527, #2949 ) ;
#6087 = EDGE_LOOP ( 'NONE', ( #1397, #3188, #895, #2222 ) ) ;
#6088 = VECTOR ( 'NONE', #7264, 1000.000000000000114 ) ;
#6089 = EDGE_CURVE ( 'NONE', #1026, #2586, #274, .T. ) ;
#6090 = ORIENTED_EDGE ( 'NONE', *, *, #6987, .T. ) ;
#6091 = VECTOR ( 'NONE', #4577, 999.9999999999998863 ) ;
#6092 = DIRECTION ( 'NONE',  ( -0.8090169943749419001, -0.5877852522924807976, 0.000000000000000000 ) ) ;
#6093 = VECTOR ( 'NONE', #7021, 1000.000000000000000 ) ;
#6094 = ORIENTED_EDGE ( 'NONE', *, *, #2722, .T. ) ;
#6095 = DIRECTION ( 'NONE',  ( 0.8090169943749487835, -0.5877852522924712497, 0.000000000000000000 ) ) ;
#6096 = DIRECTION ( 'NONE',  ( 0.000000000000000000, 0.000000000000000000, 1.000000000000000000 ) ) ;
#6097 = ORIENTED_EDGE ( 'NONE', *, *, #166, .F. ) ;
#6098 = DIRECTION ( 'NONE',  ( -0.3090169943749386250, -0.9510565162951564178, 0.000000000000000000 ) ) ;
#6099 = CIRCLE ( 'NONE', #4445, 0.4000000000000001332 ) ;
#6100 = FACE_BOUND ( 'NONE', #4492, .T. ) ;
#6101 = CIRCLE ( 'NONE', #6619, 0.4000000000000001887 ) ;
#6102 = AXIS2_PLACEMENT_3D ( 'NONE', #3810, #6231, #5071 ) ;
#6103 = EDGE_CURVE ( 'NONE', #2866, #6319, #388, .T. ) ;
#6104 = CARTESIAN_POINT ( 'NONE',  ( -2.781152949374533723, 8.559508646656381003, 6.000000000000000000 ) ) ;
#6105 = LINE ( 'NONE', #7230, #2919 ) ;
#6106 = DIRECTION ( 'NONE',  ( -0.5877852522924656986, -0.8090169943749528914, 0.000000000000000000 ) ) ;
#6107 = LINE ( 'NONE', #3017, #6831 ) ;
#6108 = VECTOR ( 'NONE', #6473, 1000.000000000000000 ) ;
#6109 = VERTEX_POINT ( 'NONE', #4416 ) ;
#6110 = CARTESIAN_POINT ( 'NONE',  ( -3.181152949374533634, 8.559508646656381003, -7.000000000000000000 ) ) ;
#6111 = EDGE_LOOP ( 'NONE', ( #4673, #2861, #7405, #7655 ) ) ;
#6112 = EDGE_CURVE ( 'NONE', #5557, #5838, #5655, .T. ) ;
#6113 = VECTOR ( 'NONE', #7460, 1000.000000000000000 ) ;
#6114 = EDGE_CURVE ( 'NONE', #2695, #3635, #7451, .T. ) ;
#6115 = DIRECTION ( 'NONE',  ( 0.5877852522924712497, 0.8090169943749487835, -0.000000000000000000 ) ) ;
#6116 = VERTEX_POINT ( 'NONE', #115 ) ;
#6117 = CARTESIAN_POINT ( 'NONE',  ( 3.181152949374413730, 8.559508646656418307, 7.000000000000000000 ) ) ;
#6118 = EDGE_LOOP ( 'NONE', ( #1105, #5165, #467, #1377 ) ) ;
#6119 = DIRECTION ( 'NONE',  ( -1.000000000000000000, 0.000000000000000000, 0.000000000000000000 ) ) ;
#6120 = DIRECTION ( 'NONE',  ( -0.000000000000000000, -0.000000000000000000, 1.000000000000000000 ) ) ;
#6121 = ADVANCED_FACE ( 'NONE', ( #2530 ), #1935, .F. ) ;
#6122 = CARTESIAN_POINT ( 'NONE',  ( 3.850318311504857594, -4.618987865332661258, -6.000000000000000000 ) ) ;
#6123 = AXIS2_PLACEMENT_3D ( 'NONE', #4701, #2995, #7134 ) ;
#6124 = EDGE_CURVE ( 'NONE', #6341, #5490, #1507, .T. ) ;
#6125 = ORIENTED_EDGE ( 'NONE', *, *, #2968, .T. ) ;
#6126 = CARTESIAN_POINT ( 'NONE',  ( 5.613674068382143112, 7.046038848457611081, 6.000000000000000000 ) ) ;
#6127 = CARTESIAN_POINT ( 'NONE',  ( 1.473679359731546956, 5.829945895520919130, -6.000000000000000000 ) ) ;
#6128 = LINE ( 'NONE', #1338, #407 ) ;
#6129 = EDGE_LOOP ( 'NONE', ( #3812, #5788, #4074, #5640 ) ) ;
#6130 = VERTEX_POINT ( 'NONE', #2607 ) ;
#6131 = CARTESIAN_POINT ( 'NONE',  ( -3.203104716004831154, -5.089216067166691282, 6.000000000000000000 ) ) ;
#6132 = ORIENTED_EDGE ( 'NONE', *, *, #3100, .F. ) ;
#6133 = CARTESIAN_POINT ( 'NONE',  ( 5.706339097770900537, 1.854101966249749323, -7.000000000000000000 ) ) ;
#6134 = DIRECTION ( 'NONE',  ( -0.000000000000000000, -0.000000000000000000, -1.000000000000000000 ) ) ;
#6135 = EDGE_LOOP ( 'NONE', ( #879, #5305, #5744, #1446 ) ) ;
#6136 = CYLINDRICAL_SURFACE ( 'NONE', #909, 0.3999999999999993006 ) ;
#6137 = PLANE ( 'NONE',  #5825 ) ;
#6138 = CARTESIAN_POINT ( 'NONE',  ( -1.854101966249646960, -5.706339097770934288, -6.000000000000000000 ) ) ;
#6139 = CARTESIAN_POINT ( 'NONE',  ( 0.000000000000000000, 54.00000000000000711, 0.000000000000000000 ) ) ;
#6140 = PLANE ( 'NONE',  #6911 ) ;
#6141 = DIRECTION ( 'NONE',  ( -0.000000000000000000, 0.000000000000000000, 1.000000000000000000 ) ) ;
#6142 = VERTEX_POINT ( 'NONE', #232 ) ;
#6143 = DIRECTION ( 'NONE',  ( -0.9510565162951549745, 0.3090169943749427883, 0.000000000000000000 ) ) ;
#6144 = ORIENTED_EDGE ( 'NONE', *, *, #724, .T. ) ;
#6145 = EDGE_LOOP ( 'NONE', ( #244, #448, #1641, #5512 ) ) ;
#6146 = EDGE_CURVE ( 'NONE', #3857, #7480, #2138, .T. ) ;
#6147 = CARTESIAN_POINT ( 'NONE',  ( 4.618987865332647047, 3.850318311504873137, -6.000000000000000000 ) ) ;
#6148 = ORIENTED_EDGE ( 'NONE', *, *, #6112, .T. ) ;
#6149 = DIRECTION ( 'NONE',  ( -0.000000000000000000, -0.000000000000000000, -1.000000000000000000 ) ) ;
#6150 = ORIENTED_EDGE ( 'NONE', *, *, #3304, .F. ) ;
#6151 = PLANE ( 'NONE',  #4201 ) ;
#6152 = CARTESIAN_POINT ( 'NONE',  ( -3.850318311504823843, 4.618987865332690568, 7.000000000000000000 ) ) ;
#6153 = EDGE_CURVE ( 'NONE', #4825, #4168, #7493, .T. ) ;
#6154 = EDGE_CURVE ( 'NONE', #2779, #4896, #1369, .T. ) ;
#6155 = PLANE ( 'NONE',  #5541 ) ;
#6156 = CARTESIAN_POINT ( 'NONE',  ( 8.959508646656406228, -2.781152949374444017, 7.000000000000000000 ) ) ;
#6157 = ORIENTED_EDGE ( 'NONE', *, *, #2870, .T. ) ;
#6158 = DIRECTION ( 'NONE',  ( 0.000000000000000000, 0.000000000000000000, 1.000000000000000000 ) ) ;
#6159 = VECTOR ( 'NONE', #6299, 999.9999999999998863 ) ;
#6160 = VECTOR ( 'NONE', #4185, 1000.000000000000000 ) ;
#6161 = DIRECTION ( 'NONE',  ( -0.000000000000000000, 0.000000000000000000, 1.000000000000000000 ) ) ;
#6162 = DIRECTION ( 'NONE',  ( -0.9510565162951544194, 0.3090169943749445092, 0.000000000000000000 ) ) ;
#6163 = ADVANCED_FACE ( 'NONE', ( #743 ), #3873, .T. ) ;
#6164 = ADVANCED_FACE ( 'NONE', ( #5694 ), #5097, .T. ) ;
#6165 = EDGE_LOOP ( 'NONE', ( #1800, #5794, #6891, #4560 ) ) ;
#6166 = VECTOR ( 'NONE', #3856, 1000.000000000000000 ) ;
#6167 = EDGE_LOOP ( 'NONE', ( #4229, #7193, #4828, #7372 ) ) ;
#6168 = DIRECTION ( 'NONE',  ( 0.000000000000000000, 0.000000000000000000, 1.000000000000000000 ) ) ;
#6169 = VERTEX_POINT ( 'NONE', #1500 ) ;
#6170 = LINE ( 'NONE', #746, #6334 ) ;
#6171 = DIRECTION ( 'NONE',  ( 0.9510565162951533091, 0.3090169943749481174, 0.000000000000000000 ) ) ;
#6172 = VECTOR ( 'NONE', #3441, 1000.000000000000114 ) ;
#6173 = ORIENTED_EDGE ( 'NONE', *, *, #5770, .T. ) ;
#6174 = CARTESIAN_POINT ( 'NONE',  ( 5.999999999999994671, 0.4000000000000624167, -6.000000000000000000 ) ) ;
#6175 = LOCAL_TIME ( 19, 19, 38.00000000000000000, #7599 ) ;
#6176 = AXIS2_PLACEMENT_3D ( 'NONE', #4702, #6374, #5736 ) ;
#6177 = DIRECTION ( 'NONE',  ( 0.000000000000000000, -0.000000000000000000, -1.000000000000000000 ) ) ;
#6178 = CARTESIAN_POINT ( 'NONE',  ( -3.203104716004831154, -5.089216067166691282, 6.000000000000000000 ) ) ;
#6179 = DIRECTION ( 'NONE',  ( -1.807003620809173892E-16, 1.000000000000000000, 0.000000000000000000 ) ) ;
#6180 = FACE_OUTER_BOUND ( 'NONE', #5263, .T. ) ;
#6181 = VERTEX_POINT ( 'NONE', #2807 ) ;
#6182 = DIRECTION ( 'NONE',  ( -0.000000000000000000, -0.000000000000000000, 1.000000000000000000 ) ) ;
#6183 = ORIENTED_EDGE ( 'NONE', *, *, #5720, .T. ) ;
#6184 = EDGE_LOOP ( 'NONE', ( #3087, #7831, #5150, #1223 ) ) ;
#6185 = AXIS2_PLACEMENT_3D ( 'NONE', #851, #5685, #2676 ) ;
#6186 = DIRECTION ( 'NONE',  ( -0.3090169943749482839, 0.9510565162951533091, 0.000000000000000000 ) ) ;
#6187 = DIRECTION ( 'NONE',  ( 0.000000000000000000, -1.000000000000000000, 0.000000000000000000 ) ) ;
#6188 = VECTOR ( 'NONE', #4051, 1000.000000000000000 ) ;
#6189 = PRODUCT_DEFINITION ( '�', '', #2007, #6932 ) ;
#6190 = ORIENTED_EDGE ( 'NONE', *, *, #2495, .F. ) ;
#6191 = CARTESIAN_POINT ( 'NONE',  ( 7.046038848457468973, 5.613674068382324300, 7.000000000000000000 ) ) ;
#6192 = ORIENTED_EDGE ( 'NONE', *, *, #5285, .F. ) ;
#6193 = LINE ( 'NONE', #3623, #7638 ) ;
#6194 = CARTESIAN_POINT ( 'NONE',  ( -8.559508646656370345, -2.781152949374564809, -7.000000000000000000 ) ) ;
#6195 = AXIS2_PLACEMENT_3D ( 'NONE', #6262, #2615, #7461 ) ;
#6196 = DIRECTION ( 'NONE',  ( -0.000000000000000000, -0.000000000000000000, 1.000000000000000000 ) ) ;
#6197 = FACE_OUTER_BOUND ( 'NONE', #93, .T. ) ;
#6198 = ADVANCED_FACE ( 'NONE', ( #5131 ), #7570, .F. ) ;
#6199 = ORIENTED_EDGE ( 'NONE', *, *, #3204, .T. ) ;
#6200 = DIRECTION ( 'NONE',  ( -0.000000000000000000, -0.000000000000000000, 1.000000000000000000 ) ) ;
#6201 = FACE_OUTER_BOUND ( 'NONE', #2776, .T. ) ;
#6202 = CYLINDRICAL_SURFACE ( 'NONE', #1558, 0.4000000000000001887 ) ;
#6203 = VECTOR ( 'NONE', #3527, 1000.000000000000000 ) ;
#6204 = EDGE_LOOP ( 'NONE', ( #134, #3185, #5053, #7580 ) ) ;
#6205 = ORIENTED_EDGE ( 'NONE', *, *, #7533, .T. ) ;
#6206 = EDGE_CURVE ( 'NONE', #4269, #1184, #1107, .T. ) ;
#6207 = VECTOR ( 'NONE', #1868, 1000.000000000000000 ) ;
#6208 = EDGE_CURVE ( 'NONE', #2554, #2097, #6452, .T. ) ;
#6209 = ORIENTED_EDGE ( 'NONE', *, *, #5839, .F. ) ;
#6210 = FACE_OUTER_BOUND ( 'NONE', #6824, .T. ) ;
#6211 = AXIS2_PLACEMENT_3D ( 'NONE', #2343, #3489, #1114 ) ;
#6212 = EDGE_LOOP ( 'NONE', ( #1304, #1497, #289, #2846 ) ) ;
#6213 = LINE ( 'NONE', #5057, #7240 ) ;
#6214 = DIRECTION ( 'NONE',  ( 0.5877852522924705836, 0.8090169943749492276, 0.000000000000000000 ) ) ;
#6215 = VERTEX_POINT ( 'NONE', #5216 ) ;
#6216 = CARTESIAN_POINT ( 'NONE',  ( 5.829945895520883603, 1.473679359731688843, 6.000000000000000000 ) ) ;
#6217 = AXIS2_PLACEMENT_3D ( 'NONE', #2411, #590, #5977 ) ;
#6218 = AXIS2_PLACEMENT_3D ( 'NONE', #4890, #7324, #6847 ) ;
#6219 = EDGE_CURVE ( 'NONE', #1975, #491, #2260, .T. ) ;
#6220 = DIRECTION ( 'NONE',  ( 0.000000000000000000, 0.000000000000000000, 1.000000000000000000 ) ) ;
#6221 = DIRECTION ( 'NONE',  ( 1.000000000000000000, 0.000000000000000000, 0.000000000000000000 ) ) ;
#6222 = AXIS2_PLACEMENT_3D ( 'NONE', #811, #768, #3232 ) ;
#6223 = EDGE_CURVE ( 'NONE', #3877, #6940, #2512, .T. ) ;
#6224 = ORIENTED_EDGE ( 'NONE', *, *, #7199, .F. ) ;
#6225 = DIRECTION ( 'NONE',  ( 1.807003620809173892E-16, -1.000000000000000000, 0.000000000000000000 ) ) ;
#6226 = ORIENTED_EDGE ( 'NONE', *, *, #1830, .T. ) ;
#6227 = DIRECTION ( 'NONE',  ( -0.9510565162951514218, -0.3090169943749541126, 0.000000000000000000 ) ) ;
#6228 = AXIS2_PLACEMENT_3D ( 'NONE', #5756, #5718, #1449 ) ;
#6229 = EDGE_LOOP ( 'NONE', ( #2460, #2594, #152, #6982 ) ) ;
#6230 = AXIS2_PLACEMENT_3D ( 'NONE', #5609, #1489, #4972 ) ;
#6231 = DIRECTION ( 'NONE',  ( -3.672181700924050498E-15, 1.000000000000000000, 0.000000000000000000 ) ) ;
#6232 = DIRECTION ( 'NONE',  ( 0.000000000000000000, 0.000000000000000000, 1.000000000000000000 ) ) ;
#6233 = CIRCLE ( 'NONE', #6744, 0.3999999999999999667 ) ;
#6234 = ORIENTED_EDGE ( 'NONE', *, *, #2818, .T. ) ;
#6235 = PLANE ( 'NONE',  #483 ) ;
#6236 = ORIENTED_EDGE ( 'NONE', *, *, #5328, .F. ) ;
#6237 = PLANE ( 'NONE',  #3819 ) ;
#6238 = CYLINDRICAL_SURFACE ( 'NONE', #1036, 0.3999999999999997446 ) ;
#6239 = AXIS2_PLACEMENT_3D ( 'NONE', #5613, #7367, #777 ) ;
#6240 = AXIS2_PLACEMENT_3D ( 'NONE', #2426, #4838, #7271 ) ;
#6241 = FACE_OUTER_BOUND ( 'NONE', #740, .T. ) ;
#6242 = CARTESIAN_POINT ( 'NONE',  ( -7.046038848457510717, -5.613674068382271898, -6.000000000000000000 ) ) ;
#6243 = ORIENTED_EDGE ( 'NONE', *, *, #6026, .T. ) ;
#6244 = PLANE ( 'NONE',  #4536 ) ;
#6245 = DIRECTION ( 'NONE',  ( 0.9510565162951566398, -0.3090169943749381254, 0.000000000000000000 ) ) ;
#6246 = LINE ( 'NONE', #816, #3205 ) ;
#6247 = ORIENTED_EDGE ( 'NONE', *, *, #2211, .T. ) ;
#6248 = ORIENTED_EDGE ( 'NONE', *, *, #7290, .T. ) ;
#6249 = EDGE_CURVE ( 'NONE', #7684, #6717, #1131, .T. ) ;
#6250 = ORIENTED_EDGE ( 'NONE', *, *, #516, .T. ) ;
#6251 = DIRECTION ( 'NONE',  ( 0.000000000000000000, -0.000000000000000000, -1.000000000000000000 ) ) ;
#6252 = CARTESIAN_POINT ( 'NONE',  ( -5.089216067166679736, 3.203104716004848918, 6.000000000000000000 ) ) ;
#6253 = VERTEX_POINT ( 'NONE', #3439 ) ;
#6254 = DIRECTION ( 'NONE',  ( 0.3090169943749583314, -0.9510565162951499785, 0.000000000000000000 ) ) ;
#6255 = DIRECTION ( 'NONE',  ( -0.000000000000000000, -0.000000000000000000, -1.000000000000000000 ) ) ;
#6256 = ORIENTED_EDGE ( 'NONE', *, *, #503, .T. ) ;
#6257 = CARTESIAN_POINT ( 'NONE',  ( 5.599999999999999645, 6.284666409917640040E-14, -6.000000000000000000 ) ) ;
#6258 = EDGE_CURVE ( 'NONE', #2695, #6659, #7840, .T. ) ;
#6259 = ADVANCED_FACE ( 'NONE', ( #6499 ), #1069, .F. ) ;
#6260 = EDGE_CURVE ( 'NONE', #6069, #7687, #4109, .T. ) ;
#6261 = LINE ( 'NONE', #4383, #1312 ) ;
#6262 = CARTESIAN_POINT ( 'NONE',  ( 0.000000000000000000, 0.000000000000000000, -7.000000000000000000 ) ) ;
#6263 = ORIENTED_EDGE ( 'NONE', *, *, #1226, .F. ) ;
#6264 = CARTESIAN_POINT ( 'NONE',  ( -1.473679359731627114, 5.829945895520899590, 6.000000000000000000 ) ) ;
#6265 = ORIENTED_EDGE ( 'NONE', *, *, #4958, .T. ) ;
#6266 = CARTESIAN_POINT ( 'NONE',  ( -7.281152949374500416, -5.290067270632293095, -7.000000000000000000 ) ) ;
#6267 = ORIENTED_EDGE ( 'NONE', *, *, #6017, .T. ) ;
#6268 = AXIS2_PLACEMENT_3D ( 'NONE', #529, #2943, #7033 ) ;
#6269 = EDGE_CURVE ( 'NONE', #2779, #2620, #4624, .T. ) ;
#6270 = CARTESIAN_POINT ( 'NONE',  ( -2.234524572767749628, 5.582732300020941452, 7.000000000000000000 ) ) ;
#6271 = FACE_BOUND ( 'NONE', #4295, .T. ) ;
#6272 = VERTEX_POINT ( 'NONE', #4662 ) ;
#6273 = DIRECTION ( 'NONE',  ( -0.000000000000000000, 0.000000000000000000, -1.000000000000000000 ) ) ;
#6274 = ORIENTED_EDGE ( 'NONE', *, *, #4981, .T. ) ;
#6275 = LINE ( 'NONE', #6998, #3696 ) ;
#6276 = CARTESIAN_POINT ( 'NONE',  ( 9.000000000000003553, -0.3999999999999051536, 6.000000000000000000 ) ) ;
#6277 = DIRECTION ( 'NONE',  ( 0.8090169943749401238, 0.5877852522924832401, 0.000000000000000000 ) ) ;
#6278 = CARTESIAN_POINT ( 'NONE',  ( 3.850318311504857594, -4.618987865332661258, 7.000000000000000000 ) ) ;
#6279 = ORIENTED_EDGE ( 'NONE', *, *, #3224, .T. ) ;
#6280 = CYLINDRICAL_SURFACE ( 'NONE', #6185, 0.4000000000000001887 ) ;
#6281 = CARTESIAN_POINT ( 'NONE',  ( -2.234524572767749628, 5.582732300020941452, -6.000000000000000000 ) ) ;
#6282 = CARTESIAN_POINT ( 'NONE',  ( 9.000000000000000000, 9.482108720838090876E-14, 6.000000000000000000 ) ) ;
#6283 = EDGE_LOOP ( 'NONE', ( #6352, #6963, #2886, #5287 ) ) ;
#6284 = FACE_BOUND ( 'NONE', #4627, .T. ) ;
#6285 = AXIS2_PLACEMENT_3D ( 'NONE', #1617, #553, #2882 ) ;
#6286 = VECTOR ( 'NONE', #322, 1000.000000000000000 ) ;
#6287 = ORIENTED_EDGE ( 'NONE', *, *, #6260, .T. ) ;
#6288 = CARTESIAN_POINT ( 'NONE',  ( -5.999999999999997335, -0.4000000000000205058, -6.000000000000000000 ) ) ;
#6289 = APPROVAL ( #6361, '未' ) ;
#6290 = CARTESIAN_POINT ( 'NONE',  ( -7.516267050291491891, -4.966460472882315180, -6.000000000000000000 ) ) ;
#6291 = CARTESIAN_POINT ( 'NONE',  ( 4.854101966249641187, 3.526711513754897886, 7.000000000000000000 ) ) ;
#6292 = ORIENTED_EDGE ( 'NONE', *, *, #1029, .F. ) ;
#6293 = DIRECTION ( 'NONE',  ( 0.5877852522924832401, -0.8090169943749400128, 0.000000000000000000 ) ) ;
#6294 = FACE_OUTER_BOUND ( 'NONE', #5464, .T. ) ;
#6295 = DIRECTION ( 'NONE',  ( 0.000000000000000000, 0.000000000000000000, 1.000000000000000000 ) ) ;
#6296 = VECTOR ( 'NONE', #3166, 1000.000000000000000 ) ;
#6297 = EDGE_CURVE ( 'NONE', #3807, #7038, #2172, .T. ) ;
#6298 = VERTEX_POINT ( 'NONE', #2131 ) ;
#6299 = DIRECTION ( 'NONE',  ( -0.5877852522924803536, 0.8090169943749422332, 0.000000000000000000 ) ) ;
#6300 = ORIENTED_EDGE ( 'NONE', *, *, #794, .F. ) ;
#6301 = DIRECTION ( 'NONE',  ( 0.9510565162951521989, 0.3090169943749517256, 0.000000000000000000 ) ) ;
#6302 = ORIENTED_EDGE ( 'NONE', *, *, #2623, .F. ) ;
#6303 = VECTOR ( 'NONE', #6885, 1000.000000000000000 ) ;
#6304 = AXIS2_PLACEMENT_3D ( 'NONE', #1703, #7135, #3356 ) ;
#6305 = EDGE_CURVE ( 'NONE', #2112, #4029, #2850, .T. ) ;
#6306 = CARTESIAN_POINT ( 'NONE',  ( -7.046038848457548909, 5.613674068382220383, -7.000000000000000000 ) ) ;
#6307 = CARTESIAN_POINT ( 'NONE',  ( -4.618987865332703002, 3.850318311504807856, 7.000000000000000000 ) ) ;
#6308 = ADVANCED_FACE ( 'NONE', ( #3954 ), #1540, .T. ) ;
#6309 = ORIENTED_EDGE ( 'NONE', *, *, #1900, .T. ) ;
#6310 = CARTESIAN_POINT ( 'NONE',  ( -2.781152949374533723, 8.559508646656381003, -6.000000000000000000 ) ) ;
#6311 = EDGE_LOOP ( 'NONE', ( #3701, #546, #5658, #7351, #1824 ) ) ;
#6312 = VECTOR ( 'NONE', #2324, 1000.000000000000000 ) ;
#6313 = DIRECTION ( 'NONE',  ( -0.000000000000000000, -0.000000000000000000, 1.000000000000000000 ) ) ;
#6314 = DIRECTION ( 'NONE',  ( -0.000000000000000000, -0.000000000000000000, 1.000000000000000000 ) ) ;
#6315 = ORIENTED_EDGE ( 'NONE', *, *, #7586, .T. ) ;
#6316 = AXIS2_PLACEMENT_3D ( 'NONE', #1684, #5833, #5792 ) ;
#6317 = DIRECTION ( 'NONE',  ( 1.084202172485504592E-14, -1.000000000000000000, 0.000000000000000000 ) ) ;
#6318 = ADVANCED_FACE ( 'NONE', ( #7691 ), #7017, .F. ) ;
#6319 = VERTEX_POINT ( 'NONE', #1660 ) ;
#6320 = LINE ( 'NONE', #971, #2643 ) ;
#6321 = DIRECTION ( 'NONE',  ( 0.000000000000000000, 0.000000000000000000, 1.000000000000000000 ) ) ;
#6322 = CARTESIAN_POINT ( 'NONE',  ( 5.706339097770900537, 1.854101966249749323, 6.000000000000000000 ) ) ;
#6323 = ORIENTED_EDGE ( 'NONE', *, *, #3733, .T. ) ;
#6324 = CARTESIAN_POINT ( 'NONE',  ( -3.203104716004831154, -5.089216067166691282, -6.000000000000000000 ) ) ;
#6325 = AXIS2_PLACEMENT_3D ( 'NONE', #2655, #3288, #5702 ) ;
#6326 = ORIENTED_EDGE ( 'NONE', *, *, #2082, .F. ) ;
#6327 = VECTOR ( 'NONE', #4718, 1000.000000000000000 ) ;
#6328 = CARTESIAN_POINT ( 'NONE',  ( -3.203104716004866681, 5.089216067166669966, -6.000000000000000000 ) ) ;
#6329 = FACE_BOUND ( 'NONE', #4437, .T. ) ;
#6330 = CARTESIAN_POINT ( 'NONE',  ( -1.854101966249689148, 5.706339097770920965, -6.000000000000000000 ) ) ;
#6331 = ORIENTED_EDGE ( 'NONE', *, *, #1752, .T. ) ;
#6332 = LINE ( 'NONE', #3445, #1676 ) ;
#6333 = AXIS2_PLACEMENT_3D ( 'NONE', #5831, #7671, #7791 ) ;
#6334 = VECTOR ( 'NONE', #5578, 1000.000000000000000 ) ;
#6335 = PLANE ( 'NONE',  #6512 ) ;
#6336 = DIRECTION ( 'NONE',  ( 0.000000000000000000, -0.000000000000000000, 1.000000000000000000 ) ) ;
#6337 = ORIENTED_EDGE ( 'NONE', *, *, #733, .T. ) ;
#6338 = PLANE ( 'NONE',  #5141 ) ;
#6339 = ORIENTED_EDGE ( 'NONE', *, *, #3686, .T. ) ;
#6340 = CARTESIAN_POINT ( 'NONE',  ( 3.161575555892476963, 8.435901848906445011, 6.000000000000000000 ) ) ;
#6341 = VERTEX_POINT ( 'NONE', #7728 ) ;
#6342 = AXIS2_PLACEMENT_3D ( 'NONE', #5257, #1190, #511 ) ;
#6343 = ADVANCED_FACE ( 'NONE', ( #2726 ), #2292, .T. ) ;
#6344 = AXIS2_PLACEMENT_3D ( 'NONE', #7166, #4220, #2402 ) ;
#6345 = DIRECTION ( 'NONE',  ( -1.000000000000000000, 0.000000000000000000, 0.000000000000000000 ) ) ;
#6346 = CARTESIAN_POINT ( 'NONE',  ( 3.850318311504857594, -4.618987865332661258, -7.000000000000000000 ) ) ;
#6347 = ORIENTED_EDGE ( 'NONE', *, *, #2871, .F. ) ;
#6348 = LINE ( 'NONE', #5151, #5298 ) ;
#6349 = VECTOR ( 'NONE', #6245, 1000.000000000000000 ) ;
#6350 = PLANE ( 'NONE',  #5024 ) ;
#6351 = AXIS2_PLACEMENT_3D ( 'NONE', #6378, #5221, #7573 ) ;
#6352 = ORIENTED_EDGE ( 'NONE', *, *, #4721, .F. ) ;
#6353 = CARTESIAN_POINT ( 'NONE',  ( 3.181152949374594030, -8.559508646656361464, 6.000000000000000000 ) ) ;
#6354 = LINE ( 'NONE', #7157, #5214 ) ;
#6355 = ORIENTED_EDGE ( 'NONE', *, *, #2435, .T. ) ;
#6356 = AXIS2_PLACEMENT_3D ( 'NONE', #1319, #3178, #7391 ) ;
#6357 = ADVANCED_FACE ( 'NONE', ( #5773 ), #314, .T. ) ;
#6358 = EDGE_CURVE ( 'NONE', #3046, #2228, #3392, .T. ) ;
#6359 = EDGE_CURVE ( 'NONE', #1079, #4932, #7173, .T. ) ;
#6360 = VECTOR ( 'NONE', #5959, 1000.000000000000000 ) ;
#6361 = APPROVAL_STATUS ( 'not_yet_approved' ) ;
#6362 = CARTESIAN_POINT ( 'NONE',  ( -5.089216067166679736, 3.203104716004848918, -6.000000000000000000 ) ) ;
#6363 = ORIENTED_EDGE ( 'NONE', *, *, #3412, .F. ) ;
#6364 = CIRCLE ( 'NONE', #7647, 0.3999999999999999667 ) ;
#6365 = DIRECTION ( 'NONE',  ( 1.807003620809172906E-16, -1.000000000000000000, -0.000000000000000000 ) ) ;
#6366 = DIRECTION ( 'NONE',  ( 0.9510565162951499785, 0.3090169943749584425, 0.000000000000000000 ) ) ;
#6367 = CARTESIAN_POINT ( 'NONE',  ( -2.400730342856472799, 8.683115444406361405, 6.000000000000000000 ) ) ;
#6368 = AXIS2_PLACEMENT_3D ( 'NONE', #1480, #2783, #3461 ) ;
#6369 = VERTEX_POINT ( 'NONE', #4257 ) ;
#6370 = EDGE_CURVE ( 'NONE', #652, #1026, #2336, .T. ) ;
#6371 = EDGE_CURVE ( 'NONE', #3110, #2531, #554, .T. ) ;
#6372 = CIRCLE ( 'NONE', #2957, 0.4000000000000002442 ) ;
#6373 = VERTEX_POINT ( 'NONE', #3666 ) ;
#6374 = DIRECTION ( 'NONE',  ( 1.000000000000000000, 1.807003620809172906E-16, -0.000000000000000000 ) ) ;
#6375 = DIRECTION ( 'NONE',  ( 0.000000000000000000, 0.000000000000000000, 1.000000000000000000 ) ) ;
#6376 = DIRECTION ( 'NONE',  ( 0.9510565162951535312, 0.3090169943749475068, 0.000000000000000000 ) ) ;
#6377 = VERTEX_POINT ( 'NONE', #38 ) ;
#6378 = CARTESIAN_POINT ( 'NONE',  ( 5.582732300020962768, -2.234524572767692341, 6.000000000000000000 ) ) ;
#6379 = ADVANCED_FACE ( 'NONE', ( #1187 ), #1819, .F. ) ;
#6380 = FACE_OUTER_BOUND ( 'NONE', #631, .T. ) ;
#6381 = LINE ( 'NONE', #3450, #4413 ) ;
#6382 = ORIENTED_EDGE ( 'NONE', *, *, #7736, .T. ) ;
#6383 = CARTESIAN_POINT ( 'NONE',  ( -3.203104716004831154, -5.089216067166691282, 6.000000000000000000 ) ) ;
#6384 = ORIENTED_EDGE ( 'NONE', *, *, #6124, .T. ) ;
#6385 = FACE_OUTER_BOUND ( 'NONE', #5911, .T. ) ;
#6386 = ORIENTED_EDGE ( 'NONE', *, *, #7838, .T. ) ;
#6387 = ORIENTED_EDGE ( 'NONE', *, *, #5478, .F. ) ;
#6388 = DIRECTION ( 'NONE',  ( -1.000000000000000000, -0.000000000000000000, -0.000000000000000000 ) ) ;
#6389 = DIRECTION ( 'NONE',  ( -0.9510565162951499785, -0.3090169943749583314, 0.000000000000000000 ) ) ;
#6390 = EDGE_LOOP ( 'NONE', ( #5580, #5394, #552, #5144 ) ) ;
#6391 = CARTESIAN_POINT ( 'NONE',  ( 7.281152949374576799, -5.290067270632186514, 6.000000000000000000 ) ) ;
#6392 = CARTESIAN_POINT ( 'NONE',  ( 0.3999999999999995781, -5.999999999999999112, 6.000000000000000000 ) ) ;
#6393 = EDGE_CURVE ( 'NONE', #193, #1209, #6948, .T. ) ;
#6394 = ORIENTED_EDGE ( 'NONE', *, *, #4688, .T. ) ;
#6395 = CARTESIAN_POINT ( 'NONE',  ( 3.161575555892655043, -8.435901848906379286, -7.000000000000000000 ) ) ;
#6396 = DIRECTION ( 'NONE',  ( 0.8090169943749401238, 0.5877852522924832401, 0.000000000000000000 ) ) ;
#6397 = VERTEX_POINT ( 'NONE', #4146 ) ;
#6398 = CIRCLE ( 'NONE', #683, 0.4000000000000001332 ) ;
#6399 = CALENDAR_DATE ( 2025, 8, 12 ) ;
#6400 = DIRECTION ( 'NONE',  ( 1.000000000000000000, -0.000000000000000000, 0.000000000000000000 ) ) ;
#6401 = ORIENTED_EDGE ( 'NONE', *, *, #3602, .T. ) ;
#6402 = CARTESIAN_POINT ( 'NONE',  ( 2.234524572767672801, 5.582732300020971650, -7.000000000000000000 ) ) ;
#6403 = EDGE_CURVE ( 'NONE', #748, #2279, #2370, .T. ) ;
#6404 = VERTEX_POINT ( 'NONE', #7323 ) ;
#6405 = FACE_OUTER_BOUND ( 'NONE', #3851, .T. ) ;
#6406 = DIRECTION ( 'NONE',  ( 0.3090169943749451198, 0.9510565162951544194, 0.000000000000000000 ) ) ;
#6407 = EDGE_LOOP ( 'NONE', ( #4511, #4553, #2301, #823 ) ) ;
#6408 = ORIENTED_EDGE ( 'NONE', *, *, #3122, .T. ) ;
#6409 = EDGE_LOOP ( 'NONE', ( #715, #3562, #3452, #4414 ) ) ;
#6410 = EDGE_CURVE ( 'NONE', #1418, #7491, #7328, .T. ) ;
#6411 = DIRECTION ( 'NONE',  ( -0.8090169943749511150, 0.5877852522924682521, 0.000000000000000000 ) ) ;
#6412 = DIRECTION ( 'NONE',  ( -0.5877852522924624790, -0.8090169943749552228, 0.000000000000000000 ) ) ;
#6413 = EDGE_CURVE ( 'NONE', #4397, #7410, #5334, .T. ) ;
#6414 = FACE_BOUND ( 'NONE', #2205, .T. ) ;
#6415 = CARTESIAN_POINT ( 'NONE',  ( 10.00000000000000000, 0.000000000000000000, -7.000000000000000000 ) ) ;
#6416 = ORIENTED_EDGE ( 'NONE', *, *, #2435, .F. ) ;
#6417 = DIRECTION ( 'NONE',  ( 1.807003620809172906E-16, -1.000000000000000000, 0.000000000000000000 ) ) ;
#6418 = CARTESIAN_POINT ( 'NONE',  ( 5.089216067166703716, -3.203104716004811170, 6.000000000000000000 ) ) ;
#6419 = LINE ( 'NONE', #4713, #6455 ) ;
#6420 = AXIS2_PLACEMENT_3D ( 'NONE', #1639, #4641, #3579 ) ;
#6421 = ADVANCED_FACE ( 'NONE', ( #1220 ), #1148, .F. ) ;
#6422 = VERTEX_POINT ( 'NONE', #6084 ) ;
#6423 = CARTESIAN_POINT ( 'NONE',  ( 2.234524572767789152, -5.582732300020924576, 7.000000000000000000 ) ) ;
#6424 = ORIENTED_EDGE ( 'NONE', *, *, #5253, .T. ) ;
#6425 = DIRECTION ( 'NONE',  ( -0.000000000000000000, 0.000000000000000000, -1.000000000000000000 ) ) ;
#6426 = ORIENTED_EDGE ( 'NONE', *, *, #3750, .F. ) ;
#6427 = ORIENTED_EDGE ( 'NONE', *, *, #4303, .T. ) ;
#6428 = CARTESIAN_POINT ( 'NONE',  ( -3.850318311504791868, -4.618987865332716325, 6.000000000000000000 ) ) ;
#6429 = CARTESIAN_POINT ( 'NONE',  ( 2.400730342856351562, 8.683115444406393379, -6.000000000000000000 ) ) ;
#6430 = DIRECTION ( 'NONE',  ( -1.000000000000000000, 0.000000000000000000, 0.000000000000000000 ) ) ;
#6431 = DIRECTION ( 'NONE',  ( -0.000000000000000000, -0.000000000000000000, 1.000000000000000000 ) ) ;
#6432 = ORIENTED_EDGE ( 'NONE', *, *, #5523, .T. ) ;
#6433 = CARTESIAN_POINT ( 'NONE',  ( -3.203104716004866681, 5.089216067166669966, 6.000000000000000000 ) ) ;
#6434 = CARTESIAN_POINT ( 'NONE',  ( -4.854101966249667832, -3.526711513754861915, 6.000000000000000000 ) ) ;
#6435 = VERTEX_POINT ( 'NONE', #588 ) ;
#6436 = CIRCLE ( 'NONE', #7455, 0.3999999999999999667 ) ;
#6437 = AXIS2_PLACEMENT_3D ( 'NONE', #2763, #6536, #2251 ) ;
#6438 = EDGE_CURVE ( 'NONE', #4269, #7313, #3775, .T. ) ;
#6439 = DATE_AND_TIME ( #5883, #7333 ) ;
#6440 = DIRECTION ( 'NONE',  ( -0.000000000000000000, -0.000000000000000000, 1.000000000000000000 ) ) ;
#6441 = VECTOR ( 'NONE', #187, 1000.000000000000227 ) ;
#6442 = VECTOR ( 'NONE', #7802, 1000.000000000000000 ) ;
#6443 = CYLINDRICAL_SURFACE ( 'NONE', #4667, 0.4000000000000001887 ) ;
#6444 = ORIENTED_EDGE ( 'NONE', *, *, #3844, .F. ) ;
#6445 = DIRECTION ( 'NONE',  ( -0.000000000000000000, -0.000000000000000000, -1.000000000000000000 ) ) ;
#6446 = LINE ( 'NONE', #5765, #5582 ) ;
#6447 = ORIENTED_EDGE ( 'NONE', *, *, #1762, .F. ) ;
#6448 = VERTEX_POINT ( 'NONE', #623 ) ;
#6449 = EDGE_CURVE ( 'NONE', #2353, #3046, #5374, .T. ) ;
#6450 = ORIENTED_EDGE ( 'NONE', *, *, #2389, .F. ) ;
#6451 = CARTESIAN_POINT ( 'NONE',  ( 5.999999999999994671, 0.4000000000000624167, 7.000000000000000000 ) ) ;
#6452 = LINE ( 'NONE', #3991, #3768 ) ;
#6453 = FACE_OUTER_BOUND ( 'NONE', #5107, .T. ) ;
#6454 = DIRECTION ( 'NONE',  ( -0.000000000000000000, -0.000000000000000000, 1.000000000000000000 ) ) ;
#6455 = VECTOR ( 'NONE', #4039, 1000.000000000000000 ) ;
#6456 = VERTEX_POINT ( 'NONE', #4290 ) ;
#6457 = EDGE_CURVE ( 'NONE', #5206, #3895, #6819, .T. ) ;
#6458 = EDGE_CURVE ( 'NONE', #3731, #6448, #2482, .T. ) ;
#6459 = CIRCLE ( 'NONE', #2660, 0.3999999999999999667 ) ;
#6460 = DIRECTION ( 'NONE',  ( -0.000000000000000000, -0.000000000000000000, -1.000000000000000000 ) ) ;
#6461 = CARTESIAN_POINT ( 'NONE',  ( 0.3999999999999994116, 9.000000000000000000, 7.000000000000000000 ) ) ;
#6462 = ORIENTED_EDGE ( 'NONE', *, *, #2548, .T. ) ;
#6463 = CARTESIAN_POINT ( 'NONE',  ( -7.281152949374536831, 5.290067270632241581, -6.000000000000000000 ) ) ;
#6464 = ORIENTED_EDGE ( 'NONE', *, *, #4472, .T. ) ;
#6465 = DIRECTION ( 'NONE',  ( 0.000000000000000000, 0.000000000000000000, -1.000000000000000000 ) ) ;
#6466 = AXIS2_PLACEMENT_3D ( 'NONE', #2863, #2230, #4603 ) ;
#6467 = EDGE_LOOP ( 'NONE', ( #1020, #7632, #3892, #5871 ) ) ;
#6468 = ADVANCED_FACE ( 'NONE', ( #7214 ), #7289, .F. ) ;
#6469 = AXIS2_PLACEMENT_3D ( 'NONE', #3976, #7474, #1405 ) ;
#6470 = EDGE_CURVE ( 'NONE', #6522, #1551, #4152, .T. ) ;
#6471 = CIRCLE ( 'NONE', #7490, 0.3999999999999999667 ) ;
#6472 = VERTEX_POINT ( 'NONE', #3154 ) ;
#6473 = DIRECTION ( 'NONE',  ( -0.000000000000000000, -0.000000000000000000, -1.000000000000000000 ) ) ;
#6474 = CARTESIAN_POINT ( 'NONE',  ( -9.000000000000000000, -0.4000000000000315525, 6.000000000000000000 ) ) ;
#6475 = DIRECTION ( 'NONE',  ( 0.5877852522924705836, 0.8090169943749492276, 0.000000000000000000 ) ) ;
#6476 = CARTESIAN_POINT ( 'NONE',  ( 8.959508646656349384, 2.781152949374624317, 6.000000000000000000 ) ) ;
#6477 = VERTEX_POINT ( 'NONE', #775 ) ;
#6478 = CIRCLE ( 'NONE', #898, 0.3999999999999999667 ) ;
#6479 = DIRECTION ( 'NONE',  ( 1.000000000000000000, 0.000000000000000000, 0.000000000000000000 ) ) ;
#6480 = CARTESIAN_POINT ( 'NONE',  ( 8.683115444406384498, -2.400730342856381760, 7.000000000000000000 ) ) ;
#6481 = ORIENTED_EDGE ( 'NONE', *, *, #7340, .T. ) ;
#6482 = AXIS2_PLACEMENT_3D ( 'NONE', #3147, #4923, #2514 ) ;
#6483 = DIRECTION ( 'NONE',  ( 0.000000000000000000, 0.000000000000000000, 1.000000000000000000 ) ) ;
#6484 = VECTOR ( 'NONE', #5492, 1000.000000000000000 ) ;
#6485 = CARTESIAN_POINT ( 'NONE',  ( -0.4000000000000004108, -5.999999999999999112, 6.000000000000000000 ) ) ;
#6486 = AXIS2_PLACEMENT_3D ( 'NONE', #4628, #2098, #7057 ) ;
#6487 = CARTESIAN_POINT ( 'NONE',  ( 1.473679359731668415, -5.829945895520888932, 7.000000000000000000 ) ) ;
#6488 = EDGE_LOOP ( 'NONE', ( #7155, #1320, #6190, #2442 ) ) ;
#6489 = AXIS2_PLACEMENT_3D ( 'NONE', #5956, #6557, #5476 ) ;
#6490 = CARTESIAN_POINT ( 'NONE',  ( -5.829945895520895149, -1.473679359731648209, 7.000000000000000000 ) ) ;
#6491 = DIRECTION ( 'NONE',  ( -0.9510565162951510887, -0.3090169943749550563, 0.000000000000000000 ) ) ;
#6492 = EDGE_LOOP ( 'NONE', ( #818, #4155, #2093, #4341 ) ) ;
#6493 = ORIENTED_EDGE ( 'NONE', *, *, #6702, .T. ) ;
#6494 = CIRCLE ( 'NONE', #1685, 0.4000000000000002442 ) ;
#6495 = VECTOR ( 'NONE', #6829, 1000.000000000000000 ) ;
#6496 = AXIS2_PLACEMENT_3D ( 'NONE', #2777, #7508, #916 ) ;
#6497 = ORIENTED_EDGE ( 'NONE', *, *, #7398, .T. ) ;
#6498 = LINE ( 'NONE', #4145, #6160 ) ;
#6499 = FACE_OUTER_BOUND ( 'NONE', #6488, .T. ) ;
#6500 = AXIS2_PLACEMENT_3D ( 'NONE', #326, #3295, #4006 ) ;
#6501 = PLANE ( 'NONE',  #7370 ) ;
#6502 = CARTESIAN_POINT ( 'NONE',  ( -3.526711513754845928, 4.854101966249680267, -6.000000000000000000 ) ) ;
#6503 = EDGE_CURVE ( 'NONE', #3877, #993, #2601, .T. ) ;
#6504 = ORIENTED_EDGE ( 'NONE', *, *, #3821, .F. ) ;
#6505 = AXIS2_PLACEMENT_3D ( 'NONE', #1002, #2194, #5110 ) ;
#6506 = CARTESIAN_POINT ( 'NONE',  ( 5.582732300020962768, -2.234524572767692341, -6.000000000000000000 ) ) ;
#6507 = VERTEX_POINT ( 'NONE', #2086 ) ;
#6508 = PLANE ( 'NONE',  #4696 ) ;
#6509 = EDGE_CURVE ( 'NONE', #6951, #3589, #2002, .T. ) ;
#6510 = EDGE_CURVE ( 'NONE', #5187, #7334, #4974, .T. ) ;
#6511 = ORIENTED_EDGE ( 'NONE', *, *, #5098, .T. ) ;
#6512 = AXIS2_PLACEMENT_3D ( 'NONE', #6418, #5779, #4506 ) ;
#6513 = DIRECTION ( 'NONE',  ( -0.000000000000000000, -0.000000000000000000, 1.000000000000000000 ) ) ;
#6514 = ORIENTED_EDGE ( 'NONE', *, *, #5429, .T. ) ;
#6515 = EDGE_LOOP ( 'NONE', ( #7665, #3672, #531, #3732 ) ) ;
#6516 = CARTESIAN_POINT ( 'NONE',  ( 5.290067270632160756, 7.281152949374595451, -6.000000000000000000 ) ) ;
#6517 = CARTESIAN_POINT ( 'NONE',  ( 4.966460472882181065, 7.516267050291581597, -7.000000000000000000 ) ) ;
#6518 = DIRECTION ( 'NONE',  ( -0.5877852522924652545, -0.8090169943749532244, 0.000000000000000000 ) ) ;
#6519 = DIRECTION ( 'NONE',  ( -0.000000000000000000, -0.000000000000000000, 1.000000000000000000 ) ) ;
#6520 = EDGE_CURVE ( 'NONE', #1873, #3435, #4489, .T. ) ;
#6521 = ADVANCED_FACE ( 'NONE', ( #5647 ), #7406, .T. ) ;
#6522 = VERTEX_POINT ( 'NONE', #264 ) ;
#6523 = PLANE ( 'NONE',  #3065 ) ;
#6524 = CARTESIAN_POINT ( 'NONE',  ( -7.516267050291491891, -4.966460472882315180, 6.000000000000000000 ) ) ;
#6525 = EDGE_LOOP ( 'NONE', ( #562, #5703 ) ) ;
#6526 = PLANE ( 'NONE',  #4842 ) ;
#6527 = FACE_OUTER_BOUND ( 'NONE', #4990, .T. ) ;
#6528 = ORIENTED_EDGE ( 'NONE', *, *, #5984, .T. ) ;
#6529 = LINE ( 'NONE', #6490, #908 ) ;
#6530 = CARTESIAN_POINT ( 'NONE',  ( 0.3999999999999995781, -5.999999999999999112, 7.000000000000000000 ) ) ;
#6531 = ORIENTED_EDGE ( 'NONE', *, *, #1812, .T. ) ;
#6532 = PLANE ( 'NONE',  #1751 ) ;
#6533 = DIRECTION ( 'NONE',  ( -0.8090169943749401238, -0.5877852522924832401, 0.000000000000000000 ) ) ;
#6534 = ORIENTED_EDGE ( 'NONE', *, *, #3550, .F. ) ;
#6535 = DIRECTION ( 'NONE',  ( 0.9510565162951576390, -0.3090169943749346282, 0.000000000000000000 ) ) ;
#6536 = DIRECTION ( 'NONE',  ( -0.000000000000000000, -0.000000000000000000, 1.000000000000000000 ) ) ;
#6537 = CARTESIAN_POINT ( 'NONE',  ( 2.234524572767672801, 5.582732300020971650, -7.000000000000000000 ) ) ;
#6538 = DIRECTION ( 'NONE',  ( 0.000000000000000000, 0.000000000000000000, 1.000000000000000000 ) ) ;
#6539 = ORIENTED_EDGE ( 'NONE', *, *, #7680, .F. ) ;
#6540 = VECTOR ( 'NONE', #5772, 1000.000000000000000 ) ;
#6541 = CC_DESIGN_PERSON_AND_ORGANIZATION_ASSIGNMENT ( #3979, #933, ( #2007 ) ) ;
#6542 = CYLINDRICAL_SURFACE ( 'NONE', #3286, 0.3999999999999993006 ) ;
#6543 = ORIENTED_EDGE ( 'NONE', *, *, #3502, .F. ) ;
#6544 = DIRECTION ( 'NONE',  ( 0.000000000000000000, 0.000000000000000000, 1.000000000000000000 ) ) ;
#6545 = PLANE ( 'NONE',  #5919 ) ;
#6546 = ORIENTED_EDGE ( 'NONE', *, *, #2211, .F. ) ;
#6547 = PLANE ( 'NONE',  #2914 ) ;
#6548 = ORIENTED_EDGE ( 'NONE', *, *, #7449, .F. ) ;
#6549 = EDGE_CURVE ( 'NONE', #7572, #4462, #5159, .T. ) ;
#6550 = DIRECTION ( 'NONE',  ( 0.000000000000000000, 0.000000000000000000, 1.000000000000000000 ) ) ;
#6551 = FACE_OUTER_BOUND ( 'NONE', #1151, .T. ) ;
#6552 = AXIS2_PLACEMENT_3D ( 'NONE', #4001, #6983, #1670 ) ;
#6553 = DIRECTION ( 'NONE',  ( 0.5877852522924623679, 0.8090169943749553338, 0.000000000000000000 ) ) ;
#6554 = DIRECTION ( 'NONE',  ( -0.000000000000000000, -0.000000000000000000, 1.000000000000000000 ) ) ;
#6555 = ORIENTED_EDGE ( 'NONE', *, *, #4037, .F. ) ;
#6556 = DIRECTION ( 'NONE',  ( -0.000000000000000000, 0.000000000000000000, -1.000000000000000000 ) ) ;
#6557 = DIRECTION ( 'NONE',  ( -0.5877852522924712497, -0.8090169943749487835, 0.000000000000000000 ) ) ;
#6558 = ORIENTED_EDGE ( 'NONE', *, *, #649, .T. ) ;
#6559 = EDGE_CURVE ( 'NONE', #2586, #7334, #3646, .T. ) ;
#6560 = EDGE_CURVE ( 'NONE', #798, #4245, #6844, .T. ) ;
#6561 = PERSON ( '未', '未', '未', ('未'), ('未'), ('未') ) ;
#6562 = CYLINDRICAL_SURFACE ( 'NONE', #1180, 0.4000000000000001887 ) ;
#6563 = CARTESIAN_POINT ( 'NONE',  ( -5.829945895520895149, -1.473679359731648209, -6.000000000000000000 ) ) ;
#6564 = AXIS2_PLACEMENT_3D ( 'NONE', #4704, #6454, #945 ) ;
#6565 = ORIENTED_EDGE ( 'NONE', *, *, #4792, .T. ) ;
#6566 = DIRECTION ( 'NONE',  ( 0.000000000000000000, 0.000000000000000000, 1.000000000000000000 ) ) ;
#6567 = DIRECTION ( 'NONE',  ( 1.000000000000000000, 0.000000000000000000, 0.000000000000000000 ) ) ;
#6568 = ORIENTED_EDGE ( 'NONE', *, *, #1627, .T. ) ;
#6570 = EDGE_CURVE ( 'NONE', #5869, #4825, #5296, .T. ) ;
#6569 = AXIS2_PLACEMENT_3D ( 'NONE', #4448, #221, #5608 ) ;
#6571 = AXIS2_PLACEMENT_3D ( 'NONE', #1852, #6686, #1255 ) ;
#6572 = DIRECTION ( 'NONE',  ( 0.8090169943749463410, 0.5877852522924744694, 0.000000000000000000 ) ) ;
#6573 = FACE_OUTER_BOUND ( 'NONE', #1757, .T. ) ;
#6574 = EDGE_CURVE ( 'NONE', #5261, #4068, #2637, .T. ) ;
#6575 = ORIENTED_EDGE ( 'NONE', *, *, #4209, .F. ) ;
#6576 = DIRECTION ( 'NONE',  ( 0.000000000000000000, -0.000000000000000000, 1.000000000000000000 ) ) ;
#6577 = CARTESIAN_POINT ( 'NONE',  ( -1.473679359731627114, 5.829945895520899590, -6.000000000000000000 ) ) ;
#6578 = CARTESIAN_POINT ( 'NONE',  ( -5.999999999999997335, -0.4000000000000205058, 6.000000000000000000 ) ) ;
#6579 = LINE ( 'NONE', #4821, #7266 ) ;
#6580 = ORIENTED_EDGE ( 'NONE', *, *, #6438, .T. ) ;
#6581 = CIRCLE ( 'NONE', #874, 0.4000000000000001332 ) ;
#6582 = LINE ( 'NONE', #6019, #3030 ) ;
#6583 = VERTEX_POINT ( 'NONE', #2521 ) ;
#6584 = DIRECTION ( 'NONE',  ( 0.8090169943749551118, -0.5877852522924625900, 0.000000000000000000 ) ) ;
#6585 = DIRECTION ( 'NONE',  ( -0.000000000000000000, -0.000000000000000000, 1.000000000000000000 ) ) ;
#6586 = ORIENTED_EDGE ( 'NONE', *, *, #1569, .T. ) ;
#6587 = DIRECTION ( 'NONE',  ( -0.000000000000000000, -0.000000000000000000, -1.000000000000000000 ) ) ;
#6588 = ORIENTED_EDGE ( 'NONE', *, *, #74, .T. ) ;
#6589 = CARTESIAN_POINT ( 'NONE',  ( -6.000000000000000888, 0.3999999999999794831, -7.000000000000000000 ) ) ;
#6590 = DIRECTION ( 'NONE',  ( -0.8090169943749419001, -0.5877852522924807976, 0.000000000000000000 ) ) ;
#6591 = DIRECTION ( 'NONE',  ( 0.8090169943749556669, -0.5877852522924618128, 0.000000000000000000 ) ) ;
#6592 = DIRECTION ( 'NONE',  ( -0.000000000000000000, -0.000000000000000000, 1.000000000000000000 ) ) ;
#6593 = AXIS2_PLACEMENT_3D ( 'NONE', #4814, #7170, #4143 ) ;
#6594 = ORIENTED_EDGE ( 'NONE', *, *, #4643, .F. ) ;
#6595 = DIRECTION ( 'NONE',  ( -0.000000000000000000, -0.000000000000000000, 1.000000000000000000 ) ) ;
#6596 = ORIENTED_EDGE ( 'NONE', *, *, #3783, .F. ) ;
#6597 = EDGE_CURVE ( 'NONE', #783, #7625, #1371, .T. ) ;
#6598 = AXIS2_PLACEMENT_3D ( 'NONE', #3094, #3015, #5995 ) ;
#6599 = CARTESIAN_POINT ( 'NONE',  ( -1.473679359731585148, -5.829945895520909360, 6.000000000000000000 ) ) ;
#6600 = AXIS2_PLACEMENT_3D ( 'NONE', #6815, #3244, #3165 ) ;
#6601 = DIRECTION ( 'NONE',  ( -0.000000000000000000, -0.000000000000000000, -1.000000000000000000 ) ) ;
#6602 = ORIENTED_EDGE ( 'NONE', *, *, #5671, .T. ) ;
#6603 = FACE_OUTER_BOUND ( 'NONE', #5282, .T. ) ;
#6604 = DIRECTION ( 'NONE',  ( -0.3090169943749347392, -0.9510565162951576390, 0.000000000000000000 ) ) ;
#6605 = EDGE_CURVE ( 'NONE', #3373, #4022, #6771, .T. ) ;
#6606 = EDGE_CURVE ( 'NONE', #7024, #3570, #2896, .T. ) ;
#6607 = ADVANCED_FACE ( 'NONE', ( #107 ), #4334, .F. ) ;
#6608 = EDGE_LOOP ( 'NONE', ( #4955, #7276 ) ) ;
#6609 = VECTOR ( 'NONE', #3239, 1000.000000000000000 ) ;
#6610 = CIRCLE ( 'NONE', #6862, 0.3999999999999999667 ) ;
#6611 = DIRECTION ( 'NONE',  ( 0.000000000000000000, 0.000000000000000000, 1.000000000000000000 ) ) ;
#6612 = CARTESIAN_POINT ( 'NONE',  ( 1.854101966249609657, 5.706339097770945834, 6.000000000000000000 ) ) ;
#6613 = AXIS2_PLACEMENT_3D ( 'NONE', #1251, #6079, #654 ) ;
#6614 = ORIENTED_EDGE ( 'NONE', *, *, #4408, .F. ) ;
#6615 = DIRECTION ( 'NONE',  ( -0.9510565162951514218, -0.3090169943749541126, 0.000000000000000000 ) ) ;
#6616 = CARTESIAN_POINT ( 'NONE',  ( -1.473679359731585148, -5.829945895520909360, -6.000000000000000000 ) ) ;
#6617 = FACE_OUTER_BOUND ( 'NONE', #5564, .T. ) ;
#6618 = FACE_OUTER_BOUND ( 'NONE', #7582, .T. ) ;
#6619 = AXIS2_PLACEMENT_3D ( 'NONE', #2159, #5154, #7596 ) ;
#6620 = AXIS2_PLACEMENT_3D ( 'NONE', #2634, #3779, #3900 ) ;
#6621 = ADVANCED_FACE ( 'NONE', ( #1454 ), #6244, .T. ) ;
#6622 = VERTEX_POINT ( 'NONE', #2044 ) ;
#6623 = AXIS2_PLACEMENT_3D ( 'NONE', #5706, #3408, #2823 ) ;
#6624 = VECTOR ( 'NONE', #250, 1000.000000000000000 ) ;
#6625 = DIRECTION ( 'NONE',  ( 1.000000000000000000, 0.000000000000000000, 0.000000000000000000 ) ) ;
#6626 = ORIENTED_EDGE ( 'NONE', *, *, #7188, .F. ) ;
#6627 = CARTESIAN_POINT ( 'NONE',  ( 5.706339097770939617, -1.854101966249629641, -6.000000000000000000 ) ) ;
#6629 = AXIS2_PLACEMENT_3D ( 'NONE', #1929, #5687, #3786 ) ;
#6628 = DIRECTION ( 'NONE',  ( 0.000000000000000000, -0.000000000000000000, 1.000000000000000000 ) ) ;
#6630 = ADVANCED_FACE ( 'NONE', ( #6888 ), #6280, .F. ) ;
#6631 = ORIENTED_EDGE ( 'NONE', *, *, #3454, .T. ) ;
#6632 = DIRECTION ( 'NONE',  ( -1.000000000000000000, -0.000000000000000000, -0.000000000000000000 ) ) ;
#6633 = ORIENTED_EDGE ( 'NONE', *, *, #6297, .F. ) ;
#6634 = VECTOR ( 'NONE', #6635, 1000.000000000000000 ) ;
#6635 = DIRECTION ( 'NONE',  ( -0.000000000000000000, -0.000000000000000000, -1.000000000000000000 ) ) ;
#6636 = DIRECTION ( 'NONE',  ( -0.8090169943749511150, 0.5877852522924682521, 0.000000000000000000 ) ) ;
#6637 = FACE_OUTER_BOUND ( 'NONE', #1240, .T. ) ;
#6638 = CARTESIAN_POINT ( 'NONE',  ( 2.400730342856534083, -8.683115444406343642, -6.000000000000000000 ) ) ;
#6639 = ORIENTED_EDGE ( 'NONE', *, *, #3303, .T. ) ;
#6640 = DIRECTION ( 'NONE',  ( 0.000000000000000000, -0.000000000000000000, -1.000000000000000000 ) ) ;
#6641 = ORIENTED_EDGE ( 'NONE', *, *, #1531, .T. ) ;
#6642 = DIRECTION ( 'NONE',  ( 0.000000000000000000, 0.000000000000000000, 1.000000000000000000 ) ) ;
#6643 = EDGE_CURVE ( 'NONE', #7572, #5814, #4616, .T. ) ;
#6644 = ORIENTED_EDGE ( 'NONE', *, *, #4180, .F. ) ;
#6645 = DIRECTION ( 'NONE',  ( 1.047444401652940007E-14, -1.000000000000000000, 0.000000000000000000 ) ) ;
#6646 = ORIENTED_EDGE ( 'NONE', *, *, #2286, .F. ) ;
#6647 = FACE_OUTER_BOUND ( 'NONE', #4375, .T. ) ;
#6648 = DIRECTION ( 'NONE',  ( 0.000000000000000000, -0.000000000000000000, -1.000000000000000000 ) ) ;
#6649 = CARTESIAN_POINT ( 'NONE',  ( 4.454101966249641720, 3.526711513754897886, -6.000000000000000000 ) ) ;
#6650 = EDGE_CURVE ( 'NONE', #5594, #1663, #6821, .T. ) ;
#6651 = CYLINDRICAL_SURFACE ( 'NONE', #5054, 0.4000000000000001887 ) ;
#6652 = ORIENTED_EDGE ( 'NONE', *, *, #3601, .F. ) ;
#6653 = DIRECTION ( 'NONE',  ( 0.000000000000000000, 0.000000000000000000, 1.000000000000000000 ) ) ;
#6654 = CARTESIAN_POINT ( 'NONE',  ( -0.3999999999999994116, -9.000000000000000000, 6.000000000000000000 ) ) ;
#6655 = CYLINDRICAL_SURFACE ( 'NONE', #795, 0.4000000000000001887 ) ;
#6656 = ORIENTED_EDGE ( 'NONE', *, *, #7788, .T. ) ;
#6657 = EDGE_CURVE ( 'NONE', #4353, #2493, #3656, .T. ) ;
#6658 = EDGE_CURVE ( 'NONE', #1089, #5261, #6320, .T. ) ;
#6659 = VERTEX_POINT ( 'NONE', #305 ) ;
#6660 = CARTESIAN_POINT ( 'NONE',  ( -0.4000000000000004108, -5.999999999999999112, -6.000000000000000000 ) ) ;
#6661 = ORIENTED_EDGE ( 'NONE', *, *, #1331, .T. ) ;
#6662 = CARTESIAN_POINT ( 'NONE',  ( -4.966460472882290311, 7.516267050291509655, 7.000000000000000000 ) ) ;
#6663 = CARTESIAN_POINT ( 'NONE',  ( 9.000000000000003553, -0.3999999999999051536, -7.000000000000000000 ) ) ;
#6664 = VERTEX_POINT ( 'NONE', #7008 ) ;
#6665 = PLANE ( 'NONE',  #4552 ) ;
#6666 = ORIENTED_EDGE ( 'NONE', *, *, #4503, .T. ) ;
#6667 = EDGE_CURVE ( 'NONE', #7591, #3479, #7318, .T. ) ;
#6668 = LINE ( 'NONE', #4755, #1561 ) ;
#6669 = DIRECTION ( 'NONE',  ( -4.336808689942017736E-15, 1.000000000000000000, 0.000000000000000000 ) ) ;
#6670 = CIRCLE ( 'NONE', #1479, 0.3999999999999999667 ) ;
#6671 = LINE ( 'NONE', #5390, #4468 ) ;
#6672 = CARTESIAN_POINT ( 'NONE',  ( 1.473679359731546956, 5.829945895520919130, 6.000000000000000000 ) ) ;
#6673 = VERTEX_POINT ( 'NONE', #2280 ) ;
#6674 = CARTESIAN_POINT ( 'NONE',  ( -4.618987865332676357, -3.850318311504838942, -6.000000000000000000 ) ) ;
#6675 = ORIENTED_EDGE ( 'NONE', *, *, #6206, .F. ) ;
#6676 = AXIS2_PLACEMENT_3D ( 'NONE', #5629, #6907, #207 ) ;
#6677 = CARTESIAN_POINT ( 'NONE',  ( -4.618987865332703002, 3.850318311504807856, -6.000000000000000000 ) ) ;
#6678 = DIRECTION ( 'NONE',  ( 0.3090169943749446757, 0.9510565162951544194, 0.000000000000000000 ) ) ;
#6679 = ORIENTED_EDGE ( 'NONE', *, *, #3443, .T. ) ;
#6680 = LINE ( 'NONE', #5558, #3675 ) ;
#6681 = CARTESIAN_POINT ( 'NONE',  ( -8.959508646656370701, -2.781152949374564809, -6.000000000000000000 ) ) ;
#6682 = EDGE_CURVE ( 'NONE', #1654, #3573, #3474, .T. ) ;
#6683 = CARTESIAN_POINT ( 'NONE',  ( -5.290067270632270002, 7.281152949374520844, -7.000000000000000000 ) ) ;
#6684 = VECTOR ( 'NONE', #3932, 1000.000000000000000 ) ;
#6685 = ORIENTED_EDGE ( 'NONE', *, *, #5807, .F. ) ;
#6686 = DIRECTION ( 'NONE',  ( -0.3090169943749445647, -0.9510565162951545304, 0.000000000000000000 ) ) ;
#6687 = DIRECTION ( 'NONE',  ( -0.8090169943749465631, -0.5877852522924744694, 0.000000000000000000 ) ) ;
#6688 = DIRECTION ( 'NONE',  ( -0.3090169943749383474, -0.9510565162951566398, 0.000000000000000000 ) ) ;
#6689 = ORIENTED_EDGE ( 'NONE', *, *, #1175, .T. ) ;
#6690 = EDGE_CURVE ( 'NONE', #477, #819, #338, .T. ) ;
#6691 = VECTOR ( 'NONE', #3482, 1000.000000000000227 ) ;
#6692 = ORIENTED_EDGE ( 'NONE', *, *, #1365, .F. ) ;
#6693 = CYLINDRICAL_SURFACE ( 'NONE', #513, 0.3999999999999993006 ) ;
#6694 = AXIS2_PLACEMENT_3D ( 'NONE', #4648, #6483, #3305 ) ;
#6695 = VECTOR ( 'NONE', #1533, 1000.000000000000000 ) ;
#6696 = VERTEX_POINT ( 'NONE', #7648 ) ;
#6697 = DIRECTION ( 'NONE',  ( -0.000000000000000000, -0.000000000000000000, 1.000000000000000000 ) ) ;
#6698 = DIRECTION ( 'NONE',  ( -1.000000000000000000, 0.000000000000000000, 0.000000000000000000 ) ) ;
#6699 = ORIENTED_EDGE ( 'NONE', *, *, #7778, .F. ) ;
#6700 = CARTESIAN_POINT ( 'NONE',  ( -2.234524572767709660, -5.582732300020956551, -6.000000000000000000 ) ) ;
#6701 = CARTESIAN_POINT ( 'NONE',  ( 0.000000000000000000, 0.000000000000000000, -7.000000000000000000 ) ) ;
#6702 = EDGE_CURVE ( 'NONE', #3251, #1750, #3943, .T. ) ;
#6703 = EDGE_CURVE ( 'NONE', #5867, #3284, #7562, .T. ) ;
#6704 = CIRCLE ( 'NONE', #7598, 0.4000000000000001332 ) ;
#6705 = CARTESIAN_POINT ( 'NONE',  ( -7.046038848457548909, 5.613674068382220383, -6.000000000000000000 ) ) ;
#6706 = DIRECTION ( 'NONE',  ( -0.8090169943749487835, 0.5877852522924712497, 0.000000000000000000 ) ) ;
#6707 = CARTESIAN_POINT ( 'NONE',  ( -8.683115444406368510, 2.400730342856441268, 6.000000000000000000 ) ) ;
#6708 = CARTESIAN_POINT ( 'NONE',  ( -7.681152949374500771, -5.290067270632293095, -7.000000000000000000 ) ) ;
#6709 = EDGE_LOOP ( 'NONE', ( #2853, #5971, #2795, #3389 ) ) ;
#6710 = CYLINDRICAL_SURFACE ( 'NONE', #7643, 0.4000000000000001887 ) ;
#6711 = CIRCLE ( 'NONE', #7349, 0.3999999999999999112 ) ;
#6712 = ORIENTED_EDGE ( 'NONE', *, *, #1996, .F. ) ;
#6713 = EDGE_CURVE ( 'NONE', #1871, #3807, #479, .T. ) ;
#6714 = ADVANCED_FACE ( 'NONE', ( #2841 ), #5886, .F. ) ;
#6715 = VECTOR ( 'NONE', #5945, 1000.000000000000000 ) ;
#6716 = CARTESIAN_POINT ( 'NONE',  ( -1.854101966249689148, 5.706339097770920965, 6.000000000000000000 ) ) ;
#6717 = VERTEX_POINT ( 'NONE', #7042 ) ;
#6718 = CARTESIAN_POINT ( 'NONE',  ( 4.854101966249718458, -3.526711513754792193, -6.000000000000000000 ) ) ;
#6719 = ORIENTED_EDGE ( 'NONE', *, *, #2386, .T. ) ;
#6720 = DIRECTION ( 'NONE',  ( 0.000000000000000000, 0.000000000000000000, 1.000000000000000000 ) ) ;
#6721 = DIRECTION ( 'NONE',  ( 0.000000000000000000, -0.000000000000000000, 1.000000000000000000 ) ) ;
#6722 = VECTOR ( 'NONE', #922, 999.9999999999998863 ) ;
#6723 = AXIS2_PLACEMENT_3D ( 'NONE', #7519, #256, #4399 ) ;
#6724 =( NAMED_UNIT ( * ) PLANE_ANGLE_UNIT ( ) SI_UNIT ( $, .RADIAN. ) );
#6725 = ORIENTED_EDGE ( 'NONE', *, *, #5672, .T. ) ;
#6726 = DIRECTION ( 'NONE',  ( 0.8090169943749402348, 0.5877852522924831291, 0.000000000000000000 ) ) ;
#6727 = CARTESIAN_POINT ( 'NONE',  ( -3.203104716004866681, 5.089216067166669966, -6.000000000000000000 ) ) ;
#6728 = CARTESIAN_POINT ( 'NONE',  ( -6.000000000000000000, -2.094888803305880013E-14, 6.000000000000000000 ) ) ;
#6729 = ORIENTED_EDGE ( 'NONE', *, *, #1468, .T. ) ;
#6730 = AXIS2_PLACEMENT_3D ( 'NONE', #3606, #6544, #4081 ) ;
#6731 = CIRCLE ( 'NONE', #6222, 0.3999999999999999667 ) ;
#6732 = ORIENTED_EDGE ( 'NONE', *, *, #355, .T. ) ;
#6733 = AXIS2_PLACEMENT_3D ( 'NONE', #4809, #6445, #500 ) ;
#6734 = DIRECTION ( 'NONE',  ( 0.3090169943749584425, -0.9510565162951499785, 0.000000000000000000 ) ) ;
#6735 = CIRCLE ( 'NONE', #418, 0.4000000000000000222 ) ;
#6736 = EDGE_CURVE ( 'NONE', #1770, #4657, #2754, .T. ) ;
#6737 = EDGE_LOOP ( 'NONE', ( #3825, #1296, #7462, #7196 ) ) ;
#6738 = FACE_OUTER_BOUND ( 'NONE', #6709, .T. ) ;
#6739 = CARTESIAN_POINT ( 'NONE',  ( 3.526711513754881455, -4.854101966249653621, 6.000000000000000000 ) ) ;
#6740 = ORIENTED_EDGE ( 'NONE', *, *, #125, .F. ) ;
#6741 = CARTESIAN_POINT ( 'NONE',  ( -8.559508646656389885, 2.781152949374502636, 7.000000000000000000 ) ) ;
#6742 = DIRECTION ( 'NONE',  ( -1.000000000000000000, 0.000000000000000000, 0.000000000000000000 ) ) ;
#6743 = CIRCLE ( 'NONE', #21, 0.4000000000000000222 ) ;
#6744 = AXIS2_PLACEMENT_3D ( 'NONE', #6962, #5842, #426 ) ;
#6745 = AXIS2_PLACEMENT_3D ( 'NONE', #6282, #7528, #2088 ) ;
#6746 = DIRECTION ( 'NONE',  ( -0.000000000000000000, -0.000000000000000000, 1.000000000000000000 ) ) ;
#6747 = LINE ( 'NONE', #4839, #6207 ) ;
#6748 = EDGE_CURVE ( 'NONE', #3947, #3133, #5204, .T. ) ;
#6749 = ADVANCED_FACE ( 'NONE', ( #4017 ), #6443, .F. ) ;
#6750 = DIRECTION ( 'NONE',  ( -0.9510565162951556406, 0.3090169943749408454, 0.000000000000000000 ) ) ;
#6751 = CARTESIAN_POINT ( 'NONE',  ( -6.000000000000000000, -2.094888803305880013E-14, 7.000000000000000000 ) ) ;
#6752 = VECTOR ( 'NONE', #1162, 1000.000000000000000 ) ;
#6753 = ORIENTED_EDGE ( 'NONE', *, *, #592, .F. ) ;
#6754 = CARTESIAN_POINT ( 'NONE',  ( 1.854101966249729561, -5.706339097770907642, -7.000000000000000000 ) ) ;
#6755 = ORIENTED_EDGE ( 'NONE', *, *, #6371, .T. ) ;
#6756 = ORIENTED_EDGE ( 'NONE', *, *, #4760, .F. ) ;
#6757 = EDGE_CURVE ( 'NONE', #4825, #147, #2164, .T. ) ;
#6758 = DIRECTION ( 'NONE',  ( -0.000000000000000000, -0.000000000000000000, -1.000000000000000000 ) ) ;
#6759 = EDGE_CURVE ( 'NONE', #2103, #3835, #4398, .T. ) ;
#6760 = ORIENTED_EDGE ( 'NONE', *, *, #6076, .F. ) ;
#6761 = DIRECTION ( 'NONE',  ( -0.000000000000000000, 0.000000000000000000, -1.000000000000000000 ) ) ;
#6762 = ORIENTED_EDGE ( 'NONE', *, *, #1752, .F. ) ;
#6763 = DIRECTION ( 'NONE',  ( -0.5877852522924624790, -0.8090169943749552228, 0.000000000000000000 ) ) ;
#6764 = FACE_OUTER_BOUND ( 'NONE', #2848, .T. ) ;
#6765 = CIRCLE ( 'NONE', #1700, 0.3999999999999999667 ) ;
#6766 = CYLINDRICAL_SURFACE ( 'NONE', #3767, 0.4000000000000001887 ) ;
#6767 = PLANE ( 'NONE',  #6872 ) ;
#6768 = ADVANCED_FACE ( 'NONE', ( #7683 ), #2240, .T. ) ;
#6769 = VERTEX_POINT ( 'NONE', #6487 ) ;
#6770 = CARTESIAN_POINT ( 'NONE',  ( 5.306339097770900182, 1.854101966249749323, -7.000000000000000000 ) ) ;
#6771 = LINE ( 'NONE', #6126, #1764 ) ;
#6772 = CARTESIAN_POINT ( 'NONE',  ( -7.281152949374536831, 5.290067270632241581, -7.000000000000000000 ) ) ;
#6773 = CARTESIAN_POINT ( 'NONE',  ( 1.473679359731668193, -5.829945895520888932, -7.000000000000000000 ) ) ;
#6774 = ORIENTED_EDGE ( 'NONE', *, *, #5052, .T. ) ;
#6775 = EDGE_LOOP ( 'NONE', ( #954, #3600, #7427, #3975, #3344 ) ) ;
#6776 = CIRCLE ( 'NONE', #3353, 0.3999999999999998557 ) ;
#6777 = DIRECTION ( 'NONE',  ( -1.000000000000000000, 0.000000000000000000, 0.000000000000000000 ) ) ;
#6778 = ORIENTED_EDGE ( 'NONE', *, *, #2734, .T. ) ;
#6779 = DIRECTION ( 'NONE',  ( 0.5877852522924830181, -0.8090169943749402348, 0.000000000000000000 ) ) ;
#6780 = DIRECTION ( 'NONE',  ( -0.000000000000000000, 1.000000000000000000, -0.000000000000000000 ) ) ;
#6781 = ORIENTED_EDGE ( 'NONE', *, *, #5561, .F. ) ;
#6782 = FACE_OUTER_BOUND ( 'NONE', #6467, .T. ) ;
#6783 = EDGE_CURVE ( 'NONE', #7072, #1110, #5167, .T. ) ;
#6784 = CARTESIAN_POINT ( 'NONE',  ( 8.559508646656407649, -2.781152949374444017, 7.000000000000000000 ) ) ;
#6785 = DIRECTION ( 'NONE',  ( -1.000000000000000000, 0.000000000000000000, 0.000000000000000000 ) ) ;
#6786 = CARTESIAN_POINT ( 'NONE',  ( -24.99999999999999645, 54.00000000000000711, 25.40000000000000924 ) ) ;
#6787 = CARTESIAN_POINT ( 'NONE',  ( 3.203104716004903985, -5.089216067166645097, -6.000000000000000000 ) ) ;
#6788 = ORIENTED_EDGE ( 'NONE', *, *, #6503, .F. ) ;
#6789 = DIRECTION ( 'NONE',  ( -1.000000000000000000, 0.000000000000000000, 0.000000000000000000 ) ) ;
#6790 = VERTEX_POINT ( 'NONE', #6002 ) ;
#6791 = ORIENTED_EDGE ( 'NONE', *, *, #639, .T. ) ;
#6792 = EDGE_CURVE ( 'NONE', #5142, #2570, #7758, .T. ) ;
#6793 = DIRECTION ( 'NONE',  ( 0.9510565162951533091, 0.3090169943749482839, -0.000000000000000000 ) ) ;
#6794 = FACE_OUTER_BOUND ( 'NONE', #4675, .T. ) ;
#6795 = CARTESIAN_POINT ( 'NONE',  ( 2.234524572767789152, -5.582732300020924576, -7.000000000000000000 ) ) ;
#6796 = DIRECTION ( 'NONE',  ( -0.000000000000000000, -0.000000000000000000, 1.000000000000000000 ) ) ;
#6797 = DIRECTION ( 'NONE',  ( 0.000000000000000000, -0.000000000000000000, -1.000000000000000000 ) ) ;
#6798 = EDGE_CURVE ( 'NONE', #2356, #6472, #7241, .T. ) ;
#6799 = EDGE_CURVE ( 'NONE', #1594, #287, #866, .T. ) ;
#6800 = LINE ( 'NONE', #4288, #2889 ) ;
#6801 = DIRECTION ( 'NONE',  ( -0.000000000000000000, 0.000000000000000000, 1.000000000000000000 ) ) ;
#6802 = ORIENTED_EDGE ( 'NONE', *, *, #3064, .T. ) ;
#6803 = DIRECTION ( 'NONE',  ( -0.000000000000000000, 0.000000000000000000, 1.000000000000000000 ) ) ;
#6804 = AXIS2_PLACEMENT_3D ( 'NONE', #2821, #5228, #4633 ) ;
#6805 = DIRECTION ( 'NONE',  ( 0.000000000000000000, 0.000000000000000000, 1.000000000000000000 ) ) ;
#6806 = CYLINDRICAL_SURFACE ( 'NONE', #6629, 0.4000000000000001887 ) ;
#6807 = EDGE_LOOP ( 'NONE', ( #2534, #455, #1934, #7212 ) ) ;
#6808 = ORIENTED_EDGE ( 'NONE', *, *, #3951, .T. ) ;
#6809 = ADVANCED_FACE ( 'NONE', ( #6527 ), #28, .F. ) ;
#6810 = AXIS2_PLACEMENT_3D ( 'NONE', #5036, #5513, #765 ) ;
#6811 = ADVANCED_FACE ( 'NONE', ( #7122 ), #1174, .T. ) ;
#6812 = ORIENTED_EDGE ( 'NONE', *, *, #2099, .F. ) ;
#6813 = DIRECTION ( 'NONE',  ( -0.000000000000000000, -0.000000000000000000, -1.000000000000000000 ) ) ;
#6814 = ORIENTED_EDGE ( 'NONE', *, *, #6560, .T. ) ;
#6815 = CARTESIAN_POINT ( 'NONE',  ( -10.00000000000000000, 0.000000000000000000, 7.000000000000000000 ) ) ;
#6816 = VECTOR ( 'NONE', #6041, 1000.000000000000000 ) ;
#6817 = EDGE_LOOP ( 'NONE', ( #5162, #5829, #2127, #1472 ) ) ;
#6818 = CARTESIAN_POINT ( 'NONE',  ( 7.281152949374462224, 5.290067270632348162, -6.000000000000000000 ) ) ;
#6819 = CIRCLE ( 'NONE', #2635, 0.3999999999999999667 ) ;
#6820 = AXIS2_PLACEMENT_3D ( 'NONE', #7361, #2041, #7439 ) ;
#6821 = CIRCLE ( 'NONE', #999, 0.4000000000000001887 ) ;
#6822 = CARTESIAN_POINT ( 'NONE',  ( -9.000000000000001776, 0.3999999999999679923, -6.000000000000000000 ) ) ;
#6823 = DIRECTION ( 'NONE',  ( 1.084202172485504592E-14, -1.000000000000000000, 0.000000000000000000 ) ) ;
#6824 = EDGE_LOOP ( 'NONE', ( #4215, #3135, #3197, #2248 ) ) ;
#6825 = CARTESIAN_POINT ( 'NONE',  ( -3.850318311504791868, -4.618987865332716325, -6.000000000000000000 ) ) ;
#6826 = ORIENTED_EDGE ( 'NONE', *, *, #1141, .T. ) ;
#6827 = FACE_OUTER_BOUND ( 'NONE', #6842, .T. ) ;
#6828 = VERTEX_POINT ( 'NONE', #4733 ) ;
#6829 = DIRECTION ( 'NONE',  ( -0.000000000000000000, -0.000000000000000000, -1.000000000000000000 ) ) ;
#6830 = LINE ( 'NONE', #878, #143 ) ;
#6831 = VECTOR ( 'NONE', #1838, 1000.000000000000000 ) ;
#6832 = EDGE_LOOP ( 'NONE', ( #4921, #2749, #2470, #2168, #1982 ) ) ;
#6833 = AXIS2_PLACEMENT_3D ( 'NONE', #5104, #7545, #5344 ) ;
#6834 = CARTESIAN_POINT ( 'NONE',  ( 5.582732300020916583, 2.234524572767808692, -7.000000000000000000 ) ) ;
#6835 = ADVANCED_FACE ( 'NONE', ( #7281 ), #1096, .F. ) ;
#6836 = ORIENTED_EDGE ( 'NONE', *, *, #1236, .T. ) ;
#6837 = DIRECTION ( 'NONE',  ( 1.000000000000000000, 0.000000000000000000, 0.000000000000000000 ) ) ;
#6838 = CARTESIAN_POINT ( 'NONE',  ( -0.3999999999999995781, 5.999999999999999112, -6.000000000000000000 ) ) ;
#6839 = VECTOR ( 'NONE', #5230, 1000.000000000000000 ) ;
#6840 = FACE_OUTER_BOUND ( 'NONE', #4615, .T. ) ;
#6841 = DIRECTION ( 'NONE',  ( -1.000000000000000000, 0.000000000000000000, 0.000000000000000000 ) ) ;
#6842 = EDGE_LOOP ( 'NONE', ( #4140, #2147, #6072, #6386 ) ) ;
#6843 = EDGE_CURVE ( 'NONE', #6130, #2413, #117, .T. ) ;
#6844 = LINE ( 'NONE', #1297, #2880 ) ;
#6845 = EDGE_CURVE ( 'NONE', #2835, #4952, #2441, .T. ) ;
#6846 = EDGE_CURVE ( 'NONE', #287, #3456, #5918, .T. ) ;
#6847 = DIRECTION ( 'NONE',  ( 1.000000000000000000, 0.000000000000000000, 0.000000000000000000 ) ) ;
#6848 = DIRECTION ( 'NONE',  ( -1.000000000000000000, -1.065514437861031800E-14, 0.000000000000000000 ) ) ;
#6849 = VECTOR ( 'NONE', #5308, 1000.000000000000227 ) ;
#6850 = ORIENTED_EDGE ( 'NONE', *, *, #6657, .F. ) ;
#6851 = EDGE_LOOP ( 'NONE', ( #2289, #6300, #6394, #4731 ) ) ;
#6852 = VECTOR ( 'NONE', #2466, 1000.000000000000000 ) ;
#6853 = ORIENTED_EDGE ( 'NONE', *, *, #4495, .T. ) ;
#6854 = CARTESIAN_POINT ( 'NONE',  ( 3.126711513754774519, 4.854101966249730893, -6.000000000000000000 ) ) ;
#6855 = EDGE_CURVE ( 'NONE', #1154, #5574, #3544, .T. ) ;
#6856 = ORIENTED_EDGE ( 'NONE', *, *, #4123, .F. ) ;
#6857 = DIRECTION ( 'NONE',  ( 0.000000000000000000, -0.000000000000000000, 1.000000000000000000 ) ) ;
#6858 = DIRECTION ( 'NONE',  ( -0.000000000000000000, -0.000000000000000000, -1.000000000000000000 ) ) ;
#6859 = ORIENTED_EDGE ( 'NONE', *, *, #6026, .F. ) ;
#6860 = DIRECTION ( 'NONE',  ( -0.9510565162951566398, 0.3090169943749381254, 0.000000000000000000 ) ) ;
#6861 = AXIS2_PLACEMENT_3D ( 'NONE', #7520, #6120, #694 ) ;
#6862 = AXIS2_PLACEMENT_3D ( 'NONE', #2454, #4860, #4618 ) ;
#6863 = DIRECTION ( 'NONE',  ( -0.000000000000000000, -0.000000000000000000, 1.000000000000000000 ) ) ;
#6864 = CARTESIAN_POINT ( 'NONE',  ( -3.203104716004831598, -5.089216067166692170, -7.000000000000000000 ) ) ;
#6865 = VECTOR ( 'NONE', #6640, 1000.000000000000000 ) ;
#6866 = VERTEX_POINT ( 'NONE', #4807 ) ;
#6867 = CARTESIAN_POINT ( 'NONE',  ( 8.435901848906368627, 3.161575555892684353, -6.000000000000000000 ) ) ;
#6868 = ORIENTED_EDGE ( 'NONE', *, *, #7515, .T. ) ;
#6869 = DIRECTION ( 'NONE',  ( 1.000000000000000000, 0.000000000000000000, 0.000000000000000000 ) ) ;
#6870 = AXIS2_PLACEMENT_3D ( 'NONE', #2079, #6313, #3264 ) ;
#6871 = ORIENTED_EDGE ( 'NONE', *, *, #6068, .T. ) ;
#6872 = AXIS2_PLACEMENT_3D ( 'NONE', #381, #4528, #4099 ) ;
#6873 = AXIS2_PLACEMENT_3D ( 'NONE', #324, #4003, #2738 ) ;
#6874 = FACE_OUTER_BOUND ( 'NONE', #5112, .T. ) ;
#6875 = FACE_BOUND ( 'NONE', #7794, .T. ) ;
#6876 = AXIS2_PLACEMENT_3D ( 'NONE', #2839, #7560, #4649 ) ;
#6877 = PLANE ( 'NONE',  #6420 ) ;
#6878 = CYLINDRICAL_SURFACE ( 'NONE', #6042, 0.4000000000000001887 ) ;
#6879 = VERTEX_POINT ( 'NONE', #1806 ) ;
#6880 = FACE_OUTER_BOUND ( 'NONE', #5461, .T. ) ;
#6881 = FACE_OUTER_BOUND ( 'NONE', #6165, .T. ) ;
#6882 = ORIENTED_EDGE ( 'NONE', *, *, #1038, .F. ) ;
#6883 = VECTOR ( 'NONE', #3128, 1000.000000000000000 ) ;
#6884 = EDGE_CURVE ( 'NONE', #1089, #6769, #2361, .T. ) ;
#6885 = DIRECTION ( 'NONE',  ( -0.000000000000000000, 0.000000000000000000, 1.000000000000000000 ) ) ;
#6886 = CARTESIAN_POINT ( 'NONE',  ( 5.829945895520913801, -1.473679359731567384, -6.000000000000000000 ) ) ;
#6887 = ORIENTED_EDGE ( 'NONE', *, *, #2870, .F. ) ;
#6888 = FACE_OUTER_BOUND ( 'NONE', #2078, .T. ) ;
#6889 = CARTESIAN_POINT ( 'NONE',  ( 3.126711513754881544, -4.854101966249653621, -6.000000000000000000 ) ) ;
#6890 = DIRECTION ( 'NONE',  ( 0.8090169943749487835, -0.5877852522924712497, 0.000000000000000000 ) ) ;
#6891 = ORIENTED_EDGE ( 'NONE', *, *, #3170, .T. ) ;
#6892 = FACE_BOUND ( 'NONE', #4531, .T. ) ;
#6893 = ORIENTED_EDGE ( 'NONE', *, *, #7029, .F. ) ;
#6894 = ADVANCED_FACE ( 'NONE', ( #4216 ), #4100, .T. ) ;
#6895 = VERTEX_POINT ( 'NONE', #651 ) ;
#6896 = FACE_OUTER_BOUND ( 'NONE', #4183, .T. ) ;
#6897 = DIRECTION ( 'NONE',  ( -0.000000000000000000, 0.000000000000000000, 1.000000000000000000 ) ) ;
#6898 = FACE_BOUND ( 'NONE', #7609, .T. ) ;
#6899 = CARTESIAN_POINT ( 'NONE',  ( -7.281152949374536831, 5.290067270632241581, -7.000000000000000000 ) ) ;
#6900 = ORIENTED_EDGE ( 'NONE', *, *, #6403, .F. ) ;
#6901 = FACE_OUTER_BOUND ( 'NONE', #917, .T. ) ;
#6902 = ADVANCED_FACE ( 'NONE', ( #7201 ), #4851, .F. ) ;
#6903 = EDGE_CURVE ( 'NONE', #7013, #2611, #7459, .T. ) ;
#6904 = LINE ( 'NONE', #7502, #1101 ) ;
#6905 = DIRECTION ( 'NONE',  ( 0.000000000000000000, 0.000000000000000000, 1.000000000000000000 ) ) ;
#6906 = ORIENTED_EDGE ( 'NONE', *, *, #4436, .F. ) ;
#6907 = DIRECTION ( 'NONE',  ( 0.000000000000000000, 0.000000000000000000, 1.000000000000000000 ) ) ;
#6908 = ORIENTED_EDGE ( 'NONE', *, *, #1401, .T. ) ;
#6909 = CARTESIAN_POINT ( 'NONE',  ( -5.089216067166657531, -3.203104716004884001, 7.000000000000000000 ) ) ;
#6910 = VERTEX_POINT ( 'NONE', #4173 ) ;
#6911 = AXIS2_PLACEMENT_3D ( 'NONE', #1350, #7345, #4874 ) ;
#6912 = EDGE_CURVE ( 'NONE', #1595, #304, #3400, .T. ) ;
#6913 = CARTESIAN_POINT ( 'NONE',  ( -5.510910596163086597E-16, 9.000000000000000000, -6.000000000000000000 ) ) ;
#6914 = CARTESIAN_POINT ( 'NONE',  ( 3.203104716004792962, 5.089216067166714375, -6.000000000000000000 ) ) ;
#6915 = EDGE_LOOP ( 'NONE', ( #4707, #1459, #2502, #2431 ) ) ;
#6916 = DIRECTION ( 'NONE',  ( -0.5877852522924623679, -0.8090169943749553338, 0.000000000000000000 ) ) ;
#6917 = ORIENTED_EDGE ( 'NONE', *, *, #4894, .T. ) ;
#6918 = LINE ( 'NONE', #1485, #2057 ) ;
#6919 = LINE ( 'NONE', #1919, #2814 ) ;
#6920 = PERSON_AND_ORGANIZATION ( #6561, #5416 ) ;
#6921 = PLANE ( 'NONE',  #7639 ) ;
#6922 = DIRECTION ( 'NONE',  ( 0.3090169943749550563, -0.9510565162951510887, 0.000000000000000000 ) ) ;
#6923 = LINE ( 'NONE', #308, #5074 ) ;
#6924 = CARTESIAN_POINT ( 'NONE',  ( 9.000000000000000000, 9.482108720838090876E-14, 7.000000000000000000 ) ) ;
#6925 = ORIENTED_EDGE ( 'NONE', *, *, #649, .F. ) ;
#6926 = FACE_BOUND ( 'NONE', #4977, .T. ) ;
#6927 = CIRCLE ( 'NONE', #7568, 0.4000000000000001332 ) ;
#6928 = ORIENTED_EDGE ( 'NONE', *, *, #3443, .F. ) ;
#6929 = DIRECTION ( 'NONE',  ( -0.5877852522924656986, -0.8090169943749528914, 0.000000000000000000 ) ) ;
#6930 = FACE_BOUND ( 'NONE', #6031, .T. ) ;
#6931 = DIRECTION ( 'NONE',  ( -0.000000000000000000, -0.000000000000000000, 1.000000000000000000 ) ) ;
#6932 = DESIGN_CONTEXT ( 'detailed design', #2219, 'design' ) ;
#6933 = EDGE_CURVE ( 'NONE', #5126, #7491, #3069, .T. ) ;
#6934 = EDGE_LOOP ( 'NONE', ( #3177, #3990, #4231, #5220 ) ) ;
#6935 = CARTESIAN_POINT ( 'NONE',  ( 3.850318311504757673, 4.618987865332745635, 7.000000000000000000 ) ) ;
#6936 = VECTOR ( 'NONE', #3262, 1000.000000000000000 ) ;
#6937 = CARTESIAN_POINT ( 'NONE',  ( -6.000000000000000888, 0.3999999999999794831, -6.000000000000000000 ) ) ;
#6938 = CARTESIAN_POINT ( 'NONE',  ( -2.781152949374469774, -8.559508646656400543, 6.000000000000000000 ) ) ;
#6939 = CIRCLE ( 'NONE', #7327, 0.4000000000000004108 ) ;
#6940 = VERTEX_POINT ( 'NONE', #691 ) ;
#6941 = LINE ( 'NONE', #3290, #95 ) ;
#6942 = EDGE_CURVE ( 'NONE', #6069, #1984, #140, .T. ) ;
#6943 = ADVANCED_FACE ( 'NONE', ( #98 ), #4920, .T. ) ;
#6944 = ORIENTED_EDGE ( 'NONE', *, *, #6703, .F. ) ;
#6945 = LINE ( 'NONE', #6985, #3824 ) ;
#6946 = VERTEX_POINT ( 'NONE', #6191 ) ;
#6947 = VECTOR ( 'NONE', #3484, 1000.000000000000000 ) ;
#6948 = CIRCLE ( 'NONE', #7588, 0.4000000000000000222 ) ;
#6949 = LINE ( 'NONE', #5830, #3325 ) ;
#6950 = LINE ( 'NONE', #6346, #6722 ) ;
#6951 = VERTEX_POINT ( 'NONE', #5638 ) ;
#6952 = CARTESIAN_POINT ( 'NONE',  ( -1.454101966249689237, 5.706339097770920965, 6.000000000000000000 ) ) ;
#6953 = DIRECTION ( 'NONE',  ( -0.8090169943749553338, 0.5877852522924623679, 0.000000000000000000 ) ) ;
#6954 = EDGE_CURVE ( 'NONE', #3838, #4834, #3142, .T. ) ;
#6955 = VERTEX_POINT ( 'NONE', #2553 ) ;
#6956 = AXIS2_PLACEMENT_3D ( 'NONE', #2123, #1491, #4532 ) ;
#6957 = LINE ( 'NONE', #2629, #5467 ) ;
#6958 = CARTESIAN_POINT ( 'NONE',  ( -8.559508646656389885, 2.781152949374502636, -6.000000000000000000 ) ) ;
#6959 = EDGE_CURVE ( 'NONE', #406, #4952, #1116, .T. ) ;
#6960 = CIRCLE ( 'NONE', #124, 0.9000000000000014655 ) ;
#6961 = APPROVAL_DATE_TIME ( #6439, #1501 ) ;
#6962 = CARTESIAN_POINT ( 'NONE',  ( -9.000000000000000000, -3.197442310920450836E-14, -7.000000000000000000 ) ) ;
#6963 = ORIENTED_EDGE ( 'NONE', *, *, #3214, .F. ) ;
#6964 = DIRECTION ( 'NONE',  ( 1.000000000000000000, 0.000000000000000000, 0.000000000000000000 ) ) ;
#6965 = DIRECTION ( 'NONE',  ( 0.3090169943749582204, -0.9510565162951499785, 0.000000000000000000 ) ) ;
#6966 = CYLINDRICAL_SURFACE ( 'NONE', #7626, 0.3999999999999999667 ) ;
#6967 = ORIENTED_EDGE ( 'NONE', *, *, #7798, .T. ) ;
#6968 = ORIENTED_EDGE ( 'NONE', *, *, #4504, .T. ) ;
#6969 = CIRCLE ( 'NONE', #3541, 0.4000000000000001887 ) ;
#6970 = VERTEX_POINT ( 'NONE', #2509 ) ;
#6971 = AXIS2_PLACEMENT_3D ( 'NONE', #6701, #4871, #3908 ) ;
#6972 = DIRECTION ( 'NONE',  ( -0.000000000000000000, 0.000000000000000000, 1.000000000000000000 ) ) ;
#6973 = CARTESIAN_POINT ( 'NONE',  ( 8.683115444406332983, 2.400730342856564725, 6.000000000000000000 ) ) ;
#6974 = CARTESIAN_POINT ( 'NONE',  ( 2.234524572767789152, -5.582732300020924576, 6.000000000000000000 ) ) ;
#6975 = ORIENTED_EDGE ( 'NONE', *, *, #4515, .F. ) ;
#6976 = CARTESIAN_POINT ( 'NONE',  ( 5.999999999999994671, 0.4000000000000624167, 6.000000000000000000 ) ) ;
#6977 = CIRCLE ( 'NONE', #5445, 0.3999999999999999667 ) ;
#6978 = EDGE_CURVE ( 'NONE', #722, #3570, #1327, .T. ) ;
#6979 = CIRCLE ( 'NONE', #3050, 0.3999999999999998557 ) ;
#6980 = CARTESIAN_POINT ( 'NONE',  ( 3.161575555892476963, 8.435901848906445011, 7.000000000000000000 ) ) ;
#6981 = DIRECTION ( 'NONE',  ( -0.000000000000000000, -0.000000000000000000, 1.000000000000000000 ) ) ;
#6982 = ORIENTED_EDGE ( 'NONE', *, *, #258, .T. ) ;
#6983 = DIRECTION ( 'NONE',  ( -0.000000000000000000, -0.000000000000000000, 1.000000000000000000 ) ) ;
#6984 = ORIENTED_EDGE ( 'NONE', *, *, #5478, .T. ) ;
#6985 = CARTESIAN_POINT ( 'NONE',  ( -57.50000000000000000, 54.00000000000000711, -38.50000000000000000 ) ) ;
#6986 = EDGE_LOOP ( 'NONE', ( #913, #480, #7733, #787 ) ) ;
#6987 = EDGE_CURVE ( 'NONE', #6404, #5989, #2124, .T. ) ;
#6988 = EDGE_CURVE ( 'NONE', #7267, #5591, #612, .T. ) ;
#6989 = VECTOR ( 'NONE', #4685, 1000.000000000000000 ) ;
#6990 = FACE_OUTER_BOUND ( 'NONE', #2589, .T. ) ;
#6991 = CARTESIAN_POINT ( 'NONE',  ( -9.000000000000000000, -0.4000000000000315525, -6.000000000000000000 ) ) ;
#6992 = EDGE_LOOP ( 'NONE', ( #1573, #6788, #3863, #4700 ) ) ;
#6993 = DIRECTION ( 'NONE',  ( -0.5877852522924656986, -0.8090169943749528914, 0.000000000000000000 ) ) ;
#6994 = VECTOR ( 'NONE', #7482, 1000.000000000000000 ) ;
#6995 = DIRECTION ( 'NONE',  ( 1.000000000000000000, 1.807003620809172906E-16, 0.000000000000000000 ) ) ;
#6996 = AXIS2_PLACEMENT_3D ( 'NONE', #3150, #849, #262 ) ;
#6997 = VERTEX_POINT ( 'NONE', #6117 ) ;
#6998 = CARTESIAN_POINT ( 'NONE',  ( 4.454101966249641720, 3.526711513754897886, -6.000000000000000000 ) ) ;
#6999 = CARTESIAN_POINT ( 'NONE',  ( 5.089216067166703716, -3.203104716004810726, -7.000000000000000000 ) ) ;
#7000 = VERTEX_POINT ( 'NONE', #7397 ) ;
#7001 = CIRCLE ( 'NONE', #165, 0.4000000000000000222 ) ;
#7002 = EDGE_CURVE ( 'NONE', #2961, #7677, #5602, .T. ) ;
#7003 = AXIS2_PLACEMENT_3D ( 'NONE', #5317, #7755, #1283 ) ;
#7004 = ADVANCED_FACE ( 'NONE', ( #3814 ), #3702, .F. ) ;
#7005 = DIRECTION ( 'NONE',  ( 1.000000000000000000, 3.672181700924050498E-15, 0.000000000000000000 ) ) ;
#7006 = EDGE_LOOP ( 'NONE', ( #5139, #231, #2608, #7569, #3763 ) ) ;
#7007 = AXIS2_PLACEMENT_3D ( 'NONE', #2998, #5376, #4188 ) ;
#7008 = CARTESIAN_POINT ( 'NONE',  ( -5.582732300020933458, -2.234524572767770056, 6.000000000000000000 ) ) ;
#7009 = ORIENTED_EDGE ( 'NONE', *, *, #1469, .F. ) ;
#7010 = CARTESIAN_POINT ( 'NONE',  ( 5.582732300020916583, 2.234524572767808692, -6.000000000000000000 ) ) ;
#7011 = CARTESIAN_POINT ( 'NONE',  ( 2.400730342856534083, -8.683115444406343642, 7.000000000000000000 ) ) ;
#7012 = CIRCLE ( 'NONE', #52, 0.3999999999999999112 ) ;
#7013 = VERTEX_POINT ( 'NONE', #6795 ) ;
#7014 = ADVANCED_FACE ( 'NONE', ( #182 ), #1360, .F. ) ;
#7015 = ORIENTED_EDGE ( 'NONE', *, *, #6855, .F. ) ;
#7016 = DIRECTION ( 'NONE',  ( -0.000000000000000000, -0.000000000000000000, 1.000000000000000000 ) ) ;
#7017 = CYLINDRICAL_SURFACE ( 'NONE', #6437, 0.4000000000000001887 ) ;
#7018 = FACE_OUTER_BOUND ( 'NONE', #3116, .T. ) ;
#7019 = CARTESIAN_POINT ( 'NONE',  ( -2.234524572767709660, -5.582732300020956551, 7.000000000000000000 ) ) ;
#7020 = VERTEX_POINT ( 'NONE', #4439 ) ;
#7021 = DIRECTION ( 'NONE',  ( -0.000000000000000000, -0.000000000000000000, -1.000000000000000000 ) ) ;
#7022 = CARTESIAN_POINT ( 'NONE',  ( 6.000000000000000000, 6.284666409917640040E-14, -6.000000000000000000 ) ) ;
#7023 = LINE ( 'NONE', #1112, #2155 ) ;
#7024 = VERTEX_POINT ( 'NONE', #7434 ) ;
#7025 = LINE ( 'NONE', #4509, #2877 ) ;
#7026 = ORIENTED_EDGE ( 'NONE', *, *, #7586, .F. ) ;
#7027 = DIRECTION ( 'NONE',  ( -0.000000000000000000, -0.000000000000000000, 1.000000000000000000 ) ) ;
#7028 = ORIENTED_EDGE ( 'NONE', *, *, #4555, .F. ) ;
#7029 = EDGE_CURVE ( 'NONE', #2434, #2169, #1990, .T. ) ;
#7030 = EDGE_LOOP ( 'NONE', ( #2064, #6725, #5252, #3492, #4210 ) ) ;
#7031 = DIRECTION ( 'NONE',  ( -1.807003620809172906E-16, 1.000000000000000000, 0.000000000000000000 ) ) ;
#7032 = CARTESIAN_POINT ( 'NONE',  ( -7.516267050291528307, 4.966460472882263666, 7.000000000000000000 ) ) ;
#7033 = DIRECTION ( 'NONE',  ( 1.000000000000000000, 0.000000000000000000, 0.000000000000000000 ) ) ;
#7034 = FACE_OUTER_BOUND ( 'NONE', #7674, .T. ) ;
#7035 = ORIENTED_EDGE ( 'NONE', *, *, #2644, .T. ) ;
#7036 = DIRECTION ( 'NONE',  ( -0.000000000000000000, -0.000000000000000000, -1.000000000000000000 ) ) ;
#7037 = CARTESIAN_POINT ( 'NONE',  ( 2.234524572767672801, 5.582732300020971650, -6.000000000000000000 ) ) ;
#7038 = VERTEX_POINT ( 'NONE', #6834 ) ;
#7039 = ADVANCED_FACE ( 'NONE', ( #1403 ), #6235, .T. ) ;
#7040 = FACE_OUTER_BOUND ( 'NONE', #3831, .T. ) ;
#7041 = ORIENTED_EDGE ( 'NONE', *, *, #36, .T. ) ;
#7042 = CARTESIAN_POINT ( 'NONE',  ( 5.089216067166633550, 3.203104716004921304, -6.000000000000000000 ) ) ;
#7043 = ORIENTED_EDGE ( 'NONE', *, *, #307, .F. ) ;
#7044 = FACE_OUTER_BOUND ( 'NONE', #5577, .T. ) ;
#7045 = DIRECTION ( 'NONE',  ( -0.000000000000000000, 1.000000000000000000, -0.000000000000000000 ) ) ;
#7046 = ADVANCED_FACE ( 'NONE', ( #4283 ), #6878, .F. ) ;
#7047 = ADVANCED_FACE ( 'NONE', ( #5676 ), #1286, .F. ) ;
#7048 = ORIENTED_EDGE ( 'NONE', *, *, #3019, .T. ) ;
#7049 = ORIENTED_EDGE ( 'NONE', *, *, #516, .F. ) ;
#7050 = EDGE_LOOP ( 'NONE', ( #1199, #2368, #579, #6339 ) ) ;
#7051 = CYLINDRICAL_SURFACE ( 'NONE', #7529, 0.4000000000000001887 ) ;
#7052 = CARTESIAN_POINT ( 'NONE',  ( 3.850318311504857594, -4.618987865332661258, 6.000000000000000000 ) ) ;
#7053 = FACE_OUTER_BOUND ( 'NONE', #3790, .T. ) ;
#7054 = DIRECTION ( 'NONE',  ( -4.336808689942017736E-15, 1.000000000000000000, 0.000000000000000000 ) ) ;
#7055 = EDGE_CURVE ( 'NONE', #3584, #4466, #1483, .T. ) ;
#7056 = ORIENTED_EDGE ( 'NONE', *, *, #6017, .F. ) ;
#7057 = DIRECTION ( 'NONE',  ( 0.000000000000000000, 0.000000000000000000, -1.000000000000000000 ) ) ;
#7058 = EDGE_CURVE ( 'NONE', #5591, #7267, #5529, .T. ) ;
#7059 = AXIS2_PLACEMENT_3D ( 'NONE', #5026, #245, #6225 ) ;
#7060 = DIRECTION ( 'NONE',  ( -0.000000000000000000, -0.000000000000000000, 1.000000000000000000 ) ) ;
#7061 = DIRECTION ( 'NONE',  ( -0.000000000000000000, -0.000000000000000000, 1.000000000000000000 ) ) ;
#7062 = ORIENTED_EDGE ( 'NONE', *, *, #4652, .F. ) ;
#7063 = CARTESIAN_POINT ( 'NONE',  ( 3.850318311504857594, -4.618987865332661258, 7.000000000000000000 ) ) ;
#7064 = ORIENTED_EDGE ( 'NONE', *, *, #5671, .F. ) ;
#7065 = LINE ( 'NONE', #1475, #3196 ) ;
#7066 = ORIENTED_EDGE ( 'NONE', *, *, #4943, .T. ) ;
#7067 = EDGE_LOOP ( 'NONE', ( #7363, #807, #1575, #7623, #1499 ) ) ;
#7068 = CARTESIAN_POINT ( 'NONE',  ( 0.3999999999999995781, -5.999999999999999112, 6.000000000000000000 ) ) ;
#7069 = DIRECTION ( 'NONE',  ( -1.000000000000000000, 0.000000000000000000, 0.000000000000000000 ) ) ;
#7070 = DIRECTION ( 'NONE',  ( 0.000000000000000000, 0.000000000000000000, 1.000000000000000000 ) ) ;
#7071 = DIRECTION ( 'NONE',  ( 0.000000000000000000, 0.000000000000000000, 1.000000000000000000 ) ) ;
#7072 = VERTEX_POINT ( 'NONE', #1156 ) ;
#7073 = LINE ( 'NONE', #4762, #4711 ) ;
#7074 = CARTESIAN_POINT ( 'NONE',  ( -3.161575555892532030, -8.435901848906425471, -6.000000000000000000 ) ) ;
#7075 = VERTEX_POINT ( 'NONE', #4154 ) ;
#7076 = AXIS2_PLACEMENT_3D ( 'NONE', #4465, #3245, #2015 ) ;
#7077 = AXIS2_PLACEMENT_3D ( 'NONE', #2564, #6158, #5086 ) ;
#7078 = DATE_AND_TIME ( #6399, #6175 ) ;
#7079 = CARTESIAN_POINT ( 'NONE',  ( 25.00000000000001066, -9.999999999999994671, -24.50000000000002842 ) ) ;
#7080 = APPROVAL_PERSON_ORGANIZATION ( #1605, #919, #4057 ) ;
#7081 = EDGE_CURVE ( 'NONE', #64, #6522, #2709, .T. ) ;
#7082 = VECTOR ( 'NONE', #5802, 1000.000000000000114 ) ;
#7083 = ORIENTED_EDGE ( 'NONE', *, *, #2644, .F. ) ;
#7084 = DIRECTION ( 'NONE',  ( -0.000000000000000000, 0.000000000000000000, -1.000000000000000000 ) ) ;
#7085 = ORIENTED_EDGE ( 'NONE', *, *, #3475, .T. ) ;
#7086 = CARTESIAN_POINT ( 'NONE',  ( -4.854101966249667832, -3.526711513754861915, -6.000000000000000000 ) ) ;
#7087 = FACE_OUTER_BOUND ( 'NONE', #5628, .T. ) ;
#7088 = ORIENTED_EDGE ( 'NONE', *, *, #7185, .F. ) ;
#7089 = EDGE_LOOP ( 'NONE', ( #6511, #343, #1380, #6826, #3083 ) ) ;
#7090 = EDGE_CURVE ( 'NONE', #2279, #6060, #7834, .T. ) ;
#7091 = ADVANCED_FACE ( 'NONE', ( #3893 ), #7517, .F. ) ;
#7092 = ORIENTED_EDGE ( 'NONE', *, *, #2781, .T. ) ;
#7093 = CARTESIAN_POINT ( 'NONE',  ( -1.854101966249646960, -5.706339097770934288, 7.000000000000000000 ) ) ;
#7094 = DIRECTION ( 'NONE',  ( 0.5877852522924713607, 0.8090169943749486725, 0.000000000000000000 ) ) ;
#7095 = DIRECTION ( 'NONE',  ( -0.000000000000000000, -0.000000000000000000, 1.000000000000000000 ) ) ;
#7096 = DIRECTION ( 'NONE',  ( -0.9510565162951514218, -0.3090169943749541126, 0.000000000000000000 ) ) ;
#7097 = AXIS2_PLACEMENT_3D ( 'NONE', #1708, #6981, #5178 ) ;
#7098 = ORIENTED_EDGE ( 'NONE', *, *, #3401, .F. ) ;
#7099 = EDGE_CURVE ( 'NONE', #4200, #2216, #230, .T. ) ;
#7100 = CARTESIAN_POINT ( 'NONE',  ( 2.781152949374594563, -8.559508646656361464, -7.000000000000000000 ) ) ;
#7101 = VERTEX_POINT ( 'NONE', #3569 ) ;
#7102 = CARTESIAN_POINT ( 'NONE',  ( 5.582732300020962768, -2.234524572767692341, -7.000000000000000000 ) ) ;
#7103 = EDGE_LOOP ( 'NONE', ( #5449, #6639, #5359, #2552, #3476 ) ) ;
#7104 = FACE_OUTER_BOUND ( 'NONE', #4395, .T. ) ;
#7105 = VECTOR ( 'NONE', #5427, 1000.000000000000000 ) ;
#7106 = VERTEX_POINT ( 'NONE', #2667 ) ;
#7107 = AXIS2_PLACEMENT_3D ( 'NONE', #2670, #5641, #6837 ) ;
#7108 = ORIENTED_EDGE ( 'NONE', *, *, #2760, .T. ) ;
#7109 = CARTESIAN_POINT ( 'NONE',  ( 5.829945895520883603, 1.473679359731688843, -7.000000000000000000 ) ) ;
#7110 = DIRECTION ( 'NONE',  ( -0.000000000000000000, -0.000000000000000000, 1.000000000000000000 ) ) ;
#7111 = CARTESIAN_POINT ( 'NONE',  ( -2.400730342856408406, -8.683115444406379169, -6.000000000000000000 ) ) ;
#7112 = DIRECTION ( 'NONE',  ( 3.672181700924050498E-15, -1.000000000000000000, 0.000000000000000000 ) ) ;
#7113 = ORIENTED_EDGE ( 'NONE', *, *, #249, .F. ) ;
#7114 = AXIS2_PLACEMENT_3D ( 'NONE', #7299, #1828, #4787 ) ;
#7115 = DIRECTION ( 'NONE',  ( -1.000000000000000000, 0.000000000000000000, 0.000000000000000000 ) ) ;
#7116 = LINE ( 'NONE', #1053, #2687 ) ;
#7117 = ORIENTED_EDGE ( 'NONE', *, *, #4136, .F. ) ;
#7118 = AXIS2_PLACEMENT_3D ( 'NONE', #6958, #5719, #5198 ) ;
#7119 = CARTESIAN_POINT ( 'NONE',  ( -9.000000000000000000, -3.197442310920450836E-14, -6.000000000000000000 ) ) ;
#7120 = VECTOR ( 'NONE', #5625, 1000.000000000000000 ) ;
#7121 = ORIENTED_EDGE ( 'NONE', *, *, #2100, .T. ) ;
#7122 = FACE_OUTER_BOUND ( 'NONE', #3438, .T. ) ;
#7123 = VERTEX_POINT ( 'NONE', #4480 ) ;
#7124 = VECTOR ( 'NONE', #6595, 1000.000000000000000 ) ;
#7125 = LINE ( 'NONE', #1015, #1921 ) ;
#7126 = LINE ( 'NONE', #4619, #5862 ) ;
#7127 = ORIENTED_EDGE ( 'NONE', *, *, #6457, .T. ) ;
#7128 = CIRCLE ( 'NONE', #5722, 0.4000000000000001332 ) ;
#7129 = VECTOR ( 'NONE', #2664, 1000.000000000000227 ) ;
#7130 = CC_DESIGN_PERSON_AND_ORGANIZATION_ASSIGNMENT ( #2714, #1488, ( #6189 ) ) ;
#7131 = DIRECTION ( 'NONE',  ( 1.807003620809173892E-16, -1.000000000000000000, 0.000000000000000000 ) ) ;
#7132 = CARTESIAN_POINT ( 'NONE',  ( -5.582732300020933458, -2.234524572767770056, -6.000000000000000000 ) ) ;
#7133 = ORIENTED_EDGE ( 'NONE', *, *, #68, .T. ) ;
#7134 = DIRECTION ( 'NONE',  ( -1.000000000000000000, -1.065514437861031800E-14, 0.000000000000000000 ) ) ;
#7135 = DIRECTION ( 'NONE',  ( 0.000000000000000000, 0.000000000000000000, 1.000000000000000000 ) ) ;
#7136 = CIRCLE ( 'NONE', #2831, 0.3999999999999999112 ) ;
#7137 = CARTESIAN_POINT ( 'NONE',  ( 8.683115444406332983, 2.400730342856564725, 7.000000000000000000 ) ) ;
#7138 = CARTESIAN_POINT ( 'NONE',  ( 2.400730342856351562, 8.683115444406393379, -6.000000000000000000 ) ) ;
#7139 = ORIENTED_EDGE ( 'NONE', *, *, #737, .T. ) ;
#7140 = ADVANCED_FACE ( 'NONE', ( #881 ), #6350, .T. ) ;
#7141 = DIRECTION ( 'NONE',  ( 0.9510565162951577500, -0.3090169943749347392, 0.000000000000000000 ) ) ;
#7142 = ORIENTED_EDGE ( 'NONE', *, *, #7081, .F. ) ;
#7143 = PLANE ( 'NONE',  #1538 ) ;
#7144 = LINE ( 'NONE', #2303, #2887 ) ;
#7145 = ORIENTED_EDGE ( 'NONE', *, *, #3019, .F. ) ;
#7146 = VECTOR ( 'NONE', #5430, 999.9999999999998863 ) ;
#7147 = DIRECTION ( 'NONE',  ( -0.9510565162951544194, 0.3090169943749445092, 0.000000000000000000 ) ) ;
#7148 = ADVANCED_FACE ( 'NONE', ( #3298 ), #5715, .F. ) ;
#7149 = EDGE_LOOP ( 'NONE', ( #4488, #3523, #980, #3610, #7450 ) ) ;
#7150 = EDGE_CURVE ( 'NONE', #7625, #5849, #5152, .T. ) ;
#7151 = CARTESIAN_POINT ( 'NONE',  ( 5.089216067166633550, 3.203104716004921304, 6.000000000000000000 ) ) ;
#7152 = LINE ( 'NONE', #1718, #3927 ) ;
#7153 = DIRECTION ( 'NONE',  ( -0.000000000000000000, -0.000000000000000000, 1.000000000000000000 ) ) ;
#7154 = FACE_OUTER_BOUND ( 'NONE', #6390, .T. ) ;
#7155 = ORIENTED_EDGE ( 'NONE', *, *, #4944, .T. ) ;
#7156 = LINE ( 'NONE', #1724, #2669 ) ;
#7157 = CARTESIAN_POINT ( 'NONE',  ( 5.089216067166633550, 3.203104716004921304, -7.000000000000000000 ) ) ;
#7158 = EDGE_LOOP ( 'NONE', ( #756, #2281, #499, #77 ) ) ;
#7159 = EDGE_CURVE ( 'NONE', #2961, #6583, #926, .T. ) ;
#7160 = FACE_OUTER_BOUND ( 'NONE', #6737, .T. ) ;
#7161 = CIRCLE ( 'NONE', #6268, 2.750000000000000000 ) ;
#7162 = ORIENTED_EDGE ( 'NONE', *, *, #5205, .T. ) ;
#7163 = CARTESIAN_POINT ( 'NONE',  ( -6.000000000000000888, 0.3999999999999794831, -6.000000000000000000 ) ) ;
#7164 = ORIENTED_EDGE ( 'NONE', *, *, #7776, .T. ) ;
#7165 = CARTESIAN_POINT ( 'NONE',  ( -3.203104716004831154, -5.089216067166691282, 7.000000000000000000 ) ) ;
#7166 = CARTESIAN_POINT ( 'NONE',  ( 9.000000000000000000, 9.482108720838090876E-14, 6.000000000000000000 ) ) ;
#7167 = VERTEX_POINT ( 'NONE', #3337 ) ;
#7168 = VECTOR ( 'NONE', #4243, 1000.000000000000000 ) ;
#7169 = DIRECTION ( 'NONE',  ( -0.5877852522924653655, -0.8090169943749531134, 0.000000000000000000 ) ) ;
#7170 = DIRECTION ( 'NONE',  ( -0.000000000000000000, -0.000000000000000000, 1.000000000000000000 ) ) ;
#7171 = VERTEX_POINT ( 'NONE', #5753 ) ;
#7172 = CARTESIAN_POINT ( 'NONE',  ( 4.854101966249641187, 3.526711513754897886, 6.000000000000000000 ) ) ;
#7173 = LINE ( 'NONE', #3516, #7715 ) ;
#7174 = CARTESIAN_POINT ( 'NONE',  ( 5.306339097770939262, -1.854101966249629641, -7.000000000000000000 ) ) ;
#7175 = DIRECTION ( 'NONE',  ( 0.000000000000000000, 0.000000000000000000, 1.000000000000000000 ) ) ;
#7176 = ORIENTED_EDGE ( 'NONE', *, *, #6449, .F. ) ;
#7177 = CARTESIAN_POINT ( 'NONE',  ( 5.706339097770900537, 1.854101966249749323, 7.000000000000000000 ) ) ;
#7178 = ADVANCED_FACE ( 'NONE', ( #2745 ), #7181, .F. ) ;
#7179 = ORIENTED_EDGE ( 'NONE', *, *, #946, .T. ) ;
#7180 = FACE_OUTER_BOUND ( 'NONE', #4429, .T. ) ;
#7181 = CYLINDRICAL_SURFACE ( 'NONE', #1364, 0.3999999999999993006 ) ;
#7182 = EDGE_LOOP ( 'NONE', ( #6812, #3420, #1687, #2847, #2106 ) ) ;
#7183 = LINE ( 'NONE', #4156, #3036 ) ;
#7184 = EDGE_LOOP ( 'NONE', ( #3428, #2820, #1095, #5251 ) ) ;
#7185 = EDGE_CURVE ( 'NONE', #3456, #5936, #7144, .T. ) ;
#7186 = CYLINDRICAL_SURFACE ( 'NONE', #3585, 0.9000000000000014655 ) ;
#7187 = CARTESIAN_POINT ( 'NONE',  ( 5.290067270632322405, -7.281152949374479100, 6.000000000000000000 ) ) ;
#7188 = EDGE_CURVE ( 'NONE', #5210, #3373, #7739, .T. ) ;
#7189 = ADVANCED_FACE ( 'NONE', ( #4117 ), #6545, .T. ) ;
#7190 = VECTOR ( 'NONE', #7664, 1000.000000000000000 ) ;
#7191 = DIRECTION ( 'NONE',  ( 0.9510565162951499785, 0.3090169943749583314, 0.000000000000000000 ) ) ;
#7192 = DIRECTION ( 'NONE',  ( -1.065514437861031800E-14, 1.000000000000000000, 0.000000000000000000 ) ) ;
#7193 = ORIENTED_EDGE ( 'NONE', *, *, #2386, .F. ) ;
#7194 = DIRECTION ( 'NONE',  ( -0.3090169943749517811, 0.9510565162951520879, 0.000000000000000000 ) ) ;
#7195 = DIRECTION ( 'NONE',  ( 0.9510565162951535312, 0.3090169943749473402, 0.000000000000000000 ) ) ;
#7196 = ORIENTED_EDGE ( 'NONE', *, *, #7387, .F. ) ;
#7197 = AXIS2_PLACEMENT_3D ( 'NONE', #1939, #6698, #6022 ) ;
#7198 = DIRECTION ( 'NONE',  ( -0.000000000000000000, -0.000000000000000000, 1.000000000000000000 ) ) ;
#7199 = EDGE_CURVE ( 'NONE', #6169, #6298, #521, .T. ) ;
#7200 = ORIENTED_EDGE ( 'NONE', *, *, #7002, .F. ) ;
#7201 = FACE_OUTER_BOUND ( 'NONE', #6283, .T. ) ;
#7202 = AXIS2_PLACEMENT_3D ( 'NONE', #1705, #6538, #7096 ) ;
#7203 = ORIENTED_EDGE ( 'NONE', *, *, #2723, .F. ) ;
#7204 = AXIS2_PLACEMENT_3D ( 'NONE', #196, #3752, #2647 ) ;
#7205 = DIRECTION ( 'NONE',  ( -0.8090169943749422332, -0.5877852522924802425, 0.000000000000000000 ) ) ;
#7206 = CARTESIAN_POINT ( 'NONE',  ( 1.473679359731546956, 5.829945895520919130, 6.000000000000000000 ) ) ;
#7207 = ORIENTED_EDGE ( 'NONE', *, *, #4408, .T. ) ;
#7208 = VECTOR ( 'NONE', #5809, 1000.000000000000000 ) ;
#7209 = LINE ( 'NONE', #7844, #3645 ) ;
#7210 = ADVANCED_FACE ( 'NONE', ( #3006 ), #564, .T. ) ;
#7211 = CARTESIAN_POINT ( 'NONE',  ( 25.00000000000001066, 50.00000000000000000, -23.60000000000002629 ) ) ;
#7212 = ORIENTED_EDGE ( 'NONE', *, *, #5329, .T. ) ;
#7213 = DIRECTION ( 'NONE',  ( 0.8090169943749556669, -0.5877852522924618128, 0.000000000000000000 ) ) ;
#7214 = FACE_OUTER_BOUND ( 'NONE', #4404, .T. ) ;
#7215 = DIRECTION ( 'NONE',  ( -0.000000000000000000, -0.000000000000000000, 1.000000000000000000 ) ) ;
#7216 = DIRECTION ( 'NONE',  ( -0.000000000000000000, -0.000000000000000000, -1.000000000000000000 ) ) ;
#7217 = ORIENTED_EDGE ( 'NONE', *, *, #7613, .F. ) ;
#7218 = AXIS2_PLACEMENT_3D ( 'NONE', #2468, #607, #5951 ) ;
#7219 = PLANE ( 'NONE',  #1011 ) ;
#7220 = ORIENTED_EDGE ( 'NONE', *, *, #847, .T. ) ;
#7221 = CARTESIAN_POINT ( 'NONE',  ( -1.473679359731585148, -5.829945895520909360, 6.000000000000000000 ) ) ;
#7222 = DIRECTION ( 'NONE',  ( -0.000000000000000000, -0.000000000000000000, -1.000000000000000000 ) ) ;
#7223 = ORIENTED_EDGE ( 'NONE', *, *, #4981, .F. ) ;
#7224 = DIRECTION ( 'NONE',  ( 0.8090169943749463410, 0.5877852522924744694, 0.000000000000000000 ) ) ;
#7225 = ORIENTED_EDGE ( 'NONE', *, *, #4365, .F. ) ;
#7226 = PRODUCT ( '1_4', '1_4', '', ( #1058 ) ) ;
#7227 = VECTOR ( 'NONE', #2573, 1000.000000000000000 ) ;
#7228 = EDGE_CURVE ( 'NONE', #1102, #5692, #49, .T. ) ;
#7229 = DIRECTION ( 'NONE',  ( -0.000000000000000000, -0.000000000000000000, 1.000000000000000000 ) ) ;
#7230 = CARTESIAN_POINT ( 'NONE',  ( -5.582732300020933458, -2.234524572767770056, 6.000000000000000000 ) ) ;
#7231 = FACE_OUTER_BOUND ( 'NONE', #3032, .T. ) ;
#7232 = DIRECTION ( 'NONE',  ( 1.000000000000000000, 0.000000000000000000, 0.000000000000000000 ) ) ;
#7233 = AXIS2_PLACEMENT_3D ( 'NONE', #3609, #6024, #599 ) ;
#7234 = ORIENTED_EDGE ( 'NONE', *, *, #7199, .T. ) ;
#7235 = CARTESIAN_POINT ( 'NONE',  ( -5.690067270632270358, 7.281152949374520844, -6.000000000000000000 ) ) ;
#7236 = ORIENTED_EDGE ( 'NONE', *, *, #514, .T. ) ;
#7237 = EDGE_CURVE ( 'NONE', #3277, #3679, #4236, .T. ) ;
#7238 = VECTOR ( 'NONE', #6706, 1000.000000000000000 ) ;
#7239 = CYLINDRICAL_SURFACE ( 'NONE', #3581, 0.4000000000000001887 ) ;
#7240 = VECTOR ( 'NONE', #4939, 1000.000000000000000 ) ;
#7241 = LINE ( 'NONE', #578, #1379 ) ;
#7242 = VERTEX_POINT ( 'NONE', #597 ) ;
#7243 = CARTESIAN_POINT ( 'NONE',  ( 0.4000000000000004108, 5.999999999999999112, -6.000000000000000000 ) ) ;
#7244 = CARTESIAN_POINT ( 'NONE',  ( -7.281152949374500416, -5.290067270632293095, -6.000000000000000000 ) ) ;
#7245 = AXIS2_PLACEMENT_3D ( 'NONE', #7813, #4148, #2372 ) ;
#7246 = ADVANCED_FACE ( 'NONE', ( #1345 ), #5421, .F. ) ;
#7247 = ADVANCED_FACE ( 'NONE', ( #3678 ), #1198, .F. ) ;
#7248 = CIRCLE ( 'NONE', #2685, 0.3999999999999998002 ) ;
#7249 = CARTESIAN_POINT ( 'NONE',  ( 4.618987865332731424, -3.850318311504773661, 7.000000000000000000 ) ) ;
#7250 = CARTESIAN_POINT ( 'NONE',  ( 5.089216067166633550, 3.203104716004921304, 6.000000000000000000 ) ) ;
#7251 = ORIENTED_EDGE ( 'NONE', *, *, #2681, .T. ) ;
#7252 = CARTESIAN_POINT ( 'NONE',  ( -8.435901848906391720, -3.161575555892626177, 6.000000000000000000 ) ) ;
#7253 = FACE_OUTER_BOUND ( 'NONE', #5242, .T. ) ;
#7254 = DIRECTION ( 'NONE',  ( -0.000000000000000000, -0.000000000000000000, -1.000000000000000000 ) ) ;
#7255 = VECTOR ( 'NONE', #6763, 999.9999999999998863 ) ;
#7256 = CIRCLE ( 'NONE', #1042, 0.4000000000000000222 ) ;
#7257 = ORIENTED_EDGE ( 'NONE', *, *, #125, .T. ) ;
#7258 = ADVANCED_FACE ( 'NONE', ( #674 ), #5987, .F. ) ;
#7259 = VECTOR ( 'NONE', #490, 1000.000000000000000 ) ;
#7260 = AXIS2_PLACEMENT_3D ( 'NONE', #4359, #6793, #6186 ) ;
#7261 = ORIENTED_EDGE ( 'NONE', *, *, #2405, .T. ) ;
#7262 = DIRECTION ( 'NONE',  ( -0.000000000000000000, 0.000000000000000000, -1.000000000000000000 ) ) ;
#7263 = VERTEX_POINT ( 'NONE', #6663 ) ;
#7264 = DIRECTION ( 'NONE',  ( 0.9510565162951521989, 0.3090169943749517256, 0.000000000000000000 ) ) ;
#7266 = VECTOR ( 'NONE', #7254, 1000.000000000000000 ) ;
#7265 = LINE ( 'NONE', #3720, #4651 ) ;
#7267 = VERTEX_POINT ( 'NONE', #1266 ) ;
#7268 = CARTESIAN_POINT ( 'NONE',  ( 3.203104716004792962, 5.089216067166714375, 7.000000000000000000 ) ) ;
#7269 = VERTEX_POINT ( 'NONE', #3089 ) ;
#7270 = CIRCLE ( 'NONE', #3834, 0.3999999999999998557 ) ;
#7271 = DIRECTION ( 'NONE',  ( -1.000000000000000000, 0.000000000000000000, 0.000000000000000000 ) ) ;
#7272 = DIRECTION ( 'NONE',  ( 0.000000000000000000, 0.000000000000000000, 1.000000000000000000 ) ) ;
#7273 = DIRECTION ( 'NONE',  ( -0.000000000000000000, 0.000000000000000000, 1.000000000000000000 ) ) ;
#7274 = CYLINDRICAL_SURFACE ( 'NONE', #7218, 0.3999999999999999667 ) ;
#7275 = ADVANCED_FACE ( 'NONE', ( #4788 ), #5500, .F. ) ;
#7276 = ORIENTED_EDGE ( 'NONE', *, *, #2734, .F. ) ;
#7277 = DIRECTION ( 'NONE',  ( 0.8090169943749465631, 0.5877852522924744694, 0.000000000000000000 ) ) ;
#7278 = ORIENTED_EDGE ( 'NONE', *, *, #3346, .T. ) ;
#7279 = DIRECTION ( 'NONE',  ( -0.000000000000000000, -0.000000000000000000, -1.000000000000000000 ) ) ;
#7280 = ORIENTED_EDGE ( 'NONE', *, *, #1132, .F. ) ;
#7281 = FACE_OUTER_BOUND ( 'NONE', #6986, .T. ) ;
#7282 = EDGE_CURVE ( 'NONE', #4834, #300, #2492, .T. ) ;
#7283 = ORIENTED_EDGE ( 'NONE', *, *, #1267, .F. ) ;
#7284 = CARTESIAN_POINT ( 'NONE',  ( 3.161575555892655043, -8.435901848906379286, 7.000000000000000000 ) ) ;
#7285 = LINE ( 'NONE', #1139, #4067 ) ;
#7286 = CARTESIAN_POINT ( 'NONE',  ( -8.435901848906413036, 3.161575555892564449, -6.000000000000000000 ) ) ;
#7287 = ORIENTED_EDGE ( 'NONE', *, *, #833, .T. ) ;
#7288 = ADVANCED_FACE ( 'NONE', ( #5463 ), #120, .F. ) ;
#7289 = PLANE ( 'NONE',  #6571 ) ;
#7290 = EDGE_CURVE ( 'NONE', #2666, #3958, #4018, .T. ) ;
#7291 = DIRECTION ( 'NONE',  ( 0.000000000000000000, 0.000000000000000000, 1.000000000000000000 ) ) ;
#7292 = CARTESIAN_POINT ( 'NONE',  ( 2.234524572767672801, 5.582732300020971650, 6.000000000000000000 ) ) ;
#7293 = AXIS2_PLACEMENT_3D ( 'NONE', #5909, #2899, #6553 ) ;
#7294 = ORIENTED_EDGE ( 'NONE', *, *, #1411, .T. ) ;
#7295 = ORIENTED_EDGE ( 'NONE', *, *, #4660, .T. ) ;
#7296 = LINE ( 'NONE', #1263, #2529 ) ;
#7297 = ADVANCED_FACE ( 'NONE', ( #4196 ), #4343, .F. ) ;
#7298 = ORIENTED_EDGE ( 'NONE', *, *, #1083, .F. ) ;
#7299 = CARTESIAN_POINT ( 'NONE',  ( 0.000000000000000000, 6.000000000000000000, -6.000000000000000000 ) ) ;
#7300 = DIRECTION ( 'NONE',  ( 0.000000000000000000, -0.000000000000000000, 1.000000000000000000 ) ) ;
#7301 = ORIENTED_EDGE ( 'NONE', *, *, #5614, .F. ) ;
#7302 = ADVANCED_FACE ( 'NONE', ( #4302 ), #2973, .F. ) ;
#7303 = DIRECTION ( 'NONE',  ( -0.000000000000000000, 0.000000000000000000, -1.000000000000000000 ) ) ;
#7304 = DIRECTION ( 'NONE',  ( 0.9510565162951576390, -0.3090169943749346282, 0.000000000000000000 ) ) ;
#7305 = LINE ( 'NONE', #1794, #769 ) ;
#7306 = CARTESIAN_POINT ( 'NONE',  ( 7.046038848457591541, -5.613674068382167981, 6.000000000000000000 ) ) ;
#7307 = CARTESIAN_POINT ( 'NONE',  ( -7.046038848457548909, 5.613674068382220383, 6.000000000000000000 ) ) ;
#7308 = ORIENTED_EDGE ( 'NONE', *, *, #4469, .F. ) ;
#7309 = FACE_OUTER_BOUND ( 'NONE', #2295, .T. ) ;
#7310 = ORIENTED_EDGE ( 'NONE', *, *, #4803, .T. ) ;
#7311 = AXIS2_PLACEMENT_3D ( 'NONE', #4126, #6554, #2583 ) ;
#7312 = CARTESIAN_POINT ( 'NONE',  ( -4.966460472882237909, -7.516267050291545182, -7.000000000000000000 ) ) ;
#7313 = VERTEX_POINT ( 'NONE', #7377 ) ;
#7314 = CARTESIAN_POINT ( 'NONE',  ( 2.234524572767672801, 5.582732300020971650, 6.000000000000000000 ) ) ;
#7315 = VERTEX_POINT ( 'NONE', #5535 ) ;
#7316 = CARTESIAN_POINT ( 'NONE',  ( -2.400730342856472799, 8.683115444406361405, 7.000000000000000000 ) ) ;
#7317 = DIRECTION ( 'NONE',  ( 0.8090169943749556669, -0.5877852522924618128, 0.000000000000000000 ) ) ;
#7318 = CIRCLE ( 'NONE', #1252, 0.4000000000000001887 ) ;
#7319 = EDGE_CURVE ( 'NONE', #748, #4883, #7265, .T. ) ;
#7320 = DIRECTION ( 'NONE',  ( -1.000000000000000000, 0.000000000000000000, 0.000000000000000000 ) ) ;
#7321 = AXIS2_PLACEMENT_3D ( 'NONE', #6058, #7222, #708 ) ;
#7322 = VERTEX_POINT ( 'NONE', #5738 ) ;
#7323 = CARTESIAN_POINT ( 'NONE',  ( 4.454101966249718103, -3.526711513754792193, -6.000000000000000000 ) ) ;
#7324 = DIRECTION ( 'NONE',  ( -0.000000000000000000, -0.000000000000000000, 1.000000000000000000 ) ) ;
#7325 = DIRECTION ( 'NONE',  ( 1.000000000000000000, 0.000000000000000000, 0.000000000000000000 ) ) ;
#7326 = ORIENTED_EDGE ( 'NONE', *, *, #7330, .T. ) ;
#7327 = AXIS2_PLACEMENT_3D ( 'NONE', #162, #5058, #7496 ) ;
#7328 = CIRCLE ( 'NONE', #494, 0.4000000000000001887 ) ;
#7329 = ADVANCED_FACE ( 'NONE', ( #234 ), #5100, .F. ) ;
#7330 = EDGE_CURVE ( 'NONE', #4865, #595, #2576, .T. ) ;
#7331 = ORIENTED_EDGE ( 'NONE', *, *, #3978, .F. ) ;
#7332 = PLANE ( 'NONE',  #3162 ) ;
#7333 = LOCAL_TIME ( 19, 19, 38.00000000000000000, #1571 ) ;
#7334 = VERTEX_POINT ( 'NONE', #2728 ) ;
#7335 = CARTESIAN_POINT ( 'NONE',  ( -4.618987865332676357, -3.850318311504838942, -7.000000000000000000 ) ) ;
#7336 = CARTESIAN_POINT ( 'NONE',  ( 8.559508646656350805, 2.781152949374624317, -6.000000000000000000 ) ) ;
#7337 = VERTEX_POINT ( 'NONE', #3321 ) ;
#7338 = CARTESIAN_POINT ( 'NONE',  ( -8.559508646656370345, -2.781152949374564809, -6.000000000000000000 ) ) ;
#7339 = FACE_BOUND ( 'NONE', #1522, .T. ) ;
#7340 = EDGE_CURVE ( 'NONE', #2917, #2070, #1384, .T. ) ;
#7341 = VECTOR ( 'NONE', #1048, 1000.000000000000000 ) ;
#7342 = ADVANCED_FACE ( 'NONE', ( #3840 ), #5621, .T. ) ;
#7343 = DIRECTION ( 'NONE',  ( -0.000000000000000000, -0.000000000000000000, 1.000000000000000000 ) ) ;
#7344 = CARTESIAN_POINT ( 'NONE',  ( 7.516267050291565610, -4.966460472882207711, -7.000000000000000000 ) ) ;
#7345 = DIRECTION ( 'NONE',  ( -0.9510565162951510887, -0.3090169943749550563, 0.000000000000000000 ) ) ;
#7346 = FACE_OUTER_BOUND ( 'NONE', #1430, .T. ) ;
#7347 = ORIENTED_EDGE ( 'NONE', *, *, #4894, .F. ) ;
#7348 = DIRECTION ( 'NONE',  ( 1.000000000000000000, 0.000000000000000000, 0.000000000000000000 ) ) ;
#7349 = AXIS2_PLACEMENT_3D ( 'NONE', #7100, #4546, #3521 ) ;
#7350 = EDGE_LOOP ( 'NONE', ( #6150, #2822, #6514, #5664 ) ) ;
#7351 = ORIENTED_EDGE ( 'NONE', *, *, #1098, .F. ) ;
#7352 = CIRCLE ( 'NONE', #7233, 0.3999999999999999112 ) ;
#7353 = CARTESIAN_POINT ( 'NONE',  ( 3.850318311504757229, 4.618987865332744747, -6.000000000000000000 ) ) ;
#7354 = ORIENTED_EDGE ( 'NONE', *, *, #3243, .F. ) ;
#7355 = CARTESIAN_POINT ( 'NONE',  ( -1.473679359731627114, 5.829945895520899590, 6.000000000000000000 ) ) ;
#7356 = ORIENTED_EDGE ( 'NONE', *, *, #7378, .F. ) ;
#7357 = DIRECTION ( 'NONE',  ( 0.000000000000000000, 0.000000000000000000, 1.000000000000000000 ) ) ;
#7358 = CARTESIAN_POINT ( 'NONE',  ( 3.850318311504857594, -4.618987865332661258, 6.000000000000000000 ) ) ;
#7359 = AXIS2_PLACEMENT_3D ( 'NONE', #5111, #7552, #4518 ) ;
#7360 = VECTOR ( 'NONE', #2132, 1000.000000000000000 ) ;
#7361 = CARTESIAN_POINT ( 'NONE',  ( 2.781152949374413819, 8.559508646656418307, 6.000000000000000000 ) ) ;
#7362 = FACE_OUTER_BOUND ( 'NONE', #963, .T. ) ;
#7363 = ORIENTED_EDGE ( 'NONE', *, *, #2760, .F. ) ;
#7364 = DIRECTION ( 'NONE',  ( -0.9510565162951556406, 0.3090169943749408454, 0.000000000000000000 ) ) ;
#7365 = DIRECTION ( 'NONE',  ( 0.5877852522924705836, 0.8090169943749492276, 0.000000000000000000 ) ) ;
#7366 = DIRECTION ( 'NONE',  ( 0.5877852522924705836, 0.8090169943749492276, 0.000000000000000000 ) ) ;
#7367 = DIRECTION ( 'NONE',  ( 0.000000000000000000, 0.000000000000000000, 1.000000000000000000 ) ) ;
#7368 = EDGE_CURVE ( 'NONE', #1622, #7267, #5696, .T. ) ;
#7369 = EDGE_LOOP ( 'NONE', ( #622, #4789, #3020, #375 ) ) ;
#7370 = AXIS2_PLACEMENT_3D ( 'NONE', #4820, #6046, #1071 ) ;
#7371 = VECTOR ( 'NONE', #1330, 1000.000000000000114 ) ;
#7372 = ORIENTED_EDGE ( 'NONE', *, *, #1226, .T. ) ;
#7373 = DIRECTION ( 'NONE',  ( 0.9510565162951499785, 0.3090169943749584425, 0.000000000000000000 ) ) ;
#7374 = AXIS2_PLACEMENT_3D ( 'NONE', #3306, #1410, #4487 ) ;
#7375 = EDGE_LOOP ( 'NONE', ( #1827, #3022, #1227, #6774, #139 ) ) ;
#7376 = CARTESIAN_POINT ( 'NONE',  ( 8.959508646656406228, -2.781152949374444017, 6.000000000000000000 ) ) ;
#7377 = CARTESIAN_POINT ( 'NONE',  ( 3.203104716004903985, -5.089216067166645097, 6.000000000000000000 ) ) ;
#7378 = EDGE_CURVE ( 'NONE', #47, #2842, #2063, .T. ) ;
#7379 = ORIENTED_EDGE ( 'NONE', *, *, #6667, .F. ) ;
#7380 = LINE ( 'NONE', #1976, #5979 ) ;
#7381 = AXIS2_PLACEMENT_3D ( 'NONE', #2587, #4993, #7465 ) ;
#7382 = CIRCLE ( 'NONE', #1932, 0.3999999999999998557 ) ;
#7383 = DIRECTION ( 'NONE',  ( -0.000000000000000000, -0.000000000000000000, -1.000000000000000000 ) ) ;
#7384 = CARTESIAN_POINT ( 'NONE',  ( -5.290067270632215823, -7.281152949374556371, -6.000000000000000000 ) ) ;
#7385 = FACE_OUTER_BOUND ( 'NONE', #3352, .T. ) ;
#7386 = LINE ( 'NONE', #3252, #2497 ) ;
#7387 = EDGE_CURVE ( 'NONE', #6507, #118, #1121, .T. ) ;
#7388 = AXIS2_PLACEMENT_3D ( 'NONE', #4678, #4517, #7670 ) ;
#7389 = EDGE_CURVE ( 'NONE', #2688, #1457, #5030, .T. ) ;
#7390 = ORIENTED_EDGE ( 'NONE', *, *, #1070, .F. ) ;
#7391 = DIRECTION ( 'NONE',  ( -0.9510565162951507556, -0.3090169943749562220, 0.000000000000000000 ) ) ;
#7392 = EDGE_LOOP ( 'NONE', ( #1073, #412, #2547, #7775 ) ) ;
#7393 = ORIENTED_EDGE ( 'NONE', *, *, #2257, .T. ) ;
#7394 = DIRECTION ( 'NONE',  ( 1.000000000000000000, 0.000000000000000000, 0.000000000000000000 ) ) ;
#7395 = LINE ( 'NONE', #7250, #5693 ) ;
#7396 = ORIENTED_EDGE ( 'NONE', *, *, #4515, .T. ) ;
#7397 = CARTESIAN_POINT ( 'NONE',  ( -3.161575555892532030, -8.435901848906425471, -7.000000000000000000 ) ) ;
#7398 = EDGE_CURVE ( 'NONE', #2857, #3744, #7539, .T. ) ;
#7399 = ORIENTED_EDGE ( 'NONE', *, *, #6792, .F. ) ;
#7400 = DIRECTION ( 'NONE',  ( -0.8090169943749402348, -0.5877852522924831291, 0.000000000000000000 ) ) ;
#7401 = CARTESIAN_POINT ( 'NONE',  ( -5.582732300020933458, -2.234524572767770056, 6.000000000000000000 ) ) ;
#7402 = ADVANCED_FACE ( 'NONE', ( #1465 ), #277, .F. ) ;
#7403 = CARTESIAN_POINT ( 'NONE',  ( -1.473679359731585148, -5.829945895520909360, -6.000000000000000000 ) ) ;
#7404 = CARTESIAN_POINT ( 'NONE',  ( 0.3999999999999995781, -5.999999999999999112, -7.000000000000000000 ) ) ;
#7405 = ORIENTED_EDGE ( 'NONE', *, *, #315, .T. ) ;
#7406 = PLANE ( 'NONE',  #617 ) ;
#7407 = CYLINDRICAL_SURFACE ( 'NONE', #6218, 0.3999999999999993006 ) ;
#7408 = DIRECTION ( 'NONE',  ( 0.000000000000000000, 0.000000000000000000, 1.000000000000000000 ) ) ;
#7409 = ORIENTED_EDGE ( 'NONE', *, *, #442, .F. ) ;
#7410 = VERTEX_POINT ( 'NONE', #2649 ) ;
#7411 = ORIENTED_EDGE ( 'NONE', *, *, #429, .T. ) ;
#7412 = AXIS2_PLACEMENT_3D ( 'NONE', #3688, #5506, #4795 ) ;
#7413 = CARTESIAN_POINT ( 'NONE',  ( -24.99999999999999645, 50.00000000000000000, 24.50000000000000711 ) ) ;
#7414 = ORIENTED_EDGE ( 'NONE', *, *, #2446, .F. ) ;
#7415 = CARTESIAN_POINT ( 'NONE',  ( -6.000000000000000888, 0.3999999999999794831, 6.000000000000000000 ) ) ;
#7416 = DIRECTION ( 'NONE',  ( -0.000000000000000000, -0.000000000000000000, -1.000000000000000000 ) ) ;
#7417 = ORIENTED_EDGE ( 'NONE', *, *, #949, .F. ) ;
#7418 = CARTESIAN_POINT ( 'NONE',  ( 4.966460472882346266, -7.516267050291470575, 6.000000000000000000 ) ) ;
#7419 = AXIS2_PLACEMENT_3D ( 'NONE', #1869, #5472, #3761 ) ;
#7420 = EDGE_CURVE ( 'NONE', #5078, #3240, #6939, .T. ) ;
#7421 = CARTESIAN_POINT ( 'NONE',  ( 0.000000000000000000, 0.000000000000000000, 7.000000000000000000 ) ) ;
#7422 = CARTESIAN_POINT ( 'NONE',  ( -3.161575555892532030, -8.435901848906425471, 6.000000000000000000 ) ) ;
#7423 = VERTEX_POINT ( 'NONE', #3875 ) ;
#7424 = DIRECTION ( 'NONE',  ( 0.8090169943749507819, -0.5877852522924684742, 0.000000000000000000 ) ) ;
#7425 = ORIENTED_EDGE ( 'NONE', *, *, #306, .T. ) ;
#7426 = CARTESIAN_POINT ( 'NONE',  ( 2.781152949374594563, -8.559508646656361464, 6.000000000000000000 ) ) ;
#7427 = ORIENTED_EDGE ( 'NONE', *, *, #1478, .T. ) ;
#7428 = EDGE_CURVE ( 'NONE', #2842, #3731, #3012, .T. ) ;
#7429 = EDGE_CURVE ( 'NONE', #2641, #3060, #2693, .T. ) ;
#7430 = ADVANCED_FACE ( 'NONE', ( #3755 ), #1503, .T. ) ;
#7431 = DIRECTION ( 'NONE',  ( 0.000000000000000000, -0.000000000000000000, -1.000000000000000000 ) ) ;
#7432 = CARTESIAN_POINT ( 'NONE',  ( 5.582732300020916583, 2.234524572767808692, 7.000000000000000000 ) ) ;
#7433 = VERTEX_POINT ( 'NONE', #4111 ) ;
#7434 = CARTESIAN_POINT ( 'NONE',  ( -1.454101966249689237, 5.706339097770920965, 7.000000000000000000 ) ) ;
#7435 = ORIENTED_EDGE ( 'NONE', *, *, #249, .T. ) ;
#7436 = DIRECTION ( 'NONE',  ( 0.000000000000000000, 0.000000000000000000, -1.000000000000000000 ) ) ;
#7437 = DIRECTION ( 'NONE',  ( 0.5877852522924744694, -0.8090169943749465631, 0.000000000000000000 ) ) ;
#7438 = EDGE_CURVE ( 'NONE', #685, #722, #492, .T. ) ;
#7439 = DIRECTION ( 'NONE',  ( 0.9510565162951576390, -0.3090169943749346282, 0.000000000000000000 ) ) ;
#7440 = CARTESIAN_POINT ( 'NONE',  ( 6.000000000000000000, 6.284666409917640040E-14, 7.000000000000000000 ) ) ;
#7441 = VERTEX_POINT ( 'NONE', #2885 ) ;
#7442 = DIRECTION ( 'NONE',  ( -0.9510565162951521989, -0.3090169943749517256, 0.000000000000000000 ) ) ;
#7443 = DIRECTION ( 'NONE',  ( -0.9510565162951499785, -0.3090169943749584425, 0.000000000000000000 ) ) ;
#7444 = CARTESIAN_POINT ( 'NONE',  ( 5.582732300020916583, 2.234524572767808692, 7.000000000000000000 ) ) ;
#7445 = CARTESIAN_POINT ( 'NONE',  ( 10.00000000000000000, 0.000000000000000000, 7.000000000000000000 ) ) ;
#7446 = ORIENTED_EDGE ( 'NONE', *, *, #6509, .F. ) ;
#7447 = EDGE_LOOP ( 'NONE', ( #4251, #3847, #2859, #2022, #2440 ) ) ;
#7449 = EDGE_CURVE ( 'NONE', #2056, #5755, #1662, .T. ) ;
#7448 = AXIS2_PLACEMENT_3D ( 'NONE', #4900, #7300, #1862 ) ;
#7450 = ORIENTED_EDGE ( 'NONE', *, *, #3077, .T. ) ;
#7451 = LINE ( 'NONE', #6854, #4800 ) ;
#7452 = ORIENTED_EDGE ( 'NONE', *, *, #4760, .T. ) ;
#7453 = CARTESIAN_POINT ( 'NONE',  ( -8.959508646656370701, -2.781152949374564809, -7.000000000000000000 ) ) ;
#7454 = DIRECTION ( 'NONE',  ( -0.000000000000000000, -0.000000000000000000, 1.000000000000000000 ) ) ;
#7455 = AXIS2_PLACEMENT_3D ( 'NONE', #4665, #4626, #7054 ) ;
#7456 = ORIENTED_EDGE ( 'NONE', *, *, #5514, .T. ) ;
#7457 = DIRECTION ( 'NONE',  ( 0.5877852522924743583, -0.8090169943749464521, 0.000000000000000000 ) ) ;
#7458 = AXIS2_PLACEMENT_3D ( 'NONE', #7612, #4031, #7656 ) ;
#7459 = CIRCLE ( 'NONE', #4159, 0.3999999999999998557 ) ;
#7460 = DIRECTION ( 'NONE',  ( -0.000000000000000000, 0.000000000000000000, -1.000000000000000000 ) ) ;
#7461 = DIRECTION ( 'NONE',  ( 1.000000000000000000, 0.000000000000000000, 0.000000000000000000 ) ) ;
#7462 = ORIENTED_EDGE ( 'NONE', *, *, #5277, .T. ) ;
#7463 = DIRECTION ( 'NONE',  ( -0.000000000000000000, -0.000000000000000000, -1.000000000000000000 ) ) ;
#7464 = EDGE_LOOP ( 'NONE', ( #1466, #2520 ) ) ;
#7465 = DIRECTION ( 'NONE',  ( 1.000000000000000000, 0.000000000000000000, 0.000000000000000000 ) ) ;
#7466 = ORIENTED_EDGE ( 'NONE', *, *, #4933, .T. ) ;
#7467 = EDGE_CURVE ( 'NONE', #7781, #193, #1368, .T. ) ;
#7468 = LINE ( 'NONE', #6270, #7129 ) ;
#7469 = DIRECTION ( 'NONE',  ( 0.5877852522924623679, 0.8090169943749553338, 0.000000000000000000 ) ) ;
#7470 = ORIENTED_EDGE ( 'NONE', *, *, #3511, .F. ) ;
#7471 = AXIS2_PLACEMENT_3D ( 'NONE', #7735, #7061, #1032 ) ;
#7472 = DIRECTION ( 'NONE',  ( -0.000000000000000000, -0.000000000000000000, 1.000000000000000000 ) ) ;
#7473 = EDGE_LOOP ( 'NONE', ( #6984, #4118, #3085, #4319, #6967 ) ) ;
#7474 = DIRECTION ( 'NONE',  ( -0.000000000000000000, -0.000000000000000000, 1.000000000000000000 ) ) ;
#7475 = PLANE ( 'NONE',  #3944 ) ;
#7476 = EDGE_CURVE ( 'NONE', #1909, #5078, #1025, .T. ) ;
#7477 = AXIS2_PLACEMENT_3D ( 'NONE', #2421, #1311, #5466 ) ;
#7478 = DIRECTION ( 'NONE',  ( 0.000000000000000000, 0.000000000000000000, 1.000000000000000000 ) ) ;
#7479 = CARTESIAN_POINT ( 'NONE',  ( -1.473679359731627114, 5.829945895520899590, -6.000000000000000000 ) ) ;
#7480 = VERTEX_POINT ( 'NONE', #3993 ) ;
#7481 = DIRECTION ( 'NONE',  ( 0.9510565162951521989, 0.3090169943749517256, 0.000000000000000000 ) ) ;
#7482 = DIRECTION ( 'NONE',  ( -0.000000000000000000, 0.000000000000000000, -1.000000000000000000 ) ) ;
#7483 = PLANE ( 'NONE',  #6239 ) ;
#7484 = EDGE_CURVE ( 'NONE', #6060, #4775, #2924, .T. ) ;
#7485 = AXIS2_PLACEMENT_3D ( 'NONE', #1123, #4679, #2784 ) ;
#7486 = EDGE_CURVE ( 'NONE', #2112, #4452, #7658, .T. ) ;
#7487 = VERTEX_POINT ( 'NONE', #2174 ) ;
#7488 = CARTESIAN_POINT ( 'NONE',  ( 5.706339097770900537, 1.854101966249749323, 6.000000000000000000 ) ) ;
#7489 = ORIENTED_EDGE ( 'NONE', *, *, #3939, .T. ) ;
#7490 = AXIS2_PLACEMENT_3D ( 'NONE', #2733, #320, #6823 ) ;
#7491 = VERTEX_POINT ( 'NONE', #1543 ) ;
#7492 = CARTESIAN_POINT ( 'NONE',  ( 5.613674068382299431, -7.046038848457488513, -6.000000000000000000 ) ) ;
#7493 = LINE ( 'NONE', #2059, #5797 ) ;
#7494 = AXIS2_PLACEMENT_3D ( 'NONE', #1221, #2293, #1779 ) ;
#7495 = PLANE ( 'NONE',  #1408 ) ;
#7496 = DIRECTION ( 'NONE',  ( -0.9510565162951549745, 0.3090169943749427883, 0.000000000000000000 ) ) ;
#7497 = EDGE_CURVE ( 'NONE', #131, #6069, #1999, .T. ) ;
#7498 = EDGE_LOOP ( 'NONE', ( #5227, #5843, #5786, #1629 ) ) ;
#7499 = LINE ( 'NONE', #5538, #7120 ) ;
#7500 = VECTOR ( 'NONE', #845, 1000.000000000000000 ) ;
#7501 = AXIS2_PLACEMENT_3D ( 'NONE', #852, #6321, #5804 ) ;
#7502 = CARTESIAN_POINT ( 'NONE',  ( 7.516267050291454588, 4.966460472882371135, 6.000000000000000000 ) ) ;
#7503 = CARTESIAN_POINT ( 'NONE',  ( 4.618987865332647047, 3.850318311504873137, -7.000000000000000000 ) ) ;
#7504 = AXIS2_PLACEMENT_3D ( 'NONE', #3764, #6182, #836 ) ;
#7505 = ORIENTED_EDGE ( 'NONE', *, *, #6643, .T. ) ;
#7506 = LINE ( 'NONE', #3803, #220 ) ;
#7507 = ORIENTED_EDGE ( 'NONE', *, *, #3925, .F. ) ;
#7508 = DIRECTION ( 'NONE',  ( 0.000000000000000000, -1.000000000000000000, 0.000000000000000000 ) ) ;
#7509 = CIRCLE ( 'NONE', #6870, 0.3999999999999999112 ) ;
#7510 = ORIENTED_EDGE ( 'NONE', *, *, #5532, .F. ) ;
#7511 = AXIS2_PLACEMENT_3D ( 'NONE', #7627, #5747, #2188 ) ;
#7512 = DIRECTION ( 'NONE',  ( -0.000000000000000000, -0.000000000000000000, 1.000000000000000000 ) ) ;
#7513 = DIRECTION ( 'NONE',  ( -0.000000000000000000, 0.000000000000000000, 1.000000000000000000 ) ) ;
#7514 = VECTOR ( 'NONE', #7383, 1000.000000000000000 ) ;
#7515 = EDGE_CURVE ( 'NONE', #5267, #4883, #5288, .T. ) ;
#7516 = VERTEX_POINT ( 'NONE', #984 ) ;
#7517 = CYLINDRICAL_SURFACE ( 'NONE', #1243, 0.4000000000000001887 ) ;
#7518 = VERTEX_POINT ( 'NONE', #3396 ) ;
#7519 = CARTESIAN_POINT ( 'NONE',  ( -2.781152949374533723, 8.559508646656381003, -6.000000000000000000 ) ) ;
#7520 = CARTESIAN_POINT ( 'NONE',  ( -5.706339097770928070, 1.854101966249668720, 6.000000000000000000 ) ) ;
#7521 = AXIS2_PLACEMENT_3D ( 'NONE', #6104, #6863, #1435 ) ;
#7522 = DIRECTION ( 'NONE',  ( -0.9510565162951556406, 0.3090169943749408454, 0.000000000000000000 ) ) ;
#7523 = EDGE_CURVE ( 'NONE', #4952, #7410, #5219, .T. ) ;
#7524 = ORIENTED_EDGE ( 'NONE', *, *, #2099, .T. ) ;
#7525 = CARTESIAN_POINT ( 'NONE',  ( 8.435901848906432576, -3.161575555892506273, -6.000000000000000000 ) ) ;
#7526 = FACE_OUTER_BOUND ( 'NONE', #4623, .T. ) ;
#7527 = CIRCLE ( 'NONE', #3330, 0.3999999999999999667 ) ;
#7528 = DIRECTION ( 'NONE',  ( 0.000000000000000000, 0.000000000000000000, 1.000000000000000000 ) ) ;
#7529 = AXIS2_PLACEMENT_3D ( 'NONE', #821, #6251, #5654 ) ;
#7530 = ORIENTED_EDGE ( 'NONE', *, *, #394, .T. ) ;
#7531 = FACE_BOUND ( 'NONE', #7030, .T. ) ;
#7532 = ORIENTED_EDGE ( 'NONE', *, *, #5243, .F. ) ;
#7533 = EDGE_CURVE ( 'NONE', #2620, #1154, #6436, .T. ) ;
#7534 = EDGE_CURVE ( 'NONE', #2108, #5050, #5860, .T. ) ;
#7535 = EDGE_LOOP ( 'NONE', ( #7470, #5902, #774, #6893 ) ) ;
#7536 = CARTESIAN_POINT ( 'NONE',  ( -5.582732300020933458, -2.234524572767769612, -7.000000000000000000 ) ) ;
#7537 = CARTESIAN_POINT ( 'NONE',  ( -1.854101966249689148, 5.706339097770920965, 6.000000000000000000 ) ) ;
#7538 = DIRECTION ( 'NONE',  ( -0.8090169943749422332, -0.5877852522924803536, 0.000000000000000000 ) ) ;
#7539 = LINE ( 'NONE', #6974, #5926 ) ;
#7540 = ORIENTED_EDGE ( 'NONE', *, *, #5385, .T. ) ;
#7541 = DIRECTION ( 'NONE',  ( -0.5877852522924684742, -0.8090169943749507819, 0.000000000000000000 ) ) ;
#7542 = CIRCLE ( 'NONE', #7412, 0.3999999999999999667 ) ;
#7543 = EDGE_CURVE ( 'NONE', #1860, #6253, #5934, .T. ) ;
#7544 = DIRECTION ( 'NONE',  ( 0.8090169943749444537, 0.5877852522924771339, 0.000000000000000000 ) ) ;
#7545 = DIRECTION ( 'NONE',  ( -0.5877852522924712497, -0.8090169943749487835, 0.000000000000000000 ) ) ;
#7546 = ADVANCED_FACE ( 'NONE', ( #1621 ), #512, .T. ) ;
#7547 = CARTESIAN_POINT ( 'NONE',  ( 0.4000000000000004108, 5.999999999999999112, 6.000000000000000000 ) ) ;
#7548 = ORIENTED_EDGE ( 'NONE', *, *, #6643, .F. ) ;
#7549 = CARTESIAN_POINT ( 'NONE',  ( 5.706339097770900537, 1.854101966249749323, -7.000000000000000000 ) ) ;
#7550 = VERTEX_POINT ( 'NONE', #2852 ) ;
#7551 = CARTESIAN_POINT ( 'NONE',  ( -5.706339097770914748, -1.854101966249709799, 7.000000000000000000 ) ) ;
#7552 = DIRECTION ( 'NONE',  ( -0.8090169943749553338, 0.5877852522924623679, 0.000000000000000000 ) ) ;
#7553 = VERTEX_POINT ( 'NONE', #7731 ) ;
#7554 = DIRECTION ( 'NONE',  ( 1.000000000000000000, 0.000000000000000000, 0.000000000000000000 ) ) ;
#7555 = ORIENTED_EDGE ( 'NONE', *, *, #7420, .F. ) ;
#7556 = CARTESIAN_POINT ( 'NONE',  ( -9.000000000000000000, -0.4000000000000315525, 7.000000000000000000 ) ) ;
#7557 = DIRECTION ( 'NONE',  ( 0.000000000000000000, 0.000000000000000000, 1.000000000000000000 ) ) ;
#7558 = VERTEX_POINT ( 'NONE', #7138 ) ;
#7559 =( NAMED_UNIT ( * ) SI_UNIT ( $, .STERADIAN. ) SOLID_ANGLE_UNIT ( ) );
#7560 = DIRECTION ( 'NONE',  ( 0.000000000000000000, 0.000000000000000000, 1.000000000000000000 ) ) ;
#7561 = ORIENTED_EDGE ( 'NONE', *, *, #6574, .T. ) ;
#7562 = LINE ( 'NONE', #7718, #3530 ) ;
#7563 = CARTESIAN_POINT ( 'NONE',  ( -2.234524572767709216, -5.582732300020955662, 7.000000000000000000 ) ) ;
#7564 = CARTESIAN_POINT ( 'NONE',  ( -4.854101966249691813, 3.526711513754828164, -6.000000000000000000 ) ) ;
#7565 = EDGE_LOOP ( 'NONE', ( #5322, #3870, #1448, #5184 ) ) ;
#7566 = ORIENTED_EDGE ( 'NONE', *, *, #271, .T. ) ;
#7567 = ADVANCED_FACE ( 'NONE', ( #5258 ), #4743, .F. ) ;
#7568 = AXIS2_PLACEMENT_3D ( 'NONE', #4911, #684, #3175 ) ;
#7569 = ORIENTED_EDGE ( 'NONE', *, *, #6667, .T. ) ;
#7570 = CYLINDRICAL_SURFACE ( 'NONE', #864, 0.3999999999999997446 ) ;
#7571 = LINE ( 'NONE', #6973, #7360 ) ;
#7572 = VERTEX_POINT ( 'NONE', #2810 ) ;
#7573 = DIRECTION ( 'NONE',  ( 0.9510565162951566398, -0.3090169943749381254, 0.000000000000000000 ) ) ;
#7574 = EDGE_CURVE ( 'NONE', #386, #742, #2765, .T. ) ;
#7575 = AXIS2_PLACEMENT_3D ( 'NONE', #6310, #962, #5113 ) ;
#7576 = EDGE_CURVE ( 'NONE', #3744, #1089, #4150, .T. ) ;
#7577 = CARTESIAN_POINT ( 'NONE',  ( 8.959508646656349384, 2.781152949374624317, 7.000000000000000000 ) ) ;
#7578 = DIRECTION ( 'NONE',  ( -0.000000000000000000, 0.000000000000000000, -1.000000000000000000 ) ) ;
#7579 = AXIS2_PLACEMENT_3D ( 'NONE', #3359, #7693, #350 ) ;
#7580 = ORIENTED_EDGE ( 'NONE', *, *, #3257, .F. ) ;
#7581 = CARTESIAN_POINT ( 'NONE',  ( -5.290067270632270002, 7.281152949374520844, 6.000000000000000000 ) ) ;
#7582 = EDGE_LOOP ( 'NONE', ( #1970, #4915, #6719, #764 ) ) ;
#7583 = CARTESIAN_POINT ( 'NONE',  ( -9.000000000000001776, 0.3999999999999679923, -6.000000000000000000 ) ) ;
#7584 = EDGE_CURVE ( 'NONE', #7020, #4632, #1109, .T. ) ;
#7585 = ORIENTED_EDGE ( 'NONE', *, *, #1086, .T. ) ;
#7586 = EDGE_CURVE ( 'NONE', #783, #5869, #4221, .T. ) ;
#7587 = CC_DESIGN_APPROVAL ( #6289, ( #6189 ) ) ;
#7588 = AXIS2_PLACEMENT_3D ( 'NONE', #4186, #1738, #510 ) ;
#7589 = LINE ( 'NONE', #2268, #4592 ) ;
#7590 = PLANE ( 'NONE',  #390 ) ;
#7591 = VERTEX_POINT ( 'NONE', #1849 ) ;
#7592 = DIRECTION ( 'NONE',  ( -0.000000000000000000, -0.000000000000000000, 1.000000000000000000 ) ) ;
#7593 = DIRECTION ( 'NONE',  ( 0.000000000000000000, -0.000000000000000000, -1.000000000000000000 ) ) ;
#7594 = VERTEX_POINT ( 'NONE', #5403 ) ;
#7595 = VECTOR ( 'NONE', #5398, 1000.000000000000000 ) ;
#7596 = DIRECTION ( 'NONE',  ( -0.8090169943749419001, -0.5877852522924807976, 0.000000000000000000 ) ) ;
#7597 = CARTESIAN_POINT ( 'NONE',  ( -5.706339097770928070, 1.854101966249668720, -6.000000000000000000 ) ) ;
#7598 = AXIS2_PLACEMENT_3D ( 'NONE', #7093, #5521, #7364 ) ;
#7599 = COORDINATED_UNIVERSAL_TIME_OFFSET ( 8, 0, .AHEAD. ) ;
#7600 = CARTESIAN_POINT ( 'NONE',  ( -4.618987865332676357, -3.850318311504838942, -6.000000000000000000 ) ) ;
#7601 = ORIENTED_EDGE ( 'NONE', *, *, #640, .F. ) ;
#7602 = DIRECTION ( 'NONE',  ( -1.000000000000000000, 0.000000000000000000, 0.000000000000000000 ) ) ;
#7603 = EDGE_LOOP ( 'NONE', ( #6387, #1980, #6331, #6144 ) ) ;
#7604 = LINE ( 'NONE', #2165, #6091 ) ;
#7605 = CARTESIAN_POINT ( 'NONE',  ( -2.234524572767709660, -5.582732300020956551, -7.000000000000000000 ) ) ;
#7606 = ORIENTED_EDGE ( 'NONE', *, *, #1761, .F. ) ;
#7607 = ORIENTED_EDGE ( 'NONE', *, *, #6912, .T. ) ;
#7608 = AXIS2_PLACEMENT_3D ( 'NONE', #1425, #6813, #6777 ) ;
#7609 = EDGE_LOOP ( 'NONE', ( #6347, #7283, #7555, #2767, #6753 ) ) ;
#7610 = VECTOR ( 'NONE', #2288, 1000.000000000000000 ) ;
#7611 = PLANE ( 'NONE',  #4609 ) ;
#7612 = CARTESIAN_POINT ( 'NONE',  ( 4.854101966249641187, 3.526711513754897886, -6.000000000000000000 ) ) ;
#7613 = EDGE_CURVE ( 'NONE', #1209, #7769, #3593, .T. ) ;
#7614 = FACE_BOUND ( 'NONE', #4982, .T. ) ;
#7615 = DIRECTION ( 'NONE',  ( 0.000000000000000000, 1.000000000000000000, 0.000000000000000000 ) ) ;
#7616 = ORIENTED_EDGE ( 'NONE', *, *, #6703, .T. ) ;
#7617 = CARTESIAN_POINT ( 'NONE',  ( 1.473679359731546956, 5.829945895520919130, -7.000000000000000000 ) ) ;
#7618 = CIRCLE ( 'NONE', #4184, 0.3999999999999999112 ) ;
#7619 = AXIS2_PLACEMENT_3D ( 'NONE', #788, #5499, #1383 ) ;
#7620 = LINE ( 'NONE', #2182, #4505 ) ;
#7621 = DIRECTION ( 'NONE',  ( 0.3090169943749346837, 0.9510565162951576390, 0.000000000000000000 ) ) ;
#7622 = EDGE_CURVE ( 'NONE', #401, #3665, #4181, .T. ) ;
#7623 = ORIENTED_EDGE ( 'NONE', *, *, #2008, .F. ) ;
#7624 = CARTESIAN_POINT ( 'NONE',  ( 3.850318311504857594, -4.618987865332661258, -6.000000000000000000 ) ) ;
#7625 = VERTEX_POINT ( 'NONE', #4813 ) ;
#7626 = AXIS2_PLACEMENT_3D ( 'NONE', #5848, #341, #432 ) ;
#7627 = CARTESIAN_POINT ( 'NONE',  ( -2.781152949374533723, 8.559508646656381003, -6.000000000000000000 ) ) ;
#7628 = ORIENTED_EDGE ( 'NONE', *, *, #1667, .T. ) ;
#7629 = CIRCLE ( 'NONE', #7501, 0.3999999999999999667 ) ;
#7630 = AXIS2_PLACEMENT_3D ( 'NONE', #5485, #5324, #66 ) ;
#7631 = EDGE_CURVE ( 'NONE', #4168, #2739, #3664, .T. ) ;
#7632 = ORIENTED_EDGE ( 'NONE', *, *, #113, .T. ) ;
#7633 = DIRECTION ( 'NONE',  ( -0.9510565162951514218, -0.3090169943749541126, 0.000000000000000000 ) ) ;
#7634 = LINE ( 'NONE', #371, #5573 ) ;
#7635 = ADVANCED_FACE ( 'NONE', ( #658 ), #5370, .F. ) ;
#7636 = DIRECTION ( 'NONE',  ( -0.3090169943749347392, -0.9510565162951576390, 0.000000000000000000 ) ) ;
#7637 = CARTESIAN_POINT ( 'NONE',  ( 2.234524572767672801, 5.582732300020971650, 6.000000000000000000 ) ) ;
#7638 = VECTOR ( 'NONE', #767, 1000.000000000000000 ) ;
#7639 = AXIS2_PLACEMENT_3D ( 'NONE', #7479, #3195, #2042 ) ;
#7640 = VERTEX_POINT ( 'NONE', #2479 ) ;
#7641 = CARTESIAN_POINT ( 'NONE',  ( -1.473679359731585148, -5.829945895520909360, 6.000000000000000000 ) ) ;
#7642 = DIRECTION ( 'NONE',  ( 0.3090169943749451198, 0.9510565162951544194, 0.000000000000000000 ) ) ;
#7643 = AXIS2_PLACEMENT_3D ( 'NONE', #1280, #686, #4475 ) ;
#7644 = DATE_TIME_ROLE ( 'creation_date' ) ;
#7645 = LINE ( 'NONE', #2121, #3955 ) ;
#7646 = ADVANCED_FACE ( 'NONE', ( #6082 ), #6532, .T. ) ;
#7647 = AXIS2_PLACEMENT_3D ( 'NONE', #6924, #893, #3310 ) ;
#7648 = CARTESIAN_POINT ( 'NONE',  ( 5.599999999999999645, 6.284666409917640040E-14, -7.000000000000000000 ) ) ;
#7649 = ORIENTED_EDGE ( 'NONE', *, *, #7576, .T. ) ;
#7650 = EDGE_CURVE ( 'NONE', #3174, #5490, #3076, .T. ) ;
#7651 = CARTESIAN_POINT ( 'NONE',  ( -2.234524572767709660, -5.582732300020956551, -7.000000000000000000 ) ) ;
#7652 = DIRECTION ( 'NONE',  ( -0.000000000000000000, 1.000000000000000000, -0.000000000000000000 ) ) ;
#7653 = CIRCLE ( 'NONE', #6505, 0.4000000000000002442 ) ;
#7654 = ORIENTED_EDGE ( 'NONE', *, *, #7727, .T. ) ;
#7655 = ORIENTED_EDGE ( 'NONE', *, *, #1374, .F. ) ;
#7656 = DIRECTION ( 'NONE',  ( 0.5877852522924832401, -0.8090169943749400128, 0.000000000000000000 ) ) ;
#7657 = CARTESIAN_POINT ( 'NONE',  ( 4.618987865332731424, -3.850318311504773661, 6.000000000000000000 ) ) ;
#7658 = LINE ( 'NONE', #472, #3137 ) ;
#7659 = EDGE_LOOP ( 'NONE', ( #5675, #6760, #5368, #646 ) ) ;
#7660 = CARTESIAN_POINT ( 'NONE',  ( -4.618987865332676357, -3.850318311504838942, 7.000000000000000000 ) ) ;
#7661 = DIRECTION ( 'NONE',  ( 0.000000000000000000, -0.000000000000000000, -1.000000000000000000 ) ) ;
#7662 = FACE_OUTER_BOUND ( 'NONE', #3903, .T. ) ;
#7663 = ORIENTED_EDGE ( 'NONE', *, *, #3634, .T. ) ;
#7664 = DIRECTION ( 'NONE',  ( -0.000000000000000000, -0.000000000000000000, 1.000000000000000000 ) ) ;
#7665 = ORIENTED_EDGE ( 'NONE', *, *, #5827, .F. ) ;
#7666 = FACE_OUTER_BOUND ( 'NONE', #2307, .T. ) ;
#7667 = EDGE_LOOP ( 'NONE', ( #2255, #1532, #972, #7261, #1693 ) ) ;
#7668 = EDGE_CURVE ( 'NONE', #3868, #1975, #7209, .T. ) ;
#7669 = EDGE_LOOP ( 'NONE', ( #6543, #634, #7133, #4010 ) ) ;
#7670 = DIRECTION ( 'NONE',  ( 0.3090169943749431214, 0.9510565162951548634, 0.000000000000000000 ) ) ;
#7671 = DIRECTION ( 'NONE',  ( 0.000000000000000000, 0.000000000000000000, 1.000000000000000000 ) ) ;
#7672 = CARTESIAN_POINT ( 'NONE',  ( 5.829945895520913801, -1.473679359731567384, 7.000000000000000000 ) ) ;
#7673 = DIRECTION ( 'NONE',  ( 0.5877852522924705836, 0.8090169943749492276, 0.000000000000000000 ) ) ;
#7674 = EDGE_LOOP ( 'NONE', ( #6148, #1786, #3841, #2189 ) ) ;
#7675 = LINE ( 'NONE', #2836, #4423 ) ;
#7676 = DIRECTION ( 'NONE',  ( -0.000000000000000000, 1.000000000000000000, -0.000000000000000000 ) ) ;
#7677 = VERTEX_POINT ( 'NONE', #5489 ) ;
#7678 = EDGE_CURVE ( 'NONE', #6397, #3589, #991, .T. ) ;
#7679 = EDGE_CURVE ( 'NONE', #1604, #4144, #5669, .T. ) ;
#7680 = EDGE_CURVE ( 'NONE', #5248, #1594, #1815, .T. ) ;
#7681 = COORDINATED_UNIVERSAL_TIME_OFFSET ( 8, 0, .AHEAD. ) ;
#7682 = FACE_OUTER_BOUND ( 'NONE', #5231, .T. ) ;
#7683 = FACE_OUTER_BOUND ( 'NONE', #837, .T. ) ;
#7684 = VERTEX_POINT ( 'NONE', #6649 ) ;
#7685 = CARTESIAN_POINT ( 'NONE',  ( 3.203104716004792962, 5.089216067166714375, 6.000000000000000000 ) ) ;
#7686 = DIRECTION ( 'NONE',  ( -0.000000000000000000, -0.000000000000000000, -1.000000000000000000 ) ) ;
#7687 = VERTEX_POINT ( 'NONE', #1144 ) ;
#7688 = ORIENTED_EDGE ( 'NONE', *, *, #1866, .T. ) ;
#7689 = EDGE_CURVE ( 'NONE', #287, #4850, #5968, .T. ) ;
#7690 = ORIENTED_EDGE ( 'NONE', *, *, #5181, .T. ) ;
#7691 = FACE_OUTER_BOUND ( 'NONE', #5239, .T. ) ;
#7692 = CARTESIAN_POINT ( 'NONE',  ( -5.706339097770914748, -1.854101966249709799, -6.000000000000000000 ) ) ;
#7693 = DIRECTION ( 'NONE',  ( 0.000000000000000000, -0.000000000000000000, 1.000000000000000000 ) ) ;
#7694 = EDGE_LOOP ( 'NONE', ( #3279, #4055, #6097, #4389 ) ) ;
#7695 = ADVANCED_FACE ( 'NONE', ( #2992 ), #2331, .T. ) ;
#7696 = CIRCLE ( 'NONE', #4382, 0.3999999999999999667 ) ;
#7697 = DIRECTION ( 'NONE',  ( -0.000000000000000000, -0.000000000000000000, 1.000000000000000000 ) ) ;
#7698 = ORIENTED_EDGE ( 'NONE', *, *, #5938, .F. ) ;
#7699 = DIRECTION ( 'NONE',  ( 0.5877852522924744694, -0.8090169943749465631, 0.000000000000000000 ) ) ;
#7700 = VERTEX_POINT ( 'NONE', #2366 ) ;
#7701 = LINE ( 'NONE', #7268, #2538 ) ;
#7702 = VERTEX_POINT ( 'NONE', #7286 ) ;
#7703 = VECTOR ( 'NONE', #1974, 1000.000000000000000 ) ;
#7704 = ORIENTED_EDGE ( 'NONE', *, *, #6954, .T. ) ;
#7705 = CARTESIAN_POINT ( 'NONE',  ( -5.290067270632270002, 7.281152949374520844, -6.000000000000000000 ) ) ;
#7706 = DIRECTION ( 'NONE',  ( -0.000000000000000000, 0.000000000000000000, -1.000000000000000000 ) ) ;
#7707 = CARTESIAN_POINT ( 'NONE',  ( 5.089216067166703716, -3.203104716004811170, -6.000000000000000000 ) ) ;
#7708 = DIRECTION ( 'NONE',  ( -0.3090169943749516701, 0.9510565162951523099, 0.000000000000000000 ) ) ;
#7709 = ADVANCED_FACE ( 'NONE', ( #3553 ), #3626, .F. ) ;
#7710 = VERTEX_POINT ( 'NONE', #5447 ) ;
#7711 = DIRECTION ( 'NONE',  ( -0.000000000000000000, -0.000000000000000000, 1.000000000000000000 ) ) ;
#7712 = CARTESIAN_POINT ( 'NONE',  ( -0.4000000000000004108, -5.999999999999999112, -6.000000000000000000 ) ) ;
#7713 = ORIENTED_EDGE ( 'NONE', *, *, #459, .F. ) ;
#7714 = AXIS2_PLACEMENT_3D ( 'NONE', #548, #621, #3031 ) ;
#7715 = VECTOR ( 'NONE', #662, 1000.000000000000000 ) ;
#7716 = PLANE ( 'NONE',  #7764 ) ;
#7717 = ORIENTED_EDGE ( 'NONE', *, *, #2092, .F. ) ;
#7718 = CARTESIAN_POINT ( 'NONE',  ( 7.516267050291454588, 4.966460472882371135, -6.000000000000000000 ) ) ;
#7719 = EDGE_CURVE ( 'NONE', #4659, #5142, #861, .T. ) ;
#7720 = EDGE_LOOP ( 'NONE', ( #3078, #1884, #2582, #6808 ) ) ;
#7721 = DIRECTION ( 'NONE',  ( -0.9510565162951544194, 0.3090169943749445092, 0.000000000000000000 ) ) ;
#7722 = CARTESIAN_POINT ( 'NONE',  ( -5.829945895520904919, 1.473679359731606908, -6.000000000000000000 ) ) ;
#7723 = ORIENTED_EDGE ( 'NONE', *, *, #6606, .F. ) ;
#7724 = VECTOR ( 'NONE', #329, 1000.000000000000227 ) ;
#7725 = LINE ( 'NONE', #1145, #7610 ) ;
#7726 = ORIENTED_EDGE ( 'NONE', *, *, #1936, .T. ) ;
#7727 = EDGE_CURVE ( 'NONE', #3744, #1157, #3149, .T. ) ;
#7728 = CARTESIAN_POINT ( 'NONE',  ( -5.829945895520904919, 1.473679359731606908, 7.000000000000000000 ) ) ;
#7729 = ADVANCED_FACE ( 'NONE', ( #2560 ), #6766, .F. ) ;
#7730 = CARTESIAN_POINT ( 'NONE',  ( 3.526711513754881455, -4.854101966249653621, -6.000000000000000000 ) ) ;
#7731 = CARTESIAN_POINT ( 'NONE',  ( 3.203104716004905317, -5.089216067166645985, 7.000000000000000000 ) ) ;
#7732 = AXIS2_PLACEMENT_3D ( 'NONE', #2773, #7697, #5226 ) ;
#7733 = ORIENTED_EDGE ( 'NONE', *, *, #611, .F. ) ;
#7734 = CIRCLE ( 'NONE', #5568, 0.4000000000000001887 ) ;
#7735 = CARTESIAN_POINT ( 'NONE',  ( -3.526711513754845928, 4.854101966249680267, -7.000000000000000000 ) ) ;
#7736 = EDGE_CURVE ( 'NONE', #2511, #1418, #6800, .T. ) ;
#7737 = ORIENTED_EDGE ( 'NONE', *, *, #3784, .T. ) ;
#7738 = DIRECTION ( 'NONE',  ( 0.000000000000000000, 0.000000000000000000, 1.000000000000000000 ) ) ;
#7739 = LINE ( 'NONE', #4716, #987 ) ;
#7740 = ORIENTED_EDGE ( 'NONE', *, *, #6845, .T. ) ;
#7741 = CARTESIAN_POINT ( 'NONE',  ( -4.854101966249691813, 3.526711513754828164, 6.000000000000000000 ) ) ;
#7742 = AXIS2_PLACEMENT_3D ( 'NONE', #1046, #7110, #1682 ) ;
#7743 = VERTEX_POINT ( 'NONE', #697 ) ;
#7744 = CIRCLE ( 'NONE', #5576, 0.3999999999999997446 ) ;
#7745 = DIRECTION ( 'NONE',  ( 0.000000000000000000, 0.000000000000000000, 1.000000000000000000 ) ) ;
#7746 = FACE_OUTER_BOUND ( 'NONE', #7158, .T. ) ;
#7747 = DIRECTION ( 'NONE',  ( -0.000000000000000000, 0.000000000000000000, -1.000000000000000000 ) ) ;
#7748 = DIRECTION ( 'NONE',  ( -0.000000000000000000, -0.000000000000000000, 1.000000000000000000 ) ) ;
#7749 = EDGE_LOOP ( 'NONE', ( #1863, #3628, #4338, #897 ) ) ;
#7750 = AXIS2_PLACEMENT_3D ( 'NONE', #2609, #1344, #4267 ) ;
#7751 = CARTESIAN_POINT ( 'NONE',  ( 0.000000000000000000, 0.000000000000000000, -7.000000000000000000 ) ) ;
#7752 = PLANE ( 'NONE',  #2184 ) ;
#7753 = ORIENTED_EDGE ( 'NONE', *, *, #2347, .T. ) ;
#7754 = AXIS2_PLACEMENT_3D ( 'NONE', #5323, #2326, #1809 ) ;
#7755 = DIRECTION ( 'NONE',  ( 1.065514437861031800E-14, -1.000000000000000000, 0.000000000000000000 ) ) ;
#7756 = VECTOR ( 'NONE', #791, 1000.000000000000000 ) ;
#7757 = EDGE_LOOP ( 'NONE', ( #5002, #2545, #7056, #7048 ) ) ;
#7758 = LINE ( 'NONE', #2908, #6312 ) ;
#7759 = ORIENTED_EDGE ( 'NONE', *, *, #2967, .T. ) ;
#7760 = AXIS2_PLACEMENT_3D ( 'NONE', #6754, #5667, #6227 ) ;
#7761 = CARTESIAN_POINT ( 'NONE',  ( -24.99999999999999645, 54.00000000000000711, 24.50000000000000711 ) ) ;
#7762 = FACE_OUTER_BOUND ( 'NONE', #7763, .T. ) ;
#7763 = EDGE_LOOP ( 'NONE', ( #1578, #7331, #4956, #1555 ) ) ;
#7764 = AXIS2_PLACEMENT_3D ( 'NONE', #4689, #25, #7799 ) ;
#7765 = EDGE_CURVE ( 'NONE', #47, #5279, #358, .T. ) ;
#7766 = CARTESIAN_POINT ( 'NONE',  ( -0.4000000000000004108, -5.999999999999999112, 7.000000000000000000 ) ) ;
#7767 = VECTOR ( 'NONE', #1416, 1000.000000000000000 ) ;
#7768 = LINE ( 'NONE', #4698, #4179 ) ;
#7769 = VERTEX_POINT ( 'NONE', #1451 ) ;
#7770 = LINE ( 'NONE', #2335, #1010 ) ;
#7771 = DIRECTION ( 'NONE',  ( -0.3090169943749409565, -0.9510565162951556406, 0.000000000000000000 ) ) ;
#7772 = CIRCLE ( 'NONE', #1303, 0.4000000000000002442 ) ;
#7773 = PLANE ( 'NONE',  #5326 ) ;
#7774 = DIRECTION ( 'NONE',  ( 0.9510565162951535312, 0.3090169943749475068, 0.000000000000000000 ) ) ;
#7775 = ORIENTED_EDGE ( 'NONE', *, *, #4390, .T. ) ;
#7776 = EDGE_CURVE ( 'NONE', #79, #3751, #3742, .T. ) ;
#7777 = ADVANCED_FACE ( 'NONE', ( #6840 ), #6155, .T. ) ;
#7778 = EDGE_CURVE ( 'NONE', #5688, #601, #2134, .T. ) ;
#7779 = AXIS2_PLACEMENT_3D ( 'NONE', #5864, #3998, #3326 ) ;
#7780 = FACE_OUTER_BOUND ( 'NONE', #1789, .T. ) ;
#7781 = VERTEX_POINT ( 'NONE', #3778 ) ;
#7782 = CARTESIAN_POINT ( 'NONE',  ( -1.854101966249646960, -5.706339097770934288, 6.000000000000000000 ) ) ;
#7783 = CARTESIAN_POINT ( 'NONE',  ( 6.000000000000000000, 6.284666409917640040E-14, 6.000000000000000000 ) ) ;
#7784 = ORIENTED_EDGE ( 'NONE', *, *, #5182, .T. ) ;
#7785 = AXIS2_PLACEMENT_3D ( 'NONE', #3131, #129, #2542 ) ;
#7786 = DIRECTION ( 'NONE',  ( -1.807003620809173892E-16, 1.000000000000000000, 0.000000000000000000 ) ) ;
#7787 = EDGE_LOOP ( 'NONE', ( #3164, #3519, #5105, #1495 ) ) ;
#7788 = EDGE_CURVE ( 'NONE', #3751, #2112, #3529, .T. ) ;
#7789 = EDGE_CURVE ( 'NONE', #4323, #1968, #3143, .T. ) ;
#7790 = CARTESIAN_POINT ( 'NONE',  ( 5.582732300020916583, 2.234524572767808692, -6.000000000000000000 ) ) ;
#7791 = DIRECTION ( 'NONE',  ( 0.5877852522924832401, -0.8090169943749400128, 0.000000000000000000 ) ) ;
#7792 = CYLINDRICAL_SURFACE ( 'NONE', #4355, 0.3999999999999999667 ) ;
#7793 = FACE_OUTER_BOUND ( 'NONE', #2933, .T. ) ;
#7794 = EDGE_LOOP ( 'NONE', ( #4887, #2569 ) ) ;
#7795 = CARTESIAN_POINT ( 'NONE',  ( 1.854101966249609657, 5.706339097770945834, -7.000000000000000000 ) ) ;
#7796 = DIRECTION ( 'NONE',  ( 0.000000000000000000, 0.000000000000000000, 1.000000000000000000 ) ) ;
#7797 = ORIENTED_EDGE ( 'NONE', *, *, #6682, .T. ) ;
#7798 = EDGE_CURVE ( 'NONE', #3104, #5646, #1332, .T. ) ;
#7799 = DIRECTION ( 'NONE',  ( 0.5877852522924713607, 0.8090169943749486725, 0.000000000000000000 ) ) ;
#7800 = VECTOR ( 'NONE', #7636, 1000.000000000000114 ) ;
#7801 = ORIENTED_EDGE ( 'NONE', *, *, #5277, .F. ) ;
#7802 = DIRECTION ( 'NONE',  ( -1.000000000000000000, -3.672181700924050498E-15, 0.000000000000000000 ) ) ;
#7803 = ORIENTED_EDGE ( 'NONE', *, *, #1200, .T. ) ;
#7804 = DIRECTION ( 'NONE',  ( -0.000000000000000000, -0.000000000000000000, 1.000000000000000000 ) ) ;
#7805 = DIRECTION ( 'NONE',  ( -0.000000000000000000, -1.000000000000000000, -0.000000000000000000 ) ) ;
#7806 = ORIENTED_EDGE ( 'NONE', *, *, #3160, .T. ) ;
#7807 = CARTESIAN_POINT ( 'NONE',  ( -24.99999999999999645, -9.999999999999994671, 24.50000000000000711 ) ) ;
#7808 = CARTESIAN_POINT ( 'NONE',  ( 4.966460472882181065, 7.516267050291581597, 7.000000000000000000 ) ) ;
#7809 = ORIENTED_EDGE ( 'NONE', *, *, #5387, .T. ) ;
#7810 = DIRECTION ( 'NONE',  ( 0.8090169943749531134, -0.5877852522924651435, 0.000000000000000000 ) ) ;
#7811 = DIRECTION ( 'NONE',  ( -0.000000000000000000, -0.000000000000000000, 1.000000000000000000 ) ) ;
#7812 = FACE_OUTER_BOUND ( 'NONE', #6167, .T. ) ;
#7813 = CARTESIAN_POINT ( 'NONE',  ( -4.854101966249667832, -3.526711513754861915, -6.000000000000000000 ) ) ;
#7814 = EDGE_CURVE ( 'NONE', #2413, #70, #1294, .T. ) ;
#7815 = ORIENTED_EDGE ( 'NONE', *, *, #6903, .F. ) ;
#7816 = DIRECTION ( 'NONE',  ( -0.000000000000000000, -0.000000000000000000, -1.000000000000000000 ) ) ;
#7817 = ORIENTED_EDGE ( 'NONE', *, *, #7765, .T. ) ;
#7818 = CARTESIAN_POINT ( 'NONE',  ( -4.854101966249667832, -3.526711513754861915, 6.000000000000000000 ) ) ;
#7819 = DIRECTION ( 'NONE',  ( 0.3090169943749564441, -0.9510565162951505336, 0.000000000000000000 ) ) ;
#7820 = EDGE_CURVE ( 'NONE', #4834, #6130, #6054, .T. ) ;
#7821 = EDGE_LOOP ( 'NONE', ( #5122, #6539, #6575, #4617, #598 ) ) ;
#7822 = CARTESIAN_POINT ( 'NONE',  ( 0.3999999999999995781, -5.999999999999999112, 6.000000000000000000 ) ) ;
#7823 = EDGE_LOOP ( 'NONE', ( #2241, #248 ) ) ;
#7824 = CIRCLE ( 'NONE', #4379, 0.3999999999999997446 ) ;
#7825 = CARTESIAN_POINT ( 'NONE',  ( -5.089216067166657531, -3.203104716004883556, -7.000000000000000000 ) ) ;
#7826 = LINE ( 'NONE', #54, #6852 ) ;
#7827 = CARTESIAN_POINT ( 'NONE',  ( 0.4000000000000004108, 5.999999999999999112, 6.000000000000000000 ) ) ;
#7828 = LINE ( 'NONE', #1796, #5554 ) ;
#7829 = ADVANCED_FACE ( 'NONE', ( #1997 ), #4402, .T. ) ;
#7830 = ADVANCED_FACE ( 'NONE', ( #6241 ), #812, .F. ) ;
#7831 = ORIENTED_EDGE ( 'NONE', *, *, #1722, .T. ) ;
#7832 = DIRECTION ( 'NONE',  ( 0.8090169943749463410, 0.5877852522924744694, 0.000000000000000000 ) ) ;
#7833 = ORIENTED_EDGE ( 'NONE', *, *, #7449, .T. ) ;
#7834 = CIRCLE ( 'NONE', #7575, 0.4000000000000001332 ) ;
#7835 = PLANE ( 'NONE',  #3067 ) ;
#7836 = CARTESIAN_POINT ( 'NONE',  ( 2.781152949374413819, 8.559508646656418307, -6.000000000000000000 ) ) ;
#7838 = EDGE_CURVE ( 'NONE', #3480, #7024, #5935, .T. ) ;
#7837 = AXIS2_PLACEMENT_3D ( 'NONE', #6291, #860, #3283 ) ;
#7839 = ORIENTED_EDGE ( 'NONE', *, *, #979, .T. ) ;
#7840 = CIRCLE ( 'NONE', #5670, 0.3999999999999998557 ) ;
#7841 = DIRECTION ( 'NONE',  ( 1.000000000000000000, 0.000000000000000000, 0.000000000000000000 ) ) ;
#7842 = DIRECTION ( 'NONE',  ( 0.3090169943749550563, -0.9510565162951510887, 0.000000000000000000 ) ) ;
#7843 = AXIS2_PLACEMENT_3D ( 'NONE', #614, #3025, #1246 ) ;
#7844 = CARTESIAN_POINT ( 'NONE',  ( -3.203104716004831154, -5.089216067166691282, 7.000000000000000000 ) ) ;
#7845 = DIRECTION ( 'NONE',  ( -0.8090169943749444537, -0.5877852522924771339, 0.000000000000000000 ) ) ;
#7846 = ORIENTED_EDGE ( 'NONE', *, *, #7099, .F. ) ;
#7847 = CARTESIAN_POINT ( 'NONE',  ( 4.618987865332731424, -3.850318311504773661, -6.000000000000000000 ) ) ;
#7848 = DIRECTION ( 'NONE',  ( 0.8090169943749487835, -0.5877852522924712497, 0.000000000000000000 ) ) ;
#7849 = PLANE ( 'NONE',  #2927 ) ;
#7850 = CYLINDRICAL_SURFACE ( 'NONE', #7245, 0.4000000000000001887 ) ;
#7851 = ORIENTED_EDGE ( 'NONE', *, *, #4610, .F. ) ;
ENDSEC;
END-ISO-10303-21;
